tauSteadyFPTex [64 x 54] 12
    2.6478     2.4828     0.0000    27.6359     2.6478     2.8966     0.0000    27.6359     2.6348     4.1380     0.0000    27.6359     2.5760     2.0690     0.0000    27.6359     2.5084     2.4828     0.0000    27.6359     2.4340     2.2069     0.0000    27.6359     2.3544     2.6207     0.0000    27.6359     2.2714     2.0690     0.0000    27.6359     2.1863     2.0690     0.0000    27.6359     2.1003     2.6207     0.0000    27.6359     2.0145     2.2069     0.0000    27.6359     1.9297     1.3793     0.0000    27.6359     1.8468     2.8966     0.0000    27.6359     1.7662     0.8276     0.0000    27.6359     1.6885     2.4828     0.0000    27.6359     1.6140     2.3449     0.0000    27.6359     1.5428     1.7931     0.0000    27.6359     1.4752     0.9655     0.0000    27.6359     1.4111     0.8276     0.0000    27.6359     1.3507     0.8276     0.0000    27.6359     1.2939     1.9311     0.0000    27.6359     1.2405     1.6552     0.0000    27.6359     1.1906     0.9655     0.0000    27.6359     1.1439     0.8276     0.0000    27.6359     1.1003     1.5173     0.0000    27.6359     1.0597     1.1035     0.0000    27.6359     1.0219     0.9655     0.0000    27.6359     0.9866     0.8276     0.0000    27.6359     0.9539     0.6897     0.0000    27.6359     0.9234     1.5173     0.0000    27.6359     0.8949     0.9655     0.0000    27.6359     0.8684     1.2414     0.0000    27.6359     0.8435     0.8276     0.0000    27.6359     0.8202     0.8276     0.0000    27.6359     0.7982     1.3793     0.0000    27.6359     0.7773     0.5517     0.0000    27.6359     0.7573     0.5517     0.0000    27.6359     0.7381     0.5517     0.0000    27.6359     0.7194     0.6897     0.0000    27.6359     0.7010     0.4138     0.0000    27.6359     0.6826     1.1035     0.0000    27.6359     0.6642     0.1379     0.0000    27.6359     0.6453     0.4138     0.0000    27.6359     0.6259     0.2759     0.0000    27.6359     0.6056     0.4138     0.0000    27.6359     0.5843     0.1379     0.0000    27.6359     0.5617     0.5517     0.0000    27.6359     0.5376     0.1379     0.0000    27.6359     0.5118     0.2759     0.0000    27.6359     0.4842     0.4138     0.0000    27.6359     0.4547     0.2759     0.0000    27.6359     0.4232     0.2759     0.0000    27.6359     0.3897     0.0000     0.0000    27.6359     0.3543     0.1379     0.0000    27.6359     0.3170     0.0000     0.0000    27.6359     0.2783     0.1379     0.0000    27.6359     0.2382     0.0000     0.0000    27.6359     0.1974     0.0000     0.0000    27.6359     0.1562     0.1379     0.0000    27.6359     0.1153     0.0000     0.0000    27.6359     0.0751     0.1379     0.0000    27.6359     0.0365     0.0000     0.0000    27.6359     0.0000     0.0000     0.0000    27.6359     0.0000     0.2759     0.0000    27.6359
    0.6667     2.5909     0.0000    28.6851     0.6696     1.8137     0.0000    28.6851     0.6884     2.8500     0.0000    28.6851     0.6423     2.2023     0.0000    28.6851     0.6063     1.9432     0.0000    28.6851     0.5785     2.3318     0.0000    28.6851     0.5576     2.0727     0.0000    28.6851     0.5427     2.5909     0.0000    28.6851     0.5329     2.2023     0.0000    28.6851     0.5280     2.2023     0.0000    28.6851     0.5277     2.5909     0.0000    28.6851     0.5317     1.9432     0.0000    28.6851     0.5402     2.0727     0.0000    28.6851     0.5532     2.4614     0.0000    28.6851     0.5709     2.2023     0.0000    28.6851     0.5935     1.9432     0.0000    28.6851     0.6214     1.9432     0.0000    28.6851     0.6549     2.0727     0.0000    28.6851     0.6942     1.1659     0.0000    28.6851     0.7398     1.5546     0.0000    28.6851     0.7919     1.2955     0.0000    28.6851     0.8505     1.0364     0.0000    28.6851     0.9158     1.1659     0.0000    28.6851     0.9875     1.1659     0.0000    28.6851     1.0652     0.9068     0.0000    28.6851     1.1483     0.9068     0.0000    28.6851     1.2358     1.4250     0.0000    28.6851     1.3264     0.9068     0.0000    28.6851     1.4186     1.1659     0.0000    28.6851     1.5104     1.0364     0.0000    28.6851     1.5999     1.2955     0.0000    28.6851     1.6848     0.6477     0.0000    28.6851     1.7627     1.0364     0.0000    28.6851     1.8313     0.9068     0.0000    28.6851     1.8886     0.5182     0.0000    28.6851     1.9327     0.9068     0.0000    28.6851     1.9619     0.2591     0.0000    28.6851     1.9753     0.5182     0.0000    28.6851     1.9721     0.3886     0.0000    28.6851     1.9525     0.1295     0.0000    28.6851     1.9167     0.2591     0.0000    28.6851     1.8658     0.2591     0.0000    28.6851     1.8011     0.1295     0.0000    28.6851     1.7243     0.2591     0.0000    28.6851     1.6374     0.2591     0.0000    28.6851     1.5425     0.0000     0.0000    28.6851     1.4416     0.3886     0.0000    28.6851     1.3369     0.1295     0.0000    28.6851     1.2302     0.1295     0.0000    28.6851     1.1232     0.0000     0.0000    28.6851     1.0175     0.0000     0.0000    28.6851     0.9141     0.0000     0.0000    28.6851     0.8141     0.2591     0.0000    28.6851     0.7180     0.0000     0.0000    28.6851     0.6261     0.2591     0.0000    28.6851     0.5386     0.0000     0.0000    28.6851     0.4551     0.1295     0.0000    28.6851     0.3754     0.0000     0.0000    28.6851     0.2987     0.0000     0.0000    28.6851     0.2242     0.1295     0.0000    28.6851     0.1507     0.0000     0.0000    28.6851     0.0766     0.0000     0.0000    28.6851     0.0000     0.1295     0.0000    28.6851     0.0000     0.2591     0.0000    28.6851
    3.0554     2.1755     0.0000    27.6310     3.0554     3.0713     0.0000    27.6310     3.0241     2.0475     0.0000    27.6310     2.9757     1.6636     0.0000    27.6310     2.9120     2.4315     0.0000    27.6310     2.8351     2.4315     0.0000    27.6310     2.7471     2.6874     0.0000    27.6310     2.6502     1.4077     0.0000    27.6310     2.5462     1.5357     0.0000    27.6310     2.4371     2.8154     0.0000    27.6310     2.3247     1.7916     0.0000    27.6310     2.2105     2.6874     0.0000    27.6310     2.0958     1.7916     0.0000    27.6310     1.9820     1.5357     0.0000    27.6310     1.8700     1.9196     0.0000    27.6310     1.7607     1.4077     0.0000    27.6310     1.6548     1.6636     0.0000    27.6310     1.5527     1.5357     0.0000    27.6310     1.4549     1.2797     0.0000    27.6310     1.3617     1.7916     0.0000    27.6310     1.2732     1.1517     0.0000    27.6310     1.1894     1.0238     0.0000    27.6310     1.1105     1.9196     0.0000    27.6310     1.0362     1.7916     0.0000    27.6310     0.9666     2.0475     0.0000    27.6310     0.9014     1.0238     0.0000    27.6310     0.8405     1.2797     0.0000    27.6310     0.7837     0.5119     0.0000    27.6310     0.7308     1.0238     0.0000    27.6310     0.6815     1.7916     0.0000    27.6310     0.6357     0.3839     0.0000    27.6310     0.5930     0.3839     0.0000    27.6310     0.5534     0.8958     0.0000    27.6310     0.5165     0.3839     0.0000    27.6310     0.4822     0.7678     0.0000    27.6310     0.4503     0.8958     0.0000    27.6310     0.4205     0.3839     0.0000    27.6310     0.3928     0.6399     0.0000    27.6310     0.3668     0.3839     0.0000    27.6310     0.3426     0.6399     0.0000    27.6310     0.3199     0.0000     0.0000    27.6310     0.2986     0.3839     0.0000    27.6310     0.2785     0.5119     0.0000    27.6310     0.2596     0.1280     0.0000    27.6310     0.2417     0.3839     0.0000    27.6310     0.2247     0.3839     0.0000    27.6310     0.2086     0.2559     0.0000    27.6310     0.1931     0.0000     0.0000    27.6310     0.1783     0.0000     0.0000    27.6310     0.1640     0.3839     0.0000    27.6310     0.1502     0.0000     0.0000    27.6310     0.1368     0.1280     0.0000    27.6310     0.1238     0.2559     0.0000    27.6310     0.1110     0.0000     0.0000    27.6310     0.0984     0.1280     0.0000    27.6310     0.0860     0.1280     0.0000    27.6310     0.0737     0.0000     0.0000    27.6310     0.0615     0.2559     0.0000    27.6310     0.0492     0.0000     0.0000    27.6310     0.0370     0.0000     0.0000    27.6310     0.0248     0.0000     0.0000    27.6310     0.0124     0.0000     0.0000    27.6310     0.0000     0.1280     0.0000    27.6310     0.0000     0.1280     0.0000    27.6310
    0.9923     2.6605     0.0000    28.1175     0.9941     1.9215     0.0000    28.1175     1.0067     3.1039     0.0000    28.1175     1.0293     2.3649     0.0000    28.1175     1.0616     3.2517     0.0000    28.1175     1.1036     3.5473     0.0000    28.1175     1.0954     2.2171     0.0000    28.1175     1.0938     1.9215     0.0000    28.1175     1.0982     1.3302     0.0000    28.1175     1.1081     2.3649     0.0000    28.1175     1.1230     2.3649     0.0000    28.1175     1.1427     1.9215     0.0000    28.1175     1.1668     1.6258     0.0000    28.1175     1.1949     1.6258     0.0000    28.1175     1.2269     3.1039     0.0000    28.1175     1.2621     1.6258     0.0000    28.1175     1.3004     2.2171     0.0000    28.1175     1.3411     3.2517     0.0000    28.1175     1.3838     1.0346     0.0000    28.1175     1.4279     1.1824     0.0000    28.1175     1.4728     1.9215     0.0000    28.1175     1.5177     1.7736     0.0000    28.1175     1.5620     1.1824     0.0000    28.1175     1.6047     1.0346     0.0000    28.1175     1.6452     1.1824     0.0000    28.1175     1.6824     2.2171     0.0000    28.1175     1.7157     2.0693     0.0000    28.1175     1.7441     0.7390     0.0000    28.1175     1.7668     0.5912     0.0000    28.1175     1.7833     0.8868     0.0000    28.1175     1.7929     0.8868     0.0000    28.1175     1.7951     1.6258     0.0000    28.1175     1.7896     1.4780     0.0000    28.1175     1.7761     1.1824     0.0000    28.1175     1.7546     0.4434     0.0000    28.1175     1.7253     1.1824     0.0000    28.1175     1.6883     0.5912     0.0000    28.1175     1.6441     0.4434     0.0000    28.1175     1.5932     0.1478     0.0000    28.1175     1.5362     0.4434     0.0000    28.1175     1.4740     0.4434     0.0000    28.1175     1.4073     0.5912     0.0000    28.1175     1.3368     0.1478     0.0000    28.1175     1.2635     0.1478     0.0000    28.1175     1.1882     0.4434     0.0000    28.1175     1.1117     0.7390     0.0000    28.1175     1.0346     0.2956     0.0000    28.1175     0.9578     0.1478     0.0000    28.1175     0.8817     0.1478     0.0000    28.1175     0.8068     0.4434     0.0000    28.1175     0.7337     0.4434     0.0000    28.1175     0.6626     0.2956     0.0000    28.1175     0.5936     0.2956     0.0000    28.1175     0.5269     0.1478     0.0000    28.1175     0.4626     0.0000     0.0000    28.1175     0.4004     0.1478     0.0000    28.1175     0.3403     0.1478     0.0000    28.1175     0.2820     0.1478     0.0000    28.1175     0.2251     0.1478     0.0000    28.1175     0.1691     0.0000     0.0000    28.1175     0.1134     0.0000     0.0000    28.1175     0.0574     0.0000     0.0000    28.1175     0.0000     0.1478     0.0000    28.1175     0.0000     0.1478     0.0000    28.1175
    1.7809     2.5230     0.0000    27.6533     1.7770     2.5230     0.0000    27.6533     1.7686     2.7524     0.0000    27.6533     1.7566     2.1790     0.0000    27.6533     1.7417     3.5552     0.0000    27.6533     1.6947     1.7202     0.0000    27.6533     1.6465     2.5230     0.0000    27.6533     1.5978     2.6377     0.0000    27.6533     1.5491     2.2937     0.0000    27.6533     1.5009     1.3762     0.0000    27.6533     1.4535     2.6377     0.0000    27.6533     1.4073     1.6056     0.0000    27.6533     1.3626     1.6056     0.0000    27.6533     1.3195     1.4909     0.0000    27.6533     1.2783     1.2615     0.0000    27.6533     1.2389     1.8349     0.0000    27.6533     1.2015     1.7202     0.0000    27.6533     1.1662     1.1468     0.0000    27.6533     1.1328     1.2615     0.0000    27.6533     1.1015     1.3762     0.0000    27.6533     1.0721     1.3762     0.0000    27.6533     1.0447     1.8349     0.0000    27.6533     1.0191     1.0321     0.0000    27.6533     0.9954     0.8028     0.0000    27.6533     0.9733     1.2615     0.0000    27.6533     0.9528     1.1468     0.0000    27.6533     0.9338     0.6881     0.0000    27.6533     0.9162     0.5734     0.0000    27.6533     0.8998     0.5734     0.0000    27.6533     0.8845     0.8028     0.0000    27.6533     0.8702     0.8028     0.0000    27.6533     0.8567     0.6881     0.0000    27.6533     0.8439     0.5734     0.0000    27.6533     0.8316     0.6881     0.0000    27.6533     0.8195     0.3440     0.0000    27.6533     0.8076     0.2294     0.0000    27.6533     0.7955     0.2294     0.0000    27.6533     0.7832     0.2294     0.0000    27.6533     0.7702     0.2294     0.0000    27.6533     0.7565     0.0000     0.0000    27.6533     0.7416     0.3440     0.0000    27.6533     0.7255     0.3440     0.0000    27.6533     0.7079     0.0000     0.0000    27.6533     0.6884     0.2294     0.0000    27.6533     0.6670     0.1147     0.0000    27.6533     0.6433     0.0000     0.0000    27.6533     0.6173     0.0000     0.0000    27.6533     0.5887     0.0000     0.0000    27.6533     0.5577     0.1147     0.0000    27.6533     0.5240     0.1147     0.0000    27.6533     0.4879     0.0000     0.0000    27.6533     0.4494     0.2294     0.0000    27.6533     0.4089     0.0000     0.0000    27.6533     0.3666     0.0000     0.0000    27.6533     0.3231     0.0000     0.0000    27.6533     0.2787     0.0000     0.0000    27.6533     0.2342     0.0000     0.0000    27.6533     0.1902     0.0000     0.0000    27.6533     0.1473     0.1147     0.0000    27.6533     0.1062     0.0000     0.0000    27.6533     0.0676     0.0000     0.0000    27.6533     0.0320     0.0000     0.0000    27.6533     0.0000     0.0000     0.0000    27.6533     0.0000     0.2294     0.0000    27.6533
    1.3740     2.4390     0.0000    27.6310     1.3716     2.6607     0.0000    27.6310     1.3713     1.6629     0.0000    27.6310     1.3729     1.4412     0.0000    27.6310     1.3762     2.5498     0.0000    27.6310     1.3813     3.4367     0.0000    27.6310     1.3634     1.5521     0.0000    27.6310     1.3469     2.4390     0.0000    27.6310     1.3315     1.7738     0.0000    27.6310     1.3171     2.3281     0.0000    27.6310     1.3035     2.2172     0.0000    27.6310     1.2907     1.7738     0.0000    27.6310     1.2784     2.4390     0.0000    27.6310     1.2666     1.5521     0.0000    27.6310     1.2551     1.9955     0.0000    27.6310     1.2438     1.5521     0.0000    27.6310     1.2326     1.6629     0.0000    27.6310     1.2214     1.7738     0.0000    27.6310     1.2101     1.3303     0.0000    27.6310     1.1985     1.2195     0.0000    27.6310     1.1865     1.3303     0.0000    27.6310     1.1741     0.9978     0.0000    27.6310     1.1612     1.2195     0.0000    27.6310     1.1476     1.1086     0.0000    27.6310     1.1333     0.5543     0.0000    27.6310     1.1181     0.7760     0.0000    27.6310     1.1020     0.4434     0.0000    27.6310     1.0850     0.4434     0.0000    27.6310     1.0669     1.1086     0.0000    27.6310     1.0476     1.1086     0.0000    27.6310     1.0273     0.5543     0.0000    27.6310     1.0056     0.6652     0.0000    27.6310     0.9828     0.2217     0.0000    27.6310     0.9586     0.3326     0.0000    27.6310     0.9332     0.6652     0.0000    27.6310     0.9065     0.1109     0.0000    27.6310     0.8785     0.2217     0.0000    27.6310     0.8493     0.2217     0.0000    27.6310     0.8189     0.2217     0.0000    27.6310     0.7873     0.2217     0.0000    27.6310     0.7546     0.2217     0.0000    27.6310     0.7209     0.1109     0.0000    27.6310     0.6863     0.1109     0.0000    27.6310     0.6508     0.0000     0.0000    27.6310     0.6146     0.2217     0.0000    27.6310     0.5777     0.2217     0.0000    27.6310     0.5404     0.1109     0.0000    27.6310     0.5028     0.1109     0.0000    27.6310     0.4650     0.1109     0.0000    27.6310     0.4272     0.0000     0.0000    27.6310     0.3894     0.0000     0.0000    27.6310     0.3520     0.0000     0.0000    27.6310     0.3150     0.1109     0.0000    27.6310     0.2786     0.1109     0.0000    27.6310     0.2429     0.0000     0.0000    27.6310     0.2081     0.0000     0.0000    27.6310     0.1743     0.0000     0.0000    27.6310     0.1417     0.0000     0.0000    27.6310     0.1104     0.0000     0.0000    27.6310     0.0805     0.0000     0.0000    27.6310     0.0521     0.1109     0.0000    27.6310     0.0252     0.0000     0.0000    27.6310     0.0000     0.0000     0.0000    27.6310     0.0000     0.2217     0.0000    27.6310
    2.6894     2.4828     0.0000    27.6389     2.6853     2.8966     0.0000    27.6389     2.6684     4.1380     0.0000    27.6389     2.6065     2.0690     0.0000    27.6389     2.5359     2.4828     0.0000    27.6389     2.4586     2.2069     0.0000    27.6389     2.3762     2.6207     0.0000    27.6389     2.2905     2.0690     0.0000    27.6389     2.2028     2.0690     0.0000    27.6389     2.1144     2.6207     0.0000    27.6389     2.0263     2.2069     0.0000    27.6389     1.9395     1.3793     0.0000    27.6389     1.8547     2.8966     0.0000    27.6389     1.7724     0.8276     0.0000    27.6389     1.6931     2.4828     0.0000    27.6389     1.6172     2.3449     0.0000    27.6389     1.5447     1.7931     0.0000    27.6389     1.4759     0.9655     0.0000    27.6389     1.4109     0.8276     0.0000    27.6389     1.3495     0.8276     0.0000    27.6389     1.2919     1.9311     0.0000    27.6389     1.2378     1.6552     0.0000    27.6389     1.1872     0.9655     0.0000    27.6389     1.1399     0.8276     0.0000    27.6389     1.0958     1.5173     0.0000    27.6389     1.0547     1.1035     0.0000    27.6389     1.0164     0.9655     0.0000    27.6389     0.9808     0.8276     0.0000    27.6389     0.9476     0.6897     0.0000    27.6389     0.9168     1.5173     0.0000    27.6389     0.8880     0.9655     0.0000    27.6389     0.8612     1.2414     0.0000    27.6389     0.8361     0.8276     0.0000    27.6389     0.8125     0.8276     0.0000    27.6389     0.7902     1.3793     0.0000    27.6389     0.7691     0.5517     0.0000    27.6389     0.7489     0.5517     0.0000    27.6389     0.7294     0.5517     0.0000    27.6389     0.7105     0.6897     0.0000    27.6389     0.6919     0.4138     0.0000    27.6389     0.6734     1.1035     0.0000    27.6389     0.6548     0.1379     0.0000    27.6389     0.6358     0.4138     0.0000    27.6389     0.6163     0.2759     0.0000    27.6389     0.5960     0.4138     0.0000    27.6389     0.5746     0.1379     0.0000    27.6389     0.5520     0.5517     0.0000    27.6389     0.5279     0.1379     0.0000    27.6389     0.5023     0.2759     0.0000    27.6389     0.4749     0.4138     0.0000    27.6389     0.4456     0.2759     0.0000    27.6389     0.4144     0.2759     0.0000    27.6389     0.3813     0.0000     0.0000    27.6389     0.3464     0.1379     0.0000    27.6389     0.3098     0.0000     0.0000    27.6389     0.2717     0.1379     0.0000    27.6389     0.2324     0.0000     0.0000    27.6389     0.1924     0.0000     0.0000    27.6389     0.1522     0.1379     0.0000    27.6389     0.1122     0.0000     0.0000    27.6389     0.0731     0.1379     0.0000    27.6389     0.0355     0.0000     0.0000    27.6389     0.0000     0.0000     0.0000    27.6389     0.0000     0.2759     0.0000    27.6389
    0.6654     2.5909     0.0000    28.6920     0.6674     1.8137     0.0000    28.6920     0.6851     2.8500     0.0000    28.6920     0.6392     2.2023     0.0000    28.6920     0.6034     1.9432     0.0000    28.6920     0.5758     2.3318     0.0000    28.6920     0.5551     2.0727     0.0000    28.6920     0.5403     2.5909     0.0000    28.6920     0.5309     2.2023     0.0000    28.6920     0.5262     2.2023     0.0000    28.6920     0.5261     2.5909     0.0000    28.6920     0.5305     1.9432     0.0000    28.6920     0.5393     2.0727     0.0000    28.6920     0.5527     2.4614     0.0000    28.6920     0.5708     2.2023     0.0000    28.6920     0.5940     1.9432     0.0000    28.6920     0.6224     1.9432     0.0000    28.6920     0.6564     2.0727     0.0000    28.6920     0.6964     1.1659     0.0000    28.6920     0.7427     1.5546     0.0000    28.6920     0.7955     1.2955     0.0000    28.6920     0.8549     1.0364     0.0000    28.6920     0.9210     1.1659     0.0000    28.6920     0.9935     1.1659     0.0000    28.6920     1.0720     0.9068     0.0000    28.6920     1.1558     0.9068     0.0000    28.6920     1.2440     1.4250     0.0000    28.6920     1.3351     0.9068     0.0000    28.6920     1.4277     1.1659     0.0000    28.6920     1.5199     1.0364     0.0000    28.6920     1.6094     1.2955     0.0000    28.6920     1.6941     0.6477     0.0000    28.6920     1.7717     1.0364     0.0000    28.6920     1.8398     0.9068     0.0000    28.6920     1.8963     0.5182     0.0000    28.6920     1.9393     0.9068     0.0000    28.6920     1.9674     0.2591     0.0000    28.6920     1.9794     0.5182     0.0000    28.6920     1.9749     0.3886     0.0000    28.6920     1.9538     0.1295     0.0000    28.6920     1.9165     0.2591     0.0000    28.6920     1.8642     0.2591     0.0000    28.6920     1.7982     0.1295     0.0000    28.6920     1.7204     0.2591     0.0000    28.6920     1.6324     0.2591     0.0000    28.6920     1.5365     0.0000     0.0000    28.6920     1.4349     0.3886     0.0000    28.6920     1.3296     0.1295     0.0000    28.6920     1.2225     0.1295     0.0000    28.6920     1.1153     0.0000     0.0000    28.6920     1.0096     0.0000     0.0000    28.6920     0.9064     0.0000     0.0000    28.6920     0.8066     0.2591     0.0000    28.6920     0.7108     0.0000     0.0000    28.6920     0.6194     0.2591     0.0000    28.6920     0.5324     0.0000     0.0000    28.6920     0.4496     0.1295     0.0000    28.6920     0.3706     0.0000     0.0000    28.6920     0.2947     0.0000     0.0000    28.6920     0.2210     0.1295     0.0000    28.6920     0.1484     0.0000     0.0000    28.6920     0.0754     0.0000     0.0000    28.6920     0.0000     0.1295     0.0000    28.6920     0.0000     0.2591     0.0000    28.6920
    3.1012     2.1755     0.0000    27.6322     3.0976     3.0713     0.0000    27.6322     3.0626     2.0475     0.0000    27.6322     3.0103     1.6636     0.0000    27.6322     2.9427     2.4315     0.0000    27.6322     2.8619     2.4315     0.0000    27.6322     2.7702     2.6874     0.0000    27.6322     2.6696     1.4077     0.0000    27.6322     2.5621     1.5357     0.0000    27.6322     2.4498     2.8154     0.0000    27.6322     2.3343     1.7916     0.0000    27.6322     2.2173     2.6874     0.0000    27.6322     2.1001     1.7916     0.0000    27.6322     1.9840     1.5357     0.0000    27.6322     1.8700     1.9196     0.0000    27.6322     1.7589     1.4077     0.0000    27.6322     1.6514     1.6636     0.0000    27.6322     1.5480     1.5357     0.0000    27.6322     1.4491     1.2797     0.0000    27.6322     1.3549     1.7916     0.0000    27.6322     1.2656     1.1517     0.0000    27.6322     1.1812     1.0238     0.0000    27.6322     1.1017     1.9196     0.0000    27.6322     1.0271     1.7916     0.0000    27.6322     0.9572     2.0475     0.0000    27.6322     0.8918     1.0238     0.0000    27.6322     0.8308     1.2797     0.0000    27.6322     0.7740     0.5119     0.0000    27.6322     0.7211     1.0238     0.0000    27.6322     0.6719     1.7916     0.0000    27.6322     0.6262     0.3839     0.0000    27.6322     0.5837     0.3839     0.0000    27.6322     0.5442     0.8958     0.0000    27.6322     0.5075     0.3839     0.0000    27.6322     0.4735     0.7678     0.0000    27.6322     0.4418     0.8958     0.0000    27.6322     0.4122     0.3839     0.0000    27.6322     0.3848     0.6399     0.0000    27.6322     0.3591     0.3839     0.0000    27.6322     0.3351     0.6399     0.0000    27.6322     0.3127     0.0000     0.0000    27.6322     0.2917     0.3839     0.0000    27.6322     0.2719     0.5119     0.0000    27.6322     0.2532     0.1280     0.0000    27.6322     0.2356     0.3839     0.0000    27.6322     0.2189     0.3839     0.0000    27.6322     0.2030     0.2559     0.0000    27.6322     0.1879     0.0000     0.0000    27.6322     0.1733     0.0000     0.0000    27.6322     0.1593     0.3839     0.0000    27.6322     0.1459     0.0000     0.0000    27.6322     0.1328     0.1280     0.0000    27.6322     0.1200     0.2559     0.0000    27.6322     0.1075     0.0000     0.0000    27.6322     0.0953     0.1280     0.0000    27.6322     0.0832     0.1280     0.0000    27.6322     0.0713     0.0000     0.0000    27.6322     0.0594     0.2559     0.0000    27.6322     0.0476     0.0000     0.0000    27.6322     0.0357     0.0000     0.0000    27.6322     0.0239     0.0000     0.0000    27.6322     0.0120     0.0000     0.0000    27.6322     0.0000     0.1280     0.0000    27.6322     0.0000     0.1280     0.0000    27.6322
    1.0056     2.6605     0.0000    28.1115     1.0060     1.9215     0.0000    28.1115     1.0172     3.1039     0.0000    28.1115     1.0386     2.3649     0.0000    28.1115     1.0696     3.2517     0.0000    28.1115     1.1103     3.5473     0.0000    28.1115     1.1023     2.2171     0.0000    28.1115     1.1008     1.9215     0.0000    28.1115     1.1053     1.3302     0.0000    28.1115     1.1153     2.3649     0.0000    28.1115     1.1305     2.3649     0.0000    28.1115     1.1504     1.9215     0.0000    28.1115     1.1747     1.6258     0.0000    28.1115     1.2031     1.6258     0.0000    28.1115     1.2352     3.1039     0.0000    28.1115     1.2707     1.6258     0.0000    28.1115     1.3090     2.2171     0.0000    28.1115     1.3498     3.2517     0.0000    28.1115     1.3926     1.0346     0.0000    28.1115     1.4366     1.1824     0.0000    28.1115     1.4814     1.9215     0.0000    28.1115     1.5261     1.7736     0.0000    28.1115     1.5700     1.1824     0.0000    28.1115     1.6123     1.0346     0.0000    28.1115     1.6522     1.1824     0.0000    28.1115     1.6888     2.2171     0.0000    28.1115     1.7212     2.0693     0.0000    28.1115     1.7487     0.7390     0.0000    28.1115     1.7705     0.5912     0.0000    28.1115     1.7859     0.8868     0.0000    28.1115     1.7944     0.8868     0.0000    28.1115     1.7953     1.6258     0.0000    28.1115     1.7886     1.4780     0.0000    28.1115     1.7738     1.1824     0.0000    28.1115     1.7511     0.4434     0.0000    28.1115     1.7205     1.1824     0.0000    28.1115     1.6824     0.5912     0.0000    28.1115     1.6371     0.4434     0.0000    28.1115     1.5853     0.1478     0.0000    28.1115     1.5273     0.4434     0.0000    28.1115     1.4643     0.4434     0.0000    28.1115     1.3969     0.5912     0.0000    28.1115     1.3259     0.1478     0.0000    28.1115     1.2522     0.1478     0.0000    28.1115     1.1767     0.4434     0.0000    28.1115     1.1000     0.7390     0.0000    28.1115     1.0230     0.2956     0.0000    28.1115     0.9463     0.1478     0.0000    28.1115     0.8704     0.1478     0.0000    28.1115     0.7960     0.4434     0.0000    28.1115     0.7233     0.4434     0.0000    28.1115     0.6527     0.2956     0.0000    28.1115     0.5843     0.2956     0.0000    28.1115     0.5183     0.1478     0.0000    28.1115     0.4547     0.0000     0.0000    28.1115     0.3933     0.1478     0.0000    28.1115     0.3340     0.1478     0.0000    28.1115     0.2766     0.1478     0.0000    28.1115     0.2206     0.1478     0.0000    28.1115     0.1656     0.0000     0.0000    28.1115     0.1110     0.0000     0.0000    28.1115     0.0561     0.0000     0.0000    28.1115     0.0000     0.1478     0.0000    28.1115     0.0000     0.1478     0.0000    28.1115
    1.8130     2.5230     0.0000    27.6592     1.8063     2.5230     0.0000    27.6592     1.7952     2.7524     0.0000    27.6592     1.7803     2.1790     0.0000    27.6592     1.7626     3.5552     0.0000    27.6592     1.7137     1.7202     0.0000    27.6592     1.6638     2.5230     0.0000    27.6592     1.6134     2.6377     0.0000    27.6592     1.5630     2.2937     0.0000    27.6592     1.5133     1.3762     0.0000    27.6592     1.4644     2.6377     0.0000    27.6592     1.4169     1.6056     0.0000    27.6592     1.3709     1.6056     0.0000    27.6592     1.3267     1.4909     0.0000    27.6592     1.2843     1.2615     0.0000    27.6592     1.2439     1.8349     0.0000    27.6592     1.2056     1.7202     0.0000    27.6592     1.1694     1.1468     0.0000    27.6592     1.1352     1.2615     0.0000    27.6592     1.1031     1.3762     0.0000    27.6592     1.0731     1.3762     0.0000    27.6592     1.0449     1.8349     0.0000    27.6592     1.0187     1.0321     0.0000    27.6592     0.9944     0.8028     0.0000    27.6592     0.9717     1.2615     0.0000    27.6592     0.9507     1.1468     0.0000    27.6592     0.9312     0.6881     0.0000    27.6592     0.9130     0.5734     0.0000    27.6592     0.8962     0.5734     0.0000    27.6592     0.8804     0.8028     0.0000    27.6592     0.8656     0.8028     0.0000    27.6592     0.8517     0.6881     0.0000    27.6592     0.8384     0.5734     0.0000    27.6592     0.8256     0.6881     0.0000    27.6592     0.8131     0.3440     0.0000    27.6592     0.8007     0.2294     0.0000    27.6592     0.7883     0.2294     0.0000    27.6592     0.7754     0.2294     0.0000    27.6592     0.7621     0.2294     0.0000    27.6592     0.7479     0.0000     0.0000    27.6592     0.7327     0.3440     0.0000    27.6592     0.7163     0.3440     0.0000    27.6592     0.6983     0.0000     0.0000    27.6592     0.6786     0.2294     0.0000    27.6592     0.6569     0.1147     0.0000    27.6592     0.6331     0.0000     0.0000    27.6592     0.6070     0.0000     0.0000    27.6592     0.5784     0.0000     0.0000    27.6592     0.5474     0.1147     0.0000    27.6592     0.5139     0.1147     0.0000    27.6592     0.4781     0.0000     0.0000    27.6592     0.4400     0.2294     0.0000    27.6592     0.4000     0.0000     0.0000    27.6592     0.3583     0.0000     0.0000    27.6592     0.3155     0.0000     0.0000    27.6592     0.2720     0.0000     0.0000    27.6592     0.2283     0.0000     0.0000    27.6592     0.1852     0.0000     0.0000    27.6592     0.1433     0.1147     0.0000    27.6592     0.1033     0.0000     0.0000    27.6592     0.0656     0.0000     0.0000    27.6592     0.0311     0.0000     0.0000    27.6592     0.0000     0.0000     0.0000    27.6592     0.0000     0.2294     0.0000    27.6592
    1.3957     2.4390     0.0000    27.6315     1.3916     2.6607     0.0000    27.6315     1.3897     1.6629     0.0000    27.6315     1.3897     1.4412     0.0000    27.6315     1.3915     2.5498     0.0000    27.6315     1.3950     3.4367     0.0000    27.6315     1.3763     1.5521     0.0000    27.6315     1.3589     2.4390     0.0000    27.6315     1.3426     1.7738     0.0000    27.6315     1.3274     2.3281     0.0000    27.6315     1.3130     2.2172     0.0000    27.6315     1.2994     1.7738     0.0000    27.6315     1.2864     2.4390     0.0000    27.6315     1.2738     1.5521     0.0000    27.6315     1.2615     1.9955     0.0000    27.6315     1.2495     1.5521     0.0000    27.6315     1.2376     1.6629     0.0000    27.6315     1.2256     1.7738     0.0000    27.6315     1.2135     1.3303     0.0000    27.6315     1.2012     1.2195     0.0000    27.6315     1.1885     1.3303     0.0000    27.6315     1.1754     0.9978     0.0000    27.6315     1.1618     1.2195     0.0000    27.6315     1.1475     1.1086     0.0000    27.6315     1.1325     0.5543     0.0000    27.6315     1.1166     0.7760     0.0000    27.6315     1.0999     0.4434     0.0000    27.6315     1.0822     0.4434     0.0000    27.6315     1.0635     1.1086     0.0000    27.6315     1.0436     1.1086     0.0000    27.6315     1.0226     0.5543     0.0000    27.6315     1.0005     0.6652     0.0000    27.6315     0.9771     0.2217     0.0000    27.6315     0.9526     0.3326     0.0000    27.6315     0.9268     0.6652     0.0000    27.6315     0.8997     0.1109     0.0000    27.6315     0.8714     0.2217     0.0000    27.6315     0.8418     0.2217     0.0000    27.6315     0.8111     0.2217     0.0000    27.6315     0.7793     0.2217     0.0000    27.6315     0.7465     0.2217     0.0000    27.6315     0.7126     0.1109     0.0000    27.6315     0.6779     0.1109     0.0000    27.6315     0.6424     0.0000     0.0000    27.6315     0.6063     0.2217     0.0000    27.6315     0.5696     0.2217     0.0000    27.6315     0.5325     0.1109     0.0000    27.6315     0.4950     0.1109     0.0000    27.6315     0.4575     0.1109     0.0000    27.6315     0.4200     0.0000     0.0000    27.6315     0.3826     0.0000     0.0000    27.6315     0.3456     0.0000     0.0000    27.6315     0.3091     0.1109     0.0000    27.6315     0.2732     0.1109     0.0000    27.6315     0.2380     0.0000     0.0000    27.6315     0.2038     0.0000     0.0000    27.6315     0.1706     0.0000     0.0000    27.6315     0.1386     0.0000     0.0000    27.6315     0.1080     0.0000     0.0000    27.6315     0.0787     0.0000     0.0000    27.6315     0.0509     0.1109     0.0000    27.6315     0.0246     0.0000     0.0000    27.6315     0.0000     0.0000     0.0000    27.6315     0.0000     0.2217     0.0000    27.6315
    2.6495     2.4828     0.0000    27.6360     2.6495     2.8966     0.0000    27.6360     2.6364     4.1380     0.0000    27.6360     2.5778     2.0690     0.0000    27.6360     2.5105     2.4828     0.0000    27.6360     2.4362     2.2069     0.0000    27.6360     2.3568     2.6207     0.0000    27.6360     2.2738     2.0690     0.0000    27.6360     2.1887     2.0690     0.0000    27.6360     2.1027     2.6207     0.0000    27.6360     2.0169     2.2069     0.0000    27.6360     1.9321     1.3793     0.0000    27.6360     1.8491     2.8966     0.0000    27.6360     1.7684     0.8276     0.0000    27.6360     1.6906     2.4828     0.0000    27.6360     1.6159     2.3449     0.0000    27.6360     1.5446     1.7931     0.0000    27.6360     1.4769     0.9655     0.0000    27.6360     1.4127     0.8276     0.0000    27.6360     1.3522     0.8276     0.0000    27.6360     1.2952     1.9311     0.0000    27.6360     1.2417     1.6552     0.0000    27.6360     1.1917     0.9655     0.0000    27.6360     1.1448     0.8276     0.0000    27.6360     1.1011     1.5173     0.0000    27.6360     1.0604     1.1035     0.0000    27.6360     1.0225     0.9655     0.0000    27.6360     0.9871     0.8276     0.0000    27.6360     0.9542     0.6897     0.0000    27.6360     0.9236     1.5173     0.0000    27.6360     0.8950     0.9655     0.0000    27.6360     0.8684     1.2414     0.0000    27.6360     0.8434     0.8276     0.0000    27.6360     0.8199     0.8276     0.0000    27.6360     0.7978     1.3793     0.0000    27.6360     0.7768     0.5517     0.0000    27.6360     0.7567     0.5517     0.0000    27.6360     0.7373     0.5517     0.0000    27.6360     0.7184     0.6897     0.0000    27.6360     0.6999     0.4138     0.0000    27.6360     0.6814     1.1035     0.0000    27.6360     0.6628     0.1379     0.0000    27.6360     0.6438     0.4138     0.0000    27.6360     0.6242     0.2759     0.0000    27.6360     0.6038     0.4138     0.0000    27.6360     0.5823     0.1379     0.0000    27.6360     0.5595     0.5517     0.0000    27.6360     0.5353     0.1379     0.0000    27.6360     0.5094     0.2759     0.0000    27.6360     0.4817     0.4138     0.0000    27.6360     0.4521     0.2759     0.0000    27.6360     0.4206     0.2759     0.0000    27.6360     0.3871     0.0000     0.0000    27.6360     0.3517     0.1379     0.0000    27.6360     0.3145     0.0000     0.0000    27.6360     0.2759     0.1379     0.0000    27.6360     0.2361     0.0000     0.0000    27.6360     0.1955     0.0000     0.0000    27.6360     0.1546     0.1379     0.0000    27.6360     0.1140     0.0000     0.0000    27.6360     0.0743     0.1379     0.0000    27.6360     0.0361     0.0000     0.0000    27.6360     0.0000     0.0000     0.0000    27.6360     0.0000     0.2759     0.0000    27.6360
    0.6611     2.5909     0.0000    28.6967     0.6640     1.8137     0.0000    28.6967     0.6826     2.8500     0.0000    28.6967     0.6370     2.2023     0.0000    28.6967     0.6014     1.9432     0.0000    28.6967     0.5740     2.3318     0.0000    28.6967     0.5534     2.0727     0.0000    28.6967     0.5388     2.5909     0.0000    28.6967     0.5293     2.2023     0.0000    28.6967     0.5247     2.2023     0.0000    28.6967     0.5246     2.5909     0.0000    28.6967     0.5289     1.9432     0.0000    28.6967     0.5376     2.0727     0.0000    28.6967     0.5508     2.4614     0.0000    28.6967     0.5688     2.2023     0.0000    28.6967     0.5918     1.9432     0.0000    28.6967     0.6200     1.9432     0.0000    28.6967     0.6538     2.0727     0.0000    28.6967     0.6936     1.1659     0.0000    28.6967     0.7397     1.5546     0.0000    28.6967     0.7922     1.2955     0.0000    28.6967     0.8514     1.0364     0.0000    28.6967     0.9173     1.1659     0.0000    28.6967     0.9897     1.1659     0.0000    28.6967     1.0681     0.9068     0.0000    28.6967     1.1518     0.9068     0.0000    28.6967     1.2400     1.4250     0.0000    28.6967     1.3313     0.9068     0.0000    28.6967     1.4241     1.1659     0.0000    28.6967     1.5165     1.0364     0.0000    28.6967     1.6065     1.2955     0.0000    28.6967     1.6917     0.6477     0.0000    28.6967     1.7699     1.0364     0.0000    28.6967     1.8386     0.9068     0.0000    28.6967     1.8959     0.5182     0.0000    28.6967     1.9397     0.9068     0.0000    28.6967     1.9686     0.2591     0.0000    28.6967     1.9814     0.5182     0.0000    28.6967     1.9777     0.3886     0.0000    28.6967     1.9573     0.1295     0.0000    28.6967     1.9207     0.2591     0.0000    28.6967     1.8689     0.2591     0.0000    28.6967     1.8034     0.1295     0.0000    28.6967     1.7248     0.2591     0.0000    28.6967     1.6371     0.2591     0.0000    28.6967     1.5414     0.0000     0.0000    28.6967     1.4399     0.3886     0.0000    28.6967     1.3345     0.1295     0.0000    28.6967     1.2274     0.1295     0.0000    28.6967     1.1200     0.0000     0.0000    28.6967     1.0140     0.0000     0.0000    28.6967     0.9105     0.0000     0.0000    28.6967     0.8104     0.2591     0.0000    28.6967     0.7143     0.0000     0.0000    28.6967     0.6226     0.2591     0.0000    28.6967     0.5352     0.0000     0.0000    28.6967     0.4520     0.1295     0.0000    28.6967     0.3726     0.0000     0.0000    28.6967     0.2963     0.0000     0.0000    28.6967     0.2223     0.1295     0.0000    28.6967     0.1493     0.0000     0.0000    28.6967     0.0758     0.0000     0.0000    28.6967     0.0000     0.1295     0.0000    28.6967     0.0000     0.2591     0.0000    28.6967
    3.0612     2.1755     0.0000    27.6310     3.0612     3.0713     0.0000    27.6310     3.0299     2.0475     0.0000    27.6310     2.9814     1.6636     0.0000    27.6310     2.9176     2.4315     0.0000    27.6310     2.8405     2.4315     0.0000    27.6310     2.7523     2.6874     0.0000    27.6310     2.6550     1.4077     0.0000    27.6310     2.5507     1.5357     0.0000    27.6310     2.4412     2.8154     0.0000    27.6310     2.3283     1.7916     0.0000    27.6310     2.2136     2.6874     0.0000    27.6310     2.0986     1.7916     0.0000    27.6310     1.9843     1.5357     0.0000    27.6310     1.8719     1.9196     0.0000    27.6310     1.7622     1.4077     0.0000    27.6310     1.6558     1.6636     0.0000    27.6310     1.5534     1.5357     0.0000    27.6310     1.4552     1.2797     0.0000    27.6310     1.3617     1.7916     0.0000    27.6310     1.2728     1.1517     0.0000    27.6310     1.1888     1.0238     0.0000    27.6310     1.1096     1.9196     0.0000    27.6310     1.0351     1.7916     0.0000    27.6310     0.9653     2.0475     0.0000    27.6310     0.9000     1.0238     0.0000    27.6310     0.8389     1.2797     0.0000    27.6310     0.7820     0.5119     0.0000    27.6310     0.7289     1.0238     0.0000    27.6310     0.6796     1.7916     0.0000    27.6310     0.6336     0.3839     0.0000    27.6310     0.5909     0.3839     0.0000    27.6310     0.5512     0.8958     0.0000    27.6310     0.5143     0.3839     0.0000    27.6310     0.4800     0.7678     0.0000    27.6310     0.4480     0.8958     0.0000    27.6310     0.4183     0.3839     0.0000    27.6310     0.3905     0.6399     0.0000    27.6310     0.3646     0.3839     0.0000    27.6310     0.3404     0.6399     0.0000    27.6310     0.3177     0.0000     0.0000    27.6310     0.2964     0.3839     0.0000    27.6310     0.2764     0.5119     0.0000    27.6310     0.2575     0.1280     0.0000    27.6310     0.2397     0.3839     0.0000    27.6310     0.2227     0.3839     0.0000    27.6310     0.2066     0.2559     0.0000    27.6310     0.1912     0.0000     0.0000    27.6310     0.1765     0.0000     0.0000    27.6310     0.1623     0.3839     0.0000    27.6310     0.1485     0.0000     0.0000    27.6310     0.1352     0.1280     0.0000    27.6310     0.1223     0.2559     0.0000    27.6310     0.1096     0.0000     0.0000    27.6310     0.0971     0.1280     0.0000    27.6310     0.0848     0.1280     0.0000    27.6310     0.0726     0.0000     0.0000    27.6310     0.0606     0.2559     0.0000    27.6310     0.0485     0.0000     0.0000    27.6310     0.0364     0.0000     0.0000    27.6310     0.0243     0.0000     0.0000    27.6310     0.0122     0.0000     0.0000    27.6310     0.0000     0.1280     0.0000    27.6310     0.0000     0.1280     0.0000    27.6310
    0.9903     2.6605     0.0000    28.1217     0.9922     1.9215     0.0000    28.1217     1.0047     3.1039     0.0000    28.1217     1.0272     2.3649     0.0000    28.1217     1.0593     3.2517     0.0000    28.1217     1.1011     3.5473     0.0000    28.1217     1.0934     2.2171     0.0000    28.1217     1.0922     1.9215     0.0000    28.1217     1.0970     1.3302     0.0000    28.1217     1.1073     2.3649     0.0000    28.1217     1.1226     2.3649     0.0000    28.1217     1.1427     1.9215     0.0000    28.1217     1.1672     1.6258     0.0000    28.1217     1.1958     1.6258     0.0000    28.1217     1.2281     3.1039     0.0000    28.1217     1.2637     1.6258     0.0000    28.1217     1.3024     2.2171     0.0000    28.1217     1.3435     3.2517     0.0000    28.1217     1.3865     1.0346     0.0000    28.1217     1.4310     1.1824     0.0000    28.1217     1.4762     1.9215     0.0000    28.1217     1.5214     1.7736     0.0000    28.1217     1.5659     1.1824     0.0000    28.1217     1.6089     1.0346     0.0000    28.1217     1.6495     1.1824     0.0000    28.1217     1.6868     2.2171     0.0000    28.1217     1.7200     2.0693     0.0000    28.1217     1.7484     0.7390     0.0000    28.1217     1.7711     0.5912     0.0000    28.1217     1.7874     0.8868     0.0000    28.1217     1.7967     0.8868     0.0000    28.1217     1.7986     1.6258     0.0000    28.1217     1.7926     1.4780     0.0000    28.1217     1.7787     1.1824     0.0000    28.1217     1.7568     0.4434     0.0000    28.1217     1.7269     1.1824     0.0000    28.1217     1.6894     0.5912     0.0000    28.1217     1.6447     0.4434     0.0000    28.1217     1.5933     0.1478     0.0000    28.1217     1.5360     0.4434     0.0000    28.1217     1.4732     0.4434     0.0000    28.1217     1.4060     0.5912     0.0000    28.1217     1.3351     0.1478     0.0000    28.1217     1.2613     0.1478     0.0000    28.1217     1.1856     0.4434     0.0000    28.1217     1.1088     0.7390     0.0000    28.1217     1.0315     0.2956     0.0000    28.1217     0.9544     0.1478     0.0000    28.1217     0.8782     0.1478     0.0000    28.1217     0.8033     0.4434     0.0000    28.1217     0.7301     0.4434     0.0000    28.1217     0.6590     0.2956     0.0000    28.1217     0.5901     0.2956     0.0000    28.1217     0.5236     0.1478     0.0000    28.1217     0.4594     0.0000     0.0000    28.1217     0.3975     0.1478     0.0000    28.1217     0.3376     0.1478     0.0000    28.1217     0.2797     0.1478     0.0000    28.1217     0.2231     0.1478     0.0000    28.1217     0.1675     0.0000     0.0000    28.1217     0.1123     0.0000     0.0000    28.1217     0.0568     0.0000     0.0000    28.1217     0.0000     0.1478     0.0000    28.1217     0.0000     0.1478     0.0000    28.1217
    1.7824     2.5230     0.0000    27.6535     1.7785     2.5230     0.0000    27.6535     1.7700     2.7524     0.0000    27.6535     1.7578     2.1790     0.0000    27.6535     1.7427     3.5552     0.0000    27.6535     1.6961     1.7202     0.0000    27.6535     1.6481     2.5230     0.0000    27.6535     1.5996     2.6377     0.0000    27.6535     1.5511     2.2937     0.0000    27.6535     1.5030     1.3762     0.0000    27.6535     1.4557     2.6377     0.0000    27.6535     1.4096     1.6056     0.0000    27.6535     1.3650     1.6056     0.0000    27.6535     1.3219     1.4909     0.0000    27.6535     1.2807     1.2615     0.0000    27.6535     1.2413     1.8349     0.0000    27.6535     1.2039     1.7202     0.0000    27.6535     1.1685     1.1468     0.0000    27.6535     1.1352     1.2615     0.0000    27.6535     1.1038     1.3762     0.0000    27.6535     1.0743     1.3762     0.0000    27.6535     1.0468     1.8349     0.0000    27.6535     1.0211     1.0321     0.0000    27.6535     0.9973     0.8028     0.0000    27.6535     0.9751     1.2615     0.0000    27.6535     0.9545     1.1468     0.0000    27.6535     0.9354     0.6881     0.0000    27.6535     0.9177     0.5734     0.0000    27.6535     0.9012     0.5734     0.0000    27.6535     0.8857     0.8028     0.0000    27.6535     0.8713     0.8028     0.0000    27.6535     0.8577     0.6881     0.0000    27.6535     0.8447     0.5734     0.0000    27.6535     0.8321     0.6881     0.0000    27.6535     0.8199     0.3440     0.0000    27.6535     0.8077     0.2294     0.0000    27.6535     0.7954     0.2294     0.0000    27.6535     0.7828     0.2294     0.0000    27.6535     0.7695     0.2294     0.0000    27.6535     0.7555     0.0000     0.0000    27.6535     0.7404     0.3440     0.0000    27.6535     0.7240     0.3440     0.0000    27.6535     0.7060     0.0000     0.0000    27.6535     0.6863     0.2294     0.0000    27.6535     0.6645     0.1147     0.0000    27.6535     0.6406     0.0000     0.0000    27.6535     0.6143     0.0000     0.0000    27.6535     0.5855     0.0000     0.0000    27.6535     0.5542     0.1147     0.0000    27.6535     0.5204     0.1147     0.0000    27.6535     0.4842     0.0000     0.0000    27.6535     0.4457     0.2294     0.0000    27.6535     0.4051     0.0000     0.0000    27.6535     0.3630     0.0000     0.0000    27.6535     0.3196     0.0000     0.0000    27.6535     0.2755     0.0000     0.0000    27.6535     0.2313     0.0000     0.0000    27.6535     0.1877     0.0000     0.0000    27.6535     0.1452     0.1147     0.0000    27.6535     0.1046     0.0000     0.0000    27.6535     0.0665     0.0000     0.0000    27.6535     0.0315     0.0000     0.0000    27.6535     0.0000     0.0000     0.0000    27.6535     0.0000     0.2294     0.0000    27.6535
    1.3760     2.4390     0.0000    27.6310     1.3735     2.6607     0.0000    27.6310     1.3733     1.6629     0.0000    27.6310     1.3747     1.4412     0.0000    27.6310     1.3779     2.5498     0.0000    27.6310     1.3828     3.4367     0.0000    27.6310     1.3652     1.5521     0.0000    27.6310     1.3488     2.4390     0.0000    27.6310     1.3336     1.7738     0.0000    27.6310     1.3194     2.3281     0.0000    27.6310     1.3059     2.2172     0.0000    27.6310     1.2932     1.7738     0.0000    27.6310     1.2810     2.4390     0.0000    27.6310     1.2692     1.5521     0.0000    27.6310     1.2578     1.9955     0.0000    27.6310     1.2465     1.5521     0.0000    27.6310     1.2353     1.6629     0.0000    27.6310     1.2241     1.7738     0.0000    27.6310     1.2127     1.3303     0.0000    27.6310     1.2010     1.2195     0.0000    27.6310     1.1890     1.3303     0.0000    27.6310     1.1765     0.9978     0.0000    27.6310     1.1634     1.2195     0.0000    27.6310     1.1496     1.1086     0.0000    27.6310     1.1351     0.5543     0.0000    27.6310     1.1198     0.7760     0.0000    27.6310     1.1035     0.4434     0.0000    27.6310     1.0862     0.4434     0.0000    27.6310     1.0678     1.1086     0.0000    27.6310     1.0483     1.1086     0.0000    27.6310     1.0277     0.5543     0.0000    27.6310     1.0058     0.6652     0.0000    27.6310     0.9827     0.2217     0.0000    27.6310     0.9583     0.3326     0.0000    27.6310     0.9326     0.6652     0.0000    27.6310     0.9056     0.1109     0.0000    27.6310     0.8773     0.2217     0.0000    27.6310     0.8479     0.2217     0.0000    27.6310     0.8172     0.2217     0.0000    27.6310     0.7853     0.2217     0.0000    27.6310     0.7524     0.2217     0.0000    27.6310     0.7185     0.1109     0.0000    27.6310     0.6836     0.1109     0.0000    27.6310     0.6479     0.0000     0.0000    27.6310     0.6116     0.2217     0.0000    27.6310     0.5747     0.2217     0.0000    27.6310     0.5373     0.1109     0.0000    27.6310     0.4996     0.1109     0.0000    27.6310     0.4618     0.1109     0.0000    27.6310     0.4240     0.0000     0.0000    27.6310     0.3863     0.0000     0.0000    27.6310     0.3489     0.0000     0.0000    27.6310     0.3121     0.1109     0.0000    27.6310     0.2758     0.1109     0.0000    27.6310     0.2403     0.0000     0.0000    27.6310     0.2058     0.0000     0.0000    27.6310     0.1723     0.0000     0.0000    27.6310     0.1400     0.0000     0.0000    27.6310     0.1090     0.0000     0.0000    27.6310     0.0794     0.0000     0.0000    27.6310     0.0513     0.1109     0.0000    27.6310     0.0248     0.0000     0.0000    27.6310     0.0000     0.0000     0.0000    27.6310     0.0000     0.2217     0.0000    27.6310
    2.6463     2.4828     0.0000    27.6363     2.6454     2.8966     0.0000    27.6363     2.6325     4.1380     0.0000    27.6363     2.5738     2.0690     0.0000    27.6363     2.5065     2.4828     0.0000    27.6363     2.4323     2.2069     0.0000    27.6363     2.3531     2.6207     0.0000    27.6363     2.2703     2.0690     0.0000    27.6363     2.1854     2.0690     0.0000    27.6363     2.0996     2.6207     0.0000    27.6363     2.0139     2.2069     0.0000    27.6363     1.9294     1.3793     0.0000    27.6363     1.8466     2.8966     0.0000    27.6363     1.7662     0.8276     0.0000    27.6363     1.6886     2.4828     0.0000    27.6363     1.6142     2.3449     0.0000    27.6363     1.5431     1.7931     0.0000    27.6363     1.4756     0.9655     0.0000    27.6363     1.4117     0.8276     0.0000    27.6363     1.3513     0.8276     0.0000    27.6363     1.2946     1.9311     0.0000    27.6363     1.2413     1.6552     0.0000    27.6363     1.1914     0.9655     0.0000    27.6363     1.1447     0.8276     0.0000    27.6363     1.1012     1.5173     0.0000    27.6363     1.0606     1.1035     0.0000    27.6363     1.0228     0.9655     0.0000    27.6363     0.9878     0.8276     0.0000    27.6363     0.9551     0.6897     0.0000    27.6363     0.9246     1.5173     0.0000    27.6363     0.8961     0.9655     0.0000    27.6363     0.8695     1.2414     0.0000    27.6363     0.8447     0.8276     0.0000    27.6363     0.8213     0.8276     0.0000    27.6363     0.7993     1.3793     0.0000    27.6363     0.7783     0.5517     0.0000    27.6363     0.7583     0.5517     0.0000    27.6363     0.7390     0.5517     0.0000    27.6363     0.7203     0.6897     0.0000    27.6363     0.7018     0.4138     0.0000    27.6363     0.6834     1.1035     0.0000    27.6363     0.6648     0.1379     0.0000    27.6363     0.6459     0.4138     0.0000    27.6363     0.6263     0.2759     0.0000    27.6363     0.6060     0.4138     0.0000    27.6363     0.5845     0.1379     0.0000    27.6363     0.5617     0.5517     0.0000    27.6363     0.5375     0.1379     0.0000    27.6363     0.5116     0.2759     0.0000    27.6363     0.4839     0.4138     0.0000    27.6363     0.4542     0.2759     0.0000    27.6363     0.4226     0.2759     0.0000    27.6363     0.3890     0.0000     0.0000    27.6363     0.3535     0.1379     0.0000    27.6363     0.3162     0.0000     0.0000    27.6363     0.2774     0.1379     0.0000    27.6363     0.2374     0.0000     0.0000    27.6363     0.1966     0.0000     0.0000    27.6363     0.1555     0.1379     0.0000    27.6363     0.1147     0.0000     0.0000    27.6363     0.0747     0.1379     0.0000    27.6363     0.0363     0.0000     0.0000    27.6363     0.0000     0.0000     0.0000    27.6363     0.0000     0.2759     0.0000    27.6363
    0.6622     2.5909     0.0000    28.6943     0.6652     1.8137     0.0000    28.6943     0.6838     2.8500     0.0000    28.6943     0.6381     2.2023     0.0000    28.6943     0.6024     1.9432     0.0000    28.6943     0.5748     2.3318     0.0000    28.6943     0.5542     2.0727     0.0000    28.6943     0.5394     2.5909     0.0000    28.6943     0.5298     2.2023     0.0000    28.6943     0.5251     2.2023     0.0000    28.6943     0.5249     2.5909     0.0000    28.6943     0.5291     1.9432     0.0000    28.6943     0.5377     2.0727     0.0000    28.6943     0.5508     2.4614     0.0000    28.6943     0.5687     2.2023     0.0000    28.6943     0.5915     1.9432     0.0000    28.6943     0.6195     1.9432     0.0000    28.6943     0.6532     2.0727     0.0000    28.6943     0.6928     1.1659     0.0000    28.6943     0.7387     1.5546     0.0000    28.6943     0.7910     1.2955     0.0000    28.6943     0.8500     1.0364     0.0000    28.6943     0.9157     1.1659     0.0000    28.6943     0.9878     1.1659     0.0000    28.6943     1.0660     0.9068     0.0000    28.6943     1.1496     0.9068     0.0000    28.6943     1.2376     1.4250     0.0000    28.6943     1.3287     0.9068     0.0000    28.6943     1.4214     1.1659     0.0000    28.6943     1.5138     1.0364     0.0000    28.6943     1.6038     1.2955     0.0000    28.6943     1.6890     0.6477     0.0000    28.6943     1.7673     1.0364     0.0000    28.6943     1.8363     0.9068     0.0000    28.6943     1.8937     0.5182     0.0000    28.6943     1.9379     0.9068     0.0000    28.6943     1.9671     0.2591     0.0000    28.6943     1.9803     0.5182     0.0000    28.6943     1.9769     0.3886     0.0000    28.6943     1.9569     0.1295     0.0000    28.6943     1.9207     0.2591     0.0000    28.6943     1.8693     0.2591     0.0000    28.6943     1.8041     0.1295     0.0000    28.6943     1.7266     0.2591     0.0000    28.6943     1.6391     0.2591     0.0000    28.6943     1.5436     0.0000     0.0000    28.6943     1.4422     0.3886     0.0000    28.6943     1.3369     0.1295     0.0000    28.6943     1.2298     0.1295     0.0000    28.6943     1.1224     0.0000     0.0000    28.6943     1.0163     0.0000     0.0000    28.6943     0.9127     0.0000     0.0000    28.6943     0.8125     0.2591     0.0000    28.6943     0.7162     0.0000     0.0000    28.6943     0.6243     0.2591     0.0000    28.6943     0.5367     0.0000     0.0000    28.6943     0.4534     0.1295     0.0000    28.6943     0.3738     0.0000     0.0000    28.6943     0.2973     0.0000     0.0000    28.6943     0.2230     0.1295     0.0000    28.6943     0.1498     0.0000     0.0000    28.6943     0.0761     0.0000     0.0000    28.6943     0.0000     0.1295     0.0000    28.6943     0.0000     0.2591     0.0000    28.6943
    3.0557     2.1755     0.0000    27.6310     3.0558     3.0713     0.0000    27.6310     3.0246     2.0475     0.0000    27.6310     2.9762     1.6636     0.0000    27.6310     2.9127     2.4315     0.0000    27.6310     2.8359     2.4315     0.0000    27.6310     2.7480     2.6874     0.0000    27.6310     2.6510     1.4077     0.0000    27.6310     2.5471     1.5357     0.0000    27.6310     2.4381     2.8154     0.0000    27.6310     2.3256     1.7916     0.0000    27.6310     2.2114     2.6874     0.0000    27.6310     2.0968     1.7916     0.0000    27.6310     1.9829     1.5357     0.0000    27.6310     1.8709     1.9196     0.0000    27.6310     1.7615     1.4077     0.0000    27.6310     1.6555     1.6636     0.0000    27.6310     1.5534     1.5357     0.0000    27.6310     1.4556     1.2797     0.0000    27.6310     1.3623     1.7916     0.0000    27.6310     1.2737     1.1517     0.0000    27.6310     1.1898     1.0238     0.0000    27.6310     1.1108     1.9196     0.0000    27.6310     1.0365     1.7916     0.0000    27.6310     0.9668     2.0475     0.0000    27.6310     0.9015     1.0238     0.0000    27.6310     0.8406     1.2797     0.0000    27.6310     0.7837     0.5119     0.0000    27.6310     0.7307     1.0238     0.0000    27.6310     0.6814     1.7916     0.0000    27.6310     0.6355     0.3839     0.0000    27.6310     0.5928     0.3839     0.0000    27.6310     0.5531     0.8958     0.0000    27.6310     0.5162     0.3839     0.0000    27.6310     0.4818     0.7678     0.0000    27.6310     0.4498     0.8958     0.0000    27.6310     0.4200     0.3839     0.0000    27.6310     0.3923     0.6399     0.0000    27.6310     0.3663     0.3839     0.0000    27.6310     0.3421     0.6399     0.0000    27.6310     0.3193     0.0000     0.0000    27.6310     0.2980     0.3839     0.0000    27.6310     0.2779     0.5119     0.0000    27.6310     0.2590     0.1280     0.0000    27.6310     0.2411     0.3839     0.0000    27.6310     0.2241     0.3839     0.0000    27.6310     0.2079     0.2559     0.0000    27.6310     0.1924     0.0000     0.0000    27.6310     0.1776     0.0000     0.0000    27.6310     0.1633     0.3839     0.0000    27.6310     0.1495     0.0000     0.0000    27.6310     0.1361     0.1280     0.0000    27.6310     0.1231     0.2559     0.0000    27.6310     0.1103     0.0000     0.0000    27.6310     0.0978     0.1280     0.0000    27.6310     0.0854     0.1280     0.0000    27.6310     0.0732     0.0000     0.0000    27.6310     0.0610     0.2559     0.0000    27.6310     0.0489     0.0000     0.0000    27.6310     0.0367     0.0000     0.0000    27.6310     0.0245     0.0000     0.0000    27.6310     0.0123     0.0000     0.0000    27.6310     0.0000     0.1280     0.0000    27.6310     0.0000     0.1280     0.0000    27.6310
    0.9897     2.6605     0.0000    28.1217     0.9916     1.9215     0.0000    28.1217     1.0041     3.1039     0.0000    28.1217     1.0266     2.3649     0.0000    28.1217     1.0589     3.2517     0.0000    28.1217     1.1007     3.5473     0.0000    28.1217     1.0928     2.2171     0.0000    28.1217     1.0915     1.9215     0.0000    28.1217     1.0961     1.3302     0.0000    28.1217     1.1061     2.3649     0.0000    28.1217     1.1213     2.3649     0.0000    28.1217     1.1412     1.9215     0.0000    28.1217     1.1656     1.6258     0.0000    28.1217     1.1940     1.6258     0.0000    28.1217     1.2262     3.1039     0.0000    28.1217     1.2617     1.6258     0.0000    28.1217     1.3002     2.2171     0.0000    28.1217     1.3412     3.2517     0.0000    28.1217     1.3842     1.0346     0.0000    28.1217     1.4286     1.1824     0.0000    28.1217     1.4737     1.9215     0.0000    28.1217     1.5190     1.7736     0.0000    28.1217     1.5635     1.1824     0.0000    28.1217     1.6065     1.0346     0.0000    28.1217     1.6472     1.1824     0.0000    28.1217     1.6846     2.2171     0.0000    28.1217     1.7181     2.0693     0.0000    28.1217     1.7466     0.7390     0.0000    28.1217     1.7695     0.5912     0.0000    28.1217     1.7861     0.8868     0.0000    28.1217     1.7957     0.8868     0.0000    28.1217     1.7979     1.6258     0.0000    28.1217     1.7924     1.4780     0.0000    28.1217     1.7788     1.1824     0.0000    28.1217     1.7572     0.4434     0.0000    28.1217     1.7277     1.1824     0.0000    28.1217     1.6905     0.5912     0.0000    28.1217     1.6461     0.4434     0.0000    28.1217     1.5950     0.1478     0.0000    28.1217     1.5376     0.4434     0.0000    28.1217     1.4751     0.4434     0.0000    28.1217     1.4080     0.5912     0.0000    28.1217     1.3373     0.1478     0.0000    28.1217     1.2637     0.1478     0.0000    28.1217     1.1881     0.4434     0.0000    28.1217     1.1113     0.7390     0.0000    28.1217     1.0341     0.2956     0.0000    28.1217     0.9570     0.1478     0.0000    28.1217     0.8807     0.1478     0.0000    28.1217     0.8058     0.4434     0.0000    28.1217     0.7325     0.4434     0.0000    28.1217     0.6613     0.2956     0.0000    28.1217     0.5922     0.2956     0.0000    28.1217     0.5255     0.1478     0.0000    28.1217     0.4612     0.0000     0.0000    28.1217     0.3991     0.1478     0.0000    28.1217     0.3391     0.1478     0.0000    28.1217     0.2809     0.1478     0.0000    28.1217     0.2241     0.1478     0.0000    28.1217     0.1683     0.0000     0.0000    28.1217     0.1128     0.0000     0.0000    28.1217     0.0570     0.0000     0.0000    28.1217     0.0000     0.1478     0.0000    28.1217     0.0000     0.1478     0.0000    28.1217
    1.7778     2.5230     0.0000    27.6533     1.7739     2.5230     0.0000    27.6533     1.7655     2.7524     0.0000    27.6533     1.7535     2.1790     0.0000    27.6533     1.7386     3.5552     0.0000    27.6533     1.6920     1.7202     0.0000    27.6533     1.6442     2.5230     0.0000    27.6533     1.5958     2.6377     0.0000    27.6533     1.5475     2.2937     0.0000    27.6533     1.4995     1.3762     0.0000    27.6533     1.4525     2.6377     0.0000    27.6533     1.4066     1.6056     0.0000    27.6533     1.3622     1.6056     0.0000    27.6533     1.3193     1.4909     0.0000    27.6533     1.2783     1.2615     0.0000    27.6533     1.2392     1.8349     0.0000    27.6533     1.2020     1.7202     0.0000    27.6533     1.1669     1.1468     0.0000    27.6533     1.1337     1.2615     0.0000    27.6533     1.1026     1.3762     0.0000    27.6533     1.0733     1.3762     0.0000    27.6533     1.0460     1.8349     0.0000    27.6533     1.0206     1.0321     0.0000    27.6533     0.9969     0.8028     0.0000    27.6533     0.9750     1.2615     0.0000    27.6533     0.9546     1.1468     0.0000    27.6533     0.9357     0.6881     0.0000    27.6533     0.9181     0.5734     0.0000    27.6533     0.9018     0.5734     0.0000    27.6533     0.8866     0.8028     0.0000    27.6533     0.8723     0.8028     0.0000    27.6533     0.8588     0.6881     0.0000    27.6533     0.8460     0.5734     0.0000    27.6533     0.8336     0.6881     0.0000    27.6533     0.8215     0.3440     0.0000    27.6533     0.8095     0.2294     0.0000    27.6533     0.7974     0.2294     0.0000    27.6533     0.7849     0.2294     0.0000    27.6533     0.7718     0.2294     0.0000    27.6533     0.7579     0.0000     0.0000    27.6533     0.7429     0.3440     0.0000    27.6533     0.7266     0.3440     0.0000    27.6533     0.7087     0.0000     0.0000    27.6533     0.6891     0.2294     0.0000    27.6533     0.6674     0.1147     0.0000    27.6533     0.6434     0.0000     0.0000    27.6533     0.6171     0.0000     0.0000    27.6533     0.5883     0.0000     0.0000    27.6533     0.5569     0.1147     0.0000    27.6533     0.5230     0.1147     0.0000    27.6533     0.4867     0.0000     0.0000    27.6533     0.4480     0.2294     0.0000    27.6533     0.4073     0.0000     0.0000    27.6533     0.3650     0.0000     0.0000    27.6533     0.3214     0.0000     0.0000    27.6533     0.2771     0.0000     0.0000    27.6533     0.2326     0.0000     0.0000    27.6533     0.1887     0.0000     0.0000    27.6533     0.1460     0.1147     0.0000    27.6533     0.1052     0.0000     0.0000    27.6533     0.0669     0.0000     0.0000    27.6533     0.0316     0.0000     0.0000    27.6533     0.0000     0.0000     0.0000    27.6533     0.0000     0.2294     0.0000    27.6533
    1.3726     2.4390     0.0000    27.6310     1.3702     2.6607     0.0000    27.6310     1.3699     1.6629     0.0000    27.6310     1.3715     1.4412     0.0000    27.6310     1.3748     2.5498     0.0000    27.6310     1.3798     3.4367     0.0000    27.6310     1.3622     1.5521     0.0000    27.6310     1.3459     2.4390     0.0000    27.6310     1.3308     1.7738     0.0000    27.6310     1.3166     2.3281     0.0000    27.6310     1.3032     2.2172     0.0000    27.6310     1.2906     1.7738     0.0000    27.6310     1.2786     2.4390     0.0000    27.6310     1.2669     1.5521     0.0000    27.6310     1.2556     1.9955     0.0000    27.6310     1.2445     1.5521     0.0000    27.6310     1.2335     1.6629     0.0000    27.6310     1.2224     1.7738     0.0000    27.6310     1.2112     1.3303     0.0000    27.6310     1.1998     1.2195     0.0000    27.6310     1.1879     1.3303     0.0000    27.6310     1.1756     0.9978     0.0000    27.6310     1.1627     1.2195     0.0000    27.6310     1.1492     1.1086     0.0000    27.6310     1.1349     0.5543     0.0000    27.6310     1.1198     0.7760     0.0000    27.6310     1.1037     0.4434     0.0000    27.6310     1.0866     0.4434     0.0000    27.6310     1.0685     1.1086     0.0000    27.6310     1.0492     1.1086     0.0000    27.6310     1.0287     0.5543     0.0000    27.6310     1.0070     0.6652     0.0000    27.6310     0.9840     0.2217     0.0000    27.6310     0.9599     0.3326     0.0000    27.6310     0.9344     0.6652     0.0000    27.6310     0.9076     0.1109     0.0000    27.6310     0.8794     0.2217     0.0000    27.6310     0.8500     0.2217     0.0000    27.6310     0.8194     0.2217     0.0000    27.6310     0.7876     0.2217     0.0000    27.6310     0.7547     0.2217     0.0000    27.6310     0.7208     0.1109     0.0000    27.6310     0.6860     0.1109     0.0000    27.6310     0.6503     0.0000     0.0000    27.6310     0.6139     0.2217     0.0000    27.6310     0.5769     0.2217     0.0000    27.6310     0.5394     0.1109     0.0000    27.6310     0.5017     0.1109     0.0000    27.6310     0.4637     0.1109     0.0000    27.6310     0.4258     0.0000     0.0000    27.6310     0.3880     0.0000     0.0000    27.6310     0.3505     0.0000     0.0000    27.6310     0.3135     0.1109     0.0000    27.6310     0.2771     0.1109     0.0000    27.6310     0.2414     0.0000     0.0000    27.6310     0.2067     0.0000     0.0000    27.6310     0.1731     0.0000     0.0000    27.6310     0.1406     0.0000     0.0000    27.6310     0.1095     0.0000     0.0000    27.6310     0.0798     0.0000     0.0000    27.6310     0.0516     0.1109     0.0000    27.6310     0.0250     0.0000     0.0000    27.6310     0.0000     0.0000     0.0000    27.6310     0.0000     0.2217     0.0000    27.6310
    2.6454     2.4828     0.0000    27.6359     2.6454     2.8966     0.0000    27.6359     2.6324     4.1380     0.0000    27.6359     2.5737     2.0690     0.0000    27.6359     2.5063     2.4828     0.0000    27.6359     2.4320     2.2069     0.0000    27.6359     2.3527     2.6207     0.0000    27.6359     2.2698     2.0690     0.0000    27.6359     2.1849     2.0690     0.0000    27.6359     2.0991     2.6207     0.0000    27.6359     2.0134     2.2069     0.0000    27.6359     1.9288     1.3793     0.0000    27.6359     1.8461     2.8966     0.0000    27.6359     1.7657     0.8276     0.0000    27.6359     1.6881     2.4828     0.0000    27.6359     1.6137     2.3449     0.0000    27.6359     1.5426     1.7931     0.0000    27.6359     1.4751     0.9655     0.0000    27.6359     1.4112     0.8276     0.0000    27.6359     1.3509     0.8276     0.0000    27.6359     1.2941     1.9311     0.0000    27.6359     1.2408     1.6552     0.0000    27.6359     1.1910     0.9655     0.0000    27.6359     1.1444     0.8276     0.0000    27.6359     1.1009     1.5173     0.0000    27.6359     1.0603     1.1035     0.0000    27.6359     1.0225     0.9655     0.0000    27.6359     0.9875     0.8276     0.0000    27.6359     0.9548     0.6897     0.0000    27.6359     0.9243     1.5173     0.0000    27.6359     0.8959     0.9655     0.0000    27.6359     0.8694     1.2414     0.0000    27.6359     0.8446     0.8276     0.0000    27.6359     0.8213     0.8276     0.0000    27.6359     0.7993     1.3793     0.0000    27.6359     0.7784     0.5517     0.0000    27.6359     0.7584     0.5517     0.0000    27.6359     0.7392     0.5517     0.0000    27.6359     0.7205     0.6897     0.0000    27.6359     0.7021     0.4138     0.0000    27.6359     0.6837     1.1035     0.0000    27.6359     0.6652     0.1379     0.0000    27.6359     0.6463     0.4138     0.0000    27.6359     0.6268     0.2759     0.0000    27.6359     0.6065     0.4138     0.0000    27.6359     0.5851     0.1379     0.0000    27.6359     0.5624     0.5517     0.0000    27.6359     0.5382     0.1379     0.0000    27.6359     0.5123     0.2759     0.0000    27.6359     0.4846     0.4138     0.0000    27.6359     0.4549     0.2759     0.0000    27.6359     0.4233     0.2759     0.0000    27.6359     0.3897     0.0000     0.0000    27.6359     0.3542     0.1379     0.0000    27.6359     0.3168     0.0000     0.0000    27.6359     0.2780     0.1379     0.0000    27.6359     0.2379     0.0000     0.0000    27.6359     0.1971     0.0000     0.0000    27.6359     0.1559     0.1379     0.0000    27.6359     0.1150     0.0000     0.0000    27.6359     0.0749     0.1379     0.0000    27.6359     0.0364     0.0000     0.0000    27.6359     0.0000     0.0000     0.0000    27.6359     0.0000     0.2759     0.0000    27.6359
    0.6633     2.5909     0.0000    28.6922     0.6662     1.8137     0.0000    28.6922     0.6849     2.8500     0.0000    28.6922     0.6390     2.2023     0.0000    28.6922     0.6033     1.9432     0.0000    28.6922     0.5757     2.3318     0.0000    28.6922     0.5549     2.0727     0.0000    28.6922     0.5401     2.5909     0.0000    28.6922     0.5305     2.2023     0.0000    28.6922     0.5257     2.2023     0.0000    28.6922     0.5254     2.5909     0.0000    28.6922     0.5295     1.9432     0.0000    28.6922     0.5381     2.0727     0.0000    28.6922     0.5512     2.4614     0.0000    28.6922     0.5689     2.2023     0.0000    28.6922     0.5917     1.9432     0.0000    28.6922     0.6196     1.9432     0.0000    28.6922     0.6532     2.0727     0.0000    28.6922     0.6927     1.1659     0.0000    28.6922     0.7384     1.5546     0.0000    28.6922     0.7907     1.2955     0.0000    28.6922     0.8495     1.0364     0.0000    28.6922     0.9150     1.1659     0.0000    28.6922     0.9870     1.1659     0.0000    28.6922     1.0650     0.9068     0.0000    28.6922     1.1485     0.9068     0.0000    28.6922     1.2363     1.4250     0.0000    28.6922     1.3273     0.9068     0.0000    28.6922     1.4199     1.1659     0.0000    28.6922     1.5122     1.0364     0.0000    28.6922     1.6021     1.2955     0.0000    28.6922     1.6873     0.6477     0.0000    28.6922     1.7656     1.0364     0.0000    28.6922     1.8346     0.9068     0.0000    28.6922     1.8921     0.5182     0.0000    28.6922     1.9364     0.9068     0.0000    28.6922     1.9658     0.2591     0.0000    28.6922     1.9792     0.5182     0.0000    28.6922     1.9760     0.3886     0.0000    28.6922     1.9562     0.1295     0.0000    28.6922     1.9203     0.2591     0.0000    28.6922     1.8692     0.2591     0.0000    28.6922     1.8042     0.1295     0.0000    28.6922     1.7269     0.2591     0.0000    28.6922     1.6397     0.2591     0.0000    28.6922     1.5443     0.0000     0.0000    28.6922     1.4430     0.3886     0.0000    28.6922     1.3379     0.1295     0.0000    28.6922     1.2308     0.1295     0.0000    28.6922     1.1235     0.0000     0.0000    28.6922     1.0175     0.0000     0.0000    28.6922     0.9139     0.0000     0.0000    28.6922     0.8136     0.2591     0.0000    28.6922     0.7173     0.0000     0.0000    28.6922     0.6253     0.2591     0.0000    28.6922     0.5376     0.0000     0.0000    28.6922     0.4541     0.1295     0.0000    28.6922     0.3744     0.0000     0.0000    28.6922     0.2978     0.0000     0.0000    28.6922     0.2234     0.1295     0.0000    28.6922     0.1501     0.0000     0.0000    28.6922     0.0762     0.0000     0.0000    28.6922     0.0000     0.1295     0.0000    28.6922     0.0000     0.2591     0.0000    28.6922
    3.0548     2.1755     0.0000    27.6310     3.0548     3.0713     0.0000    27.6310     3.0236     2.0475     0.0000    27.6310     2.9752     1.6636     0.0000    27.6310     2.9116     2.4315     0.0000    27.6310     2.8348     2.4315     0.0000    27.6310     2.7469     2.6874     0.0000    27.6310     2.6500     1.4077     0.0000    27.6310     2.5461     1.5357     0.0000    27.6310     2.4371     2.8154     0.0000    27.6310     2.3247     1.7916     0.0000    27.6310     2.2106     2.6874     0.0000    27.6310     2.0960     1.7916     0.0000    27.6310     1.9822     1.5357     0.0000    27.6310     1.8703     1.9196     0.0000    27.6310     1.7610     1.4077     0.0000    27.6310     1.6551     1.6636     0.0000    27.6310     1.5531     1.5357     0.0000    27.6310     1.4553     1.2797     0.0000    27.6310     1.3621     1.7916     0.0000    27.6310     1.2736     1.1517     0.0000    27.6310     1.1898     1.0238     0.0000    27.6310     1.1108     1.9196     0.0000    27.6310     1.0366     1.7916     0.0000    27.6310     0.9669     2.0475     0.0000    27.6310     0.9018     1.0238     0.0000    27.6310     0.8409     1.2797     0.0000    27.6310     0.7840     0.5119     0.0000    27.6310     0.7311     1.0238     0.0000    27.6310     0.6818     1.7916     0.0000    27.6310     0.6359     0.3839     0.0000    27.6310     0.5932     0.3839     0.0000    27.6310     0.5536     0.8958     0.0000    27.6310     0.5167     0.3839     0.0000    27.6310     0.4823     0.7678     0.0000    27.6310     0.4504     0.8958     0.0000    27.6310     0.4206     0.3839     0.0000    27.6310     0.3928     0.6399     0.0000    27.6310     0.3669     0.3839     0.0000    27.6310     0.3426     0.6399     0.0000    27.6310     0.3199     0.0000     0.0000    27.6310     0.2985     0.3839     0.0000    27.6310     0.2785     0.5119     0.0000    27.6310     0.2595     0.1280     0.0000    27.6310     0.2416     0.3839     0.0000    27.6310     0.2246     0.3839     0.0000    27.6310     0.2084     0.2559     0.0000    27.6310     0.1929     0.0000     0.0000    27.6310     0.1781     0.0000     0.0000    27.6310     0.1638     0.3839     0.0000    27.6310     0.1499     0.0000     0.0000    27.6310     0.1365     0.1280     0.0000    27.6310     0.1235     0.2559     0.0000    27.6310     0.1107     0.0000     0.0000    27.6310     0.0981     0.1280     0.0000    27.6310     0.0857     0.1280     0.0000    27.6310     0.0734     0.0000     0.0000    27.6310     0.0612     0.2559     0.0000    27.6310     0.0490     0.0000     0.0000    27.6310     0.0368     0.0000     0.0000    27.6310     0.0246     0.0000     0.0000    27.6310     0.0123     0.0000     0.0000    27.6310     0.0000     0.1280     0.0000    27.6310     0.0000     0.1280     0.0000    27.6310
    0.9903     2.6605     0.0000    28.1205     0.9922     1.9215     0.0000    28.1205     1.0047     3.1039     0.0000    28.1205     1.0273     2.3649     0.0000    28.1205     1.0595     3.2517     0.0000    28.1205     1.1014     3.5473     0.0000    28.1205     1.0934     2.2171     0.0000    28.1205     1.0920     1.9215     0.0000    28.1205     1.0965     1.3302     0.0000    28.1205     1.1064     2.3649     0.0000    28.1205     1.1215     2.3649     0.0000    28.1205     1.1413     1.9215     0.0000    28.1205     1.1655     1.6258     0.0000    28.1205     1.1939     1.6258     0.0000    28.1205     1.2259     3.1039     0.0000    28.1205     1.2613     1.6258     0.0000    28.1205     1.2997     2.2171     0.0000    28.1205     1.3406     3.2517     0.0000    28.1205     1.3835     1.0346     0.0000    28.1205     1.4278     1.1824     0.0000    28.1205     1.4728     1.9215     0.0000    28.1205     1.5180     1.7736     0.0000    28.1205     1.5624     1.1824     0.0000    28.1205     1.6054     1.0346     0.0000    28.1205     1.6460     1.1824     0.0000    28.1205     1.6834     2.2171     0.0000    28.1205     1.7168     2.0693     0.0000    28.1205     1.7454     0.7390     0.0000    28.1205     1.7683     0.5912     0.0000    28.1205     1.7849     0.8868     0.0000    28.1205     1.7946     0.8868     0.0000    28.1205     1.7969     1.6258     0.0000    28.1205     1.7914     1.4780     0.0000    28.1205     1.7780     1.1824     0.0000    28.1205     1.7565     0.4434     0.0000    28.1205     1.7272     1.1824     0.0000    28.1205     1.6901     0.5912     0.0000    28.1205     1.6459     0.4434     0.0000    28.1205     1.5949     0.1478     0.0000    28.1205     1.5377     0.4434     0.0000    28.1205     1.4753     0.4434     0.0000    28.1205     1.4084     0.5912     0.0000    28.1205     1.3378     0.1478     0.0000    28.1205     1.2644     0.1478     0.0000    28.1205     1.1889     0.4434     0.0000    28.1205     1.1121     0.7390     0.0000    28.1205     1.0349     0.2956     0.0000    28.1205     0.9579     0.1478     0.0000    28.1205     0.8817     0.1478     0.0000    28.1205     0.8067     0.4434     0.0000    28.1205     0.7335     0.4434     0.0000    28.1205     0.6622     0.2956     0.0000    28.1205     0.5931     0.2956     0.0000    28.1205     0.5264     0.1478     0.0000    28.1205     0.4620     0.0000     0.0000    28.1205     0.3998     0.1478     0.0000    28.1205     0.3397     0.1478     0.0000    28.1205     0.2815     0.1478     0.0000    28.1205     0.2246     0.1478     0.0000    28.1205     0.1687     0.0000     0.0000    28.1205     0.1131     0.0000     0.0000    28.1205     0.0572     0.0000     0.0000    28.1205     0.0000     0.1478     0.0000    28.1205     0.0000     0.1478     0.0000    28.1205
    1.7768     2.5230     0.0000    27.6533     1.7729     2.5230     0.0000    27.6533     1.7645     2.7524     0.0000    27.6533     1.7525     2.1790     0.0000    27.6533     1.7377     3.5552     0.0000    27.6533     1.6910     1.7202     0.0000    27.6533     1.6432     2.5230     0.0000    27.6533     1.5948     2.6377     0.0000    27.6533     1.5464     2.2937     0.0000    27.6533     1.4984     1.3762     0.0000    27.6533     1.4514     2.6377     0.0000    27.6533     1.4055     1.6056     0.0000    27.6533     1.3610     1.6056     0.0000    27.6533     1.3182     1.4909     0.0000    27.6533     1.2772     1.2615     0.0000    27.6533     1.2381     1.8349     0.0000    27.6533     1.2010     1.7202     0.0000    27.6533     1.1658     1.1468     0.0000    27.6533     1.1327     1.2615     0.0000    27.6533     1.1016     1.3762     0.0000    27.6533     1.0725     1.3762     0.0000    27.6533     1.0453     1.8349     0.0000    27.6533     1.0200     1.0321     0.0000    27.6533     0.9964     0.8028     0.0000    27.6533     0.9745     1.2615     0.0000    27.6533     0.9541     1.1468     0.0000    27.6533     0.9353     0.6881     0.0000    27.6533     0.9178     0.5734     0.0000    27.6533     0.9016     0.5734     0.0000    27.6533     0.8864     0.8028     0.0000    27.6533     0.8722     0.8028     0.0000    27.6533     0.8589     0.6881     0.0000    27.6533     0.8461     0.5734     0.0000    27.6533     0.8339     0.6881     0.0000    27.6533     0.8219     0.3440     0.0000    27.6533     0.8100     0.2294     0.0000    27.6533     0.7979     0.2294     0.0000    27.6533     0.7855     0.2294     0.0000    27.6533     0.7726     0.2294     0.0000    27.6533     0.7588     0.0000     0.0000    27.6533     0.7439     0.3440     0.0000    27.6533     0.7276     0.3440     0.0000    27.6533     0.7098     0.0000     0.0000    27.6533     0.6902     0.2294     0.0000    27.6533     0.6686     0.1147     0.0000    27.6533     0.6447     0.0000     0.0000    27.6533     0.6184     0.0000     0.0000    27.6533     0.5897     0.0000     0.0000    27.6533     0.5583     0.1147     0.0000    27.6533     0.5244     0.1147     0.0000    27.6533     0.4880     0.0000     0.0000    27.6533     0.4493     0.2294     0.0000    27.6533     0.4085     0.0000     0.0000    27.6533     0.3661     0.0000     0.0000    27.6533     0.3224     0.0000     0.0000    27.6533     0.2779     0.0000     0.0000    27.6533     0.2334     0.0000     0.0000    27.6533     0.1893     0.0000     0.0000    27.6533     0.1465     0.1147     0.0000    27.6533     0.1055     0.0000     0.0000    27.6533     0.0671     0.0000     0.0000    27.6533     0.0317     0.0000     0.0000    27.6533     0.0000     0.0000     0.0000    27.6533     0.0000     0.2294     0.0000    27.6533
    1.3718     2.4390     0.0000    27.6310     1.3694     2.6607     0.0000    27.6310     1.3691     1.6629     0.0000    27.6310     1.3706     1.4412     0.0000    27.6310     1.3740     2.5498     0.0000    27.6310     1.3791     3.4367     0.0000    27.6310     1.3614     1.5521     0.0000    27.6310     1.3451     2.4390     0.0000    27.6310     1.3299     1.7738     0.0000    27.6310     1.3157     2.3281     0.0000    27.6310     1.3023     2.2172     0.0000    27.6310     1.2897     1.7738     0.0000    27.6310     1.2776     2.4390     0.0000    27.6310     1.2660     1.5521     0.0000    27.6310     1.2547     1.9955     0.0000    27.6310     1.2436     1.5521     0.0000    27.6310     1.2326     1.6629     0.0000    27.6310     1.2216     1.7738     0.0000    27.6310     1.2104     1.3303     0.0000    27.6310     1.1990     1.2195     0.0000    27.6310     1.1872     1.3303     0.0000    27.6310     1.1750     0.9978     0.0000    27.6310     1.1622     1.2195     0.0000    27.6310     1.1487     1.1086     0.0000    27.6310     1.1345     0.5543     0.0000    27.6310     1.1194     0.7760     0.0000    27.6310     1.1034     0.4434     0.0000    27.6310     1.0865     0.4434     0.0000    27.6310     1.0684     1.1086     0.0000    27.6310     1.0492     1.1086     0.0000    27.6310     1.0288     0.5543     0.0000    27.6310     1.0072     0.6652     0.0000    27.6310     0.9844     0.2217     0.0000    27.6310     0.9602     0.3326     0.0000    27.6310     0.9348     0.6652     0.0000    27.6310     0.9081     0.1109     0.0000    27.6310     0.8800     0.2217     0.0000    27.6310     0.8507     0.2217     0.0000    27.6310     0.8202     0.2217     0.0000    27.6310     0.7885     0.2217     0.0000    27.6310     0.7556     0.2217     0.0000    27.6310     0.7218     0.1109     0.0000    27.6310     0.6870     0.1109     0.0000    27.6310     0.6513     0.0000     0.0000    27.6310     0.6149     0.2217     0.0000    27.6310     0.5779     0.2217     0.0000    27.6310     0.5405     0.1109     0.0000    27.6310     0.5027     0.1109     0.0000    27.6310     0.4647     0.1109     0.0000    27.6310     0.4267     0.0000     0.0000    27.6310     0.3889     0.0000     0.0000    27.6310     0.3513     0.0000     0.0000    27.6310     0.3142     0.1109     0.0000    27.6310     0.2778     0.1109     0.0000    27.6310     0.2420     0.0000     0.0000    27.6310     0.2073     0.0000     0.0000    27.6310     0.1735     0.0000     0.0000    27.6310     0.1410     0.0000     0.0000    27.6310     0.1098     0.0000     0.0000    27.6310     0.0800     0.0000     0.0000    27.6310     0.0517     0.1109     0.0000    27.6310     0.0250     0.0000     0.0000    27.6310     0.0000     0.0000     0.0000    27.6310     0.0000     0.2217     0.0000    27.6310
    2.5834     2.4828     0.0000    27.6354     2.5834     2.8966     0.0000    27.6354     2.5722     4.1380     0.0000    27.6354     2.5164     2.0690     0.0000    27.6354     2.4531     2.4828     0.0000    27.6354     2.3837     2.2069     0.0000    27.6354     2.3099     2.6207     0.0000    27.6354     2.2330     2.0690     0.0000    27.6354     2.1541     2.0690     0.0000    27.6354     2.0744     2.6207     0.0000    27.6354     1.9947     2.2069     0.0000    27.6354     1.9159     1.3793     0.0000    27.6354     1.8385     2.8966     0.0000    27.6354     1.7632     0.8276     0.0000    27.6354     1.6902     2.4828     0.0000    27.6354     1.6200     2.3449     0.0000    27.6354     1.5526     1.7931     0.0000    27.6354     1.4884     0.9655     0.0000    27.6354     1.4273     0.8276     0.0000    27.6354     1.3693     0.8276     0.0000    27.6354     1.3146     1.9311     0.0000    27.6354     1.2629     1.6552     0.0000    27.6354     1.2143     0.9655     0.0000    27.6354     1.1686     0.8276     0.0000    27.6354     1.1257     1.5173     0.0000    27.6354     1.0855     1.1035     0.0000    27.6354     1.0479     0.9655     0.0000    27.6354     1.0126     0.8276     0.0000    27.6354     0.9796     0.6897     0.0000    27.6354     0.9486     1.5173     0.0000    27.6354     0.9194     0.9655     0.0000    27.6354     0.8921     1.2414     0.0000    27.6354     0.8662     0.8276     0.0000    27.6354     0.8418     0.8276     0.0000    27.6354     0.8185     1.3793     0.0000    27.6354     0.7962     0.5517     0.0000    27.6354     0.7748     0.5517     0.0000    27.6354     0.7540     0.5517     0.0000    27.6354     0.7337     0.6897     0.0000    27.6354     0.7136     0.4138     0.0000    27.6354     0.6935     1.1035     0.0000    27.6354     0.6733     0.1379     0.0000    27.6354     0.6528     0.4138     0.0000    27.6354     0.6316     0.2759     0.0000    27.6354     0.6097     0.4138     0.0000    27.6354     0.5868     0.1379     0.0000    27.6354     0.5627     0.5517     0.0000    27.6354     0.5373     0.1379     0.0000    27.6354     0.5104     0.2759     0.0000    27.6354     0.4819     0.4138     0.0000    27.6354     0.4516     0.2759     0.0000    27.6354     0.4196     0.2759     0.0000    27.6354     0.3858     0.0000     0.0000    27.6354     0.3503     0.1379     0.0000    27.6354     0.3133     0.0000     0.0000    27.6354     0.2749     0.1379     0.0000    27.6354     0.2354     0.0000     0.0000    27.6354     0.1952     0.0000     0.0000    27.6354     0.1547     0.1379     0.0000    27.6354     0.1143     0.0000     0.0000    27.6354     0.0747     0.1379     0.0000    27.6354     0.0364     0.0000     0.0000    27.6354     0.0000     0.0000     0.0000    27.6354     0.0000     0.2759     0.0000    27.6354
    0.7107     2.5909     0.0000    28.5795     0.7135     1.8137     0.0000    28.5795     0.7313     2.8500     0.0000    28.5795     0.6869     2.2023     0.0000    28.5795     0.6523     1.9432     0.0000    28.5795     0.6259     2.3318     0.0000    28.5795     0.6064     2.0727     0.0000    28.5795     0.5930     2.5909     0.0000    28.5795     0.5849     2.2023     0.0000    28.5795     0.5818     2.2023     0.0000    28.5795     0.5835     2.5909     0.0000    28.5795     0.5897     1.9432     0.0000    28.5795     0.6006     2.0727     0.0000    28.5795     0.6161     2.4614     0.0000    28.5795     0.6364     2.2023     0.0000    28.5795     0.6616     1.9432     0.0000    28.5795     0.6920     1.9432     0.0000    28.5795     0.7277     2.0727     0.0000    28.5795     0.7690     1.1659     0.0000    28.5795     0.8159     1.5546     0.0000    28.5795     0.8686     1.2955     0.0000    28.5795     0.9269     1.0364     0.0000    28.5795     0.9907     1.1659     0.0000    28.5795     1.0596     1.1659     0.0000    28.5795     1.1330     0.9068     0.0000    28.5795     1.2102     0.9068     0.0000    28.5795     1.2900     1.4250     0.0000    28.5795     1.3712     0.9068     0.0000    28.5795     1.4523     1.1659     0.0000    28.5795     1.5317     1.0364     0.0000    28.5795     1.6074     1.2955     0.0000    28.5795     1.6777     0.6477     0.0000    28.5795     1.7406     1.0364     0.0000    28.5795     1.7942     0.9068     0.0000    28.5795     1.8371     0.5182     0.0000    28.5795     1.8677     0.9068     0.0000    28.5795     1.8849     0.2591     0.0000    28.5795     1.8881     0.5182     0.0000    28.5795     1.8770     0.3886     0.0000    28.5795     1.8516     0.1295     0.0000    28.5795     1.8125     0.2591     0.0000    28.5795     1.7605     0.2591     0.0000    28.5795     1.6970     0.1295     0.0000    28.5795     1.6233     0.2591     0.0000    28.5795     1.5412     0.2591     0.0000    28.5795     1.4523     0.0000     0.0000    28.5795     1.3584     0.3886     0.0000    28.5795     1.2613     0.1295     0.0000    28.5795     1.1625     0.1295     0.0000    28.5795     1.0634     0.0000     0.0000    28.5795     0.9653     0.0000     0.0000    28.5795     0.8692     0.0000     0.0000    28.5795     0.7759     0.2591     0.0000    28.5795     0.6858     0.0000     0.0000    28.5795     0.5993     0.2591     0.0000    28.5795     0.5165     0.0000     0.0000    28.5795     0.4371     0.1295     0.0000    28.5795     0.3610     0.0000     0.0000    28.5795     0.2874     0.0000     0.0000    28.5795     0.2157     0.1295     0.0000    28.5795     0.1448     0.0000     0.0000    28.5795     0.0735     0.0000     0.0000    28.5795     0.0000     0.1295     0.0000    28.5795     0.0000     0.2591     0.0000    28.5795
    2.9264     2.1755     0.0000    27.6310     2.9265     3.0713     0.0000    27.6310     2.8963     2.0475     0.0000    27.6310     2.8513     1.6636     0.0000    27.6310     2.7933     2.4315     0.0000    27.6310     2.7239     2.4315     0.0000    27.6310     2.6448     2.6874     0.0000    27.6310     2.5577     1.4077     0.0000    27.6310     2.4645     1.5357     0.0000    27.6310     2.3665     2.8154     0.0000    27.6310     2.2653     1.7916     0.0000    27.6310     2.1623     2.6874     0.0000    27.6310     2.0585     1.7916     0.0000    27.6310     1.9551     1.5357     0.0000    27.6310     1.8529     1.9196     0.0000    27.6310     1.7527     1.4077     0.0000    27.6310     1.6551     1.6636     0.0000    27.6310     1.5606     1.5357     0.0000    27.6310     1.4695     1.2797     0.0000    27.6310     1.3822     1.7916     0.0000    27.6310     1.2988     1.1517     0.0000    27.6310     1.2195     1.0238     0.0000    27.6310     1.1442     1.9196     0.0000    27.6310     1.0730     1.7916     0.0000    27.6310     1.0058     2.0475     0.0000    27.6310     0.9425     1.0238     0.0000    27.6310     0.8830     1.2797     0.0000    27.6310     0.8272     0.5119     0.0000    27.6310     0.7748     1.0238     0.0000    27.6310     0.7257     1.7916     0.0000    27.6310     0.6798     0.3839     0.0000    27.6310     0.6368     0.3839     0.0000    27.6310     0.5966     0.8958     0.0000    27.6310     0.5590     0.3839     0.0000    27.6310     0.5237     0.7678     0.0000    27.6310     0.4907     0.8958     0.0000    27.6310     0.4598     0.3839     0.0000    27.6310     0.4308     0.6399     0.0000    27.6310     0.4035     0.3839     0.0000    27.6310     0.3779     0.6399     0.0000    27.6310     0.3538     0.0000     0.0000    27.6310     0.3310     0.3839     0.0000    27.6310     0.3094     0.5119     0.0000    27.6310     0.2890     0.1280     0.0000    27.6310     0.2695     0.3839     0.0000    27.6310     0.2510     0.3839     0.0000    27.6310     0.2333     0.2559     0.0000    27.6310     0.2163     0.0000     0.0000    27.6310     0.1999     0.0000     0.0000    27.6310     0.1841     0.3839     0.0000    27.6310     0.1687     0.0000     0.0000    27.6310     0.1538     0.1280     0.0000    27.6310     0.1392     0.2559     0.0000    27.6310     0.1249     0.0000     0.0000    27.6310     0.1107     0.1280     0.0000    27.6310     0.0968     0.1280     0.0000    27.6310     0.0829     0.0000     0.0000    27.6310     0.0692     0.2559     0.0000    27.6310     0.0554     0.0000     0.0000    27.6310     0.0416     0.0000     0.0000    27.6310     0.0278     0.0000     0.0000    27.6310     0.0140     0.0000     0.0000    27.6310     0.0000     0.1280     0.0000    27.6310     0.0000     0.1280     0.0000    27.6310
    1.0841     2.6605     0.0000    28.0094     1.0859     1.9215     0.0000    28.0094     1.0980     3.1039     0.0000    28.0094     1.1197     2.3649     0.0000    28.0094     1.1507     3.2517     0.0000    28.0094     1.1908     3.5473     0.0000    28.0094     1.1823     2.2171     0.0000    28.0094     1.1800     1.9215     0.0000    28.0094     1.1834     1.3302     0.0000    28.0094     1.1919     2.3649     0.0000    28.0094     1.2052     2.3649     0.0000    28.0094     1.2227     1.9215     0.0000    28.0094     1.2441     1.6258     0.0000    28.0094     1.2691     1.6258     0.0000    28.0094     1.2972     3.1039     0.0000    28.0094     1.3280     1.6258     0.0000    28.0094     1.3612     2.2171     0.0000    28.0094     1.3962     3.2517     0.0000    28.0094     1.4325     1.0346     0.0000    28.0094     1.4696     1.1824     0.0000    28.0094     1.5068     1.9215     0.0000    28.0094     1.5435     1.7736     0.0000    28.0094     1.5790     1.1824     0.0000    28.0094     1.6126     1.0346     0.0000    28.0094     1.6437     1.1824     0.0000    28.0094     1.6715     2.2171     0.0000    28.0094     1.6953     2.0693     0.0000    28.0094     1.7144     0.7390     0.0000    28.0094     1.7283     0.5912     0.0000    28.0094     1.7365     0.8868     0.0000    28.0094     1.7384     0.8868     0.0000    28.0094     1.7338     1.6258     0.0000    28.0094     1.7224     1.4780     0.0000    28.0094     1.7042     1.1824     0.0000    28.0094     1.6791     0.4434     0.0000    28.0094     1.6472     1.1824     0.0000    28.0094     1.6089     0.5912     0.0000    28.0094     1.5645     0.4434     0.0000    28.0094     1.5145     0.1478     0.0000    28.0094     1.4594     0.4434     0.0000    28.0094     1.3998     0.4434     0.0000    28.0094     1.3364     0.5912     0.0000    28.0094     1.2699     0.1478     0.0000    28.0094     1.2010     0.1478     0.0000    28.0094     1.1305     0.4434     0.0000    28.0094     1.0588     0.7390     0.0000    28.0094     0.9868     0.2956     0.0000    28.0094     0.9148     0.1478     0.0000    28.0094     0.8435     0.1478     0.0000    28.0094     0.7733     0.4434     0.0000    28.0094     0.7044     0.4434     0.0000    28.0094     0.6373     0.2956     0.0000    28.0094     0.5719     0.2956     0.0000    28.0094     0.5085     0.1478     0.0000    28.0094     0.4470     0.0000     0.0000    28.0094     0.3875     0.1478     0.0000    28.0094     0.3296     0.1478     0.0000    28.0094     0.2733     0.1478     0.0000    28.0094     0.2182     0.1478     0.0000    28.0094     0.1639     0.0000     0.0000    28.0094     0.1099     0.0000     0.0000    28.0094     0.0555     0.0000     0.0000    28.0094     0.0000     0.1478     0.0000    28.0094     0.0000     0.1478     0.0000    28.0094
    1.7739     2.5230     0.0000    27.6510     1.7704     2.5230     0.0000    27.6510     1.7629     2.7524     0.0000    27.6510     1.7522     2.1790     0.0000    27.6510     1.7389     3.5552     0.0000    27.6510     1.6937     1.7202     0.0000    27.6510     1.6475     2.5230     0.0000    27.6510     1.6007     2.6377     0.0000    27.6510     1.5540     2.2937     0.0000    27.6510     1.5076     1.3762     0.0000    27.6510     1.4620     2.6377     0.0000    27.6510     1.4174     1.6056     0.0000    27.6510     1.3742     1.6056     0.0000    27.6510     1.3324     1.4909     0.0000    27.6510     1.2922     1.2615     0.0000    27.6510     1.2537     1.8349     0.0000    27.6510     1.2171     1.7202     0.0000    27.6510     1.1822     1.1468     0.0000    27.6510     1.1492     1.2615     0.0000    27.6510     1.1181     1.3762     0.0000    27.6510     1.0887     1.3762     0.0000    27.6510     1.0610     1.8349     0.0000    27.6510     1.0351     1.0321     0.0000    27.6510     1.0107     0.8028     0.0000    27.6510     0.9879     1.2615     0.0000    27.6510     0.9666     1.1468     0.0000    27.6510     0.9465     0.6881     0.0000    27.6510     0.9277     0.5734     0.0000    27.6510     0.9101     0.5734     0.0000    27.6510     0.8934     0.8028     0.0000    27.6510     0.8776     0.8028     0.0000    27.6510     0.8625     0.6881     0.0000    27.6510     0.8479     0.5734     0.0000    27.6510     0.8338     0.6881     0.0000    27.6510     0.8199     0.3440     0.0000    27.6510     0.8060     0.2294     0.0000    27.6510     0.7920     0.2294     0.0000    27.6510     0.7777     0.2294     0.0000    27.6510     0.7628     0.2294     0.0000    27.6510     0.7471     0.0000     0.0000    27.6510     0.7305     0.3440     0.0000    27.6510     0.7128     0.3440     0.0000    27.6510     0.6936     0.0000     0.0000    27.6510     0.6728     0.2294     0.0000    27.6510     0.6503     0.1147     0.0000    27.6510     0.6258     0.0000     0.0000    27.6510     0.5992     0.0000     0.0000    27.6510     0.5705     0.0000     0.0000    27.6510     0.5396     0.1147     0.0000    27.6510     0.5064     0.1147     0.0000    27.6510     0.4711     0.0000     0.0000    27.6510     0.4338     0.2294     0.0000    27.6510     0.3947     0.0000     0.0000    27.6510     0.3541     0.0000     0.0000    27.6510     0.3124     0.0000     0.0000    27.6510     0.2700     0.0000     0.0000    27.6510     0.2275     0.0000     0.0000    27.6510     0.1853     0.0000     0.0000    27.6510     0.1440     0.1147     0.0000    27.6510     0.1043     0.0000     0.0000    27.6510     0.0667     0.0000     0.0000    27.6510     0.0318     0.0000     0.0000    27.6510     0.0000     0.0000     0.0000    27.6510     0.0000     0.2294     0.0000    27.6510
    1.3958     2.4390     0.0000    27.6310     1.3935     2.6607     0.0000    27.6310     1.3935     1.6629     0.0000    27.6310     1.3950     1.4412     0.0000    27.6310     1.3981     2.5498     0.0000    27.6310     1.4027     3.4367     0.0000    27.6310     1.3839     1.5521     0.0000    27.6310     1.3663     2.4390     0.0000    27.6310     1.3498     1.7738     0.0000    27.6310     1.3342     2.3281     0.0000    27.6310     1.3193     2.2172     0.0000    27.6310     1.3051     1.7738     0.0000    27.6310     1.2914     2.4390     0.0000    27.6310     1.2782     1.5521     0.0000    27.6310     1.2652     1.9955     0.0000    27.6310     1.2524     1.5521     0.0000    27.6310     1.2396     1.6629     0.0000    27.6310     1.2268     1.7738     0.0000    27.6310     1.2139     1.3303     0.0000    27.6310     1.2007     1.2195     0.0000    27.6310     1.1873     1.3303     0.0000    27.6310     1.1733     0.9978     0.0000    27.6310     1.1589     1.2195     0.0000    27.6310     1.1439     1.1086     0.0000    27.6310     1.1282     0.5543     0.0000    27.6310     1.1117     0.7760     0.0000    27.6310     1.0944     0.4434     0.0000    27.6310     1.0762     0.4434     0.0000    27.6310     1.0570     1.1086     0.0000    27.6310     1.0368     1.1086     0.0000    27.6310     1.0156     0.5543     0.0000    27.6310     0.9933     0.6652     0.0000    27.6310     0.9698     0.2217     0.0000    27.6310     0.9453     0.3326     0.0000    27.6310     0.9196     0.6652     0.0000    27.6310     0.8927     0.1109     0.0000    27.6310     0.8647     0.2217     0.0000    27.6310     0.8356     0.2217     0.0000    27.6310     0.8054     0.2217     0.0000    27.6310     0.7742     0.2217     0.0000    27.6310     0.7420     0.2217     0.0000    27.6310     0.7088     0.1109     0.0000    27.6310     0.6749     0.1109     0.0000    27.6310     0.6401     0.0000     0.0000    27.6310     0.6048     0.2217     0.0000    27.6310     0.5688     0.2217     0.0000    27.6310     0.5325     0.1109     0.0000    27.6310     0.4958     0.1109     0.0000    27.6310     0.4590     0.1109     0.0000    27.6310     0.4221     0.0000     0.0000    27.6310     0.3853     0.0000     0.0000    27.6310     0.3488     0.0000     0.0000    27.6310     0.3126     0.1109     0.0000    27.6310     0.2770     0.1109     0.0000    27.6310     0.2419     0.0000     0.0000    27.6310     0.2077     0.0000     0.0000    27.6310     0.1744     0.0000     0.0000    27.6310     0.1422     0.0000     0.0000    27.6310     0.1110     0.0000     0.0000    27.6310     0.0812     0.0000     0.0000    27.6310     0.0527     0.1109     0.0000    27.6310     0.0256     0.0000     0.0000    27.6310     0.0000     0.0000     0.0000    27.6310     0.0000     0.2217     0.0000    27.6310
    0.0000     0.0000     0.0000     0.0000     0.0000     0.0000     0.0000     0.0000     0.0000     0.0000     0.0000     0.0000     0.0000     0.0000     0.0000     0.0000     0.0000     0.0000     0.0000     0.0000     0.0000     0.0000     0.0000     0.0000     0.0000     0.0000     0.0000     0.0000     0.0000     0.0000     0.0000     0.0000     0.0000     0.0000     0.0000     0.0000     0.0000     0.0000     0.0000     0.0000     0.0000     0.0000     0.0000     0.0000     0.0000     0.0000     0.0000     0.0000     0.0000     0.0000     0.0000     0.0000     0.0000     0.0000     0.0000     0.0000     0.0000     0.0000     0.0000     0.0000     0.0000     0.0000     0.0000     0.0000     0.0000     0.0000     0.0000     0.0000     0.0000     0.0000     0.0000     0.0000     0.0000     0.0000     0.0000     0.0000     0.0000     0.0000     0.0000     0.0000     0.0000     0.0000     0.0000     0.0000     0.0000     0.0000     0.0000     0.0000     0.0000     0.0000     0.0000     0.0000     0.0000     0.0000     0.0000     0.0000     0.0000     0.0000     0.0000     0.0000     0.0000     0.0000     0.0000     0.0000     0.0000     0.0000     0.0000     0.0000     0.0000     0.0000     0.0000     0.0000     0.0000     0.0000     0.0000     0.0000     0.0000     0.0000     0.0000     0.0000     0.0000     0.0000     0.0000     0.0000     0.0000     0.0000     0.0000     0.0000     0.0000     0.0000     0.0000     0.0000     0.0000     0.0000     0.0000     0.0000     0.0000     0.0000     0.0000     0.0000     0.0000     0.0000     0.0000     0.0000     0.0000     0.0000     0.0000     0.0000     0.0000     0.0000     0.0000     0.0000     0.0000     0.0000     0.0000     0.0000     0.0000     0.0000     0.0000     0.0000     0.0000     0.0000     0.0000     0.0000     0.0000     0.0000     0.0000     0.0000     0.0000     0.0000     0.0000     0.0000     0.0000     0.0000     0.0000     0.0000     0.0000     0.0000     0.0000     0.0000     0.0000     0.0000     0.0000     0.0000     0.0000     0.0000     0.0000     0.0000     0.0000     0.0000     0.0000     0.0000     0.0000     0.0000     0.0000     0.0000     0.0000     0.0000     0.0000     0.0000     0.0000     0.0000     0.0000     0.0000     0.0000     0.0000     0.0000     0.0000     0.0000     0.0000     0.0000     0.0000     0.0000     0.0000     0.0000     0.0000     0.0000     0.0000     0.0000     0.0000     0.0000     0.0000     0.0000     0.0000     0.0000     0.0000     0.0000     0.0000     0.0000     0.0000     0.0000     0.0000     0.0000     0.0000     0.0000     0.0000     0.0000     0.0000     0.0000     0.0000     0.0000     0.0000     0.0000     0.0000     0.0000     0.0000     0.0000     0.0000     0.0000     0.0000     0.0000     0.0000     0.0000     0.0000     0.0000     0.0000
    0.0000     0.0000     0.0000     0.0000     0.0000     0.0000     0.0000     0.0000     0.0000     0.0000     0.0000     0.0000     0.0000     0.0000     0.0000     0.0000     0.0000     0.0000     0.0000     0.0000     0.0000     0.0000     0.0000     0.0000     0.0000     0.0000     0.0000     0.0000     0.0000     0.0000     0.0000     0.0000     0.0000     0.0000     0.0000     0.0000     0.0000     0.0000     0.0000     0.0000     0.0000     0.0000     0.0000     0.0000     0.0000     0.0000     0.0000     0.0000     0.0000     0.0000     0.0000     0.0000     0.0000     0.0000     0.0000     0.0000     0.0000     0.0000     0.0000     0.0000     0.0000     0.0000     0.0000     0.0000     0.0000     0.0000     0.0000     0.0000     0.0000     0.0000     0.0000     0.0000     0.0000     0.0000     0.0000     0.0000     0.0000     0.0000     0.0000     0.0000     0.0000     0.0000     0.0000     0.0000     0.0000     0.0000     0.0000     0.0000     0.0000     0.0000     0.0000     0.0000     0.0000     0.0000     0.0000     0.0000     0.0000     0.0000     0.0000     0.0000     0.0000     0.0000     0.0000     0.0000     0.0000     0.0000     0.0000     0.0000     0.0000     0.0000     0.0000     0.0000     0.0000     0.0000     0.0000     0.0000     0.0000     0.0000     0.0000     0.0000     0.0000     0.0000     0.0000     0.0000     0.0000     0.0000     0.0000     0.0000     0.0000     0.0000     0.0000     0.0000     0.0000     0.0000     0.0000     0.0000     0.0000     0.0000     0.0000     0.0000     0.0000     0.0000     0.0000     0.0000     0.0000     0.0000     0.0000     0.0000     0.0000     0.0000     0.0000     0.0000     0.0000     0.0000     0.0000     0.0000     0.0000     0.0000     0.0000     0.0000     0.0000     0.0000     0.0000     0.0000     0.0000     0.0000     0.0000     0.0000     0.0000     0.0000     0.0000     0.0000     0.0000     0.0000     0.0000     0.0000     0.0000     0.0000     0.0000     0.0000     0.0000     0.0000     0.0000     0.0000     0.0000     0.0000     0.0000     0.0000     0.0000     0.0000     0.0000     0.0000     0.0000     0.0000     0.0000     0.0000     0.0000     0.0000     0.0000     0.0000     0.0000     0.0000     0.0000     0.0000     0.0000     0.0000     0.0000     0.0000     0.0000     0.0000     0.0000     0.0000     0.0000     0.0000     0.0000     0.0000     0.0000     0.0000     0.0000     0.0000     0.0000     0.0000     0.0000     0.0000     0.0000     0.0000     0.0000     0.0000     0.0000     0.0000     0.0000     0.0000     0.0000     0.0000     0.0000     0.0000     0.0000     0.0000     0.0000     0.0000     0.0000     0.0000     0.0000     0.0000     0.0000     0.0000     0.0000     0.0000     0.0000     0.0000     0.0000     0.0000     0.0000     0.0000     0.0000     0.0000
    0.0000     0.0000     0.0000     0.0000     0.0000     0.0000     0.0000     0.0000     0.0000     0.0000     0.0000     0.0000     0.0000     0.0000     0.0000     0.0000     0.0000     0.0000     0.0000     0.0000     0.0000     0.0000     0.0000     0.0000     0.0000     0.0000     0.0000     0.0000     0.0000     0.0000     0.0000     0.0000     0.0000     0.0000     0.0000     0.0000     0.0000     0.0000     0.0000     0.0000     0.0000     0.0000     0.0000     0.0000     0.0000     0.0000     0.0000     0.0000     0.0000     0.0000     0.0000     0.0000     0.0000     0.0000     0.0000     0.0000     0.0000     0.0000     0.0000     0.0000     0.0000     0.0000     0.0000     0.0000     0.0000     0.0000     0.0000     0.0000     0.0000     0.0000     0.0000     0.0000     0.0000     0.0000     0.0000     0.0000     0.0000     0.0000     0.0000     0.0000     0.0000     0.0000     0.0000     0.0000     0.0000     0.0000     0.0000     0.0000     0.0000     0.0000     0.0000     0.0000     0.0000     0.0000     0.0000     0.0000     0.0000     0.0000     0.0000     0.0000     0.0000     0.0000     0.0000     0.0000     0.0000     0.0000     0.0000     0.0000     0.0000     0.0000     0.0000     0.0000     0.0000     0.0000     0.0000     0.0000     0.0000     0.0000     0.0000     0.0000     0.0000     0.0000     0.0000     0.0000     0.0000     0.0000     0.0000     0.0000     0.0000     0.0000     0.0000     0.0000     0.0000     0.0000     0.0000     0.0000     0.0000     0.0000     0.0000     0.0000     0.0000     0.0000     0.0000     0.0000     0.0000     0.0000     0.0000     0.0000     0.0000     0.0000     0.0000     0.0000     0.0000     0.0000     0.0000     0.0000     0.0000     0.0000     0.0000     0.0000     0.0000     0.0000     0.0000     0.0000     0.0000     0.0000     0.0000     0.0000     0.0000     0.0000     0.0000     0.0000     0.0000     0.0000     0.0000     0.0000     0.0000     0.0000     0.0000     0.0000     0.0000     0.0000     0.0000     0.0000     0.0000     0.0000     0.0000     0.0000     0.0000     0.0000     0.0000     0.0000     0.0000     0.0000     0.0000     0.0000     0.0000     0.0000     0.0000     0.0000     0.0000     0.0000     0.0000     0.0000     0.0000     0.0000     0.0000     0.0000     0.0000     0.0000     0.0000     0.0000     0.0000     0.0000     0.0000     0.0000     0.0000     0.0000     0.0000     0.0000     0.0000     0.0000     0.0000     0.0000     0.0000     0.0000     0.0000     0.0000     0.0000     0.0000     0.0000     0.0000     0.0000     0.0000     0.0000     0.0000     0.0000     0.0000     0.0000     0.0000     0.0000     0.0000     0.0000     0.0000     0.0000     0.0000     0.0000     0.0000     0.0000     0.0000     0.0000     0.0000     0.0000     0.0000     0.0000     0.0000
    0.0000     0.0000     0.0000     0.0000     0.0000     0.0000     0.0000     0.0000     0.0000     0.0000     0.0000     0.0000     0.0000     0.0000     0.0000     0.0000     0.0000     0.0000     0.0000     0.0000     0.0000     0.0000     0.0000     0.0000     0.0000     0.0000     0.0000     0.0000     0.0000     0.0000     0.0000     0.0000     0.0000     0.0000     0.0000     0.0000     0.0000     0.0000     0.0000     0.0000     0.0000     0.0000     0.0000     0.0000     0.0000     0.0000     0.0000     0.0000     0.0000     0.0000     0.0000     0.0000     0.0000     0.0000     0.0000     0.0000     0.0000     0.0000     0.0000     0.0000     0.0000     0.0000     0.0000     0.0000     0.0000     0.0000     0.0000     0.0000     0.0000     0.0000     0.0000     0.0000     0.0000     0.0000     0.0000     0.0000     0.0000     0.0000     0.0000     0.0000     0.0000     0.0000     0.0000     0.0000     0.0000     0.0000     0.0000     0.0000     0.0000     0.0000     0.0000     0.0000     0.0000     0.0000     0.0000     0.0000     0.0000     0.0000     0.0000     0.0000     0.0000     0.0000     0.0000     0.0000     0.0000     0.0000     0.0000     0.0000     0.0000     0.0000     0.0000     0.0000     0.0000     0.0000     0.0000     0.0000     0.0000     0.0000     0.0000     0.0000     0.0000     0.0000     0.0000     0.0000     0.0000     0.0000     0.0000     0.0000     0.0000     0.0000     0.0000     0.0000     0.0000     0.0000     0.0000     0.0000     0.0000     0.0000     0.0000     0.0000     0.0000     0.0000     0.0000     0.0000     0.0000     0.0000     0.0000     0.0000     0.0000     0.0000     0.0000     0.0000     0.0000     0.0000     0.0000     0.0000     0.0000     0.0000     0.0000     0.0000     0.0000     0.0000     0.0000     0.0000     0.0000     0.0000     0.0000     0.0000     0.0000     0.0000     0.0000     0.0000     0.0000     0.0000     0.0000     0.0000     0.0000     0.0000     0.0000     0.0000     0.0000     0.0000     0.0000     0.0000     0.0000     0.0000     0.0000     0.0000     0.0000     0.0000     0.0000     0.0000     0.0000     0.0000     0.0000     0.0000     0.0000     0.0000     0.0000     0.0000     0.0000     0.0000     0.0000     0.0000     0.0000     0.0000     0.0000     0.0000     0.0000     0.0000     0.0000     0.0000     0.0000     0.0000     0.0000     0.0000     0.0000     0.0000     0.0000     0.0000     0.0000     0.0000     0.0000     0.0000     0.0000     0.0000     0.0000     0.0000     0.0000     0.0000     0.0000     0.0000     0.0000     0.0000     0.0000     0.0000     0.0000     0.0000     0.0000     0.0000     0.0000     0.0000     0.0000     0.0000     0.0000     0.0000     0.0000     0.0000     0.0000     0.0000     0.0000     0.0000     0.0000     0.0000     0.0000     0.0000
    0.0000     0.0000     0.0000     0.0000     0.0000     0.0000     0.0000     0.0000     0.0000     0.0000     0.0000     0.0000     0.0000     0.0000     0.0000     0.0000     0.0000     0.0000     0.0000     0.0000     0.0000     0.0000     0.0000     0.0000     0.0000     0.0000     0.0000     0.0000     0.0000     0.0000     0.0000     0.0000     0.0000     0.0000     0.0000     0.0000     0.0000     0.0000     0.0000     0.0000     0.0000     0.0000     0.0000     0.0000     0.0000     0.0000     0.0000     0.0000     0.0000     0.0000     0.0000     0.0000     0.0000     0.0000     0.0000     0.0000     0.0000     0.0000     0.0000     0.0000     0.0000     0.0000     0.0000     0.0000     0.0000     0.0000     0.0000     0.0000     0.0000     0.0000     0.0000     0.0000     0.0000     0.0000     0.0000     0.0000     0.0000     0.0000     0.0000     0.0000     0.0000     0.0000     0.0000     0.0000     0.0000     0.0000     0.0000     0.0000     0.0000     0.0000     0.0000     0.0000     0.0000     0.0000     0.0000     0.0000     0.0000     0.0000     0.0000     0.0000     0.0000     0.0000     0.0000     0.0000     0.0000     0.0000     0.0000     0.0000     0.0000     0.0000     0.0000     0.0000     0.0000     0.0000     0.0000     0.0000     0.0000     0.0000     0.0000     0.0000     0.0000     0.0000     0.0000     0.0000     0.0000     0.0000     0.0000     0.0000     0.0000     0.0000     0.0000     0.0000     0.0000     0.0000     0.0000     0.0000     0.0000     0.0000     0.0000     0.0000     0.0000     0.0000     0.0000     0.0000     0.0000     0.0000     0.0000     0.0000     0.0000     0.0000     0.0000     0.0000     0.0000     0.0000     0.0000     0.0000     0.0000     0.0000     0.0000     0.0000     0.0000     0.0000     0.0000     0.0000     0.0000     0.0000     0.0000     0.0000     0.0000     0.0000     0.0000     0.0000     0.0000     0.0000     0.0000     0.0000     0.0000     0.0000     0.0000     0.0000     0.0000     0.0000     0.0000     0.0000     0.0000     0.0000     0.0000     0.0000     0.0000     0.0000     0.0000     0.0000     0.0000     0.0000     0.0000     0.0000     0.0000     0.0000     0.0000     0.0000     0.0000     0.0000     0.0000     0.0000     0.0000     0.0000     0.0000     0.0000     0.0000     0.0000     0.0000     0.0000     0.0000     0.0000     0.0000     0.0000     0.0000     0.0000     0.0000     0.0000     0.0000     0.0000     0.0000     0.0000     0.0000     0.0000     0.0000     0.0000     0.0000     0.0000     0.0000     0.0000     0.0000     0.0000     0.0000     0.0000     0.0000     0.0000     0.0000     0.0000     0.0000     0.0000     0.0000     0.0000     0.0000     0.0000     0.0000     0.0000     0.0000     0.0000     0.0000     0.0000     0.0000     0.0000     0.0000     0.0000
    0.0000     0.0000     0.0000     0.0000     0.0000     0.0000     0.0000     0.0000     0.0000     0.0000     0.0000     0.0000     0.0000     0.0000     0.0000     0.0000     0.0000     0.0000     0.0000     0.0000     0.0000     0.0000     0.0000     0.0000     0.0000     0.0000     0.0000     0.0000     0.0000     0.0000     0.0000     0.0000     0.0000     0.0000     0.0000     0.0000     0.0000     0.0000     0.0000     0.0000     0.0000     0.0000     0.0000     0.0000     0.0000     0.0000     0.0000     0.0000     0.0000     0.0000     0.0000     0.0000     0.0000     0.0000     0.0000     0.0000     0.0000     0.0000     0.0000     0.0000     0.0000     0.0000     0.0000     0.0000     0.0000     0.0000     0.0000     0.0000     0.0000     0.0000     0.0000     0.0000     0.0000     0.0000     0.0000     0.0000     0.0000     0.0000     0.0000     0.0000     0.0000     0.0000     0.0000     0.0000     0.0000     0.0000     0.0000     0.0000     0.0000     0.0000     0.0000     0.0000     0.0000     0.0000     0.0000     0.0000     0.0000     0.0000     0.0000     0.0000     0.0000     0.0000     0.0000     0.0000     0.0000     0.0000     0.0000     0.0000     0.0000     0.0000     0.0000     0.0000     0.0000     0.0000     0.0000     0.0000     0.0000     0.0000     0.0000     0.0000     0.0000     0.0000     0.0000     0.0000     0.0000     0.0000     0.0000     0.0000     0.0000     0.0000     0.0000     0.0000     0.0000     0.0000     0.0000     0.0000     0.0000     0.0000     0.0000     0.0000     0.0000     0.0000     0.0000     0.0000     0.0000     0.0000     0.0000     0.0000     0.0000     0.0000     0.0000     0.0000     0.0000     0.0000     0.0000     0.0000     0.0000     0.0000     0.0000     0.0000     0.0000     0.0000     0.0000     0.0000     0.0000     0.0000     0.0000     0.0000     0.0000     0.0000     0.0000     0.0000     0.0000     0.0000     0.0000     0.0000     0.0000     0.0000     0.0000     0.0000     0.0000     0.0000     0.0000     0.0000     0.0000     0.0000     0.0000     0.0000     0.0000     0.0000     0.0000     0.0000     0.0000     0.0000     0.0000     0.0000     0.0000     0.0000     0.0000     0.0000     0.0000     0.0000     0.0000     0.0000     0.0000     0.0000     0.0000     0.0000     0.0000     0.0000     0.0000     0.0000     0.0000     0.0000     0.0000     0.0000     0.0000     0.0000     0.0000     0.0000     0.0000     0.0000     0.0000     0.0000     0.0000     0.0000     0.0000     0.0000     0.0000     0.0000     0.0000     0.0000     0.0000     0.0000     0.0000     0.0000     0.0000     0.0000     0.0000     0.0000     0.0000     0.0000     0.0000     0.0000     0.0000     0.0000     0.0000     0.0000     0.0000     0.0000     0.0000     0.0000     0.0000     0.0000     0.0000     0.0000
    0.0000     0.0000     0.0000     0.0000     0.0000     0.0000     0.0000     0.0000     0.0000     0.0000     0.0000     0.0000     0.0000     0.0000     0.0000     0.0000     0.0000     0.0000     0.0000     0.0000     0.0000     0.0000     0.0000     0.0000     0.0000     0.0000     0.0000     0.0000     0.0000     0.0000     0.0000     0.0000     0.0000     0.0000     0.0000     0.0000     0.0000     0.0000     0.0000     0.0000     0.0000     0.0000     0.0000     0.0000     0.0000     0.0000     0.0000     0.0000     0.0000     0.0000     0.0000     0.0000     0.0000     0.0000     0.0000     0.0000     0.0000     0.0000     0.0000     0.0000     0.0000     0.0000     0.0000     0.0000     0.0000     0.0000     0.0000     0.0000     0.0000     0.0000     0.0000     0.0000     0.0000     0.0000     0.0000     0.0000     0.0000     0.0000     0.0000     0.0000     0.0000     0.0000     0.0000     0.0000     0.0000     0.0000     0.0000     0.0000     0.0000     0.0000     0.0000     0.0000     0.0000     0.0000     0.0000     0.0000     0.0000     0.0000     0.0000     0.0000     0.0000     0.0000     0.0000     0.0000     0.0000     0.0000     0.0000     0.0000     0.0000     0.0000     0.0000     0.0000     0.0000     0.0000     0.0000     0.0000     0.0000     0.0000     0.0000     0.0000     0.0000     0.0000     0.0000     0.0000     0.0000     0.0000     0.0000     0.0000     0.0000     0.0000     0.0000     0.0000     0.0000     0.0000     0.0000     0.0000     0.0000     0.0000     0.0000     0.0000     0.0000     0.0000     0.0000     0.0000     0.0000     0.0000     0.0000     0.0000     0.0000     0.0000     0.0000     0.0000     0.0000     0.0000     0.0000     0.0000     0.0000     0.0000     0.0000     0.0000     0.0000     0.0000     0.0000     0.0000     0.0000     0.0000     0.0000     0.0000     0.0000     0.0000     0.0000     0.0000     0.0000     0.0000     0.0000     0.0000     0.0000     0.0000     0.0000     0.0000     0.0000     0.0000     0.0000     0.0000     0.0000     0.0000     0.0000     0.0000     0.0000     0.0000     0.0000     0.0000     0.0000     0.0000     0.0000     0.0000     0.0000     0.0000     0.0000     0.0000     0.0000     0.0000     0.0000     0.0000     0.0000     0.0000     0.0000     0.0000     0.0000     0.0000     0.0000     0.0000     0.0000     0.0000     0.0000     0.0000     0.0000     0.0000     0.0000     0.0000     0.0000     0.0000     0.0000     0.0000     0.0000     0.0000     0.0000     0.0000     0.0000     0.0000     0.0000     0.0000     0.0000     0.0000     0.0000     0.0000     0.0000     0.0000     0.0000     0.0000     0.0000     0.0000     0.0000     0.0000     0.0000     0.0000     0.0000     0.0000     0.0000     0.0000     0.0000     0.0000     0.0000     0.0000     0.0000     0.0000
    0.0000     0.0000     0.0000     0.0000     0.0000     0.0000     0.0000     0.0000     0.0000     0.0000     0.0000     0.0000     0.0000     0.0000     0.0000     0.0000     0.0000     0.0000     0.0000     0.0000     0.0000     0.0000     0.0000     0.0000     0.0000     0.0000     0.0000     0.0000     0.0000     0.0000     0.0000     0.0000     0.0000     0.0000     0.0000     0.0000     0.0000     0.0000     0.0000     0.0000     0.0000     0.0000     0.0000     0.0000     0.0000     0.0000     0.0000     0.0000     0.0000     0.0000     0.0000     0.0000     0.0000     0.0000     0.0000     0.0000     0.0000     0.0000     0.0000     0.0000     0.0000     0.0000     0.0000     0.0000     0.0000     0.0000     0.0000     0.0000     0.0000     0.0000     0.0000     0.0000     0.0000     0.0000     0.0000     0.0000     0.0000     0.0000     0.0000     0.0000     0.0000     0.0000     0.0000     0.0000     0.0000     0.0000     0.0000     0.0000     0.0000     0.0000     0.0000     0.0000     0.0000     0.0000     0.0000     0.0000     0.0000     0.0000     0.0000     0.0000     0.0000     0.0000     0.0000     0.0000     0.0000     0.0000     0.0000     0.0000     0.0000     0.0000     0.0000     0.0000     0.0000     0.0000     0.0000     0.0000     0.0000     0.0000     0.0000     0.0000     0.0000     0.0000     0.0000     0.0000     0.0000     0.0000     0.0000     0.0000     0.0000     0.0000     0.0000     0.0000     0.0000     0.0000     0.0000     0.0000     0.0000     0.0000     0.0000     0.0000     0.0000     0.0000     0.0000     0.0000     0.0000     0.0000     0.0000     0.0000     0.0000     0.0000     0.0000     0.0000     0.0000     0.0000     0.0000     0.0000     0.0000     0.0000     0.0000     0.0000     0.0000     0.0000     0.0000     0.0000     0.0000     0.0000     0.0000     0.0000     0.0000     0.0000     0.0000     0.0000     0.0000     0.0000     0.0000     0.0000     0.0000     0.0000     0.0000     0.0000     0.0000     0.0000     0.0000     0.0000     0.0000     0.0000     0.0000     0.0000     0.0000     0.0000     0.0000     0.0000     0.0000     0.0000     0.0000     0.0000     0.0000     0.0000     0.0000     0.0000     0.0000     0.0000     0.0000     0.0000     0.0000     0.0000     0.0000     0.0000     0.0000     0.0000     0.0000     0.0000     0.0000     0.0000     0.0000     0.0000     0.0000     0.0000     0.0000     0.0000     0.0000     0.0000     0.0000     0.0000     0.0000     0.0000     0.0000     0.0000     0.0000     0.0000     0.0000     0.0000     0.0000     0.0000     0.0000     0.0000     0.0000     0.0000     0.0000     0.0000     0.0000     0.0000     0.0000     0.0000     0.0000     0.0000     0.0000     0.0000     0.0000     0.0000     0.0000     0.0000     0.0000     0.0000     0.0000     0.0000
    0.0000     0.0000     0.0000     0.0000     0.0000     0.0000     0.0000     0.0000     0.0000     0.0000     0.0000     0.0000     0.0000     0.0000     0.0000     0.0000     0.0000     0.0000     0.0000     0.0000     0.0000     0.0000     0.0000     0.0000     0.0000     0.0000     0.0000     0.0000     0.0000     0.0000     0.0000     0.0000     0.0000     0.0000     0.0000     0.0000     0.0000     0.0000     0.0000     0.0000     0.0000     0.0000     0.0000     0.0000     0.0000     0.0000     0.0000     0.0000     0.0000     0.0000     0.0000     0.0000     0.0000     0.0000     0.0000     0.0000     0.0000     0.0000     0.0000     0.0000     0.0000     0.0000     0.0000     0.0000     0.0000     0.0000     0.0000     0.0000     0.0000     0.0000     0.0000     0.0000     0.0000     0.0000     0.0000     0.0000     0.0000     0.0000     0.0000     0.0000     0.0000     0.0000     0.0000     0.0000     0.0000     0.0000     0.0000     0.0000     0.0000     0.0000     0.0000     0.0000     0.0000     0.0000     0.0000     0.0000     0.0000     0.0000     0.0000     0.0000     0.0000     0.0000     0.0000     0.0000     0.0000     0.0000     0.0000     0.0000     0.0000     0.0000     0.0000     0.0000     0.0000     0.0000     0.0000     0.0000     0.0000     0.0000     0.0000     0.0000     0.0000     0.0000     0.0000     0.0000     0.0000     0.0000     0.0000     0.0000     0.0000     0.0000     0.0000     0.0000     0.0000     0.0000     0.0000     0.0000     0.0000     0.0000     0.0000     0.0000     0.0000     0.0000     0.0000     0.0000     0.0000     0.0000     0.0000     0.0000     0.0000     0.0000     0.0000     0.0000     0.0000     0.0000     0.0000     0.0000     0.0000     0.0000     0.0000     0.0000     0.0000     0.0000     0.0000     0.0000     0.0000     0.0000     0.0000     0.0000     0.0000     0.0000     0.0000     0.0000     0.0000     0.0000     0.0000     0.0000     0.0000     0.0000     0.0000     0.0000     0.0000     0.0000     0.0000     0.0000     0.0000     0.0000     0.0000     0.0000     0.0000     0.0000     0.0000     0.0000     0.0000     0.0000     0.0000     0.0000     0.0000     0.0000     0.0000     0.0000     0.0000     0.0000     0.0000     0.0000     0.0000     0.0000     0.0000     0.0000     0.0000     0.0000     0.0000     0.0000     0.0000     0.0000     0.0000     0.0000     0.0000     0.0000     0.0000     0.0000     0.0000     0.0000     0.0000     0.0000     0.0000     0.0000     0.0000     0.0000     0.0000     0.0000     0.0000     0.0000     0.0000     0.0000     0.0000     0.0000     0.0000     0.0000     0.0000     0.0000     0.0000     0.0000     0.0000     0.0000     0.0000     0.0000     0.0000     0.0000     0.0000     0.0000     0.0000     0.0000     0.0000     0.0000     0.0000     0.0000
    0.0000     0.0000     0.0000     0.0000     0.0000     0.0000     0.0000     0.0000     0.0000     0.0000     0.0000     0.0000     0.0000     0.0000     0.0000     0.0000     0.0000     0.0000     0.0000     0.0000     0.0000     0.0000     0.0000     0.0000     0.0000     0.0000     0.0000     0.0000     0.0000     0.0000     0.0000     0.0000     0.0000     0.0000     0.0000     0.0000     0.0000     0.0000     0.0000     0.0000     0.0000     0.0000     0.0000     0.0000     0.0000     0.0000     0.0000     0.0000     0.0000     0.0000     0.0000     0.0000     0.0000     0.0000     0.0000     0.0000     0.0000     0.0000     0.0000     0.0000     0.0000     0.0000     0.0000     0.0000     0.0000     0.0000     0.0000     0.0000     0.0000     0.0000     0.0000     0.0000     0.0000     0.0000     0.0000     0.0000     0.0000     0.0000     0.0000     0.0000     0.0000     0.0000     0.0000     0.0000     0.0000     0.0000     0.0000     0.0000     0.0000     0.0000     0.0000     0.0000     0.0000     0.0000     0.0000     0.0000     0.0000     0.0000     0.0000     0.0000     0.0000     0.0000     0.0000     0.0000     0.0000     0.0000     0.0000     0.0000     0.0000     0.0000     0.0000     0.0000     0.0000     0.0000     0.0000     0.0000     0.0000     0.0000     0.0000     0.0000     0.0000     0.0000     0.0000     0.0000     0.0000     0.0000     0.0000     0.0000     0.0000     0.0000     0.0000     0.0000     0.0000     0.0000     0.0000     0.0000     0.0000     0.0000     0.0000     0.0000     0.0000     0.0000     0.0000     0.0000     0.0000     0.0000     0.0000     0.0000     0.0000     0.0000     0.0000     0.0000     0.0000     0.0000     0.0000     0.0000     0.0000     0.0000     0.0000     0.0000     0.0000     0.0000     0.0000     0.0000     0.0000     0.0000     0.0000     0.0000     0.0000     0.0000     0.0000     0.0000     0.0000     0.0000     0.0000     0.0000     0.0000     0.0000     0.0000     0.0000     0.0000     0.0000     0.0000     0.0000     0.0000     0.0000     0.0000     0.0000     0.0000     0.0000     0.0000     0.0000     0.0000     0.0000     0.0000     0.0000     0.0000     0.0000     0.0000     0.0000     0.0000     0.0000     0.0000     0.0000     0.0000     0.0000     0.0000     0.0000     0.0000     0.0000     0.0000     0.0000     0.0000     0.0000     0.0000     0.0000     0.0000     0.0000     0.0000     0.0000     0.0000     0.0000     0.0000     0.0000     0.0000     0.0000     0.0000     0.0000     0.0000     0.0000     0.0000     0.0000     0.0000     0.0000     0.0000     0.0000     0.0000     0.0000     0.0000     0.0000     0.0000     0.0000     0.0000     0.0000     0.0000     0.0000     0.0000     0.0000     0.0000     0.0000     0.0000     0.0000     0.0000     0.0000     0.0000     0.0000
    0.0000     0.0000     0.0000     0.0000     0.0000     0.0000     0.0000     0.0000     0.0000     0.0000     0.0000     0.0000     0.0000     0.0000     0.0000     0.0000     0.0000     0.0000     0.0000     0.0000     0.0000     0.0000     0.0000     0.0000     0.0000     0.0000     0.0000     0.0000     0.0000     0.0000     0.0000     0.0000     0.0000     0.0000     0.0000     0.0000     0.0000     0.0000     0.0000     0.0000     0.0000     0.0000     0.0000     0.0000     0.0000     0.0000     0.0000     0.0000     0.0000     0.0000     0.0000     0.0000     0.0000     0.0000     0.0000     0.0000     0.0000     0.0000     0.0000     0.0000     0.0000     0.0000     0.0000     0.0000     0.0000     0.0000     0.0000     0.0000     0.0000     0.0000     0.0000     0.0000     0.0000     0.0000     0.0000     0.0000     0.0000     0.0000     0.0000     0.0000     0.0000     0.0000     0.0000     0.0000     0.0000     0.0000     0.0000     0.0000     0.0000     0.0000     0.0000     0.0000     0.0000     0.0000     0.0000     0.0000     0.0000     0.0000     0.0000     0.0000     0.0000     0.0000     0.0000     0.0000     0.0000     0.0000     0.0000     0.0000     0.0000     0.0000     0.0000     0.0000     0.0000     0.0000     0.0000     0.0000     0.0000     0.0000     0.0000     0.0000     0.0000     0.0000     0.0000     0.0000     0.0000     0.0000     0.0000     0.0000     0.0000     0.0000     0.0000     0.0000     0.0000     0.0000     0.0000     0.0000     0.0000     0.0000     0.0000     0.0000     0.0000     0.0000     0.0000     0.0000     0.0000     0.0000     0.0000     0.0000     0.0000     0.0000     0.0000     0.0000     0.0000     0.0000     0.0000     0.0000     0.0000     0.0000     0.0000     0.0000     0.0000     0.0000     0.0000     0.0000     0.0000     0.0000     0.0000     0.0000     0.0000     0.0000     0.0000     0.0000     0.0000     0.0000     0.0000     0.0000     0.0000     0.0000     0.0000     0.0000     0.0000     0.0000     0.0000     0.0000     0.0000     0.0000     0.0000     0.0000     0.0000     0.0000     0.0000     0.0000     0.0000     0.0000     0.0000     0.0000     0.0000     0.0000     0.0000     0.0000     0.0000     0.0000     0.0000     0.0000     0.0000     0.0000     0.0000     0.0000     0.0000     0.0000     0.0000     0.0000     0.0000     0.0000     0.0000     0.0000     0.0000     0.0000     0.0000     0.0000     0.0000     0.0000     0.0000     0.0000     0.0000     0.0000     0.0000     0.0000     0.0000     0.0000     0.0000     0.0000     0.0000     0.0000     0.0000     0.0000     0.0000     0.0000     0.0000     0.0000     0.0000     0.0000     0.0000     0.0000     0.0000     0.0000     0.0000     0.0000     0.0000     0.0000     0.0000     0.0000     0.0000     0.0000     0.0000     0.0000
    0.0000     0.0000     0.0000     0.0000     0.0000     0.0000     0.0000     0.0000     0.0000     0.0000     0.0000     0.0000     0.0000     0.0000     0.0000     0.0000     0.0000     0.0000     0.0000     0.0000     0.0000     0.0000     0.0000     0.0000     0.0000     0.0000     0.0000     0.0000     0.0000     0.0000     0.0000     0.0000     0.0000     0.0000     0.0000     0.0000     0.0000     0.0000     0.0000     0.0000     0.0000     0.0000     0.0000     0.0000     0.0000     0.0000     0.0000     0.0000     0.0000     0.0000     0.0000     0.0000     0.0000     0.0000     0.0000     0.0000     0.0000     0.0000     0.0000     0.0000     0.0000     0.0000     0.0000     0.0000     0.0000     0.0000     0.0000     0.0000     0.0000     0.0000     0.0000     0.0000     0.0000     0.0000     0.0000     0.0000     0.0000     0.0000     0.0000     0.0000     0.0000     0.0000     0.0000     0.0000     0.0000     0.0000     0.0000     0.0000     0.0000     0.0000     0.0000     0.0000     0.0000     0.0000     0.0000     0.0000     0.0000     0.0000     0.0000     0.0000     0.0000     0.0000     0.0000     0.0000     0.0000     0.0000     0.0000     0.0000     0.0000     0.0000     0.0000     0.0000     0.0000     0.0000     0.0000     0.0000     0.0000     0.0000     0.0000     0.0000     0.0000     0.0000     0.0000     0.0000     0.0000     0.0000     0.0000     0.0000     0.0000     0.0000     0.0000     0.0000     0.0000     0.0000     0.0000     0.0000     0.0000     0.0000     0.0000     0.0000     0.0000     0.0000     0.0000     0.0000     0.0000     0.0000     0.0000     0.0000     0.0000     0.0000     0.0000     0.0000     0.0000     0.0000     0.0000     0.0000     0.0000     0.0000     0.0000     0.0000     0.0000     0.0000     0.0000     0.0000     0.0000     0.0000     0.0000     0.0000     0.0000     0.0000     0.0000     0.0000     0.0000     0.0000     0.0000     0.0000     0.0000     0.0000     0.0000     0.0000     0.0000     0.0000     0.0000     0.0000     0.0000     0.0000     0.0000     0.0000     0.0000     0.0000     0.0000     0.0000     0.0000     0.0000     0.0000     0.0000     0.0000     0.0000     0.0000     0.0000     0.0000     0.0000     0.0000     0.0000     0.0000     0.0000     0.0000     0.0000     0.0000     0.0000     0.0000     0.0000     0.0000     0.0000     0.0000     0.0000     0.0000     0.0000     0.0000     0.0000     0.0000     0.0000     0.0000     0.0000     0.0000     0.0000     0.0000     0.0000     0.0000     0.0000     0.0000     0.0000     0.0000     0.0000     0.0000     0.0000     0.0000     0.0000     0.0000     0.0000     0.0000     0.0000     0.0000     0.0000     0.0000     0.0000     0.0000     0.0000     0.0000     0.0000     0.0000     0.0000     0.0000     0.0000     0.0000     0.0000
    0.0000     0.0000     0.0000     0.0000     0.0000     0.0000     0.0000     0.0000     0.0000     0.0000     0.0000     0.0000     0.0000     0.0000     0.0000     0.0000     0.0000     0.0000     0.0000     0.0000     0.0000     0.0000     0.0000     0.0000     0.0000     0.0000     0.0000     0.0000     0.0000     0.0000     0.0000     0.0000     0.0000     0.0000     0.0000     0.0000     0.0000     0.0000     0.0000     0.0000     0.0000     0.0000     0.0000     0.0000     0.0000     0.0000     0.0000     0.0000     0.0000     0.0000     0.0000     0.0000     0.0000     0.0000     0.0000     0.0000     0.0000     0.0000     0.0000     0.0000     0.0000     0.0000     0.0000     0.0000     0.0000     0.0000     0.0000     0.0000     0.0000     0.0000     0.0000     0.0000     0.0000     0.0000     0.0000     0.0000     0.0000     0.0000     0.0000     0.0000     0.0000     0.0000     0.0000     0.0000     0.0000     0.0000     0.0000     0.0000     0.0000     0.0000     0.0000     0.0000     0.0000     0.0000     0.0000     0.0000     0.0000     0.0000     0.0000     0.0000     0.0000     0.0000     0.0000     0.0000     0.0000     0.0000     0.0000     0.0000     0.0000     0.0000     0.0000     0.0000     0.0000     0.0000     0.0000     0.0000     0.0000     0.0000     0.0000     0.0000     0.0000     0.0000     0.0000     0.0000     0.0000     0.0000     0.0000     0.0000     0.0000     0.0000     0.0000     0.0000     0.0000     0.0000     0.0000     0.0000     0.0000     0.0000     0.0000     0.0000     0.0000     0.0000     0.0000     0.0000     0.0000     0.0000     0.0000     0.0000     0.0000     0.0000     0.0000     0.0000     0.0000     0.0000     0.0000     0.0000     0.0000     0.0000     0.0000     0.0000     0.0000     0.0000     0.0000     0.0000     0.0000     0.0000     0.0000     0.0000     0.0000     0.0000     0.0000     0.0000     0.0000     0.0000     0.0000     0.0000     0.0000     0.0000     0.0000     0.0000     0.0000     0.0000     0.0000     0.0000     0.0000     0.0000     0.0000     0.0000     0.0000     0.0000     0.0000     0.0000     0.0000     0.0000     0.0000     0.0000     0.0000     0.0000     0.0000     0.0000     0.0000     0.0000     0.0000     0.0000     0.0000     0.0000     0.0000     0.0000     0.0000     0.0000     0.0000     0.0000     0.0000     0.0000     0.0000     0.0000     0.0000     0.0000     0.0000     0.0000     0.0000     0.0000     0.0000     0.0000     0.0000     0.0000     0.0000     0.0000     0.0000     0.0000     0.0000     0.0000     0.0000     0.0000     0.0000     0.0000     0.0000     0.0000     0.0000     0.0000     0.0000     0.0000     0.0000     0.0000     0.0000     0.0000     0.0000     0.0000     0.0000     0.0000     0.0000     0.0000     0.0000     0.0000     0.0000     0.0000
    0.0000     0.0000     0.0000     0.0000     0.0000     0.0000     0.0000     0.0000     0.0000     0.0000     0.0000     0.0000     0.0000     0.0000     0.0000     0.0000     0.0000     0.0000     0.0000     0.0000     0.0000     0.0000     0.0000     0.0000     0.0000     0.0000     0.0000     0.0000     0.0000     0.0000     0.0000     0.0000     0.0000     0.0000     0.0000     0.0000     0.0000     0.0000     0.0000     0.0000     0.0000     0.0000     0.0000     0.0000     0.0000     0.0000     0.0000     0.0000     0.0000     0.0000     0.0000     0.0000     0.0000     0.0000     0.0000     0.0000     0.0000     0.0000     0.0000     0.0000     0.0000     0.0000     0.0000     0.0000     0.0000     0.0000     0.0000     0.0000     0.0000     0.0000     0.0000     0.0000     0.0000     0.0000     0.0000     0.0000     0.0000     0.0000     0.0000     0.0000     0.0000     0.0000     0.0000     0.0000     0.0000     0.0000     0.0000     0.0000     0.0000     0.0000     0.0000     0.0000     0.0000     0.0000     0.0000     0.0000     0.0000     0.0000     0.0000     0.0000     0.0000     0.0000     0.0000     0.0000     0.0000     0.0000     0.0000     0.0000     0.0000     0.0000     0.0000     0.0000     0.0000     0.0000     0.0000     0.0000     0.0000     0.0000     0.0000     0.0000     0.0000     0.0000     0.0000     0.0000     0.0000     0.0000     0.0000     0.0000     0.0000     0.0000     0.0000     0.0000     0.0000     0.0000     0.0000     0.0000     0.0000     0.0000     0.0000     0.0000     0.0000     0.0000     0.0000     0.0000     0.0000     0.0000     0.0000     0.0000     0.0000     0.0000     0.0000     0.0000     0.0000     0.0000     0.0000     0.0000     0.0000     0.0000     0.0000     0.0000     0.0000     0.0000     0.0000     0.0000     0.0000     0.0000     0.0000     0.0000     0.0000     0.0000     0.0000     0.0000     0.0000     0.0000     0.0000     0.0000     0.0000     0.0000     0.0000     0.0000     0.0000     0.0000     0.0000     0.0000     0.0000     0.0000     0.0000     0.0000     0.0000     0.0000     0.0000     0.0000     0.0000     0.0000     0.0000     0.0000     0.0000     0.0000     0.0000     0.0000     0.0000     0.0000     0.0000     0.0000     0.0000     0.0000     0.0000     0.0000     0.0000     0.0000     0.0000     0.0000     0.0000     0.0000     0.0000     0.0000     0.0000     0.0000     0.0000     0.0000     0.0000     0.0000     0.0000     0.0000     0.0000     0.0000     0.0000     0.0000     0.0000     0.0000     0.0000     0.0000     0.0000     0.0000     0.0000     0.0000     0.0000     0.0000     0.0000     0.0000     0.0000     0.0000     0.0000     0.0000     0.0000     0.0000     0.0000     0.0000     0.0000     0.0000     0.0000     0.0000     0.0000     0.0000     0.0000     0.0000
    0.0000     0.0000     0.0000     0.0000     0.0000     0.0000     0.0000     0.0000     0.0000     0.0000     0.0000     0.0000     0.0000     0.0000     0.0000     0.0000     0.0000     0.0000     0.0000     0.0000     0.0000     0.0000     0.0000     0.0000     0.0000     0.0000     0.0000     0.0000     0.0000     0.0000     0.0000     0.0000     0.0000     0.0000     0.0000     0.0000     0.0000     0.0000     0.0000     0.0000     0.0000     0.0000     0.0000     0.0000     0.0000     0.0000     0.0000     0.0000     0.0000     0.0000     0.0000     0.0000     0.0000     0.0000     0.0000     0.0000     0.0000     0.0000     0.0000     0.0000     0.0000     0.0000     0.0000     0.0000     0.0000     0.0000     0.0000     0.0000     0.0000     0.0000     0.0000     0.0000     0.0000     0.0000     0.0000     0.0000     0.0000     0.0000     0.0000     0.0000     0.0000     0.0000     0.0000     0.0000     0.0000     0.0000     0.0000     0.0000     0.0000     0.0000     0.0000     0.0000     0.0000     0.0000     0.0000     0.0000     0.0000     0.0000     0.0000     0.0000     0.0000     0.0000     0.0000     0.0000     0.0000     0.0000     0.0000     0.0000     0.0000     0.0000     0.0000     0.0000     0.0000     0.0000     0.0000     0.0000     0.0000     0.0000     0.0000     0.0000     0.0000     0.0000     0.0000     0.0000     0.0000     0.0000     0.0000     0.0000     0.0000     0.0000     0.0000     0.0000     0.0000     0.0000     0.0000     0.0000     0.0000     0.0000     0.0000     0.0000     0.0000     0.0000     0.0000     0.0000     0.0000     0.0000     0.0000     0.0000     0.0000     0.0000     0.0000     0.0000     0.0000     0.0000     0.0000     0.0000     0.0000     0.0000     0.0000     0.0000     0.0000     0.0000     0.0000     0.0000     0.0000     0.0000     0.0000     0.0000     0.0000     0.0000     0.0000     0.0000     0.0000     0.0000     0.0000     0.0000     0.0000     0.0000     0.0000     0.0000     0.0000     0.0000     0.0000     0.0000     0.0000     0.0000     0.0000     0.0000     0.0000     0.0000     0.0000     0.0000     0.0000     0.0000     0.0000     0.0000     0.0000     0.0000     0.0000     0.0000     0.0000     0.0000     0.0000     0.0000     0.0000     0.0000     0.0000     0.0000     0.0000     0.0000     0.0000     0.0000     0.0000     0.0000     0.0000     0.0000     0.0000     0.0000     0.0000     0.0000     0.0000     0.0000     0.0000     0.0000     0.0000     0.0000     0.0000     0.0000     0.0000     0.0000     0.0000     0.0000     0.0000     0.0000     0.0000     0.0000     0.0000     0.0000     0.0000     0.0000     0.0000     0.0000     0.0000     0.0000     0.0000     0.0000     0.0000     0.0000     0.0000     0.0000     0.0000     0.0000     0.0000     0.0000     0.0000     0.0000
    0.0000     0.0000     0.0000     0.0000     0.0000     0.0000     0.0000     0.0000     0.0000     0.0000     0.0000     0.0000     0.0000     0.0000     0.0000     0.0000     0.0000     0.0000     0.0000     0.0000     0.0000     0.0000     0.0000     0.0000     0.0000     0.0000     0.0000     0.0000     0.0000     0.0000     0.0000     0.0000     0.0000     0.0000     0.0000     0.0000     0.0000     0.0000     0.0000     0.0000     0.0000     0.0000     0.0000     0.0000     0.0000     0.0000     0.0000     0.0000     0.0000     0.0000     0.0000     0.0000     0.0000     0.0000     0.0000     0.0000     0.0000     0.0000     0.0000     0.0000     0.0000     0.0000     0.0000     0.0000     0.0000     0.0000     0.0000     0.0000     0.0000     0.0000     0.0000     0.0000     0.0000     0.0000     0.0000     0.0000     0.0000     0.0000     0.0000     0.0000     0.0000     0.0000     0.0000     0.0000     0.0000     0.0000     0.0000     0.0000     0.0000     0.0000     0.0000     0.0000     0.0000     0.0000     0.0000     0.0000     0.0000     0.0000     0.0000     0.0000     0.0000     0.0000     0.0000     0.0000     0.0000     0.0000     0.0000     0.0000     0.0000     0.0000     0.0000     0.0000     0.0000     0.0000     0.0000     0.0000     0.0000     0.0000     0.0000     0.0000     0.0000     0.0000     0.0000     0.0000     0.0000     0.0000     0.0000     0.0000     0.0000     0.0000     0.0000     0.0000     0.0000     0.0000     0.0000     0.0000     0.0000     0.0000     0.0000     0.0000     0.0000     0.0000     0.0000     0.0000     0.0000     0.0000     0.0000     0.0000     0.0000     0.0000     0.0000     0.0000     0.0000     0.0000     0.0000     0.0000     0.0000     0.0000     0.0000     0.0000     0.0000     0.0000     0.0000     0.0000     0.0000     0.0000     0.0000     0.0000     0.0000     0.0000     0.0000     0.0000     0.0000     0.0000     0.0000     0.0000     0.0000     0.0000     0.0000     0.0000     0.0000     0.0000     0.0000     0.0000     0.0000     0.0000     0.0000     0.0000     0.0000     0.0000     0.0000     0.0000     0.0000     0.0000     0.0000     0.0000     0.0000     0.0000     0.0000     0.0000     0.0000     0.0000     0.0000     0.0000     0.0000     0.0000     0.0000     0.0000     0.0000     0.0000     0.0000     0.0000     0.0000     0.0000     0.0000     0.0000     0.0000     0.0000     0.0000     0.0000     0.0000     0.0000     0.0000     0.0000     0.0000     0.0000     0.0000     0.0000     0.0000     0.0000     0.0000     0.0000     0.0000     0.0000     0.0000     0.0000     0.0000     0.0000     0.0000     0.0000     0.0000     0.0000     0.0000     0.0000     0.0000     0.0000     0.0000     0.0000     0.0000     0.0000     0.0000     0.0000     0.0000     0.0000     0.0000     0.0000
    0.0000     0.0000     0.0000     0.0000     0.0000     0.0000     0.0000     0.0000     0.0000     0.0000     0.0000     0.0000     0.0000     0.0000     0.0000     0.0000     0.0000     0.0000     0.0000     0.0000     0.0000     0.0000     0.0000     0.0000     0.0000     0.0000     0.0000     0.0000     0.0000     0.0000     0.0000     0.0000     0.0000     0.0000     0.0000     0.0000     0.0000     0.0000     0.0000     0.0000     0.0000     0.0000     0.0000     0.0000     0.0000     0.0000     0.0000     0.0000     0.0000     0.0000     0.0000     0.0000     0.0000     0.0000     0.0000     0.0000     0.0000     0.0000     0.0000     0.0000     0.0000     0.0000     0.0000     0.0000     0.0000     0.0000     0.0000     0.0000     0.0000     0.0000     0.0000     0.0000     0.0000     0.0000     0.0000     0.0000     0.0000     0.0000     0.0000     0.0000     0.0000     0.0000     0.0000     0.0000     0.0000     0.0000     0.0000     0.0000     0.0000     0.0000     0.0000     0.0000     0.0000     0.0000     0.0000     0.0000     0.0000     0.0000     0.0000     0.0000     0.0000     0.0000     0.0000     0.0000     0.0000     0.0000     0.0000     0.0000     0.0000     0.0000     0.0000     0.0000     0.0000     0.0000     0.0000     0.0000     0.0000     0.0000     0.0000     0.0000     0.0000     0.0000     0.0000     0.0000     0.0000     0.0000     0.0000     0.0000     0.0000     0.0000     0.0000     0.0000     0.0000     0.0000     0.0000     0.0000     0.0000     0.0000     0.0000     0.0000     0.0000     0.0000     0.0000     0.0000     0.0000     0.0000     0.0000     0.0000     0.0000     0.0000     0.0000     0.0000     0.0000     0.0000     0.0000     0.0000     0.0000     0.0000     0.0000     0.0000     0.0000     0.0000     0.0000     0.0000     0.0000     0.0000     0.0000     0.0000     0.0000     0.0000     0.0000     0.0000     0.0000     0.0000     0.0000     0.0000     0.0000     0.0000     0.0000     0.0000     0.0000     0.0000     0.0000     0.0000     0.0000     0.0000     0.0000     0.0000     0.0000     0.0000     0.0000     0.0000     0.0000     0.0000     0.0000     0.0000     0.0000     0.0000     0.0000     0.0000     0.0000     0.0000     0.0000     0.0000     0.0000     0.0000     0.0000     0.0000     0.0000     0.0000     0.0000     0.0000     0.0000     0.0000     0.0000     0.0000     0.0000     0.0000     0.0000     0.0000     0.0000     0.0000     0.0000     0.0000     0.0000     0.0000     0.0000     0.0000     0.0000     0.0000     0.0000     0.0000     0.0000     0.0000     0.0000     0.0000     0.0000     0.0000     0.0000     0.0000     0.0000     0.0000     0.0000     0.0000     0.0000     0.0000     0.0000     0.0000     0.0000     0.0000     0.0000     0.0000     0.0000     0.0000     0.0000     0.0000
    0.0000     0.0000     0.0000     0.0000     0.0000     0.0000     0.0000     0.0000     0.0000     0.0000     0.0000     0.0000     0.0000     0.0000     0.0000     0.0000     0.0000     0.0000     0.0000     0.0000     0.0000     0.0000     0.0000     0.0000     0.0000     0.0000     0.0000     0.0000     0.0000     0.0000     0.0000     0.0000     0.0000     0.0000     0.0000     0.0000     0.0000     0.0000     0.0000     0.0000     0.0000     0.0000     0.0000     0.0000     0.0000     0.0000     0.0000     0.0000     0.0000     0.0000     0.0000     0.0000     0.0000     0.0000     0.0000     0.0000     0.0000     0.0000     0.0000     0.0000     0.0000     0.0000     0.0000     0.0000     0.0000     0.0000     0.0000     0.0000     0.0000     0.0000     0.0000     0.0000     0.0000     0.0000     0.0000     0.0000     0.0000     0.0000     0.0000     0.0000     0.0000     0.0000     0.0000     0.0000     0.0000     0.0000     0.0000     0.0000     0.0000     0.0000     0.0000     0.0000     0.0000     0.0000     0.0000     0.0000     0.0000     0.0000     0.0000     0.0000     0.0000     0.0000     0.0000     0.0000     0.0000     0.0000     0.0000     0.0000     0.0000     0.0000     0.0000     0.0000     0.0000     0.0000     0.0000     0.0000     0.0000     0.0000     0.0000     0.0000     0.0000     0.0000     0.0000     0.0000     0.0000     0.0000     0.0000     0.0000     0.0000     0.0000     0.0000     0.0000     0.0000     0.0000     0.0000     0.0000     0.0000     0.0000     0.0000     0.0000     0.0000     0.0000     0.0000     0.0000     0.0000     0.0000     0.0000     0.0000     0.0000     0.0000     0.0000     0.0000     0.0000     0.0000     0.0000     0.0000     0.0000     0.0000     0.0000     0.0000     0.0000     0.0000     0.0000     0.0000     0.0000     0.0000     0.0000     0.0000     0.0000     0.0000     0.0000     0.0000     0.0000     0.0000     0.0000     0.0000     0.0000     0.0000     0.0000     0.0000     0.0000     0.0000     0.0000     0.0000     0.0000     0.0000     0.0000     0.0000     0.0000     0.0000     0.0000     0.0000     0.0000     0.0000     0.0000     0.0000     0.0000     0.0000     0.0000     0.0000     0.0000     0.0000     0.0000     0.0000     0.0000     0.0000     0.0000     0.0000     0.0000     0.0000     0.0000     0.0000     0.0000     0.0000     0.0000     0.0000     0.0000     0.0000     0.0000     0.0000     0.0000     0.0000     0.0000     0.0000     0.0000     0.0000     0.0000     0.0000     0.0000     0.0000     0.0000     0.0000     0.0000     0.0000     0.0000     0.0000     0.0000     0.0000     0.0000     0.0000     0.0000     0.0000     0.0000     0.0000     0.0000     0.0000     0.0000     0.0000     0.0000     0.0000     0.0000     0.0000     0.0000     0.0000     0.0000     0.0000
{"varName":"tauSteadyFPTex","savedAt":"2026-05-18T12:17:10.980Z","value":{"__backupType":"texture2D","w":64,"h":54,"dim":4,"format":[6408,34836,5126],"unit":27,"program":12,"data":[2.6477952003479004,2.482785701751709,0,27.63592529296875,2.6477949619293213,2.896583318710327,0,27.63592529296875,2.63484525680542,4.137976169586182,0,27.63592529296875,2.5759551525115967,2.068988084793091,0,27.63592529296875,2.5083720684051514,2.482785701751709,0,27.63592529296875,2.433952808380127,2.206920623779297,0,27.63592529296875,2.354438543319702,2.620718240737915,0,27.63592529296875,2.271413803100586,2.068988084793091,0,27.63592529296875,2.186276912689209,2.068988084793091,0,27.63592529296875,2.100275754928589,2.620718240737915,0,27.63592529296875,2.014456033706665,2.206920623779297,0,27.63592529296875,1.9297223091125488,1.3793253898620605,0,27.63592529296875,1.8467973470687866,2.896583318710327,0,27.63592529296875,1.766249656677246,0.8275952339172363,0,27.63592529296875,1.6885349750518799,2.482785701751709,0,27.63592529296875,1.6139756441116333,2.344853162765503,0,27.63592529296875,1.5428098440170288,1.7931230068206787,0,27.63592529296875,1.4751745462417603,0.9655277729034424,0,27.63592529296875,1.4111469984054565,0.8275952339172363,0,27.63592529296875,1.3507314920425415,0.8275952339172363,0,27.63592529296875,1.2938870191574097,1.9310555458068848,0,27.63592529296875,1.2405378818511963,1.6551904678344727,0,27.63592529296875,1.190578818321228,0.9655277729034424,0,27.63592529296875,1.1438860893249512,0.8275952339172363,0,27.63592529296875,1.1003073453903198,1.5172579288482666,0,27.63592529296875,1.0596959590911865,1.1034603118896484,0,27.63592529296875,1.0218592882156372,0.9655277729034424,0,27.63592529296875,0.9866475462913513,0.8275952339172363,0,27.63592529296875,0.9538931250572205,0.6896626949310303,0,27.63592529296875,0.9233744144439697,1.5172579288482666,0,27.63592529296875,0.8949360251426697,0.9655277729034424,0,27.63592529296875,0.8683810234069824,1.2413928508758545,0,27.63592529296875,0.8435293436050415,0.8275952339172363,0,27.63592529296875,0.8201901316642761,0.8275952339172363,0,27.63592529296875,0.7981712222099304,1.3793253898620605,0,27.63592529296875,0.7772812247276306,0.5517301559448242,0,27.63592529296875,0.757320761680603,0.5517301559448242,0,27.63592529296875,0.7380859851837158,0.5517301559448242,0,27.63592529296875,0.7193763852119446,0.6896626949310303,0,27.63592529296875,0.7009674906730652,0.41379761695861816,0,27.63592529296875,0.6826435923576355,1.1034603118896484,0,27.63592529296875,0.6641786694526672,0.13793253898620605,0,27.63592529296875,0.6453440189361572,0.41379761695861816,0,27.63592529296875,0.6259063482284546,0.2758650779724121,0,27.63592529296875,0.6056356430053711,0.41379761695861816,0,27.63592529296875,0.5843026638031006,0.13793253898620605,0,27.63592529296875,0.561690092086792,0.5517301559448242,0,27.63592529296875,0.5375871658325195,0.13793253898620605,0,27.63592529296875,0.5118180513381958,0.2758650779724121,0,27.63592529296875,0.4842298924922943,0.41379761695861816,0,27.63592529296875,0.4547092616558075,0.2758650779724121,0,27.63592529296875,0.4232003688812256,0.2758650779724121,0,27.63592529296875,0.38968175649642944,0,0,27.63592529296875,0.3542531430721283,0.13793253898620605,0,27.63592529296875,0.3170334994792938,0,0,27.63592529296875,0.2782573103904724,0.13793253898620605,0,27.63592529296875,0.23824632167816162,0,0,27.63592529296875,0.19740691781044006,0,0,27.63592529296875,0.1562274843454361,0.13793253898620605,0,27.63592529296875,0.11526902765035629,0,0,27.63592529296875,0.07514597475528717,0.13793253898620605,0,27.63592529296875,0.03650575503706932,0,0,27.63592529296875,4.504675521488366e-10,0,0,27.63592529296875,2.634845249968598e-12,0.2758650779724121,0,27.63592529296875,0.666714072227478,2.590935468673706,0,28.685056686401367,0.6696365475654602,1.813654899597168,0,28.685056686401367,0.688435971736908,2.8500289916992188,0,28.685056686401367,0.6422999501228333,2.2022953033447266,0,28.685056686401367,0.6062847375869751,1.9432016611099243,0,28.685056686401367,0.5785087943077087,2.3318419456481934,0,28.685056686401367,0.5576204061508179,2.0727484226226807,0,28.685056686401367,0.5426572561264038,2.590935468673706,0,28.685056686401367,0.5329486131668091,2.2022953033447266,0,28.685056686401367,0.528048038482666,2.2022953033447266,0,28.685056686401367,0.5276880860328674,2.590935468673706,0,28.685056686401367,0.5317463874816895,1.9432016611099243,0,28.685056686401367,0.540221095085144,2.0727484226226807,0,28.685056686401367,0.5532105565071106,2.4613888263702393,0,28.685056686401367,0.5708975195884705,2.2022953033447266,0,28.685056686401367,0.5935320258140564,1.9432016611099243,0,28.685056686401367,0.6214135885238647,1.9432016611099243,0,28.685056686401367,0.6548702716827393,2.0727484226226807,0,28.685056686401367,0.6942344903945923,1.1659209728240967,0,28.685056686401367,0.7398125529289246,1.5545613765716553,0,28.685056686401367,0.7918517589569092,1.295467734336853,0,28.685056686401367,0.8505006432533264,1.0363742113113403,0,28.685056686401367,0.9157654643058777,1.1659209728240967,0,28.685056686401367,0.9874680042266846,1.1659209728240967,0,28.685056686401367,1.0652018785476685,0.906827449798584,0,28.685056686401367,1.1482956409454346,0.906827449798584,0,28.685056686401367,1.2357858419418335,1.4250144958496094,0,28.685056686401367,1.326400876045227,0.906827449798584,0,28.685056686401367,1.418567180633545,1.1659209728240967,0,28.685056686401367,1.5104320049285889,1.0363742113113403,0,28.685056686401367,1.5999138355255127,1.295467734336853,0,28.685056686401367,1.6847649812698364,0.6477338671684265,0,28.685056686401367,1.7626696825027466,1.0363742113113403,0,28.685056686401367,1.8313435316085815,0.906827449798584,0,28.685056686401367,1.8886412382125854,0.5181871056556702,0,28.685056686401367,1.9326746463775635,0.906827449798584,0,28.685056686401367,1.9619132280349731,0.2590935528278351,0,28.685056686401367,1.9752639532089233,0.5181871056556702,0,28.685056686401367,1.9721412658691406,0.3886403441429138,0,28.685056686401367,1.9524704217910767,0.12954677641391754,0,28.685056686401367,1.9167124032974243,0.2590935528278351,0,28.685056686401367,1.865802526473999,0.2590935528278351,0,28.685056686401367,1.8011068105697632,0.12954677641391754,0,28.685056686401367,1.7242945432662964,0.2590935528278351,0,28.685056686401367,1.637415885925293,0.2590935528278351,0,28.685056686401367,1.5424681901931763,0,0,28.685056686401367,1.441598892211914,0.3886403441429138,0,28.685056686401367,1.336857795715332,0.12954677641391754,0,28.685056686401367,1.2301539182662964,0.12954677641391754,0,28.685056686401367,1.1232050657272339,0,0,28.685056686401367,1.017474889755249,0,0,28.685056686401367,0.9141480922698975,0,0,28.685056686401367,0.8141201734542847,0.2590935528278351,0,28.685056686401367,0.7180029153823853,0,0,28.685056686401367,0.6261308789253235,0.2590935528278351,0,28.685056686401367,0.5385671854019165,0,0,28.685056686401367,0.455131858587265,0.12954677641391754,0,28.685056686401367,0.3754168748855591,0,0,28.685056686401367,0.2987489402294159,0,0,28.685056686401367,0.22423425316810608,0.12954677641391754,0,28.685056686401367,0.15069153904914856,0,0,28.685056686401367,0.07660163938999176,0,0,28.685056686401367,6.88435961883338e-13,0.12954677641391754,0,28.685056686401367,6.88435961883338e-13,0.2590935528278351,0,28.685056686401367,3.055384874343872,2.175508737564087,0,27.63102149963379,3.055432081222534,3.0713062286376953,0,27.63102149963379,3.0241031646728516,2.0475375652313232,0,27.63102149963379,2.9756603240966797,1.6636242866516113,0,27.63102149963379,2.9119699001312256,2.431450843811035,0,27.63102149963379,2.835092067718506,2.431450843811035,0,27.63102149963379,2.74713134765625,2.6873929500579834,0,27.63102149963379,2.6501636505126953,1.4076820611953735,0,27.63102149963379,2.546196937561035,1.5356531143188477,0,27.63102149963379,2.4371213912963867,2.815364122390747,0,27.63102149963379,2.324679374694824,1.7915953397750854,0,27.63102149963379,2.210453510284424,2.6873929500579834,0,27.63102149963379,2.095829963684082,1.7915953397750854,0,27.63102149963379,1.9820135831832886,1.5356531143188477,0,27.63102149963379,1.8700307607650757,1.9195665121078491,0,27.63102149963379,1.7607277631759644,1.4076820611953735,0,27.63102149963379,1.6547839641571045,1.6636242866516113,0,27.63102149963379,1.5527241230010986,1.5356531143188477,0,27.63102149963379,1.4549425840377808,1.2797110080718994,0,27.63102149963379,1.3617032766342163,1.7915953397750854,0,27.63102149963379,1.273172378540039,1.1517398357391357,0,27.63102149963379,1.189427375793457,1.0237687826156616,0,27.63102149963379,1.1104631423950195,1.9195665121078491,0,27.63102149963379,1.0362190008163452,1.7915953397750854,0,27.63102149963379,0.966585636138916,2.0475375652313232,0,27.63102149963379,0.90141361951828,1.0237687826156616,0,27.63102149963379,0.8405246734619141,1.2797110080718994,0,27.63102149963379,0.783720076084137,0.5118843913078308,0,27.63102149963379,0.7307884693145752,1.0237687826156616,0,27.63102149963379,0.6815114617347717,1.7915953397750854,0,27.63102149963379,0.6356652975082397,0.3839132785797119,0,27.63102149963379,0.5930256247520447,0.3839132785797119,0,27.63102149963379,0.5533751249313354,0.8957976698875427,0,27.63102149963379,0.5164991021156311,0.3839132785797119,0,27.63102149963379,0.482192724943161,0.7678265571594238,0,27.63102149963379,0.4502580165863037,0.8957976698875427,0,27.63102149963379,0.42050686478614807,0.3839132785797119,0,27.63102149963379,0.3927605152130127,0.6398555040359497,0,27.63102149963379,0.3668498694896698,0.3839132785797119,0,27.63102149963379,0.34261730313301086,0.6398555040359497,0,27.63102149963379,0.31991341710090637,0,0,27.63102149963379,0.29859763383865356,0.3839132785797119,0,27.63102149963379,0.2785401940345764,0.5118843913078308,0,27.63102149963379,0.25961777567863464,0.1279710978269577,0,27.63102149963379,0.24171562492847443,0.3839132785797119,0,27.63102149963379,0.2247290164232254,0.3839132785797119,0,27.63102149963379,0.2085563987493515,0.2559421956539154,0,27.63102149963379,0.19310303032398224,0,0,27.63102149963379,0.1782829910516739,0,0,27.63102149963379,0.16401344537734985,0.3839132785797119,0,27.63102149963379,0.15021678805351257,0,0,27.63102149963379,0.13682329654693604,0.1279710978269577,0,27.63102149963379,0.12376713007688522,0.2559421956539154,0,27.63102149963379,0.11097992956638336,0,0,27.63102149963379,0.09840687364339828,0.1279710978269577,0,27.63102149963379,0.08598966151475906,0.1279710978269577,0,27.63102149963379,0.07368841767311096,0,0,27.63102149963379,0.06145332008600235,0.2559421956539154,0,27.63102149963379,0.04924207553267479,0,0,27.63102149963379,0.037019409239292145,0,0,27.63102149963379,0.024754345417022705,0,0,27.63102149963379,0.01242089457809925,0,0,27.63102149963379,3.055431992485258e-12,0.1279710978269577,0,27.63102149963379,3.055431992485258e-12,0.1279710978269577,0,27.63102149963379,0.9922698736190796,2.660472869873047,0,28.117534637451172,0.9941478967666626,1.9214526414871216,0,28.117534637451172,1.006682276725769,3.1038851737976074,0,28.117534637451172,1.0292664766311646,2.3648648262023926,0,28.117534637451172,1.0615917444229126,3.2516891956329346,0,28.117534637451172,1.1035631895065308,3.547297239303589,0,28.117534637451172,1.0954378843307495,2.2170608043670654,0,28.117534637451172,1.0938396453857422,1.9214526414871216,0,28.117534637451172,1.0982033014297485,1.3302364349365234,0,28.117534637451172,1.1080563068389893,2.3648648262023926,0,28.117534637451172,1.123003602027893,2.3648648262023926,0,28.117534637451172,1.1426892280578613,1.9214526414871216,0,28.117534637451172,1.1667810678482056,1.6258445978164673,0,28.117534637451172,1.1949493885040283,1.6258445978164673,0,28.117534637451172,1.226853847503662,3.1038851737976074,0,28.117534637451172,1.2621244192123413,1.6258445978164673,0,28.117534637451172,1.3003532886505127,2.2170608043670654,0,28.117534637451172,1.341078758239746,3.2516891956329346,0,28.117534637451172,1.3837882280349731,1.0346283912658691,0,28.117534637451172,1.427903413772583,1.1824324131011963,0,28.117534637451172,1.4727847576141357,1.9214526414871216,0,28.117534637451172,1.5177299976348877,1.7736486196517944,0,28.117534637451172,1.5619852542877197,1.1824324131011963,0,28.117534637451172,1.6047438383102417,1.0346283912658691,0,28.117534637451172,1.6451759338378906,1.1824324131011963,0,28.117534637451172,1.6824312210083008,2.2170608043670654,0,28.117534637451172,1.7156652212142944,2.0692567825317383,0,28.117534637451172,1.744057297706604,0.7390202283859253,0,28.117534637451172,1.7668415307998657,0.5912162065505981,0,28.117534637451172,1.7833222150802612,0.8868243098258972,0,28.117534637451172,1.7929017543792725,0.8868243098258972,0,28.117534637451172,1.7950942516326904,1.6258445978164673,0,28.117534637451172,1.7895545959472656,1.4780404567718506,0,28.117534637451172,1.7760775089263916,1.1824324131011963,0,28.117534637451172,1.754610538482666,0.4434121549129486,0,28.117534637451172,1.725264072418213,1.1824324131011963,0,28.117534637451172,1.6883021593093872,0.5912162065505981,0,28.117534637451172,1.644124150276184,0.4434121549129486,0,28.117534637451172,1.5932401418685913,0.14780405163764954,0,28.117534637451172,1.5362213850021362,0.4434121549129486,0,28.117534637451172,1.4740251302719116,0.4434121549129486,0,28.117534637451172,1.4072660207748413,0.5912162065505981,0,28.117534637451172,1.3368232250213623,0.14780405163764954,0,28.117534637451172,1.263529658317566,0.14780405163764954,0,28.117534637451172,1.188205361366272,0.4434121549129486,0,28.117534637451172,1.1116528511047363,0.7390202283859253,0,28.117534637451172,1.0346097946166992,0.2956081032752991,0,28.117534637451172,0.9577511548995972,0.14780405163764954,0,28.117534637451172,0.8816631436347961,0.14780405163764954,0,28.117534637451172,0.8068493604660034,0.4434121549129486,0,28.117534637451172,0.7337154746055603,0.4434121549129486,0,28.117534637451172,0.6625648140907288,0.2956081032752991,0,28.117534637451172,0.5936028361320496,0.2956081032752991,0,28.117534637451172,0.5269349813461304,0.14780405163764954,0,28.117534637451172,0.4625714123249054,0,0,28.117534637451172,0.40042752027511597,0.14780405163764954,0,28.117534637451172,0.3403288722038269,0.14780405163764954,0,28.117534637451172,0.282030314207077,0.14780405163764954,0,28.117534637451172,0.22510740160942078,0.14780405163764954,0,28.117534637451172,0.1691116988658905,0,0,28.117534637451172,0.11344904452562332,0,0,28.117534637451172,0.0573824942111969,0,0,28.117534637451172,1.103563204360447e-12,0.14780405163764954,0,28.117534637451172,1.103563204360447e-12,0.14780405163764954,0,28.117534637451172,1.780922770500183,2.523028612136841,0,27.653303146362305,1.7769745588302612,2.523028612136841,0,27.653303146362305,1.7685903310775757,2.752394914627075,0,27.653303146362305,1.756583333015442,2.1789793968200684,0,27.653303146362305,1.741678237915039,3.5551767349243164,0,27.653303146362305,1.6947039365768433,1.7202467918395996,0,27.653303146362305,1.646531581878662,2.523028612136841,0,27.653303146362305,1.5978213548660278,2.637711763381958,0,27.653303146362305,1.5491129159927368,2.2936625480651855,0,27.653303146362305,1.5008741617202759,1.3761974573135376,0,27.653303146362305,1.453503966331482,2.637711763381958,0,27.653303146362305,1.4073371887207031,1.6055636405944824,0,27.653303146362305,1.3626089096069336,1.6055636405944824,0,27.653303146362305,1.31952702999115,1.4908806085586548,0,27.653303146362305,1.2782609462738037,1.2615143060684204,0,27.653303146362305,1.2388944625854492,1.8349299430847168,0,27.653303146362305,1.2015092372894287,1.7202467918395996,0,27.653303146362305,1.1661624908447266,1.1468312740325928,0,27.653303146362305,1.1328073740005493,1.2615143060684204,0,27.653303146362305,1.101474404335022,1.3761974573135376,0,27.653303146362305,1.072126865386963,1.3761974573135376,0,27.653303146362305,1.0446964502334595,1.8349299430847168,0,27.653303146362305,1.0191322565078735,1.0321481227874756,0,27.653303146362305,0.9953543543815613,0.8027818202972412,0,27.653303146362305,0.9732773900032043,1.2615143060684204,0,27.653303146362305,0.952790379524231,1.1468312740325928,0,27.653303146362305,0.9337862133979797,0.6880987286567688,0,27.653303146362305,0.9161611199378967,0.5734156370162964,0,27.653303146362305,0.8997770547866821,0.5734156370162964,0,27.653303146362305,0.8845064043998718,0.8027818202972412,0,27.653303146362305,0.870212733745575,0.8027818202972412,0,27.653303146362305,0.8567346930503845,0.6880987286567688,0,27.653303146362305,0.8439119458198547,0.5734156370162964,0,27.653303146362305,0.8315756916999817,0.6880987286567688,0,27.653303146362305,0.8195364475250244,0.3440493643283844,0,27.653303146362305,0.8075951933860779,0.2293662428855896,0,27.653303146362305,0.7955434918403625,0.2293662428855896,0,27.653303146362305,0.783158540725708,0.2293662428855896,0,27.653303146362305,0.7702105641365051,0.2293662428855896,0,27.653303146362305,0.7564544081687927,0,0,27.653303146362305,0.7416461706161499,0.3440493643283844,0,27.653303146362305,0.7255327701568604,0.3440493643283844,0,27.653303146362305,0.7078704833984375,0,0,27.653303146362305,0.6884245276451111,0.2293662428855896,0,27.653303146362305,0.6669663786888123,0.1146831214427948,0,27.653303146362305,0.6433022022247314,0,0,27.653303146362305,0.6172683238983154,0,0,27.653303146362305,0.5887407660484314,0,0,27.653303146362305,0.5576667189598083,0.1146831214427948,0,27.653303146362305,0.524005651473999,0.1146831214427948,0,27.653303146362305,0.48786601424217224,0,0,27.653303146362305,0.44940632581710815,0.2293662428855896,0,27.653303146362305,0.4088723957538605,0,0,27.653303146362305,0.36661210656166077,0,0,27.653303146362305,0.3230588734149933,0,0,27.653303146362305,0.27873313426971436,0,0,27.653303146362305,0.23422576487064362,0,0,27.653303146362305,0.19018147885799408,0,0,27.653303146362305,0.14727571606636047,0.1146831214427948,0,27.653303146362305,0.10618659108877182,0,0,27.653303146362305,0.06756503880023956,0,0,27.653303146362305,0.03200220316648483,0,0,27.653303146362305,2.4326312075828582e-9,0,0,27.653303146362305,1.7416781992324326e-12,0.2293662428855896,0,27.653303146362305,1.3740193843841553,2.4389665126800537,0,27.63102149963379,1.3715986013412476,2.6606907844543457,0,27.63102149963379,1.3713053464889526,1.6629316806793213,0,27.63102149963379,1.37289297580719,1.4412075281143188,0,27.63102149963379,1.3762435913085938,2.54982852935791,0,27.63102149963379,1.3812533617019653,3.436725616455078,0,27.63102149963379,1.3634016513824463,1.5520695447921753,0,27.63102149963379,1.3468616008758545,2.4389665126800537,0,27.63102149963379,1.3314746618270874,1.7737938165664673,0,27.63102149963379,1.3170701265335083,2.3281044960021973,0,27.63102149963379,1.30350661277771,2.2172422409057617,0,27.63102149963379,1.2906635999679565,1.7737938165664673,0,27.63102149963379,1.278388261795044,2.4389665126800537,0,27.63102149963379,1.266573190689087,1.5520695447921753,0,27.63102149963379,1.2550960779190063,1.9955180883407593,0,27.63102149963379,1.2438100576400757,1.5520695447921753,0,27.63102149963379,1.2326160669326782,1.6629316806793213,0,27.63102149963379,1.2214114665985107,1.7737938165664673,0,27.63102149963379,1.210059404373169,1.3303453922271729,0,27.63102149963379,1.1984769105911255,1.2194832563400269,0,27.63102149963379,1.1865358352661133,1.3303453922271729,0,27.63102149963379,1.174144983291626,0.9977590441703796,0,27.63102149963379,1.1612052917480469,1.2194832563400269,0,27.63102149963379,1.1476120948791504,1.1086211204528809,0,27.63102149963379,1.1332703828811646,0.5543105602264404,0,27.63102149963379,1.1181144714355469,0.7760347723960876,0,27.63102149963379,1.1020418405532837,0.4434484541416168,0,27.63102149963379,1.0849865674972534,0.4434484541416168,0,27.63102149963379,1.0668752193450928,1.1086211204528809,0,27.63102149963379,1.0476478338241577,1.1086211204528809,0,27.63102149963379,1.0272536277770996,0.5543105602264404,0,27.63102149963379,1.0056426525115967,0.6651726961135864,0,27.63102149963379,0.9827601909637451,0.2217242270708084,0,27.63102149963379,0.9585962891578674,0.3325863480567932,0,27.63102149963379,0.9331693053245544,0.6651726961135864,0,27.63102149963379,0.9064890146255493,0.1108621135354042,0,27.63102149963379,0.8785362243652344,0.2217242270708084,0,27.63102149963379,0.8493335247039795,0.2217242270708084,0,27.63102149963379,0.8189089298248291,0.2217242270708084,0,27.63102149963379,0.7873163223266602,0.2217242270708084,0,27.63102149963379,0.7546235918998718,0.2217242270708084,0,27.63102149963379,0.720909059047699,0.1108621135354042,0,27.63102149963379,0.6862602233886719,0.1108621135354042,0,27.63102149963379,0.6507739424705505,0,0,27.63102149963379,0.6145616769790649,0.2217242270708084,0,27.63102149963379,0.5777427554130554,0.2217242270708084,0,27.63102149963379,0.5404481887817383,0.1108621135354042,0,27.63102149963379,0.5028213262557983,0.1108621135354042,0,27.63102149963379,0.46500784158706665,0.1108621135354042,0,27.63102149963379,0.4271603226661682,0,0,27.63102149963379,0.3894330561161041,0,0,27.63102149963379,0.35198402404785156,0,0,27.63102149963379,0.3149711787700653,0.1108621135354042,0,27.63102149963379,0.2785509526729584,0.1108621135354042,0,27.63102149963379,0.2428746521472931,0,0,27.63102149963379,0.20808976888656616,0,0,27.63102149963379,0.17433616518974304,0,0,27.63102149963379,0.14174455404281616,0,0,27.63102149963379,0.11043571680784225,0,0,27.63102149963379,0.08051816374063492,0,0,27.63102149963379,0.05208773910999298,0.1108621135354042,0,27.63102149963379,0.025226004421710968,0,0,27.63102149963379,1.3812534015861244e-12,0,0,27.63102149963379,1.3812534015861244e-12,0.2217242270708084,0,27.63102149963379,2.6894495487213135,2.482785701751709,0,27.638891220092773,2.685295581817627,2.896583318710327,0,27.638891220092773,2.6683661937713623,4.137976169586182,0,27.638891220092773,2.606478691101074,2.068988084793091,0,27.638891220092773,2.535898208618164,2.482785701751709,0,27.638891220092773,2.458556890487671,2.206920623779297,0,27.638891220092773,2.3762099742889404,2.620718240737915,0,27.638891220092773,2.2904717922210693,2.068988084793091,0,27.638891220092773,2.2027673721313477,2.068988084793091,0,27.638891220092773,2.1143622398376465,2.620718240737915,0,27.638891220092773,2.0263147354125977,2.206920623779297,0,27.638891220092773,1.9395216703414917,1.3793253898620605,0,27.638891220092773,1.8547040224075317,2.896583318710327,0,27.638891220092773,1.77243173122406,0.8275952339172363,0,27.638891220092773,1.6931495666503906,2.482785701751709,0,27.638891220092773,1.6171764135360718,2.344853162765503,0,27.638891220092773,1.5447300672531128,1.7931230068206787,0,27.638891220092773,1.4759461879730225,0.9655277729034424,0,27.638891220092773,1.4108846187591553,0.8275952339172363,0,27.638891220092773,1.3495457172393799,0.8275952339172363,0,27.638891220092773,1.2918763160705566,1.9310555458068848,0,27.638891220092773,1.2377839088439941,1.6551904678344727,0,27.638891220092773,1.1871672868728638,0.9655277729034424,0,27.638891220092773,1.1398817300796509,0.8275952339172363,0,27.638891220092773,1.0957647562026978,1.5172579288482666,0,27.638891220092773,1.0546742677688599,1.1034603118896484,0,27.638891220092773,1.0164101123809814,0.9655277729034424,0,27.638891220092773,0.9808164834976196,0.8275952339172363,0,27.638891220092773,0.9476497173309326,0.6896626949310303,0,27.638891220092773,0.9167874455451965,1.5172579288482666,0,27.638891220092773,0.888039767742157,0.9655277729034424,0,27.638891220092773,0.8611845970153809,1.2413928508758545,0,27.638891220092773,0.8360618948936462,0.8275952339172363,0,27.638891220092773,0.8124611377716064,0.8275952339172363,0,27.638891220092773,0.7901980876922607,1.3793253898620605,0,27.638891220092773,0.7690746188163757,0.5517301559448242,0,27.638891220092773,0.7488901615142822,0.5517301559448242,0,27.638891220092773,0.7294414639472961,0.5517301559448242,0,27.638891220092773,0.7105259299278259,0.6896626949310303,0,27.638891220092773,0.6919283270835876,0.41379761695861816,0,27.638891220092773,0.6734316945075989,1.1034603118896484,0,27.638891220092773,0.6548129320144653,0.13793253898620605,0,27.638891220092773,0.6358456015586853,0.41379761695861816,0,27.638891220092773,0.6163021922111511,0.2758650779724121,0,27.638891220092773,0.595954954624176,0.41379761695861816,0,27.638891220092773,0.5745802521705627,0.13793253898620605,0,27.638891220092773,0.5519685745239258,0.5517301559448242,0,27.638891220092773,0.527920663356781,0.13793253898620605,0,27.638891220092773,0.5022643208503723,0.2758650779724121,0,27.638891220092773,0.4748534858226776,0.41379761695861816,0,27.638891220092773,0.445583313703537,0.2758650779724121,0,27.638891220092773,0.4144000709056854,0.2758650779724121,0,27.638891220092773,0.38131484389305115,0,0,27.638891220092773,0.34638240933418274,0.13793253898620605,0,27.638891220092773,0.30975428223609924,0,0,27.638891220092773,0.271663099527359,0.13793253898620605,0,27.638891220092773,0.23242568969726562,0,0,27.638891220092773,0.1924382448196411,0,0,27.638891220092773,0.15218056738376617,0.13793253898620605,0,27.638891220092773,0.1121990829706192,0,0,27.638891220092773,0.0730905532836914,0.13793253898620605,0,27.638891220092773,0.035481296479701996,0,0,27.638891220092773,6.816670145015635e-11,0,0,27.638891220092773,2.668366179056636e-12,0.2758650779724121,0,27.638891220092773,0.6654224991798401,2.590935468673706,0,28.691970825195312,0.667381763458252,1.813654899597168,0,28.691970825195312,0.6851383447647095,2.8500289916992188,0,28.691970825195312,0.6391791105270386,2.2022953033447266,0,28.691970825195312,0.6033508777618408,1.9432016611099243,0,28.691970825195312,0.5757712125778198,2.3318419456481934,0,28.691970825195312,0.5550891160964966,2.0727484226226807,0,28.691970825195312,0.5403448939323425,2.590935468673706,0,28.691970825195312,0.5308712124824524,2.2022953033447266,0,28.691970825195312,0.526226818561554,2.2022953033447266,0,28.691970825195312,0.5261481404304504,2.590935468673706,0,28.691970825195312,0.5305179357528687,1.9432016611099243,0,28.691970825195312,0.5393389463424683,2.0727484226226807,0,28.691970825195312,0.552715003490448,2.4613888263702393,0,28.691970825195312,0.5708341598510742,2.2022953033447266,0,28.691970825195312,0.5939503908157349,1.9432016611099243,0,28.691970825195312,0.6223658919334412,1.9432016611099243,0,28.691970825195312,0.656411349773407,2.0727484226226807,0,28.691970825195312,0.6964184045791626,1.1659209728240967,0,28.691970825195312,0.7426908016204834,1.5545613765716553,0,28.691970825195312,0.795470118522644,1.295467734336853,0,28.691970825195312,0.8548941612243652,1.0363742113113403,0,28.691970825195312,0.9209563732147217,1.1659209728240967,0,28.691970825195312,0.9934599995613098,1.1659209728240967,0,28.691970825195312,1.071976900100708,0.906827449798584,0,28.691970825195312,1.1558105945587158,0.906827449798584,0,28.691970825195312,1.2439672946929932,1.4250144958496094,0,28.691970825195312,1.3351444005966187,0.906827449798584,0,28.691970825195312,1.4277386665344238,1.1659209728240967,0,28.691970825195312,1.5198678970336914,1.0363742113113403,0,28.691970825195312,1.6094250679016113,1.295467734336853,0,28.691970825195312,1.694143295288086,0.6477338671684265,0,28.691970825195312,1.7716940641403198,1.0363742113113403,0,28.691970825195312,1.8397860527038574,0.906827449798584,0,28.691970825195312,1.8962857723236084,0.5181871056556702,0,28.691970825195312,1.939321756362915,0.906827449798584,0,28.691970825195312,1.9673950672149658,0.2590935528278351,0,28.691970825195312,1.979441523551941,0.5181871056556702,0,28.691970825195312,1.9749101400375366,0.3886403441429138,0,28.691970825195312,1.9537781476974487,0.12954677641391754,0,28.691970825195312,1.91654634475708,0.2590935528278351,0,28.691970825195312,1.864202618598938,0.2590935528278351,0,28.691970825195312,1.7981823682785034,0.12954677641391754,0,28.691970825195312,1.7203656435012817,0.2590935528278351,0,28.691970825195312,1.6323611736297607,0.2590935528278351,0,28.691970825195312,1.536489486694336,0,0,28.691970825195312,1.434882640838623,0.3886403441429138,0,28.691970825195312,1.329579472541809,0.12954677641391754,0,28.691970825195312,1.2224940061569214,0.12954677641391754,0,28.691970825195312,1.1153429746627808,0,0,28.691970825195312,1.0095723867416382,0,0,28.691970825195312,0.9063587784767151,0,0,28.691970825195312,0.8065770268440247,0.2590935528278351,0,28.691970825195312,0.71082603931427,0,0,28.691970825195312,0.6194225549697876,0.2590935528278351,0,28.691970825195312,0.5324196219444275,0,0,28.691970825195312,0.44961968064308167,0.12954677641391754,0,28.691970825195312,0.3706025183200836,0,0,28.691970825195312,0.29470929503440857,0,0,28.691970825195312,0.2210475206375122,0.12954677641391754,0,28.691970825195312,0.14844666421413422,0,0,28.691970825195312,0.07540788501501083,0,0,28.691970825195312,2.0080780094300366e-10,0.12954677641391754,0,28.691970825195312,6.851383609757233e-13,0.2590935528278351,0,28.691970825195312,3.1012465953826904,2.175508737564087,0,27.632213592529297,3.097551107406616,3.0713062286376953,0,27.632213592529297,3.0625534057617188,2.0475375652313232,0,27.632213592529297,3.0102570056915283,1.6636242866516113,0,27.632213592529297,2.9426815509796143,2.431450843811035,0,27.632213592529297,2.861935615539551,2.431450843811035,0,27.632213592529297,2.7701914310455322,2.6873929500579834,0,27.632213592529297,2.6695635318756104,1.4076820611953735,0,27.632213592529297,2.562120199203491,1.5356531143188477,0,27.632213592529297,2.4497756958007812,2.815364122390747,0,27.632213592529297,2.334294319152832,1.7915953397750854,0,27.632213592529297,2.217271089553833,2.6873929500579834,0,27.632213592529297,2.100104808807373,1.7915953397750854,0,27.632213592529297,1.984006643295288,1.5356531143188477,0,27.632213592529297,1.8699872493743896,1.9195665121078491,0,27.632213592529297,1.758894681930542,1.4076820611953735,0,27.632213592529297,1.6513912677764893,1.6636242866516113,0,27.632213592529297,1.5479907989501953,1.5356531143188477,0,27.632213592529297,1.4490689039230347,1.2797110080718994,0,27.632213592529297,1.3548768758773804,1.7915953397750854,0,27.632213592529297,1.2655608654022217,1.1517398357391357,0,27.632213592529297,1.1811796426773071,1.0237687826156616,0,27.632213592529297,1.101717233657837,1.9195665121078491,0,27.632213592529297,1.0270965099334717,1.7915953397750854,0,27.632213592529297,0.9571921825408936,2.0475375652313232,0,27.632213592529297,0.8918394446372986,1.0237687826156616,0,27.632213592529297,0.8308489918708801,1.2797110080718994,0,27.632213592529297,0.7740126848220825,0.5118843913078308,0,27.632213592529297,0.7211081981658936,1.0237687826156616,0,27.632213592529297,0.6719055771827698,1.7915953397750854,0,27.632213592529297,0.6261746287345886,0.3839132785797119,0,27.632213592529297,0.5836860537528992,0.3839132785797119,0,27.632213592529297,0.5442147254943848,0.8957976698875427,0,27.632213592529297,0.5075404047966003,0.3839132785797119,0,27.632213592529297,0.4734545052051544,0.7678265571594238,0,27.632213592529297,0.44175463914871216,0.8957976698875427,0,27.632213592529297,0.41224995255470276,0.3839132785797119,0,27.632213592529297,0.3847581148147583,0.6398555040359497,0,27.632213592529297,0.3591100573539734,0.3839132785797119,0,27.632213592529297,0.33514463901519775,0.6398555040359497,0,27.632213592529297,0.31271034479141235,0,0,27.632213592529297,0.29166871309280396,0.3839132785797119,0,27.632213592529297,0.2718869745731354,0.5118843913078308,0,27.632213592529297,0.25324195623397827,0.1279710978269577,0,27.632213592529297,0.23562024533748627,0.3839132785797119,0,27.632213592529297,0.21891485154628754,0.3839132785797119,0,27.632213592529297,0.20302462577819824,0.2559421956539154,0,27.632213592529297,0.18785706162452698,0,0,27.632213592529297,0.1733250766992569,0,0,27.632213592529297,0.1593485027551651,0.3839132785797119,0,27.632213592529297,0.14585049450397491,0,0,27.632213592529297,0.1327623873949051,0.1279710978269577,0,27.632213592529297,0.12001620978116989,0.2559421956539154,0,27.632213592529297,0.10754883289337158,0,0,27.632213592529297,0.0953075960278511,0.1279710978269577,0,27.632213592529297,0.08323181420564651,0.1279710978269577,0,27.632213592529297,0.0712805688381195,0,0,27.632213592529297,0.05940708890557289,0.2559421956539154,0,27.632213592529297,0.04757314547896385,0,0,27.632213592529297,0.03574223443865776,0,0,27.632213592529297,0.023884763941168785,0,0,27.632213592529297,0.01197690237313509,0,0,27.632213592529297,3.097551078481975e-12,0.1279710978269577,0,27.632213592529297,3.097551078481975e-12,0.1279710978269577,0,27.632213592529297,1.0056219100952148,2.660472869873047,0,28.111547470092773,1.0059856176376343,1.9214526414871216,0,28.111547470092773,1.0172169208526611,3.1038851737976074,0,28.111547470092773,1.0385507345199585,2.3648648262023926,0,28.111547470092773,1.06964111328125,3.2516891956329346,0,28.111547470092773,1.110341191291809,3.547297239303589,0,28.111547470092773,1.1022735834121704,2.2170608043670654,0,28.111547470092773,1.1007872819900513,1.9214526414871216,0,28.111547470092773,1.105303168296814,1.3302364349365234,0,28.111547470092773,1.1153448820114136,2.3648648262023926,0,28.111547470092773,1.1305010318756104,2.3648648262023926,0,28.111547470092773,1.1504096984863281,1.9214526414871216,0,28.111547470092773,1.1747279167175293,1.6258445978164673,0,28.111547470092773,1.2031183242797852,1.6258445978164673,0,28.111547470092773,1.2352254390716553,3.1038851737976074,0,28.111547470092773,1.2706716060638428,1.6258445978164673,0,28.111547470092773,1.3090355396270752,2.2170608043670654,0,28.111547470092773,1.3498456478118896,3.2516891956329346,0,28.111547470092773,1.392575740814209,1.0346283912658691,0,28.111547470092773,1.436638593673706,1.1824324131011963,0,28.111547470092773,1.481380820274353,1.9214526414871216,0,28.111547470092773,1.5260952711105347,1.7736486196517944,0,28.111547470092773,1.5700117349624634,1.1824324131011963,0,28.111547470092773,1.6123253107070923,1.0346283912658691,0,28.111547470092773,1.6521984338760376,1.1824324131011963,0,28.111547470092773,1.6887803077697754,2.2170608043670654,0,28.111547470092773,1.721229076385498,2.0692567825317383,0,28.111547470092773,1.7487314939498901,0.7390202283859253,0,28.111547470092773,1.770524263381958,0.5912162065505981,0,28.111547470092773,1.7859240770339966,0.8868243098258972,0,28.111547470092773,1.794350266456604,0.8868243098258972,0,28.111547470092773,1.7953382730484009,1.6258445978164673,0,28.111547470092773,1.7885545492172241,1.4780404567718506,0,28.111547470092773,1.7738227844238281,1.1824324131011963,0,28.111547470092773,1.7510989904403687,0.4434121549129486,0,28.111547470092773,1.7205339670181274,1.1824324131011963,0,28.111547470092773,1.682393193244934,0.5912162065505981,0,28.111547470092773,1.6371179819107056,0.4434121549129486,0,28.111547470092773,1.585252046585083,0.14780405163764954,0,28.111547470092773,1.5273059606552124,0.4434121549129486,0,28.111547470092773,1.464302659034729,0.4434121549129486,0,28.111547470092773,1.3969050645828247,0.5912162065505981,0,28.111547470092773,1.3259327411651611,0.14780405163764954,0,28.111547470092773,1.2522497177124023,0.14780405163764954,0,28.111547470092773,1.1766759157180786,0.4434121549129486,0,28.111547470092773,1.10000741481781,0.7390202283859253,0,28.111547470092773,1.0229772329330444,0.2956081032752991,0,28.111547470092773,0.9462541937828064,0.14780405163764954,0,28.111547470092773,0.8704186677932739,0.14780405163764954,0,28.111547470092773,0.7959580421447754,0.4434121549129486,0,28.111547470092773,0.723270833492279,0.4434121549129486,0,28.111547470092773,0.6526514887809753,0.2956081032752991,0,28.111547470092773,0.5842922925949097,0.2956081032752991,0,28.111547470092773,0.5182932615280151,0.14780405163764954,0,28.111547470092773,0.45466434955596924,0,0,28.111547470092773,0.39330893754959106,0.14780405163764954,0,28.111547470092773,0.3340449929237366,0.14780405163764954,0,28.111547470092773,0.2765955328941345,0.14780405163764954,0,28.111547470092773,0.2206166386604309,0.14780405163764954,0,28.111547470092773,0.16562165319919586,0,0,28.111547470092773,0.11102992296218872,0,0,28.111547470092773,0.05611943081021309,0,0,28.111547470092773,1.1103412026619575e-12,0.14780405163764954,0,28.111547470092773,1.1103412026619575e-12,0.14780405163764954,0,28.111547470092773,1.813028335571289,2.523028612136841,0,27.659229278564453,1.8063392639160156,2.523028612136841,0,27.659229278564453,1.7951661348342896,2.752394914627075,0,27.659229278564453,1.7803183794021606,2.1789793968200684,0,27.659229278564453,1.7625999450683594,3.5551767349243164,0,27.659229278564453,1.7137460708618164,1.7202467918395996,0,27.659229278564453,1.6637792587280273,2.523028612136841,0,27.659229278564453,1.6133545637130737,2.637711763381958,0,27.659229278564453,1.5630244016647339,2.2936625480651855,0,27.659229278564453,1.513258457183838,1.3761974573135376,0,27.659229278564453,1.4644471406936646,2.637711763381958,0,27.659229278564453,1.416914463043213,1.6055636405944824,0,27.659229278564453,1.3709275722503662,1.6055636405944824,0,27.659229278564453,1.3266817331314087,1.4908806085586548,0,27.659229278564453,1.2843149900436401,1.2615143060684204,0,27.659229278564453,1.2439367771148682,1.8349299430847168,0,27.659229278564453,1.2056115865707397,1.7202467918395996,0,27.659229278564453,1.1693686246871948,1.1468312740325928,0,27.659229278564453,1.1352163553237915,1.2615143060684204,0,27.659229278564453,1.1031397581100464,1.3761974573135376,0,27.659229278564453,1.0730571746826172,1.3761974573135376,0,27.659229278564453,1.0449150800704956,1.8349299430847168,0,27.659229278564453,1.0187453031539917,1.0321481227874756,0,27.659229278564453,0.99436354637146,0.8027818202972412,0,27.659229278564453,0.9717121124267578,1.2615143060684204,0,27.659229278564453,0.9506835341453552,1.1468312740325928,0,27.659229278564453,0.9311659932136536,0.6880987286567688,0,27.659229278564453,0.9130311012268066,0.5734156370162964,0,27.659229278564453,0.8961576223373413,0.5734156370162964,0,27.659229278564453,0.8804091215133667,0.8027818202972412,0,27.659229278564453,0.8656429648399353,0.8027818202972412,0,27.659229278564453,0.8517032265663147,0.6880987286567688,0,27.659229278564453,0.838421642780304,0.5734156370162964,0,27.659229278564453,0.8256285786628723,0.6880987286567688,0,27.659229278564453,0.813136100769043,0.3440493643283844,0,27.659229278564453,0.8007497191429138,0.2293662428855896,0,27.659229278564453,0.7882591485977173,0.2293662428855896,0,27.659229278564453,0.7754455804824829,0.2293662428855896,0,27.659229278564453,0.7620797157287598,0.2293662428855896,0,27.659229278564453,0.7479259967803955,0,0,27.659229278564453,0.7327434420585632,0.3440493643283844,0,27.659229278564453,0.7162840366363525,0.3440493643283844,0,27.659229278564453,0.6983136534690857,0,0,27.659229278564453,0.6785966157913208,0.2293662428855896,0,27.659229278564453,0.656923770904541,0.1146831214427948,0,27.659229278564453,0.6330990791320801,0,0,27.659229278564453,0.6069658398628235,0,0,27.659229278564453,0.5784339308738708,0,0,27.659229278564453,0.5474183559417725,0.1146831214427948,0,27.659229278564453,0.5139424204826355,0.1146831214427948,0,27.659229278564453,0.47808507084846497,0,0,27.659229278564453,0.44001471996307373,0.2293662428855896,0,27.659229278564453,0.3999797999858856,0,0,27.659229278564453,0.3583264648914337,0,0,27.659229278564453,0.31548306345939636,0,0,27.659229278564453,0.27196088433265686,0,0,27.659229278564453,0.2283380925655365,0,0,27.659229278564453,0.18524275720119476,0,0,27.659229278564453,0.1433306485414505,0.1146831214427948,0,27.659229278564453,0.1032569408416748,0,0,27.659229278564453,0.06564795225858688,0,0,27.659229278564453,0.031069817021489143,0,0,27.659229278564453,3.5426223066181706e-10,0,0,27.659229278564453,1.7625999401346681e-12,0.2293662428855896,0,27.659229278564453,1.3956936597824097,2.4389665126800537,0,27.631498336791992,1.391626238822937,2.6606907844543457,0,27.631498336791992,1.3896831274032593,1.6629316806793213,0,27.631498336791992,1.389689564704895,1.4412075281143188,0,27.631498336791992,1.391515851020813,2.54982852935791,0,27.631498336791992,1.3950296640396118,3.436725616455078,0,27.631498336791992,1.376282811164856,1.5520695447921753,0,27.631498336791992,1.358871340751648,2.4389665126800537,0,27.631498336791992,1.342625379562378,1.7737938165664673,0,27.631498336791992,1.327410101890564,2.3281044960021973,0,27.631498336791992,1.3130460977554321,2.2172422409057617,0,27.631498336791992,1.299398422241211,1.7737938165664673,0,27.631498336791992,1.2863523960113525,2.4389665126800537,0,27.631498336791992,1.2737672328948975,1.5520695447921753,0,27.631498336791992,1.2615164518356323,1.9955180883407593,0,27.631498336791992,1.2494938373565674,1.5520695447921753,0,27.631498336791992,1.2375577688217163,1.6629316806793213,0,27.631498336791992,1.2256107330322266,1.7737938165664673,0,27.631498336791992,1.2135246992111206,1.3303453922271729,0,27.631498336791992,1.2012090682983398,1.2194832563400269,0,27.631498336791992,1.188545823097229,1.3303453922271729,0,27.631498336791992,1.1754361391067505,0.9977590441703796,0,27.631498336791992,1.1617881059646606,1.2194832563400269,0,27.631498336791992,1.1474943161010742,1.1086211204528809,0,27.631498336791992,1.1324667930603027,0.5543105602264404,0,27.631498336791992,1.1166257858276367,0.7760347723960876,0,27.631498336791992,1.0998934507369995,0.4434484541416168,0,27.631498336791992,1.0821866989135742,0.4434484541416168,0,27.631498336791992,1.0634554624557495,1.1086211204528809,0,27.631498336791992,1.0436298847198486,1.1086211204528809,0,27.631498336791992,1.0226393938064575,0.5543105602264404,0,27.631498336791992,1.0004764795303345,0.6651726961135864,0,27.631498336791992,0.977128267288208,0.2217242270708084,0,27.631498336791992,0.9526132941246033,0.3325863480567932,0,27.631498336791992,0.9267792105674744,0.6651726961135864,0,27.631498336791992,0.8996896743774414,0.1108621135354042,0,27.631498336791992,0.8713790774345398,0.2217242270708084,0,27.631498336791992,0.8418445587158203,0.2217242270708084,0,27.631498336791992,0.811149537563324,0.2217242270708084,0,27.631498336791992,0.7793344855308533,0.2217242270708084,0,27.631498336791992,0.7464768290519714,0.2217242270708084,0,27.631498336791992,0.7126473188400269,0.1108621135354042,0,27.631498336791992,0.6779358386993408,0.1108621135354042,0,27.631498336791992,0.6424473524093628,0,0,27.631498336791992,0.6062865853309631,0.2217242270708084,0,27.631498336791992,0.5695783495903015,0.2217242270708084,0,27.631498336791992,0.5324520468711853,0.1108621135354042,0,27.631498336791992,0.49504905939102173,0.1108621135354042,0,27.631498336791992,0.45751410722732544,0.1108621135354042,0,27.631498336791992,0.419996052980423,0,0,27.631498336791992,0.3826477527618408,0,0,27.631498336791992,0.3456233739852905,0,0,27.631498336791992,0.3090769052505493,0.1108621135354042,0,27.631498336791992,0.2731602191925049,0.1108621135354042,0,27.631498336791992,0.23802132904529572,0,0,27.631498336791992,0.2038012146949768,0,0,27.631498336791992,0.1706351637840271,0,0,27.631498336791992,0.13864903151988983,0,0,27.631498336791992,0.10795757174491882,0,0,27.631498336791992,0.07866381108760834,0,0,27.631498336791992,0.050857897847890854,0.1108621135354042,0,27.631498336791992,0.024616073817014694,0,0,27.631498336791992,1.5059891111945944e-9,0,0,27.631498336791992,1.3950297080705942e-12,0.2217242270708084,0,27.631498336791992,2.6495120525360107,2.482785701751709,0,27.635967254638672,2.6495120525360107,2.896583318710327,0,27.635967254638672,2.636441469192505,4.137976169586182,0,27.635967254638672,2.5778117179870605,2.068988084793091,0,27.635967254638672,2.510453939437866,2.482785701751709,0,27.635967254638672,2.4362030029296875,2.206920623779297,0,27.635967254638672,2.356800079345703,2.620718240737915,0,27.635967254638672,2.2738330364227295,2.068988084793091,0,27.635967254638672,2.188722610473633,2.068988084793091,0,27.635967254638672,2.102708339691162,2.620718240737915,0,27.635967254638672,2.0168538093566895,2.206920623779297,0,27.635967254638672,1.9320584535598755,1.3793253898620605,0,27.635967254638672,1.8490538597106934,2.896583318710327,0,27.635967254638672,1.7684168815612793,0.8275952339172363,0,27.635967254638672,1.6905934810638428,2.482785701751709,0,27.635967254638672,1.6159189939498901,2.344853162765503,0,27.635967254638672,1.5446332693099976,1.7931230068206787,0,27.635967254638672,1.476873755455017,0.9655277729034424,0,27.635967254638672,1.4127212762832642,0.8275952339172363,0,27.635967254638672,1.3521777391433716,0.8275952339172363,0,27.635967254638672,1.2952083349227905,1.9310555458068848,0,27.635967254638672,1.2417383193969727,1.6551904678344727,0,27.635967254638672,1.1916640996932983,0.9655277729034424,0,27.635967254638672,1.14484441280365,0.8275952339172363,0,27.635967254638672,1.1011487245559692,1.5172579288482666,0,27.635967254638672,1.0604054927825928,1.1034603118896484,0,27.635967254638672,1.0224782228469849,0.9655277729034424,0,27.635967254638672,0.9871271252632141,0.8275952339172363,0,27.635967254638672,0.9542394280433655,0.6896626949310303,0,27.635967254638672,0.9236079454421997,1.5172579288482666,0,27.635967254638672,0.8950432538986206,0.9655277729034424,0,27.635967254638672,0.868370532989502,1.2413928508758545,0,27.635967254638672,0.8433921933174133,0.8275952339172363,0,27.635967254638672,0.8199254870414734,0.8275952339172363,0,27.635967254638672,0.7977820038795471,1.3793253898620605,0,27.635967254638672,0.7767577767372131,0.5517301559448242,0,27.635967254638672,0.7566617131233215,0.5517301559448242,0,27.635967254638672,0.7372848987579346,0.5517301559448242,0,27.635967254638672,0.7184274196624756,0.6896626949310303,0,27.635967254638672,0.6998686194419861,0.41379761695861816,0,27.635967254638672,0.6813910007476807,1.1034603118896484,0,27.635967254638672,0.6627703905105591,0.13793253898620605,0,27.635967254638672,0.643777072429657,0.41379761695861816,0,27.635967254638672,0.6241819858551025,0.2758650779724121,0,27.635967254638672,0.6037557125091553,0.41379761695861816,0,27.635967254638672,0.5822702050209045,0.13793253898620605,0,27.635967254638672,0.5595107674598694,0.5517301559448242,0,27.635967254638672,0.5352780818939209,0.13793253898620605,0,27.635967254638672,0.509395182132721,0.2758650779724121,0,27.635967254638672,0.48171520233154297,0.41379761695861816,0,27.635967254638672,0.45213013887405396,0.2758650779724121,0,27.635967254638672,0.42058417201042175,0.2758650779724121,0,27.635967254638672,0.38706743717193604,0,0,27.635967254638672,0.35166871547698975,0.13793253898620605,0,27.635967254638672,0.3145397901535034,0,0,27.635967254638672,0.27590733766555786,0.13793253898620605,0,27.635967254638672,0.23609203100204468,0,0,27.635967254638672,0.19550031423568726,0,0,27.635967254638672,0.15462075173854828,0.13793253898620605,0,27.635967254638672,0.11401025950908661,0,0,27.635967254638672,0.07427707314491272,0.13793253898620605,0,27.635967254638672,0.03606000542640686,0,0,27.635967254638672,2.6364414124069313e-12,0,0,27.635967254638672,2.6364414124069313e-12,0.2758650779724121,0,27.635967254638672,0.6610783338546753,2.590935468673706,0,28.69670867919922,0.663972795009613,1.813654899597168,0,28.69670867919922,0.6825821995735168,2.8500289916992188,0,28.69670867919922,0.636972188949585,2.2022953033447266,0,28.69670867919922,0.6013973355293274,1.9432016611099243,0,28.69670867919922,0.5739963054656982,2.3318419456481934,0,28.69670867919922,0.5534345507621765,2.0727484226226807,0,28.69670867919922,0.5387625098228455,2.590935468673706,0,28.69670867919922,0.5293199419975281,2.2022953033447266,0,28.69670867919922,0.5246704816818237,2.2022953033447266,0,28.69670867919922,0.5245546102523804,2.590935468673706,0,28.69670867919922,0.5288572311401367,1.9432016611099243,0,28.69670867919922,0.5375829935073853,2.0727484226226807,0,28.69670867919922,0.5508379936218262,2.4613888263702393,0,28.69670867919922,0.5688107013702393,2.2022953033447266,0,28.69670867919922,0.5917579531669617,1.9432016611099243,0,28.69670867919922,0.6199846267700195,1.9432016611099243,0,28.69670867919922,0.6538245677947998,2.0727484226226807,0,28.69670867919922,0.6936141848564148,1.1659209728240967,0,28.69670867919922,0.7396632432937622,1.5545613765716553,0,28.69670867919922,0.7922211289405823,1.295467734336853,0,28.69670867919922,0.8514349460601807,1.0363742113113403,0,28.69670867919922,0.9173082113265991,1.1659209728240967,0,28.69670867919922,0.989656925201416,1.1659209728240967,0,28.69670867919922,1.0680649280548096,0.906827449798584,0,28.69670867919922,1.1518489122390747,0.906827449798584,0,28.69670867919922,1.240027904510498,1.4250144958496094,0,28.69670867919922,1.331312894821167,0.906827449798584,0,28.69670867919922,1.4241069555282593,1.1659209728240967,0,28.69670867919922,1.5165351629257202,1.0363742113113403,0,28.69670867919922,1.6064919233322144,1.295467734336853,0,28.69670867919922,1.6917102336883545,0.6477338671684265,0,28.69670867919922,1.76985502243042,1.0363742113113403,0,28.69670867919922,1.8386257886886597,0.906827449798584,0,28.69670867919922,1.895869255065918,0.5181871056556702,0,28.69670867919922,1.9396922588348389,0.906827449798584,0,28.69670867919922,1.9685708284378052,0.2590935528278351,0,28.69670867919922,1.9814213514328003,0.5181871056556702,0,28.69670867919922,1.9776712656021118,0.3886403441429138,0,28.69670867919922,1.9572781324386597,0.12954677641391754,0,28.69670867919922,1.9207044839859009,0.2590935528278351,0,28.69670867919922,1.8689453601837158,0.2590935528278351,0,28.69670867919922,1.8033733367919922,0.12954677641391754,0,28.69670867919922,1.724845290184021,0.2590935528278351,0,28.69670867919922,1.637115478515625,0.2590935528278351,0,28.69670867919922,1.5414230823516846,0,0,28.69670867919922,1.4398727416992188,0.3886403441429138,0,28.69670867919922,1.3345452547073364,0.12954677641391754,0,28.69670867919922,1.227358102798462,0.12954677641391754,0,28.69670867919922,1.1200326681137085,0,0,28.69670867919922,1.014023780822754,0,0,28.69670867919922,0.9105241298675537,0,0,28.69670867919922,0.8104224801063538,0.2590935528278351,0,28.69670867919922,0.7143250107765198,0,0,28.69670867919922,0.6225598454475403,0.2590935528278351,0,28.69670867919922,0.5351786017417908,0,0,28.69670867919922,0.45199671387672424,0.12954677641391754,0,28.69670867919922,0.37259790301322937,0,0,28.69670867919922,0.29632216691970825,0,0,28.69670867919922,0.22227153182029724,0.12954677641391754,0,28.69670867919922,0.14927588403224945,0,0,28.69670867919922,0.07583141326904297,0,0,28.69670867919922,6.825821917237629e-13,0.12954677641391754,0,28.69670867919922,6.825821917237629e-13,0.2590935528278351,0,28.69670867919922,3.0611703395843506,2.175508737564087,0,27.631025314331055,3.0611557960510254,3.0713062286376953,0,27.631025314331055,3.0298991203308105,2.0475375652313232,0,27.631025314331055,2.9814019203186035,1.6636242866516113,0,27.631025314331055,2.9175963401794434,2.431450843811035,0,27.631025314331055,2.8405165672302246,2.431450843811035,0,27.631025314331055,2.7522823810577393,2.6873929500579834,0,27.631025314331055,2.65498948097229,1.4076820611953735,0,27.631025314331055,2.550658941268921,1.5356531143188477,0,27.631025314331055,2.4411838054656982,2.815364122390747,0,27.631025314331055,2.328317880630493,1.7915953397750854,0,27.631025314331055,2.213648557662964,2.6873929500579834,0,27.631025314331055,2.0985748767852783,1.7915953397750854,0,27.631025314331055,1.9843120574951172,1.5356531143188477,0,27.631025314331055,1.871897578239441,1.9195665121078491,0,27.631025314331055,1.7621716260910034,1.4076820611953735,0,27.631025314331055,1.655826210975647,1.6636242866516113,0,27.631025314331055,1.553389072418213,1.5356531143188477,0,27.631025314331055,1.4552491903305054,1.2797110080718994,0,27.631025314331055,1.3616816997528076,1.7915953397750854,0,27.631025314331055,1.272849678993225,1.1517398357391357,0,27.631025314331055,1.1888262033462524,1.0237687826156616,0,27.631025314331055,1.1096136569976807,1.9195665121078491,0,27.631025314331055,1.0351459980010986,1.7915953397750854,0,27.631025314331055,0.965312659740448,2.0475375652313232,0,27.631025314331055,0.8999645709991455,1.0237687826156616,0,27.631025314331055,0.8389225006103516,1.2797110080718994,0,27.631025314331055,0.7819865345954895,0.5118843913078308,0,27.631025314331055,0.7289415597915649,1.0237687826156616,0,27.631025314331055,0.6795681715011597,1.7915953397750854,0,27.631025314331055,0.633642315864563,0.3839132785797119,0,27.631025314331055,0.5909392237663269,0.3839132785797119,0,27.631025314331055,0.5512385368347168,0.8957976698875427,0,27.631025314331055,0.5143248438835144,0.3839132785797119,0,27.631025314331055,0.479991614818573,0.7678265571594238,0,27.631025314331055,0.44804060459136963,0.8957976698875427,0,27.631025314331055,0.4182811677455902,0.3839132785797119,0,27.631025314331055,0.39053472876548767,0.6398555040359497,0,27.631025314331055,0.3646324872970581,0.3839132785797119,0,27.631025314331055,0.3404148519039154,0.6398555040359497,0,27.631025314331055,0.3177318572998047,0,0,27.631025314331055,0.29644325375556946,0.3839132785797119,0,27.631025314331055,0.27641674876213074,0.5118843913078308,0,27.631025314331055,0.2575318515300751,0.1279710978269577,0,27.631025314331055,0.23967371881008148,0.3839132785797119,0,27.631025314331055,0.2227349728345871,0.3839132785797119,0,27.631025314331055,0.20661458373069763,0.2559421956539154,0,27.631025314331055,0.1912202388048172,0,0,27.631025314331055,0.17646338045597076,0,0,27.631025314331055,0.1622639298439026,0.3839132785797119,0,27.631025314331055,0.14854414761066437,0,0,27.631025314331055,0.13523328304290771,0.1279710978269577,0,27.631025314331055,0.12226700782775879,0.2559421956539154,0,27.631025314331055,0.10958265513181686,0,0,27.631025314331055,0.0971195176243782,0.1279710978269577,0,27.631025314331055,0.08482325822114944,0.1279710978269577,0,27.631025314331055,0.07264844328165054,0,0,27.631025314331055,0.06055372953414917,0.2559421956539154,0,27.631025314331055,0.048494305461645126,0,0,27.631025314331055,0.0364363007247448,0,0,27.631025314331055,0.024349581450223923,0,0,27.631025314331055,0.012210278771817684,0,0,27.631025314331055,3.0611557125942435e-12,0.1279710978269577,0,27.631025314331055,3.0611557125942435e-12,0.1279710978269577,0,27.631025314331055,0.9903484582901001,2.660472869873047,0,28.12168312072754,0.9922114014625549,1.9214526414871216,0,28.12168312072754,1.0046846866607666,3.1038851737976074,0,28.12168312072754,1.0271636247634888,2.3648648262023926,0,28.12168312072754,1.0593409538269043,3.2516891956329346,0,28.12168312072754,1.1011137962341309,3.547297239303589,0,28.12168312072754,1.0934171676635742,2.2170608043670654,0,28.12168312072754,1.0922335386276245,1.9214526414871216,0,28.12168312072754,1.0970035791397095,1.3302364349365234,0,28.12168312072754,1.1072602272033691,2.3648648262023926,0,28.12168312072754,1.1226091384887695,2.3648648262023926,0,28.12168312072754,1.1426962614059448,1.9214526414871216,0,28.12168312072754,1.1671886444091797,1.6258445978164673,0,28.12168312072754,1.1957588195800781,1.6258445978164673,0,28.12168312072754,1.228063702583313,3.1038851737976074,0,28.12168312072754,1.263731837272644,1.6258445978164673,0,28.12168312072754,1.3023512363433838,2.2170608043670654,0,28.12168312072754,1.3434587717056274,3.2516891956329346,0,28.12168312072754,1.3865344524383545,1.0346283912658691,0,28.12168312072754,1.4309940338134766,1.1824324131011963,0,28.12168312072754,1.4761918783187866,1.9214526414871216,0,28.12168312072754,1.5214225053787231,1.7736486196517944,0,28.12168312072754,1.565919041633606,1.1824324131011963,0,28.12168312072754,1.6088764667510986,1.0346283912658691,0,28.12168312072754,1.6494531631469727,1.1824324131011963,0,28.12168312072754,1.6867917776107788,2.2170608043670654,0,28.12168312072754,1.7200449705123901,2.0692567825317383,0,28.12168312072754,1.7483923435211182,0.7390202283859253,0,28.12168312072754,1.7710599899291992,0.5912162065505981,0,28.12168312072754,1.7873550653457642,0.8868243098258972,0,28.12168312072754,1.796678900718689,0.8868243098258972,0,28.12168312072754,1.7985548973083496,1.6258445978164673,0,28.12168312072754,1.7926362752914429,1.4780404567718506,0,28.12168312072754,1.7787264585494995,1.1824324131011963,0,28.12168312072754,1.7567805051803589,0.4434121549129486,0,28.12168312072754,1.7269288301467896,1.1824324131011963,0,28.12168312072754,1.6894291639328003,0.5912162065505981,0,28.12168312072754,1.644700288772583,0.4434121549129486,0,28.12168312072754,1.5932949781417847,0.14780405163764954,0,28.12168312072754,1.5359593629837036,0.4434121549129486,0,28.12168312072754,1.4732290506362915,0.4434121549129486,0,28.12168312072754,1.405967116355896,0.5912162065505981,0,28.12168312072754,1.335060715675354,0.14780405163764954,0,28.12168312072754,1.2613450288772583,0.14780405163764954,0,28.12168312072754,1.185646891593933,0.4434121549129486,0,28.12168312072754,1.1087819337844849,0.7390202283859253,0,28.12168312072754,1.0314767360687256,0.2956081032752991,0,28.12168312072754,0.9544145464897156,0.14780405163764954,0,28.12168312072754,0.8781847953796387,0.14780405163764954,0,28.12168312072754,0.803287148475647,0.4434121549129486,0,28.12168312072754,0.7301258444786072,0.4434121549129486,0,28.12168312072754,0.6589974761009216,0.2956081032752991,0,28.12168312072754,0.5901111364364624,0.2956081032752991,0,28.12168312072754,0.5235689282417297,0.14780405163764954,0,28.12168312072754,0.4593835771083832,0,0,28.12168312072754,0.3974609971046448,0.14780405163764954,0,28.12168312072754,0.3376334011554718,0.14780405163764954,0,28.12168312072754,0.2796509265899658,0.14780405163764954,0,28.12168312072754,0.22308355569839478,0.14780405163764954,0,28.12168312072754,0.16749857366085052,0,0,28.12168312072754,0.11230256408452988,0,0,28.12168312072754,0.05676919221878052,0,0,28.12168312072754,1.1011137748123678e-12,0.14780405163764954,0,28.12168312072754,1.1011137748123678e-12,0.14780405163764954,0,28.12168312072754,1.7824225425720215,2.523028612136841,0,27.653535842895508,1.7784702777862549,2.523028612136841,0,27.653535842895508,1.7700166702270508,2.752394914627075,0,27.653535842895508,1.7578493356704712,2.1789793968200684,0,27.653535842895508,1.7427420616149902,3.5551767349243164,0,27.653535842895508,1.696050763130188,1.7202467918395996,0,27.653535842895508,1.6481295824050903,2.523028612136841,0,27.653535842895508,1.5996217727661133,2.637711763381958,0,27.653535842895508,1.5510714054107666,2.2936625480651855,0,27.653535842895508,1.5029691457748413,1.3761974573135376,0,27.653535842895508,1.4557063579559326,2.637711763381958,0,27.653535842895508,1.4096155166625977,1.6055636405944824,0,27.653535842895508,1.3649563789367676,1.6055636405944824,0,27.653535842895508,1.3219120502471924,1.4908806085586548,0,27.653535842895508,1.2806533575057983,1.2615143060684204,0,27.653535842895508,1.2413015365600586,1.8349299430847168,0,27.653535842895508,1.203909993171692,1.7202467918395996,0,27.653535842895508,1.168526291847229,1.1468312740325928,0,27.653535842895508,1.135170340538025,1.2615143060684204,0,27.653535842895508,1.1038167476654053,1.3761974573135376,0,27.653535842895508,1.0743095874786377,1.3761974573135376,0,27.653535842895508,1.0467849969863892,1.8349299430847168,0,27.653535842895508,1.0211372375488281,1.0321481227874756,0,27.653535842895508,0.9972882270812988,0.8027818202972412,0,27.653535842895508,0.9751113057136536,1.2615143060684204,0,27.653535842895508,0.9545250535011292,1.1468312740325928,0,27.653535842895508,0.9354186058044434,0.6880987286567688,0,27.653535842895508,0.917666494846344,0.5734156370162964,0,27.653535842895508,0.9011584520339966,0.5734156370162964,0,27.653535842895508,0.8857470750808716,0.8027818202972412,0,27.653535842895508,0.8712969422340393,0.8027818202972412,0,27.653535842895508,0.8576520681381226,0.6880987286567688,0,27.653535842895508,0.8446528315544128,0.5734156370162964,0,27.653535842895508,0.8321154713630676,0.6880987286567688,0,27.653535842895508,0.8198656439781189,0.3440493643283844,0,27.653535842895508,0.8076968193054199,0.2293662428855896,0,27.653535842895508,0.7954028248786926,0.2293662428855896,0,27.653535842895508,0.7827601432800293,0.2293662428855896,0,27.653535842895508,0.7695382237434387,0.2293662428855896,0,27.653535842895508,0.7554987668991089,0,0,27.653535842895508,0.7403967976570129,0.3440493643283844,0,27.653535842895508,0.7239848971366882,0.3440493643283844,0,27.653535842895508,0.7060239315032959,0,0,27.653535842895508,0.6862762570381165,0.2293662428855896,0,27.653535842895508,0.6645247936248779,0.1146831214427948,0,27.653535842895508,0.6405812501907349,0,0,27.653535842895508,0.6142787933349609,0,0,27.653535842895508,0.5854892730712891,0,0,27.653535842895508,0.5541990399360657,0.1146831214427948,0,27.653535842895508,0.5203888416290283,0.1146831214427948,0,27.653535842895508,0.4841521084308624,0,0,27.653535842895508,0.44565263390541077,0.2293662428855896,0,27.653535842895508,0.40514716506004333,0,0,27.653535842895508,0.36298462748527527,0,0,27.653535842895508,0.3196055293083191,0,0,27.653535842895508,0.2755267322063446,0,0,27.653535842895508,0.23133763670921326,0,0,27.653535842895508,0.18767741322517395,0,0,27.653535842895508,0.14521242678165436,0.1146831214427948,0,27.653535842895508,0.104609414935112,0,0,27.653535842895508,0.06650464236736298,0,0,27.653535842895508,0.031473275274038315,0,0,27.653535842895508,1.9914478954774495e-9,0,0,27.653535842895508,1.7427420184040754e-12,0.2293662428855896,0,27.653535842895508,1.37601900100708,2.4389665126800537,0,27.63102149963379,1.3735322952270508,2.6606907844543457,0,27.63102149963379,1.373276948928833,1.6629316806793213,0,27.63102149963379,1.3746535778045654,1.4412075281143188,0,27.63102149963379,1.377883791923523,2.54982852935791,0,27.63102149963379,1.3828152418136597,3.436725616455078,0,27.63102149963379,1.3651914596557617,1.5520695447921753,0,27.63102149963379,1.3488281965255737,2.4389665126800537,0,27.63102149963379,1.3335999250411987,1.7737938165664673,0,27.63102149963379,1.3193514347076416,2.3281044960021973,0,27.63102149963379,1.3059226274490356,2.2172422409057617,0,27.63102149963379,1.2931697368621826,1.7737938165664673,0,27.63102149963379,1.280992865562439,2.4389665126800537,0,27.63102149963379,1.2692335844039917,1.5520695447921753,0,27.63102149963379,1.257777452468872,1.9955180883407593,0,27.63102149963379,1.24651038646698,1.5520695447921753,0,27.63102149963379,1.2353205680847168,1.6629316806793213,0,27.63102149963379,1.2240790128707886,1.7737938165664673,0,27.63102149963379,1.2126890420913696,1.3303453922271729,0,27.63102149963379,1.2010258436203003,1.2194832563400269,0,27.63102149963379,1.1889923810958862,1.3303453922271729,0,27.63102149963379,1.1764800548553467,0.9977590441703796,0,27.63102149963379,1.1633925437927246,1.2194832563400269,0,27.63102149963379,1.149640440940857,1.1086211204528809,0,27.63102149963379,1.1351372003555298,0.5543105602264404,0,27.63102149963379,1.1197768449783325,0.7760347723960876,0,27.63102149963379,1.1034948825836182,0.4434484541416168,0,27.63102149963379,1.0862040519714355,0.4434484541416168,0,27.63102149963379,1.0678317546844482,1.1086211204528809,0,27.63102149963379,1.0483453273773193,1.1086211204528809,0,27.63102149963379,1.0276859998703003,0.5543105602264404,0,27.63102149963379,1.0058026313781738,0.6651726961135864,0,27.63102149963379,0.9826808571815491,0.2217242270708084,0,27.63102149963379,0.9582644701004028,0.3325863480567932,0,27.63102149963379,0.9325584173202515,0.6651726961135864,0,27.63102149963379,0.9055745601654053,0.1108621135354042,0,27.63102149963379,0.8773396611213684,0.2217242270708084,0,27.63102149963379,0.8478541374206543,0.2217242270708084,0,27.63102149963379,0.817155122756958,0.2217242270708084,0,27.63102149963379,0.7853072881698608,0.2217242270708084,0,27.63102149963379,0.7523807883262634,0.2217242270708084,0,27.63102149963379,0.7184504270553589,0.1108621135354042,0,27.63102149963379,0.6836040019989014,0.1108621135354042,0,27.63102149963379,0.6479443907737732,0,0,27.63102149963379,0.6115860342979431,0.2217242270708084,0,27.63102149963379,0.5746530294418335,0.2217242270708084,0,27.63102149963379,0.5372769236564636,0.1108621135354042,0,27.63102149963379,0.499601811170578,0.1108621135354042,0,27.63102149963379,0.4617755115032196,0.1108621135354042,0,27.63102149963379,0.42395132780075073,0,0,27.63102149963379,0.38628533482551575,0,0,27.63102149963379,0.34893327951431274,0,0,27.63102149963379,0.3120550811290741,0.1108621135354042,0,27.63102149963379,0.27580395340919495,0.1108621135354042,0,27.63102149963379,0.2403314858675003,0,0,27.63102149963379,0.20578181743621826,0,0,27.63102149963379,0.17229360342025757,0,0,27.63102149963379,0.13999441266059875,0,0,27.63102149963379,0.10900186747312546,0,0,27.63102149963379,0.07942136377096176,0,0,27.63102149963379,0.051344722509384155,0.1108621135354042,0,27.63102149963379,0.024849941954016685,0,0,27.63102149963379,3.824573036742551e-12,0,0,27.63102149963379,1.3828151948155898e-12,0.2217242270708084,0,27.63102149963379,2.6463255882263184,2.482785701751709,0,27.636274337768555,2.6453936100006104,2.896583318710327,0,27.636274337768555,2.6324594020843506,4.137976169586182,0,27.636274337768555,2.5738236904144287,2.068988084793091,0,27.636274337768555,2.5064985752105713,2.482785701751709,0,27.636274337768555,2.43233323097229,2.206920623779297,0,27.636274337768555,2.3530633449554443,2.620718240737915,0,27.636274337768555,2.270270824432373,2.068988084793091,0,27.636274337768555,2.1853504180908203,2.068988084793091,0,27.636274337768555,2.099558115005493,2.620718240737915,0,27.636274337768555,2.0139365196228027,2.206920623779297,0,27.636274337768555,1.9293766021728516,1.3793253898620605,0,27.636274337768555,1.846608281135559,2.896583318710327,0,27.636274337768555,1.766212821006775,0.8275952339172363,0,27.636274337768555,1.6886364221572876,2.482785701751709,0,27.636274337768555,1.6142046451568604,2.344853162765503,0,27.636274337768555,1.5431491136550903,1.7931230068206787,0,27.636274337768555,1.475616455078125,0.9655277729034424,0,27.636274337768555,1.4116708040237427,0.8275952339172363,0,27.636274337768555,1.3513323068618774,0.8275952339172363,0,27.636274337768555,1.2945582866668701,1.9310555458068848,0,27.636274337768555,1.2412687540054321,1.6551904678344727,0,27.636274337768555,1.1913639307022095,0.9655277729034424,0,27.636274337768555,1.1447054147720337,0.8275952339172363,0,27.636274337768555,1.1011745929718018,1.5172579288482666,0,27.636274337768555,1.0605831146240234,1.1034603118896484,0,27.636274337768555,1.0227807760238647,0.9655277729034424,0,27.636274337768555,0.9878336191177368,0.8275952339172363,0,27.636274337768555,0.9550740718841553,0.6896626949310303,0,27.636274337768555,0.9245532751083374,1.5172579288482666,0,27.636274337768555,0.8961072564125061,0.9655277729034424,0,27.636274337768555,0.8695463538169861,1.2413928508758545,0,27.636274337768555,0.8446753025054932,0.8275952339172363,0,27.636274337768555,0.8213090896606445,0.8275952339172363,0,27.636274337768555,0.7992629408836365,1.3793253898620605,0,27.636274337768555,0.7783361673355103,0.5517301559448242,0,27.636274337768555,0.7583286166191101,0.5517301559448242,0,27.636274337768555,0.7390425801277161,0.5517301559448242,0,27.636274337768555,0.7202656865119934,0.6896626949310303,0,27.636274337768555,0.7017874121665955,0.41379761695861816,0,27.636274337768555,0.6833804845809937,1.1034603118896484,0,27.636274337768555,0.6648247838020325,0.13793253898620605,0,27.636274337768555,0.645889401435852,0.41379761695861816,0,27.636274337768555,0.6263431310653687,0.2758650779724121,0,27.636274337768555,0.6059554815292358,0.41379761695861816,0,27.636274337768555,0.5844968557357788,0.13793253898620605,0,27.636274337768555,0.5617498755455017,0.5517301559448242,0,27.636274337768555,0.5375151038169861,0.13793253898620605,0,27.636274337768555,0.5116117596626282,0.2758650779724121,0,27.636274337768555,0.4838922917842865,0.41379761695861816,0,27.636274337768555,0.45424705743789673,0.2758650779724121,0,27.636274337768555,0.4226204752922058,0.2758650779724121,0,27.636274337768555,0.389004647731781,0,0,27.636274337768555,0.3534775674343109,0.13793253898620605,0,27.636274337768555,0.31620070338249207,0,0,27.636274337768555,0.2773990035057068,0.13793253898620605,0,27.636274337768555,0.23739773035049438,0,0,27.636274337768555,0.1966034471988678,0,0,27.636274337768555,0.15550899505615234,0.13793253898620605,0,27.636274337768555,0.1146756112575531,0,0,27.636274337768555,0.07471642643213272,0.13793253898620605,0,27.636274337768555,0.0362757183611393,0,0,27.636274337768555,2.6324593546678265e-12,0,0,27.636274337768555,2.6324593546678265e-12,0.2758650779724121,0,27.636274337768555,0.6622466444969177,2.590935468673706,0,28.694313049316406,0.665158748626709,1.813654899597168,0,28.694313049316406,0.6838319897651672,2.8500289916992188,0,28.694313049316406,0.6380639672279358,2.2022953033447266,0,28.694313049316406,0.6023545861244202,1.9432016611099243,0,28.694313049316406,0.5748345255851746,2.3318419456481934,0,28.694313049316406,0.554164707660675,2.0727484226226807,0,28.694313049316406,0.5393908023834229,2.590935468673706,0,28.694313049316406,0.5298497676849365,2.2022953033447266,0,28.694313049316406,0.5251021385192871,2.2022953033447266,0,28.694313049316406,0.5248854756355286,2.590935468673706,0,28.694313049316406,0.5290820002555847,1.9432016611099243,0,28.694313049316406,0.5376952886581421,2.0727484226226807,0,28.694313049316406,0.5508286952972412,2.4613888263702393,0,28.694313049316406,0.568669319152832,2.2022953033447266,0,28.694313049316406,0.5914721488952637,1.9432016611099243,0,28.694313049316406,0.6195414662361145,1.9432016611099243,0,28.694313049316406,0.6532098650932312,2.0727484226226807,0,28.694313049316406,0.6928145885467529,1.1659209728240967,0,28.694313049316406,0.738666296005249,1.5545613765716553,0,28.694313049316406,0.7910153865814209,1.295467734336853,0,28.694313049316406,0.850012481212616,1.0363742113113403,0,28.694313049316406,0.9156652092933655,1.1659209728240967,0,28.694313049316406,0.9877943396568298,1.1659209728240967,0,28.694313049316406,1.065990686416626,0.906827449798584,0,28.694313049316406,1.1495780944824219,0.906827449798584,0,28.694313049316406,1.237584114074707,1.4250144958496094,0,28.694313049316406,1.3287278413772583,0.906827449798584,0,28.694313049316406,1.4214216470718384,1.1659209728240967,0,28.694313049316406,1.5137985944747925,1.0363742113113403,0,28.694313049316406,1.6037590503692627,1.295467734336853,0,28.694313049316406,1.6890392303466797,0.6477338671684265,0,28.694313049316406,1.7673070430755615,1.0363742113113403,0,28.694313049316406,1.8362619876861572,0.906827449798584,0,28.694313049316406,1.8937485218048096,0.5181871056556702,0,28.694313049316406,1.9378660917282104,0.906827449798584,0,28.694313049316406,1.967081069946289,0.2590935528278351,0,28.694313049316406,1.9802985191345215,0.5181871056556702,0,28.694313049316406,1.976934790611267,0.3886403441429138,0,28.694313049316406,1.9569237232208252,0.12954677641391754,0,28.694313049316406,1.9207407236099243,0.2590935528278351,0,28.694313049316406,1.8693387508392334,0.2590935528278351,0,28.694313049316406,1.8041033744812012,0.12954677641391754,0,28.694313049316406,1.7266026735305786,0.2590935528278351,0,28.694313049316406,1.639119029045105,0.2590935528278351,0,28.694313049316406,1.5435975790023804,0,0,28.694313049316406,1.442173957824707,0.3886403441429138,0,28.694313049316406,1.3369220495224,0.12954677641391754,0,28.694313049316406,1.2297594547271729,0.12954677641391754,0,28.694313049316406,1.1224040985107422,0,0,28.694313049316406,1.0163328647613525,0,0,28.694313049316406,0.912733793258667,0,0,28.694313049316406,0.8125027418136597,0.2590935528278351,0,28.694313049316406,0.716249942779541,0,0,28.694313049316406,0.624306857585907,0.2590935528278351,0,28.694313049316406,0.5367376804351807,0,0,28.694313049316406,0.45335566997528076,0.12954677641391754,0,28.694313049316406,0.3737538456916809,0,0,28.694313049316406,0.29725804924964905,0,0,28.694313049316406,0.22298629581928253,0.12954677641391754,0,28.694313049316406,0.1497625708580017,0,0,28.694313049316406,0.07608093321323395,0,0,28.694313049316406,1.353567147255319e-9,0.12954677641391754,0,28.694313049316406,6.838320057780956e-13,0.2590935528278351,0,28.694313049316406,3.0557358264923096,2.175508737564087,0,27.63102149963379,3.055781841278076,3.0713062286376953,0,27.63102149963379,3.024580240249634,2.0475375652313232,0,27.63102149963379,2.976235866546631,1.6636242866516113,0,27.63102149963379,2.912655830383301,2.431450843811035,0,27.63102149963379,2.835865020751953,2.431450843811035,0,27.63102149963379,2.7479665279388428,2.6873929500579834,0,27.63102149963379,2.6510488986968994,1.4076820611953735,0,27.63102149963379,2.5471243858337402,1.5356531143188477,0,27.63102149963379,2.4380738735198975,2.815364122390747,0,27.63102149963379,2.325643301010132,1.7915953397750854,0,27.63102149963379,2.211409091949463,2.6873929500579834,0,27.63102149963379,2.0967674255371094,1.7915953397750854,0,27.63102149963379,1.9829210042953491,1.5356531143188477,0,27.63102149963379,1.8708970546722412,1.9195665121078491,0,27.63102149963379,1.7615447044372559,1.4076820611953735,0,27.63102149963379,1.6555434465408325,1.6636242866516113,0,27.63102149963379,1.5534204244613647,1.5356531143188477,0,27.63102149963379,1.455569863319397,1.2797110080718994,0,27.63102149963379,1.3622604608535767,1.7915953397750854,0,27.63102149963379,1.2736574411392212,1.1517398357391357,0,27.63102149963379,1.1898369789123535,1.0237687826156616,0,27.63102149963379,1.1107996702194214,1.9195665121078491,0,27.63102149963379,1.036481499671936,1.7915953397750854,0,27.63102149963379,0.9667749404907227,2.0475375652313232,0,27.63102149963379,0.9015312194824219,1.0237687826156616,0,27.63102149963379,0.840573787689209,1.2797110080718994,0,27.63102149963379,0.7837038636207581,0.5118843913078308,0,27.63102149963379,0.7307097315788269,1.0237687826156616,0,27.63102149963379,0.6813734173774719,1.7915953397750854,0,27.63102149963379,0.6354706287384033,0.3839132785797119,0,27.63102149963379,0.5927785634994507,0.3839132785797119,0,27.63102149963379,0.5530787110328674,0.8957976698875427,0,27.63102149963379,0.5161566734313965,0.3839132785797119,0,27.63102149963379,0.4818071126937866,0.7678265571594238,0,27.63102149963379,0.4498319923877716,0.8957976698875427,0,27.63102149963379,0.4200429320335388,0.3839132785797119,0,27.63102149963379,0.392261803150177,0.6398555040359497,0,27.63102149963379,0.36631956696510315,0.3839132785797119,0,27.63102149963379,0.34205761551856995,0.6398555040359497,0,27.63102149963379,0.31932687759399414,0,0,27.63102149963379,0.2979874312877655,0.3839132785797119,0,27.63102149963379,0.27790844440460205,0.5118843913078308,0,27.63102149963379,0.25896817445755005,0.1279710978269577,0,27.63102149963379,0.2410508245229721,0.3839132785797119,0,27.63102149963379,0.2240506112575531,0.3839132785797119,0,27.63102149963379,0.20786860585212708,0.2559421956539154,0,27.63102149963379,0.1924087256193161,0,0,27.63102149963379,0.17758598923683167,0,0,27.63102149963379,0.16331805288791656,0.3839132785797119,0,27.63102149963379,0.1495283544063568,0,0,27.63102149963379,0.13614629209041595,0.1279710978269577,0,27.63102149963379,0.12310494482517242,0.2559421956539154,0,27.63102149963379,0.11034224182367325,0,0,27.63102149963379,0.09780091792345047,0.1279710978269577,0,27.63102149963379,0.08544417470693588,0.1279710978269577,0,27.63102149963379,0.07318239659070969,0,0,27.63102149963379,0.06100286915898323,0.2559421956539154,0,27.63102149963379,0.04885610193014145,0,0,27.63102149963379,0.036709364503622055,0,0,27.63102149963379,0.024532802402973175,0,0,27.63102149963379,0.012302490882575512,0,0,27.63102149963379,3.055781756106102e-12,0.1279710978269577,0,27.63102149963379,3.055781756106102e-12,0.1279710978269577,0,27.63102149963379,0.9896513819694519,2.660472869873047,0,28.121706008911133,0.9915862679481506,1.9214526414871216,0,28.121706008911133,1.0040894746780396,3.1038851737976074,0,28.121706008911133,1.0266125202178955,2.3648648262023926,0,28.121706008911133,1.058850884437561,3.2516891956329346,0,28.121706008911133,1.1007047891616821,3.547297239303589,0,28.121706008911133,1.0928248167037964,2.2170608043670654,0,28.121706008911133,1.0914640426635742,1.9214526414871216,0,28.121706008911133,1.0960592031478882,1.3302364349365234,0,28.121706008911133,1.1061437129974365,2.3648648262023926,0,28.121706008911133,1.1213233470916748,2.3648648262023926,0,28.121706008911133,1.1412463188171387,1.9214526414871216,0,28.121706008911133,1.1655796766281128,1.6258445978164673,0,28.121706008911133,1.1939984560012817,1.6258445978164673,0,28.121706008911133,1.226157784461975,3.1038851737976074,0,28.121706008911133,1.261691689491272,1.6258445978164673,0,28.121706008911133,1.30018949508667,2.2170608043670654,0,28.121706008911133,1.3411906957626343,3.2516891956329346,0,28.121706008911133,1.3841794729232788,1.0346283912658691,0,28.121706008911133,1.4285762310028076,1.1824324131011963,0,28.121706008911133,1.4737367630004883,1.9214526414871216,0,28.121706008911133,1.518959879875183,1.7736486196517944,0,28.121706008911133,1.563484787940979,1.1824324131011963,0,28.121706008911133,1.6065019369125366,1.0346283912658691,0,28.121706008911133,1.6471726894378662,1.1824324131011963,0,28.121706008911133,1.6846452951431274,2.2170608043670654,0,28.121706008911133,1.7180719375610352,2.0692567825317383,0,28.121706008911133,1.7466278076171875,0.7390202283859253,0,28.121706008911133,1.7695372104644775,0.5912162065505981,0,28.121706008911133,1.7861064672470093,0.8868243098258972,0,28.121706008911133,1.7957311868667603,0.8868243098258972,0,28.121706008911133,1.7979278564453125,1.6258445978164673,0,28.121706008911133,1.7923502922058105,1.4780404567718506,0,28.121706008911133,1.778794527053833,1.1824324131011963,0,28.121706008911133,1.7571982145309448,0.4434121549129486,0,28.121706008911133,1.727691650390625,1.1824324131011963,0,28.121706008911133,1.6905230283737183,0.5912162065505981,0,28.121706008911133,1.6461220979690552,0.4434121549129486,0,28.121706008911133,1.5949952602386475,0.14780405163764954,0,28.121706008911133,1.5375933647155762,0.4434121549129486,0,28.121706008911133,1.4750832319259644,0.4434121549129486,0,28.121706008911133,1.4080451726913452,0.5912162065505981,0,28.121706008911133,1.337302327156067,0.14780405163764954,0,28.121706008911133,1.2637289762496948,0.14780405163764954,0,28.121706008911133,1.1881380081176758,0.4434121549129486,0,28.121706008911133,1.1113321781158447,0.7390202283859253,0,28.121706008911133,1.0340583324432373,0.2956081032752991,0,28.121706008911133,0.9569914937019348,0.14780405163764954,0,28.121706008911133,0.8807259798049927,0.14780405163764954,0,28.121706008911133,0.8057632446289062,0.4434121549129486,0,28.121706008911133,0.7325077652931213,0.4434121549129486,0,28.121706008911133,0.6612676382064819,0.2956081032752991,0,28.121706008911133,0.59224534034729,0.2956081032752991,0,28.121706008911133,0.5255480408668518,0.14780405163764954,0,28.121706008911133,0.4611884355545044,0,0,28.121706008911133,0.399079829454422,0.14780405163764954,0,28.121706008911133,0.33905601501464844,0.14780405163764954,0,28.121706008911133,0.2808540463447571,0.14780405163764954,0,28.121706008911133,0.224071204662323,0.14780405163764954,0,28.121706008911133,0.1682579219341278,0,0,28.121706008911133,0.11282344907522202,0,0,28.121706008911133,0.05703790485858917,0,0,28.121706008911133,1.1007048137529063e-12,0.14780405163764954,0,28.121706008911133,1.1007048137529063e-12,0.14780405163764954,0,28.121706008911133,1.7778005599975586,2.523028612136841,0,27.653308868408203,1.7738600969314575,2.523028612136841,0,27.653308868408203,1.7655158042907715,2.752394914627075,0,27.653308868408203,1.7535067796707153,2.1789793968200684,0,27.653308868408203,1.738616704940796,3.5551767349243164,0,27.653308868408203,1.6920019388198853,1.7202467918395996,0,27.653308868408203,1.644193172454834,2.523028612136841,0,27.653308868408203,1.5958324670791626,2.637711763381958,0,27.653308868408203,1.5474613904953003,2.2936625480651855,0,27.653308868408203,1.4995478391647339,1.3761974573135376,0,27.653308868408203,1.4524967670440674,2.637711763381958,0,27.653308868408203,1.4066109657287598,1.6055636405944824,0,27.653308868408203,1.3621598482131958,1.6055636405944824,0,27.653308868408203,1.3193461894989014,1.4908806085586548,0,27.653308868408203,1.2783143520355225,1.2615143060684204,0,27.653308868408203,1.2391915321350098,1.8349299430847168,0,27.653308868408203,1.2020270824432373,1.7202467918395996,0,27.653308868408203,1.1668760776519775,1.1468312740325928,0,27.653308868408203,1.1337305307388306,1.2615143060684204,0,27.653308868408203,1.1025723218917847,1.3761974573135376,0,27.653308868408203,1.0733153820037842,1.3761974573135376,0,27.653308868408203,1.0460467338562012,1.8349299430847168,0,27.653308868408203,1.0206072330474854,1.0321481227874756,0,27.653308868408203,0.9969409108161926,0.8027818202972412,0,27.653308868408203,0.9749687314033508,1.2615143060684204,0,27.653308868408203,0.9545817375183105,1.1468312740325928,0,27.653308868408203,0.9356634616851807,0.6880987286567688,0,27.653308868408203,0.9181079864501953,0.5734156370162964,0,27.653308868408203,0.9017853736877441,0.5734156370162964,0,27.653308868408203,0.8865630030632019,0.8027818202972412,0,27.653308868408203,0.8722896575927734,0.8027818202972412,0,27.653308868408203,0.8588234782218933,0.6880987286567688,0,27.653308868408203,0.8459979891777039,0.5734156370162964,0,27.653308868408203,0.8336347341537476,0.6880987286567688,0,27.653308868408203,0.8215497732162476,0.3440493643283844,0,27.653308868408203,0.8095466494560242,0.2293662428855896,0,27.653308868408203,0.7974081635475159,0.2293662428855896,0,27.653308868408203,0.7849178910255432,0.2293662428855896,0,27.653308868408203,0.7718368172645569,0.2293662428855896,0,27.653308868408203,0.7579243183135986,0,0,27.653308868408203,0.7429381608963013,0.3440493643283844,0,27.653308868408203,0.7266255021095276,0.3440493643283844,0,27.653308868408203,0.708746075630188,0,0,27.653308868408203,0.6890642046928406,0.2293662428855896,0,27.653308868408203,0.6673511266708374,0.1146831214427948,0,27.653308868408203,0.6434267163276672,0,0,27.653308868408203,0.6171085834503174,0,0,27.653308868408203,0.5882843136787415,0,0,27.653308868408203,0.5569276809692383,0.1146831214427948,0,27.653308868408203,0.5230298638343811,0.1146831214427948,0,27.653308868408203,0.4866713285446167,0,0,27.653308868408203,0.44802287220954895,0.2293662428855896,0,27.653308868408203,0.40734103322029114,0,0,27.653308868408203,0.3649801015853882,0,0,27.653308868408203,0.3213821053504944,0,0,27.653308868408203,0.27707067131996155,0,0,27.653308868408203,0.23264028131961823,0,0,27.653308868408203,0.18873532116413116,0,0,27.653308868408203,0.14602938294410706,0.1146831214427948,0,27.653308868408203,0.105194590985775,0,0,27.653308868408203,0.06687327474355698,0,0,27.653308868408203,0.031645528972148895,0,0,27.653308868408203,1.7386167375579853e-12,0,0,27.653308868408203,1.7386167375579853e-12,0.2293662428855896,0,27.653308868408203,1.3725833892822266,2.4389665126800537,0,27.63102149963379,1.3701657056808472,2.6606907844543457,0,27.63102149963379,1.369874358177185,1.6629316806793213,0,27.63102149963379,1.3714652061462402,1.4412075281143188,0,27.63102149963379,1.3748208284378052,2.54982852935791,0,27.63102149963379,1.3798162937164307,3.436725616455078,0,27.63102149963379,1.3622342348098755,1.5520695447921753,0,27.63102149963379,1.3459457159042358,2.4389665126800537,0,27.63102149963379,1.3307783603668213,1.7737938165664673,0,27.63102149963379,1.3165911436080933,2.3281044960021973,0,27.63102149963379,1.303246021270752,2.2172422409057617,0,27.63102149963379,1.2906155586242676,1.7737938165664673,0,27.63102149963379,1.2785571813583374,2.4389665126800537,0,27.63102149963379,1.2669333219528198,1.5520695447921753,0,27.63102149963379,1.2556324005126953,1.9955180883407593,0,27.63102149963379,1.2445228099822998,1.5520695447921753,0,27.63102149963379,1.233505368232727,1.6629316806793213,0,27.63102149963379,1.2224427461624146,1.7737938165664673,0,27.63102149963379,1.2112377882003784,1.3303453922271729,0,27.63102149963379,1.1997714042663574,1.2194832563400269,0,27.63102149963379,1.1879332065582275,1.3303453922271729,0,27.63102149963379,1.1756207942962646,0.9977590441703796,0,27.63102149963379,1.1627442836761475,1.2194832563400269,0,27.63102149963379,1.1492074728012085,1.1086211204528809,0,27.63102149963379,1.1349080801010132,0.5543105602264404,0,27.63102149963379,1.1197634935379028,0.7760347723960876,0,27.63102149963379,1.1036826372146606,0.4434484541416168,0,27.63102149963379,1.0866048336029053,0.4434484541416168,0,27.63102149963379,1.0684598684310913,1.1086211204528809,0,27.63102149963379,1.049162745475769,1.1086211204528809,0,27.63102149963379,1.0286667346954346,0.5543105602264404,0,27.63102149963379,1.006973147392273,0.6651726961135864,0,27.63102149963379,0.9840055108070374,0.2217242270708084,0,27.63102149963379,0.9599109292030334,0.3325863480567932,0,27.63102149963379,0.9343970417976379,0.6651726961135864,0,27.63102149963379,0.9075608849525452,0.1108621135354042,0,27.63102149963379,0.8794366121292114,0.2217242270708084,0,27.63102149963379,0.8500442504882812,0.2217242270708084,0,27.63102149963379,0.8194223642349243,0.2217242270708084,0,27.63102149963379,0.7876319885253906,0.2217242270708084,0,27.63102149963379,0.7547462582588196,0.2217242270708084,0,27.63102149963379,0.7208288311958313,0.1108621135354042,0,27.63102149963379,0.6859736442565918,0.1108621135354042,0,27.63102149963379,0.6502925157546997,0,0,27.63102149963379,0.6138922572135925,0.2217242270708084,0,27.63102149963379,0.576899528503418,0.2217242270708084,0,27.63102149963379,0.5394457578659058,0.1108621135354042,0,27.63102149963379,0.5016781687736511,0.1108621135354042,0,27.63102149963379,0.46374452114105225,0.1108621135354042,0,27.63102149963379,0.4257996678352356,0,0,27.63102149963379,0.3880007565021515,0,0,27.63102149963379,0.3505079448223114,0,0,27.63102149963379,0.31348076462745667,0.1108621135354042,0,27.63102149963379,0.2770763337612152,0.1108621135354042,0,27.63102149963379,0.24144704639911652,0,0,27.63102149963379,0.20674052834510803,0,0,27.63102149963379,0.173096165060997,0,0,27.63102149963379,0.1406445950269699,0,0,27.63102149963379,0.10950477421283722,0,0,27.63102149963379,0.07978412508964539,0,0,27.63102149963379,0.051576122641563416,0.1108621135354042,0,27.63102149963379,0.024960016831755638,0,0,27.63102149963379,1.3798162916064949e-12,0,0,27.63102149963379,1.3798162916064949e-12,0.2217242270708084,0,27.63102149963379,2.645362138748169,2.482785701751709,0,27.635936737060547,2.645362138748169,2.896583318710327,0,27.635936737060547,2.6323928833007812,4.137976169586182,0,27.635936737060547,2.573673963546753,2.068988084793091,0,27.635936737060547,2.5062685012817383,2.482785701751709,0,27.635936737060547,2.432023048400879,2.206920623779297,0,27.635936737060547,2.352694511413574,2.620718240737915,0,27.635936737060547,2.269843339920044,2.068988084793091,0,27.635936737060547,2.184882402420044,2.068988084793091,0,27.635936737060547,2.0990517139434814,2.620718240737915,0,27.635936737060547,2.013408899307251,2.206920623779297,0,27.635936737060547,1.9288325309753418,1.3793253898620605,0,27.635936737060547,1.8460609912872314,2.896583318710327,0,27.635936737060547,1.765662670135498,0.8275952339172363,0,27.635936737060547,1.6880812644958496,2.482785701751709,0,27.635936737060547,1.6136562824249268,2.344853162765503,0,27.635936737060547,1.5426090955734253,1.7931230068206787,0,27.635936737060547,1.4750932455062866,0.9655277729034424,0,27.635936737060547,1.4111722707748413,0.8275952339172363,0,27.635936737060547,1.3508533239364624,0.8275952339172363,0,27.635936737060547,1.294107437133789,1.9310555458068848,0,27.635936737060547,1.240846872329712,1.6551904678344727,0,27.635936737060547,1.1909725666046143,0.9655277729034424,0,27.635936737060547,1.1443629264831543,0.8275952339172363,0,27.635936737060547,1.1008670330047607,1.5172579288482666,0,27.635936737060547,1.06031334400177,1.1034603118896484,0,27.635936737060547,1.0225398540496826,0.9655277729034424,0,27.635936737060547,0.9874939322471619,0.8275952339172363,0,27.635936737060547,0.9547751545906067,0.6896626949310303,0,27.635936737060547,0.924311101436615,1.5172579288482666,0,27.635936737060547,0.8959136605262756,0.9655277729034424,0,27.635936737060547,0.8693958520889282,1.2413928508758545,0,27.635936737060547,0.8445754647254944,0.8275952339172363,0,27.635936737060547,0.8212651014328003,0.8275952339172363,0,27.635936737060547,0.7992702722549438,1.3793253898620605,0,27.635936737060547,0.7783927321434021,0.5517301559448242,0,27.635936737060547,0.7584394812583923,0.5517301559448242,0,27.635936737060547,0.7392079830169678,0.5517301559448242,0,27.635936737060547,0.7204881310462952,0.6896626949310303,0,27.635936737060547,0.7020629644393921,0.41379761695861816,0,27.635936737060547,0.6837118268013,1.1034603118896484,0,27.635936737060547,0.6652095913887024,0.13793253898620605,0,27.635936737060547,0.6463273763656616,0.41379761695861816,0,27.635936737060547,0.626829981803894,0.2758650779724121,0,27.635936737060547,0.6064873337745667,0.41379761695861816,0,27.635936737060547,0.5850725173950195,0.13793253898620605,0,27.635936737060547,0.5623661279678345,0.5517301559448242,0,27.635936737060547,0.5381618142127991,0.13793253898620605,0,27.635936737060547,0.5122848749160767,0.2758650779724121,0,27.635936737060547,0.48458537459373474,0.41379761695861816,0,27.635936737060547,0.4549492597579956,0.2758650779724121,0,27.635936737060547,0.42332178354263306,0.2758650779724121,0,27.635936737060547,0.38969433307647705,0,0,27.635936737060547,0.3541584610939026,0.13793253898620605,0,27.635936737060547,0.3168424367904663,0,0,27.635936737060547,0.27799105644226074,0.13793253898620605,0,27.635936737060547,0.2379276007413864,0,0,27.635936737060547,0.19706067442893982,0,0,27.635936737060547,0.1558840423822403,0.13793253898620605,0,27.635936737060547,0.11496122926473618,0,0,27.635936737060547,0.07490790635347366,0.13793253898620605,0,27.635936737060547,0.0363708920776844,0,0,27.635936737060547,2.06672079450243e-9,0,0,27.635936737060547,2.632392784654436e-12,0.2758650779724121,0,27.635936737060547,0.6633030772209167,2.590935468673706,0,28.69215965270996,0.6662104725837708,1.813654899597168,0,28.69215965270996,0.6849151253700256,2.8500289916992188,0,28.69215965270996,0.639046311378479,2.2022953033447266,0,28.69215965270996,0.6032503247261047,1.9432016611099243,0,28.69215965270996,0.5756555795669556,2.3318419456481934,0,28.69215965270996,0.5549187064170837,2.0727484226226807,0,28.69215965270996,0.5400834679603577,2.590935468673706,0,28.69215965270996,0.5304842591285706,2.2022953033447266,0,28.69215965270996,0.5256801247596741,2.2022953033447266,0,28.69215965270996,0.5254065990447998,2.590935468673706,0,28.69215965270996,0.529545247554779,1.9432016611099243,0,28.69215965270996,0.538097083568573,2.0727484226226807,0,28.69215965270996,0.5511645078659058,2.4613888263702393,0,28.69215965270996,0.5689332485198975,2.2022953033447266,0,28.69215965270996,0.5916570425033569,1.9432016611099243,0,28.69215965270996,0.6196388006210327,1.9432016611099243,0,28.69215965270996,0.6532101035118103,2.0727484226226807,0,28.69215965270996,0.6927073001861572,1.1659209728240967,0,28.69215965270996,0.7384406924247742,1.5545613765716553,0,28.69215965270996,0.7906607985496521,1.295467734336853,0,28.69215965270996,0.8495190739631653,1.0363742113113403,0,28.69215965270996,0.9150246977806091,1.1659209728240967,0,28.69215965270996,0.9870001673698425,1.1659209728240967,0,28.69215965270996,1.0650403499603271,0.906827449798584,0,28.69215965270996,1.1484715938568115,0.906827449798584,0,28.69215965270996,1.2363284826278687,1.4250144958496094,0,28.69215965270996,1.3273334503173828,0.906827449798584,0,28.69215965270996,1.4199061393737793,1.1659209728240967,0,28.69215965270996,1.5121840238571167,1.0363742113113403,0,28.69215965270996,1.602074384689331,1.295467734336853,0,28.69215965270996,1.6873193979263306,0.6477338671684265,0,28.69215965270996,1.7655882835388184,1.0363742113113403,0,28.69215965270996,1.8345831632614136,0.906827449798584,0,28.69215965270996,1.8921494483947754,0.5181871056556702,0,28.69215965270996,1.9363901615142822,0.906827449798584,0,28.69215965270996,1.9657602310180664,0.2590935528278351,0,28.69215965270996,1.9791700839996338,0.5181871056556702,0,28.69215965270996,1.976021409034729,0.3886403441429138,0,28.69215965270996,1.9562492370605469,0.12954677641391754,0,28.69215965270996,1.9203113317489624,0.2590935528278351,0,28.69215965270996,1.8691531419754028,0.2590935528278351,0,28.69215965270996,1.8041716814041138,0.12954677641391754,0,28.69215965270996,1.726915955543518,0.2590935528278351,0,28.69215965270996,1.6396632194519043,0.2590935528278351,0,28.69215965270996,1.5443172454833984,0,0,28.69215965270996,1.4430471658706665,0.3886403441429138,0,28.69215965270996,1.3379061222076416,0.12954677641391754,0,28.69215965270996,1.230818510055542,0.12954677641391754,0,28.69215965270996,1.1235145330429077,0,0,28.69215965270996,1.0174620151519775,0,0,28.69215965270996,0.9138533473014832,0,0,28.69215965270996,0.8135884404182434,0.2590935528278351,0,28.69215965270996,0.7172796130180359,0,0,28.69215965270996,0.6252648234367371,0.2590935528278351,0,28.69215965270996,0.5376102328300476,0,0,28.69215965270996,0.45413175225257874,0.12954677641391754,0,28.69215965270996,0.37441104650497437,0,0,28.69215965270996,0.29780155420303345,0,0,28.69215965270996,0.22340548038482666,0.12954677641391754,0,28.69215965270996,0.15005038678646088,0,0,28.69215965270996,0.07622945308685303,0,0,28.69215965270996,3.681905225150217e-9,0.12954677641391754,0,28.69215965270996,6.849151237484086e-13,0.2590935528278351,0,28.69215965270996,3.054760456085205,2.175508737564087,0,27.63102149963379,3.054807662963867,3.0713062286376953,0,27.63102149963379,3.0235629081726074,2.0475375652313232,0,27.63102149963379,2.9751780033111572,1.6636242866516113,0,27.63102149963379,2.9115772247314453,2.431450843811035,0,27.63102149963379,2.8347747325897217,2.431450843811035,0,27.63102149963379,2.746899127960205,2.6873929500579834,0,27.63102149963379,2.650012969970703,1.4076820611953735,0,27.63102149963379,2.5461196899414062,1.5356531143188477,0,27.63102149963379,2.4371206760406494,2.815364122390747,0,27.63102149963379,2.3247499465942383,1.7915953397750854,0,27.63102149963379,2.210582971572876,2.6873929500579834,0,27.63102149963379,2.0960116386413574,1.7915953397750854,0,27.63102149963379,1.9822405576705933,1.5356531143188477,0,27.63102149963379,1.8702982664108276,1.9195665121078491,0,27.63102149963379,1.7610303163528442,1.4076820611953735,0,27.63102149963379,1.6551156044006348,1.6636242866516113,0,27.63102149963379,1.553079605102539,1.5356531143188477,0,27.63102149963379,1.4553122520446777,1.2797110080718994,0,27.63102149963379,1.3620833158493042,1.7915953397750854,0,27.63102149963379,1.2735576629638672,1.1517398357391357,0,27.63102149963379,1.1898106336593628,1.0237687826156616,0,27.63102149963379,1.1108428239822388,1.9195665121078491,0,27.63102149963379,1.0365928411483765,1.7915953397750854,0,27.63102149963379,0.9669485092163086,2.0475375652313232,0,27.63102149963379,0.9017618298530579,1.0237687826156616,0,27.63102149963379,0.8408569693565369,1.2797110080718994,0,27.63102149963379,0.7840341329574585,0.5118843913078308,0,27.63102149963379,0.7310816049575806,1.0237687826156616,0,27.63102149963379,0.681781530380249,1.7915953397750854,0,27.63102149963379,0.6359109282493591,0.3839132785797119,0,27.63102149963379,0.5932461619377136,0.3839132785797119,0,27.63102149963379,0.5535702705383301,0.8957976698875427,0,27.63102149963379,0.5166686177253723,0.3839132785797119,0,27.63102149963379,0.4823358356952667,0.7678265571594238,0,27.63102149963379,0.4503733515739441,0.8957976698875427,0,27.63102149963379,0.42059460282325745,0.3839132785797119,0,27.63102149963379,0.3928198218345642,0.6398555040359497,0,27.63102149963379,0.366881787776947,0.3839132785797119,0,27.63102149963379,0.34262150526046753,0.6398555040359497,0,27.63102149963379,0.3198893964290619,0,0,27.63102149963379,0.29854628443717957,0.3839132785797119,0,27.63102149963379,0.27846142649650574,0.5118843913078308,0,27.63102149963379,0.25951215624809265,0.1279710978269577,0,27.63102149963379,0.24158431589603424,0.3839132785797119,0,27.63102149963379,0.22457098960876465,0.3839132785797119,0,27.63102149963379,0.2083732932806015,0.2559421956539154,0,27.63102149963379,0.19289644062519073,0,0,27.63102149963379,0.1780535876750946,0,0,27.63102149963379,0.16376353800296783,0.3839132785797119,0,27.63102149963379,0.1499498337507248,0,0,27.63102149963379,0.13654085993766785,0.1279710978269577,0,27.63102149963379,0.12347228825092316,0.2559421956539154,0,27.63102149963379,0.11068005859851837,0,0,27.63102149963379,0.09811010211706161,0.1279710978269577,0,27.63102149963379,0.0857253447175026,0.1279710978269577,0,27.63102149963379,0.07343459874391556,0,0,27.63102149963379,0.06121686473488808,0.2559421956539154,0,27.63102149963379,0.04903087019920349,0,0,27.63102149963379,0.0368422232568264,0,0,27.63102149963379,0.024622516706585884,0,0,27.63102149963379,0.012347494252026081,0,0,27.63102149963379,8.978663368353068e-10,0.1279710978269577,0,27.63102149963379,3.054807708874341e-12,0.1279710978269577,0,27.63102149963379,0.990349292755127,2.660472869873047,0,28.1204776763916,0.992223858833313,1.9214526414871216,0,28.1204776763916,1.0047340393066406,3.1038851737976074,0,28.1204776763916,1.0272775888442993,2.3648648262023926,0,28.1204776763916,1.0595405101776123,3.2516891956329346,0,28.1204776763916,1.1014312505722046,3.547297239303589,0,28.1204776763916,1.0934416055679321,2.2170608043670654,0,28.1204776763916,1.091975212097168,1.9214526414871216,0,28.1204776763916,1.0964628458023071,1.3302364349365234,0,28.1204776763916,1.106440544128418,2.3648648262023926,0,28.1204776763916,1.1215118169784546,2.3648648262023926,0,28.1204776763916,1.1413241624832153,1.9214526414871216,0,28.1204776763916,1.1655465364456177,1.6258445978164673,0,28.1204776763916,1.193851113319397,1.6258445978164673,0,28.1204776763916,1.2258973121643066,3.1038851737976074,0,28.1204776763916,1.2613179683685303,1.6258445978164673,0,28.1204776763916,1.2997009754180908,2.2170608043670654,0,28.1204776763916,1.3405921459197998,3.2516891956329346,0,28.1204776763916,1.3834724426269531,1.0346283912658691,0,28.1204776763916,1.427765130996704,1.1824324131011963,0,28.1204776763916,1.4728310108184814,1.9214526414871216,0,28.1204776763916,1.5179638862609863,1.7736486196517944,0,28.1204776763916,1.5624094009399414,1.1824324131011963,0,28.1204776763916,1.605360746383667,1.0346283912658691,0,28.1204776763916,1.6459834575653076,1.1824324131011963,0,28.1204776763916,1.6834216117858887,2.2170608043670654,0,28.1204776763916,1.7168313264846802,2.0692567825317383,0,28.1204776763916,1.7453889846801758,0.7390202283859253,0,28.1204776763916,1.7683231830596924,0.5912162065505981,0,28.1204776763916,1.784935474395752,0.8868243098258972,0,28.1204776763916,1.7946244478225708,0.8868243098258972,0,28.1204776763916,1.7969064712524414,1.6258445978164673,0,28.1204776763916,1.7914243936538696,1.4780404567718506,0,28.1204776763916,1.7779823541641235,1.1824324131011963,0,28.1204776763916,1.7565193176269531,0.4434121549129486,0,28.1204776763916,1.7271571159362793,1.1824324131011963,0,28.1204776763916,1.6901401281356812,0.5912162065505981,0,28.1204776763916,1.6458820104599,0.4434121549129486,0,28.1204776763916,1.5948967933654785,0.14780405163764954,0,28.1204776763916,1.5376685857772827,0.4434121549129486,0,28.1204776763916,1.4753450155258179,0.4434121549129486,0,28.1204776763916,1.4084419012069702,0.5912162065505981,0,28.1204776763916,1.33784019947052,0.14780405163764954,0,28.1204776763916,1.264373779296875,0.14780405163764954,0,28.1204776763916,1.1888777017593384,0.4434121549129486,0,28.1204776763916,1.1121464967727661,0.7390202283859253,0,28.1204776763916,1.0349371433258057,0.2956081032752991,0,28.1204776763916,0.957913875579834,0.14780405163764954,0,28.1204776763916,0.8816735744476318,0.14780405163764954,0,28.1204776763916,0.806720495223999,0.4434121549129486,0,28.1204776763916,0.7334550619125366,0.4434121549129486,0,28.1204776763916,0.6621896028518677,0.2956081032752991,0,28.1204776763916,0.5931325554847717,0.2956081032752991,0,28.1204776763916,0.5263842940330505,0.14780405163764954,0,28.1204776763916,0.46196380257606506,0,0,28.1204776763916,0.3997863531112671,0.14780405163764954,0,28.1204776763916,0.3396751880645752,0.14780405163764954,0,28.1204776763916,0.2814631164073944,0.14780405163764954,0,28.1204776763916,0.2245797961950302,0.14780405163764954,0,28.1204776763916,0.16865503787994385,0,0,28.1204776763916,0.1130993515253067,0,0,28.1204776763916,0.057182230055332184,0,0,28.1204776763916,1.1014312292084716e-12,0.14780405163764954,0,28.1204776763916,1.1014312292084716e-12,0.14780405163764954,0,28.1204776763916,1.776809811592102,2.523028612136841,0,27.653291702270508,1.7728707790374756,2.523028612136841,0,27.653291702270508,1.7645281553268433,2.752394914627075,0,27.653291702270508,1.752549171447754,2.1789793968200684,0,27.653291702270508,1.7376788854599,3.5551767349243164,0,27.653291702270508,1.6910229921340942,1.7202467918395996,0,27.653291702270508,1.6431794166564941,2.523028612136841,0,27.653291702270508,1.5947808027267456,2.637711763381958,0,27.653291702270508,1.5463762283325195,2.2936625480651855,0,27.653291702270508,1.4984413385391235,1.3761974573135376,0,27.653291702270508,1.451366901397705,2.637711763381958,0,27.653291702270508,1.4054795503616333,1.6055636405944824,0,27.653291702270508,1.3610296249389648,1.6055636405944824,0,27.653291702270508,1.3182240724563599,1.4908806085586548,0,27.653291702270508,1.2772140502929688,1.2615143060684204,0,27.653291702270508,1.2381078004837036,1.8349299430847168,0,27.653291702270508,1.2009631395339966,1.7202467918395996,0,27.653291702270508,1.1658358573913574,1.1468312740325928,0,27.653291702270508,1.1327446699142456,1.2615143060684204,0,27.653291702270508,1.1016422510147095,1.3761974573135376,0,27.653291702270508,1.072543978691101,1.3761974573135376,0,27.653291702270508,1.0453473329544067,1.8349299430847168,0,27.653291702270508,1.019972324371338,1.0321481227874756,0,27.653291702270508,0.9963778853416443,0.8027818202972412,0,27.653291702270508,0.9744694232940674,1.2615143060684204,0,27.653291702270508,0.9541444182395935,1.1468312740325928,0,27.653291702270508,0.9352999329566956,0.6880987286567688,0,27.653291702270508,0.9178098440170288,0.5734156370162964,0,27.653291702270508,0.9015650153160095,0.5734156370162964,0,27.653291702270508,0.8864216804504395,0.8027818202972412,0,27.653291702270508,0.872236967086792,0.8027818202972412,0,27.653291702270508,0.858859121799469,0.6880987286567688,0,27.653291702270508,0.8461247086524963,0.5734156370162964,0,27.653291702270508,0.8338611125946045,0.6880987286567688,0,27.653291702270508,0.8218737840652466,0.3440493643283844,0,27.653291702270508,0.809970498085022,0.2293662428855896,0,27.653291702270508,0.7979363203048706,0.2293662428855896,0,27.653291702270508,0.7855466604232788,0.2293662428855896,0,27.653291702270508,0.7725653052330017,0.2293662428855896,0,27.653291702270508,0.7587543725967407,0,0,27.653291702270508,0.7438619136810303,0.3440493643283844,0,27.653291702270508,0.7276424169540405,0.3440493643283844,0,27.653291702270508,0.7098444104194641,0,0,27.653291702270508,0.6902310848236084,0.2293662428855896,0,27.653291702270508,0.6685812473297119,0.1146831214427948,0,27.653291702270508,0.6447027921676636,0,0,27.653291702270508,0.6184298396110535,0,0,27.653291702270508,0.5896552205085754,0,0,27.653291702270508,0.5583016276359558,0.1146831214427948,0,27.653291702270508,0.524382472038269,0.1146831214427948,0,27.653291702270508,0.4879843294620514,0,0,27.653291702270508,0.4492765963077545,0.2293662428855896,0,27.653291702270508,0.40851715207099915,0,0,27.653291702270508,0.3660619258880615,0,0,27.653291702270508,0.322354793548584,0,0,27.653291702270508,0.2779221534729004,0,0,27.653291702270508,0.23336151242256165,0,0,27.653291702270508,0.18932247161865234,0,0,27.653291702270508,0.14648208022117615,0.1146831214427948,0,27.653291702270508,0.10551734268665314,0,0,27.653291702270508,0.0670749694108963,0,0,27.653291702270508,0.03173857182264328,0,0,27.653291702270508,1.7376789026787853e-12,0,0,27.653291702270508,1.7376789026787853e-12,0.2293662428855896,0,27.653291702270508,1.3718332052230835,2.4389665126800537,0,27.63102149963379,1.3694162368774414,2.6606907844543457,0,27.63102149963379,1.3691232204437256,1.6629316806793213,0,27.63102149963379,1.3706365823745728,1.4412075281143188,0,27.63102149963379,1.3740156888961792,2.54982852935791,0,27.63102149963379,1.379063367843628,3.436725616455078,0,27.63102149963379,1.3614253997802734,1.5520695447921753,0,27.63102149963379,1.3450859785079956,2.4389665126800537,0,27.63102149963379,1.3298914432525635,1.7737938165664673,0,27.63102149963379,1.315684199333191,2.3281044960021973,0,27.63102149963379,1.3023319244384766,2.2172422409057617,0,27.63102149963379,1.289687991142273,1.7737938165664673,0,27.63102149963379,1.2776103019714355,2.4389665126800537,0,27.63102149963379,1.2659845352172852,1.5520695447921753,0,27.63102149963379,1.2546981573104858,1.9955180883407593,0,27.63102149963379,1.2436119318008423,1.5520695447921753,0,27.63102149963379,1.2326067686080933,1.6629316806793213,0,27.63102149963379,1.2215806245803833,1.7737938165664673,0,27.63102149963379,1.2104101181030273,1.3303453922271729,0,27.63102149963379,1.1989856958389282,1.2194832563400269,0,27.63102149963379,1.1872050762176514,1.3303453922271729,0,27.63102149963379,1.1749626398086548,0.9977590441703796,0,27.63102149963379,1.1621652841567993,1.2194832563400269,0,27.63102149963379,1.1486982107162476,1.1086211204528809,0,27.63102149963379,1.1344770193099976,0.5543105602264404,0,27.63102149963379,1.1194162368774414,0.7760347723960876,0,27.63102149963379,1.103439450263977,0.4434484541416168,0,27.63102149963379,1.0864561796188354,0.4434484541416168,0,27.63102149963379,1.0683996677398682,1.1086211204528809,0,27.63102149963379,1.04920494556427,1.1086211204528809,0,27.63102149963379,1.0288268327713013,0.5543105602264404,0,27.63102149963379,1.0072437524795532,0.6651726961135864,0,27.63102149963379,0.9843569397926331,0.2217242270708084,0,27.63102149963379,0.9602108001708984,0.3325863480567932,0,27.63102149963379,0.9348064064979553,0.6651726961135864,0,27.63102149963379,0.9080687165260315,0.1108621135354042,0,27.63102149963379,0.880017876625061,0.2217242270708084,0,27.63102149963379,0.850716769695282,0.2217242270708084,0,27.63102149963379,0.8201770186424255,0.2217242270708084,0,27.63102149963379,0.7884641885757446,0.2217242270708084,0,27.63102149963379,0.7556334137916565,0.2217242270708084,0,27.63102149963379,0.7217664122581482,0.1108621135354042,0,27.63102149963379,0.6869589686393738,0.1108621135354042,0,27.63102149963379,0.6513054966926575,0,0,27.63102149963379,0.6149229407310486,0.2217242270708084,0,27.63102149963379,0.5779361724853516,0.2217242270708084,0,27.63102149963379,0.5404761433601379,0.1108621135354042,0,27.63102149963379,0.5026870369911194,0.1108621135354042,0,27.63102149963379,0.46472272276878357,0.1108621135354042,0,27.63102149963379,0.42673468589782715,0,0,27.63102149963379,0.3888837397098541,0,0,27.63102149963379,0.35132989287376404,0,0,27.63102149963379,0.31423357129096985,0.1108621135354042,0,27.63102149963379,0.27775439620018005,0.1108621135354042,0,27.63102149963379,0.242045596241951,0,0,27.63102149963379,0.20725692808628082,0,0,27.63102149963379,0.17352895438671112,0,0,27.63102149963379,0.14099422097206116,0,0,27.63102149963379,0.10977379977703094,0,0,27.63102149963379,0.07997611165046692,0,0,27.63102149963379,0.0516967810690403,0.1108621135354042,0,27.63102149963379,0.02501622401177883,0,0,27.63102149963379,1.3790633131977037e-12,0,0,27.63102149963379,1.3790633131977037e-12,0.2217242270708084,0,27.63102149963379,2.583425283432007,2.482785701751709,0,27.635385513305664,2.5834250450134277,2.896583318710327,0,27.635385513305664,2.5721757411956787,4.137976169586182,0,27.635385513305664,2.516390800476074,2.068988084793091,0,27.635385513305664,2.4530537128448486,2.482785701751709,0,27.635385513305664,2.383739709854126,2.206920623779297,0,27.635385513305664,2.3099441528320312,2.620718240737915,0,27.635385513305664,2.233001470565796,2.068988084793091,0,27.635385513305664,2.1541407108306885,2.068988084793091,0,27.635385513305664,2.0744197368621826,2.620718240737915,0,27.635385513305664,1.9947458505630493,2.206920623779297,0,27.635385513305664,1.9159080982208252,1.3793253898620605,0,27.635385513305664,1.8385460376739502,2.896583318710327,0,27.635385513305664,1.763177752494812,0.8275952339172363,0,27.635385513305664,1.690206527709961,2.482785701751709,0,27.635385513305664,1.619950771331787,2.344853162765503,0,27.635385513305664,1.5526206493377686,1.7931230068206787,0,27.635385513305664,1.4883607625961304,0.9655277729034424,0,27.635385513305664,1.4272563457489014,0.8275952339172363,0,27.635385513305664,1.3693267107009888,0.8275952339172363,0,27.635385513305664,1.314568042755127,1.9310555458068848,0,27.635385513305664,1.2629199028015137,1.6551904678344727,0,27.635385513305664,1.214306354522705,0.9655277729034424,0,27.635385513305664,1.1686221361160278,0.8275952339172363,0,27.635385513305664,1.1257481575012207,1.5172579288482666,0,27.635385513305664,1.0855485200881958,1.1034603118896484,0,27.635385513305664,1.0479103326797485,0.9655277729034424,0,27.635385513305664,1.0126310586929321,0.8275952339172363,0,27.635385513305664,0.9795713424682617,0.6896626949310303,0,27.635385513305664,0.9485504031181335,1.5172579288482666,0,27.635385513305664,0.9194445610046387,0.9655277729034424,0,27.635385513305664,0.8920547962188721,1.2413928508758545,0,27.635385513305664,0.8662173748016357,0.8275952339172363,0,27.635385513305664,0.841752827167511,0.8275952339172363,0,27.635385513305664,0.8184778690338135,1.3793253898620605,0,27.635385513305664,0.7962242364883423,0.5517301559448242,0,27.635385513305664,0.7747977375984192,0.5517301559448242,0,27.635385513305664,0.7540096044540405,0.5517301559448242,0,27.635385513305664,0.7336673736572266,0.6896626949310303,0,27.635385513305664,0.7135754227638245,0.41379761695861816,0,27.635385513305664,0.693530261516571,1.1034603118896484,0,27.635385513305664,0.6733289957046509,0.13793253898620605,0,27.635385513305664,0.652763307094574,0.41379761695861816,0,27.635385513305664,0.6316253542900085,0.2758650779724121,0,27.635385513305664,0.6097039580345154,0.41379761695861816,0,27.635385513305664,0.5868037343025208,0.13793253898620605,0,27.635385513305664,0.56273353099823,0.5517301559448242,0,27.635385513305664,0.5373185873031616,0.13793253898620605,0,27.635385513305664,0.5104028582572937,0.2758650779724121,0,27.635385513305664,0.4818640947341919,0.41379761695861816,0,27.635385513305664,0.45160943269729614,0.2758650779724121,0,27.635385513305664,0.4195922911167145,0.2758650779724121,0,27.635385513305664,0.3858087360858917,0,0,27.635385513305664,0.35032445192337036,0.13793253898620605,0,27.635385513305664,0.3132833242416382,0,0,27.635385513305664,0.27488014101982117,0.13793253898620605,0,27.635385513305664,0.2353975623846054,0,0,27.635385513305664,0.1951841413974762,0,0,27.635385513305664,0.15466850996017456,0.13793253898620605,0,27.635385513305664,0.11433824151754379,0,0,27.635385513305664,0.07473301887512207,0.13793253898620605,0,27.635385513305664,0.03642542287707329,0,0,27.635385513305664,2.572175762313722e-12,0,0,27.635385513305664,2.572175762313722e-12,0.2758650779724121,0,27.635385513305664,0.7107230424880981,2.590935468673706,0,28.579547882080078,0.7134952545166016,1.813654899597168,0,28.579547882080078,0.7312905788421631,2.8500289916992188,0,28.579547882080078,0.6868818402290344,2.2022953033447266,0,28.579547882080078,0.6523322463035583,1.9432016611099243,0,28.579547882080078,0.6259298324584961,2.3318419456481934,0,28.579547882080078,0.6064385175704956,2.0727484226226807,0,28.579547882080078,0.5929720997810364,2.590935468673706,0,28.579547882080078,0.5849078297615051,2.2022953033447266,0,28.579547882080078,0.581829309463501,2.2022953033447266,0,28.579547882080078,0.5834820866584778,2.590935468673706,0,28.579547882080078,0.5897417068481445,1.9432016611099243,0,28.579547882080078,0.6005874872207642,2.0727484226226807,0,28.579547882080078,0.6160829067230225,2.4613888263702393,0,28.579547882080078,0.6363556385040283,2.2022953033447266,0,28.579547882080078,0.661579966545105,1.9432016611099243,0,28.579547882080078,0.6919555068016052,1.9432016611099243,0,28.579547882080078,0.7276857495307922,2.0727484226226807,0,28.579547882080078,0.7689538598060608,1.1659209728240967,0,28.579547882080078,0.8158941268920898,1.5545613765716553,0,28.579547882080078,0.8685619235038757,1.295467734336853,0,28.579547882080078,0.9269018769264221,1.0363742113113403,0,28.579547882080078,0.9907140135765076,1.1659209728240967,0,28.579547882080078,1.059622049331665,1.1659209728240967,0,28.579547882080078,1.1330468654632568,0.906827449798584,0,28.579547882080078,1.2101843357086182,0.906827449798584,0,28.579547882080078,1.2899950742721558,1.4250144958496094,0,28.579547882080078,1.3712042570114136,0.906827449798584,0,28.579547882080078,1.4523214101791382,1.1659209728240967,0,28.579547882080078,1.5316654443740845,1.0363742113113403,0,28.579547882080078,1.6074163913726807,1.295467734336853,0,28.579547882080078,1.6776823997497559,0.6477338671684265,0,28.579547882080078,1.7405627965927124,1.0363742113113403,0,28.579547882080078,1.794246792793274,0.906827449798584,0,28.579547882080078,1.8370842933654785,0.5181871056556702,0,28.579547882080078,1.8676700592041016,0.906827449798584,0,28.579547882080078,1.8849196434020996,0.2590935528278351,0,28.579547882080078,1.8881213665008545,0.5181871056556702,0,28.579547882080078,1.8769705295562744,0.3886403441429138,0,28.579547882080078,1.8515766859054565,0.12954677641391754,0,28.579547882080078,1.8124665021896362,0.2590935528278351,0,28.579547882080078,1.7605278491973877,0.2590935528278351,0,28.579547882080078,1.696999430656433,0.12954677641391754,0,28.579547882080078,1.6233304738998413,0.2590935528278351,0,28.579547882080078,1.5411971807479858,0.2590935528278351,0,28.579547882080078,1.4523069858551025,0,0,28.579547882080078,1.3584331274032593,0.3886403441429138,0,28.579547882080078,1.2612924575805664,0.12954677641391754,0,28.579547882080078,1.1624829769134521,0.12954677641391754,0,28.579547882080078,1.0634243488311768,0,0,28.579547882080078,0.965338408946991,0,0,28.579547882080078,0.869234025478363,0,0,28.579547882080078,0.7758810520172119,0.2590935528278351,0,28.579547882080078,0.6858099102973938,0,0,28.579547882080078,0.5993184447288513,0.2590935528278351,0,28.579547882080078,0.5164759159088135,0,0,28.579547882080078,0.43714386224746704,0.12954677641391754,0,28.579547882080078,0.3609806299209595,0,0,28.579547882080078,0.28743162751197815,0,0,28.579547882080078,0.21572467684745789,0.12954677641391754,0,28.579547882080078,0.14484858512878418,0,0,28.579547882080078,0.07349922508001328,0,0,28.579547882080078,7.31290570633869e-13,0.12954677641391754,0,28.579547882080078,7.31290570633869e-13,0.2590935528278351,0,28.579547882080078,2.926422595977783,2.175508737564087,0,27.63102149963379,2.9264631271362305,3.0713062286376953,0,27.63102149963379,2.896263599395752,2.0475375652313232,0,27.63102149963379,2.8513190746307373,1.6636242866516113,0,27.63102149963379,2.793290853500366,2.431450843811035,0,27.63102149963379,2.723858118057251,2.431450843811035,0,27.63102149963379,2.6447677612304688,2.6873929500579834,0,27.63102149963379,2.5577456951141357,1.4076820611953735,0,27.63102149963379,2.4644715785980225,1.5356531143188477,0,27.63102149963379,2.366514205932617,2.815364122390747,0,27.63102149963379,2.2653396129608154,1.7915953397750854,0,27.63102149963379,2.162278413772583,2.6873929500579834,0,27.63102149963379,2.0585169792175293,1.7915953397750854,0,27.63102149963379,1.9550974369049072,1.5356531143188477,0,27.63102149963379,1.8529112339019775,1.9195665121078491,0,27.63102149963379,1.7527083158493042,1.4076820611953735,0,27.63102149963379,1.6550990343093872,1.6636242866516113,0,27.63102149963379,1.5605789422988892,1.5356531143188477,0,27.63102149963379,1.469525694847107,1.2797110080718994,0,27.63102149963379,1.3822152614593506,1.7915953397750854,0,27.63102149963379,1.2988330125808716,1.1517398357391357,0,27.63102149963379,1.2194873094558716,1.0237687826156616,0,27.63102149963379,1.1442188024520874,1.9195665121078491,0,27.63102149963379,1.0730164051055908,1.7915953397750854,0,27.63102149963379,1.0058199167251587,2.0475375652313232,0,27.63102149963379,0.9425349831581116,1.0237687826156616,0,27.63102149963379,0.8830394148826599,1.2797110080718994,0,27.63102149963379,0.827183723449707,0.5118843913078308,0,27.63102149963379,0.7748100757598877,1.0237687826156616,0,27.63102149963379,0.7257438898086548,1.7915953397750854,0,27.63102149963379,0.679806113243103,0.3839132785797119,0,27.63102149963379,0.6368162035942078,0.3839132785797119,0,27.63102149963379,0.5965906381607056,0.8957976698875427,0,27.63102149963379,0.5589503645896912,0.3839132785797119,0,27.63102149963379,0.5237183570861816,0.7678265571594238,0,27.63102149963379,0.49072322249412537,0.8957976698875427,0,27.63102149963379,0.45980024337768555,0.3839132785797119,0,27.63102149963379,0.43079277873039246,0.6398555040359497,0,27.63102149963379,0.4035477042198181,0.3839132785797119,0,27.63102149963379,0.3779207170009613,0.6398555040359497,0,27.63102149963379,0.3537764847278595,0,0,27.63102149963379,0.330984890460968,0.3839132785797119,0,27.63102149963379,0.30942365527153015,0.5118843913078308,0,27.63102149963379,0.28898051381111145,0.1279710978269577,0,27.63102149963379,0.26954397559165955,0.3839132785797119,0,27.63102149963379,0.2510118782520294,0.3839132785797119,0,27.63102149963379,0.23328819870948792,0.2559421956539154,0,27.63102149963379,0.21628084778785706,0,0,27.63102149963379,0.19990570843219757,0,0,27.63102149963379,0.1840812712907791,0.3839132785797119,0,27.63102149963379,0.16873207688331604,0,0,27.63102149963379,0.15378867089748383,0.1279710978269577,0,27.63102149963379,0.1391841471195221,0.2559421956539154,0,27.63102149963379,0.12485428154468536,0,0,27.63102149963379,0.11074355244636536,0.1279710978269577,0,27.63102149963379,0.09678535908460617,0.1279710978269577,0,27.63102149963379,0.08294353634119034,0,0,27.63102149963379,0.06916456669569016,0.2559421956539154,0,27.63102149963379,0.055412422865629196,0,0,27.63102149963379,0.04164758324623108,0,0,27.63102149963379,0.027840444818139076,0,0,27.63102149963379,0.013964234851300716,0,0,27.63102149963379,2.9264631083020243e-12,0.1279710978269577,0,27.63102149963379,2.9264631083020243e-12,0.1279710978269577,0,27.63102149963379,1.084071397781372,2.660472869873047,0,28.009401321411133,1.0858999490737915,1.9214526414871216,0,28.009401321411133,1.0979838371276855,3.1038851737976074,0,28.009401321411133,1.1196975708007812,2.3648648262023926,0,28.009401321411133,1.1506915092468262,3.2516891956329346,0,28.009401321411133,1.1907650232315063,3.547297239303589,0,28.009401321411133,1.1822983026504517,2.2170608043670654,0,28.009401321411133,1.1800484657287598,1.9214526414871216,0,28.009401321411133,1.1834300756454468,1.3302364349365234,0,28.009401321411133,1.1919429302215576,2.3648648262023926,0,28.009401321411133,1.2051533460617065,2.3648648262023926,0,28.009401321411133,1.2226618528366089,1.9214526414871216,0,28.009401321411133,1.2440869808197021,1.6258445978164673,0,28.009401321411133,1.2690529823303223,1.6258445978164673,0,28.009401321411133,1.2971723079681396,3.1038851737976074,0,28.009401321411133,1.3280365467071533,1.6258445978164673,0,28.009401321411133,1.361205816268921,2.2170608043670654,0,28.009401321411133,1.3962042331695557,3.2516891956329346,0,28.009401321411133,1.4325108528137207,1.0346283912658691,0,28.009401321411133,1.4695663452148438,1.1824324131011963,0,28.009401321411133,1.5067646503448486,1.9214526414871216,0,28.009401321411133,1.543462872505188,1.7736486196517944,0,28.009401321411133,1.5789850950241089,1.1824324131011963,0,28.009401321411133,1.6126346588134766,1.0346283912658691,0,28.009401321411133,1.6436964273452759,1.1824324131011963,0,28.009401321411133,1.6714673042297363,2.2170608043670654,0,28.009401321411133,1.6952539682388306,2.0692567825317383,0,28.009401321411133,1.714403748512268,0.7390202283859253,0,28.009401321411133,1.728318691253662,0.5912162065505981,0,28.009401321411133,1.7364696264266968,0.8868243098258972,0,28.009401321411133,1.7384182214736938,0.8868243098258972,0,28.009401321411133,1.7338151931762695,1.6258445978164673,0,28.009401321411133,1.7224448919296265,1.4780404567718506,0,28.009401321411133,1.7041877508163452,1.1824324131011963,0,28.009401321411133,1.6790639162063599,0.4434121549129486,0,28.009401321411133,1.6472097635269165,1.1824324131011963,0,28.009401321411133,1.6088929176330566,0.5912162065505981,0,28.009401321411133,1.5644922256469727,0.4434121549129486,0,28.009401321411133,1.5144509077072144,0.14780405163764954,0,28.009401321411133,1.4593688249588013,0.4434121549129486,0,28.009401321411133,1.3997676372528076,0.4434121549129486,0,28.009401321411133,1.3364020586013794,0.5912162065505981,0,28.009401321411133,1.269920825958252,0.14780405163764954,0,28.009401321411133,1.2010403871536255,0.14780405163764954,0,28.009401321411133,1.130455493927002,0.4434121549129486,0,28.009401321411133,1.058823823928833,0.7390202283859253,0,28.009401321411133,0.98676598072052,0.2956081032752991,0,28.009401321411133,0.9148404002189636,0.14780405163764954,0,28.009401321411133,0.8435399532318115,0.14780405163764954,0,28.009401321411133,0.7732933163642883,0.4434121549129486,0,28.009401321411133,0.7044431567192078,0.4434121549129486,0,28.009401321411133,0.6372532844543457,0.2956081032752991,0,28.009401321411133,0.5719050168991089,0.2956081032752991,0,28.009401321411133,0.5084912180900574,0.14780405163764954,0,28.009401321411133,0.44703271985054016,0,0,28.009401321411133,0.38746151328086853,0.14780405163764954,0,28.009401321411133,0.32964518666267395,0.14780405163764954,0,28.009401321411133,0.2733391523361206,0.14780405163764954,0,28.009401321411133,0.21822716295719147,0.14780405163764954,0,28.009401321411133,0.16391296684741974,0,0,28.009401321411133,0.10988231003284454,0,0,28.009401321411133,0.05550413578748703,0,0,28.009401321411133,1.19076504299237e-12,0.14780405163764954,0,28.009401321411133,1.19076504299237e-12,0.14780405163764954,0,28.009401321411133,1.7739150524139404,2.523028612136841,0,27.650957107543945,1.7703640460968018,2.523028612136841,0,27.650957107543945,1.7629131078720093,2.752394914627075,0,27.650957107543945,1.7522039413452148,2.1789793968200684,0,27.650957107543945,1.7389003038406372,3.5551767349243164,0,27.650957107543945,1.6937241554260254,1.7202467918395996,0,27.650957107543945,1.647480845451355,2.523028612136841,0,27.650957107543945,1.6007317304611206,2.637711763381958,0,27.650957107543945,1.5539644956588745,2.2936625480651855,0,27.650957107543945,1.5076018571853638,1.3761974573135376,0,27.650957107543945,1.4619896411895752,2.637711763381958,0,27.650957107543945,1.4174318313598633,1.6055636405944824,0,27.650957107543945,1.3741642236709595,1.6055636405944824,0,27.650957107543945,1.3323780298233032,1.4908806085586548,0,27.650957107543945,1.2921944856643677,1.2615143060684204,0,27.650957107543945,1.2537251710891724,1.8349299430847168,0,27.650957107543945,1.2170650959014893,1.7202467918395996,0,27.650957107543945,1.1822149753570557,1.1468312740325928,0,27.650957107543945,1.1492137908935547,1.2615143060684204,0,27.650957107543945,1.1180510520935059,1.3761974573135376,0,27.650957107543945,1.0886969566345215,1.3761974573135376,0,27.650957107543945,1.0610262155532837,1.8349299430847168,0,27.650957107543945,1.0350691080093384,1.0321481227874756,0,27.650957107543945,1.0107172727584839,0.8027818202972412,0,27.650957107543945,0.9879181385040283,1.2615143060684204,0,27.650957107543945,0.9665511846542358,1.1468312740325928,0,27.650957107543945,0.9465329051017761,0.6880987286567688,0,27.650957107543945,0.9277417659759521,0.5734156370162964,0,27.650957107543945,0.9100720286369324,0.5734156370162964,0,27.650957107543945,0.8933930397033691,0.8027818202972412,0,27.650957107543945,0.8775707483291626,0.8027818202972412,0,27.650957107543945,0.8624634146690369,0.6880987286567688,0,27.650957107543945,0.8479146361351013,0.5734156370162964,0,27.650957107543945,0.8337711095809937,0.6880987286567688,0,27.650957107543945,0.8198568224906921,0.3440493643283844,0,27.650957107543945,0.805992066860199,0.2293662428855896,0,27.650957107543945,0.791987955570221,0.2293662428855896,0,27.650957107543945,0.7776510119438171,0.2293662428855896,0,27.650957107543945,0.762769341468811,0.2293662428855896,0,27.650957107543945,0.7471368908882141,0,0,27.650957107543945,0.7305355668067932,0.3440493643283844,0,27.650957107543945,0.7127560377120972,0.3440493643283844,0,27.650957107543945,0.6935853958129883,0,0,27.650957107543945,0.6728225946426392,0.2293662428855896,0,27.650957107543945,0.6502864956855774,0.1146831214427948,0,27.650957107543945,0.62580406665802,0,0,27.650957107543945,0.5992478132247925,0,0,27.650957107543945,0.5705015659332275,0,0,27.650957107543945,0.5395747423171997,0.1146831214427948,0,27.650957107543945,0.5064175128936768,0.1146831214427948,0,27.650957107543945,0.471117228269577,0,0,27.650957107543945,0.4338155686855316,0.2293662428855896,0,27.650957107543945,0.3947259187698364,0,0,27.650957107543945,0.3541427552700043,0,0,27.650957107543945,0.3124333322048187,0,0,27.650957107543945,0.27003809809684753,0,0,27.650957107543945,0.2274595946073532,0,0,27.650957107543945,0.18525007367134094,0,0,27.650957107543945,0.14399279654026031,0.1146831214427948,0,27.650957107543945,0.1042817011475563,0,0,27.650957107543945,0.0666964203119278,0,0,27.650957107543945,0.03177746757864952,0,0,27.650957107543945,1.7389002564260903e-12,0,0,27.650957107543945,1.7389002564260903e-12,0.2293662428855896,0,27.650957107543945,1.3958029747009277,2.4389665126800537,0,27.63102149963379,1.3935034275054932,2.6606907844543457,0,27.63102149963379,1.3935033082962036,1.6629316806793213,0,27.63102149963379,1.3949569463729858,1.4412075281143188,0,27.63102149963379,1.3980686664581299,2.54982852935791,0,27.63102149963379,1.4027178287506104,3.436725616455078,0,27.63102149963379,1.3839341402053833,1.5520695447921753,0,27.63102149963379,1.366336464881897,2.4389665126800537,0,27.63102149963379,1.3498135805130005,1.7737938165664673,0,27.63102149963379,1.3341938257217407,2.3281044960021973,0,27.63102149963379,1.3193365335464478,2.2172422409057617,0,27.63102149963379,1.3051337003707886,1.7737938165664673,0,27.63102149963379,1.2914488315582275,2.4389665126800537,0,27.63102149963379,1.27816903591156,1.5520695447921753,0,27.63102149963379,1.2651787996292114,1.9955180883407593,0,27.63102149963379,1.252361536026001,1.5520695447921753,0,27.63102149963379,1.2396106719970703,1.6629316806793213,0,27.63102149963379,1.2268232107162476,1.7737938165664673,0,27.63102149963379,1.2139006853103638,1.3303453922271729,0,27.63102149963379,1.2007460594177246,1.2194832563400269,0,27.63102149963379,1.187258005142212,1.3303453922271729,0,27.63102149963379,1.1733418703079224,0.9977590441703796,0,27.63102149963379,1.1589045524597168,1.2194832563400269,0,27.63102149963379,1.1438745260238647,1.1086211204528809,0,27.63102149963379,1.1281564235687256,0.5543105602264404,0,27.63102149963379,1.1116851568222046,0.7760347723960876,0,27.63102149963379,1.0943794250488281,0.4434484541416168,0,27.63102149963379,1.0761710405349731,0.4434484541416168,0,27.63102149963379,1.0570138692855835,1.1086211204528809,0,27.63102149963379,1.0368328094482422,1.1086211204528809,0,27.63102149963379,1.0155868530273438,0.5543105602264404,0,27.63102149963379,0.993269681930542,0.6651726961135864,0,27.63102149963379,0.9698463678359985,0.2217242270708084,0,27.63102149963379,0.9452773332595825,0.3325863480567932,0,27.63102149963379,0.9195669889450073,0.6651726961135864,0,27.63102149963379,0.8927233219146729,0.1108621135354042,0,27.63102149963379,0.8647258877754211,0.2217242270708084,0,27.63102149963379,0.8356083035469055,0.2217242270708084,0,27.63102149963379,0.805405855178833,0.2217242270708084,0,27.63102149963379,0.774170458316803,0.2217242270708084,0,27.63102149963379,0.7419540882110596,0.2217242270708084,0,27.63102149963379,0.7088239789009094,0.1108621135354042,0,27.63102149963379,0.67485511302948,0.1108621135354042,0,27.63102149963379,0.6401351094245911,0,0,27.63102149963379,0.6047627329826355,0.2217242270708084,0,27.63102149963379,0.5688474178314209,0.2217242270708084,0,27.63102149963379,0.5324995517730713,0.1108621135354042,0,27.63102149963379,0.4958435297012329,0.1108621135354042,0,27.63102149963379,0.45900899171829224,0.1108621135354042,0,27.63102149963379,0.4221299886703491,0,0,27.63102149963379,0.3853461742401123,0,0,27.63102149963379,0.34879568219184875,0,0,27.63102149963379,0.3126196563243866,0.1108621135354042,0,27.63102149963379,0.27695807814598083,0.1108621135354042,0,27.63102149963379,0.2419499009847641,0,0,27.63102149963379,0.20772849023342133,0,0,27.63102149963379,0.17442244291305542,0,0,27.63102149963379,0.1421537548303604,0,0,27.63102149963379,0.1110362559556961,0,0,27.63102149963379,0.08117412775754929,0,0,27.63102149963379,0.0526612363755703,0.1108621135354042,0,27.63102149963379,0.025579899549484253,0,0,27.63102149963379,1.0672971534342324e-10,0,0,27.63102149963379,1.402717785675689e-12,0.2217242270708084,0,27.63102149963379,0,0,0,0,0,0,0,0,0,0,0,0,0,0,0,0,0,0,0,0,0,0,0,0,0,0,0,0,0,0,0,0,0,0,0,0,0,0,0,0,0,0,0,0,0,0,0,0,0,0,0,0,0,0,0,0,0,0,0,0,0,0,0,0,0,0,0,0,0,0,0,0,0,0,0,0,0,0,0,0,0,0,0,0,0,0,0,0,0,0,0,0,0,0,0,0,0,0,0,0,0,0,0,0,0,0,0,0,0,0,0,0,0,0,0,0,0,0,0,0,0,0,0,0,0,0,0,0,0,0,0,0,0,0,0,0,0,0,0,0,0,0,0,0,0,0,0,0,0,0,0,0,0,0,0,0,0,0,0,0,0,0,0,0,0,0,0,0,0,0,0,0,0,0,0,0,0,0,0,0,0,0,0,0,0,0,0,0,0,0,0,0,0,0,0,0,0,0,0,0,0,0,0,0,0,0,0,0,0,0,0,0,0,0,0,0,0,0,0,0,0,0,0,0,0,0,0,0,0,0,0,0,0,0,0,0,0,0,0,0,0,0,0,0,0,0,0,0,0,0,0,0,0,0,0,0,0,0,0,0,0,0,0,0,0,0,0,0,0,0,0,0,0,0,0,0,0,0,0,0,0,0,0,0,0,0,0,0,0,0,0,0,0,0,0,0,0,0,0,0,0,0,0,0,0,0,0,0,0,0,0,0,0,0,0,0,0,0,0,0,0,0,0,0,0,0,0,0,0,0,0,0,0,0,0,0,0,0,0,0,0,0,0,0,0,0,0,0,0,0,0,0,0,0,0,0,0,0,0,0,0,0,0,0,0,0,0,0,0,0,0,0,0,0,0,0,0,0,0,0,0,0,0,0,0,0,0,0,0,0,0,0,0,0,0,0,0,0,0,0,0,0,0,0,0,0,0,0,0,0,0,0,0,0,0,0,0,0,0,0,0,0,0,0,0,0,0,0,0,0,0,0,0,0,0,0,0,0,0,0,0,0,0,0,0,0,0,0,0,0,0,0,0,0,0,0,0,0,0,0,0,0,0,0,0,0,0,0,0,0,0,0,0,0,0,0,0,0,0,0,0,0,0,0,0,0,0,0,0,0,0,0,0,0,0,0,0,0,0,0,0,0,0,0,0,0,0,0,0,0,0,0,0,0,0,0,0,0,0,0,0,0,0,0,0,0,0,0,0,0,0,0,0,0,0,0,0,0,0,0,0,0,0,0,0,0,0,0,0,0,0,0,0,0,0,0,0,0,0,0,0,0,0,0,0,0,0,0,0,0,0,0,0,0,0,0,0,0,0,0,0,0,0,0,0,0,0,0,0,0,0,0,0,0,0,0,0,0,0,0,0,0,0,0,0,0,0,0,0,0,0,0,0,0,0,0,0,0,0,0,0,0,0,0,0,0,0,0,0,0,0,0,0,0,0,0,0,0,0,0,0,0,0,0,0,0,0,0,0,0,0,0,0,0,0,0,0,0,0,0,0,0,0,0,0,0,0,0,0,0,0,0,0,0,0,0,0,0,0,0,0,0,0,0,0,0,0,0,0,0,0,0,0,0,0,0,0,0,0,0,0,0,0,0,0,0,0,0,0,0,0,0,0,0,0,0,0,0,0,0,0,0,0,0,0,0,0,0,0,0,0,0,0,0,0,0,0,0,0,0,0,0,0,0,0,0,0,0,0,0,0,0,0,0,0,0,0,0,0,0,0,0,0,0,0,0,0,0,0,0,0,0,0,0,0,0,0,0,0,0,0,0,0,0,0,0,0,0,0,0,0,0,0,0,0,0,0,0,0,0,0,0,0,0,0,0,0,0,0,0,0,0,0,0,0,0,0,0,0,0,0,0,0,0,0,0,0,0,0,0,0,0,0,0,0,0,0,0,0,0,0,0,0,0,0,0,0,0,0,0,0,0,0,0,0,0,0,0,0,0,0,0,0,0,0,0,0,0,0,0,0,0,0,0,0,0,0,0,0,0,0,0,0,0,0,0,0,0,0,0,0,0,0,0,0,0,0,0,0,0,0,0,0,0,0,0,0,0,0,0,0,0,0,0,0,0,0,0,0,0,0,0,0,0,0,0,0,0,0,0,0,0,0,0,0,0,0,0,0,0,0,0,0,0,0,0,0,0,0,0,0,0,0,0,0,0,0,0,0,0,0,0,0,0,0,0,0,0,0,0,0,0,0,0,0,0,0,0,0,0,0,0,0,0,0,0,0,0,0,0,0,0,0,0,0,0,0,0,0,0,0,0,0,0,0,0,0,0,0,0,0,0,0,0,0,0,0,0,0,0,0,0,0,0,0,0,0,0,0,0,0,0,0,0,0,0,0,0,0,0,0,0,0,0,0,0,0,0,0,0,0,0,0,0,0,0,0,0,0,0,0,0,0,0,0,0,0,0,0,0,0,0,0,0,0,0,0,0,0,0,0,0,0,0,0,0,0,0,0,0,0,0,0,0,0,0,0,0,0,0,0,0,0,0,0,0,0,0,0,0,0,0,0,0,0,0,0,0,0,0,0,0,0,0,0,0,0,0,0,0,0,0,0,0,0,0,0,0,0,0,0,0,0,0,0,0,0,0,0,0,0,0,0,0,0,0,0,0,0,0,0,0,0,0,0,0,0,0,0,0,0,0,0,0,0,0,0,0,0,0,0,0,0,0,0,0,0,0,0,0,0,0,0,0,0,0,0,0,0,0,0,0,0,0,0,0,0,0,0,0,0,0,0,0,0,0,0,0,0,0,0,0,0,0,0,0,0,0,0,0,0,0,0,0,0,0,0,0,0,0,0,0,0,0,0,0,0,0,0,0,0,0,0,0,0,0,0,0,0,0,0,0,0,0,0,0,0,0,0,0,0,0,0,0,0,0,0,0,0,0,0,0,0,0,0,0,0,0,0,0,0,0,0,0,0,0,0,0,0,0,0,0,0,0,0,0,0,0,0,0,0,0,0,0,0,0,0,0,0,0,0,0,0,0,0,0,0,0,0,0,0,0,0,0,0,0,0,0,0,0,0,0,0,0,0,0,0,0,0,0,0,0,0,0,0,0,0,0,0,0,0,0,0,0,0,0,0,0,0,0,0,0,0,0,0,0,0,0,0,0,0,0,0,0,0,0,0,0,0,0,0,0,0,0,0,0,0,0,0,0,0,0,0,0,0,0,0,0,0,0,0,0,0,0,0,0,0,0,0,0,0,0,0,0,0,0,0,0,0,0,0,0,0,0,0,0,0,0,0,0,0,0,0,0,0,0,0,0,0,0,0,0,0,0,0,0,0,0,0,0,0,0,0,0,0,0,0,0,0,0,0,0,0,0,0,0,0,0,0,0,0,0,0,0,0,0,0,0,0,0,0,0,0,0,0,0,0,0,0,0,0,0,0,0,0,0,0,0,0,0,0,0,0,0,0,0,0,0,0,0,0,0,0,0,0,0,0,0,0,0,0,0,0,0,0,0,0,0,0,0,0,0,0,0,0,0,0,0,0,0,0,0,0,0,0,0,0,0,0,0,0,0,0,0,0,0,0,0,0,0,0,0,0,0,0,0,0,0,0,0,0,0,0,0,0,0,0,0,0,0,0,0,0,0,0,0,0,0,0,0,0,0,0,0,0,0,0,0,0,0,0,0,0,0,0,0,0,0,0,0,0,0,0,0,0,0,0,0,0,0,0,0,0,0,0,0,0,0,0,0,0,0,0,0,0,0,0,0,0,0,0,0,0,0,0,0,0,0,0,0,0,0,0,0,0,0,0,0,0,0,0,0,0,0,0,0,0,0,0,0,0,0,0,0,0,0,0,0,0,0,0,0,0,0,0,0,0,0,0,0,0,0,0,0,0,0,0,0,0,0,0,0,0,0,0,0,0,0,0,0,0,0,0,0,0,0,0,0,0,0,0,0,0,0,0,0,0,0,0,0,0,0,0,0,0,0,0,0,0,0,0,0,0,0,0,0,0,0,0,0,0,0,0,0,0,0,0,0,0,0,0,0,0,0,0,0,0,0,0,0,0,0,0,0,0,0,0,0,0,0,0,0,0,0,0,0,0,0,0,0,0,0,0,0,0,0,0,0,0,0,0,0,0,0,0,0,0,0,0,0,0,0,0,0,0,0,0,0,0,0,0,0,0,0,0,0,0,0,0,0,0,0,0,0,0,0,0,0,0,0,0,0,0,0,0,0,0,0,0,0,0,0,0,0,0,0,0,0,0,0,0,0,0,0,0,0,0,0,0,0,0,0,0,0,0,0,0,0,0,0,0,0,0,0,0,0,0,0,0,0,0,0,0,0,0,0,0,0,0,0,0,0,0,0,0,0,0,0,0,0,0,0,0,0,0,0,0,0,0,0,0,0,0,0,0,0,0,0,0,0,0,0,0,0,0,0,0,0,0,0,0,0,0,0,0,0,0,0,0,0,0,0,0,0,0,0,0,0,0,0,0,0,0,0,0,0,0,0,0,0,0,0,0,0,0,0,0,0,0,0,0,0,0,0,0,0,0,0,0,0,0,0,0,0,0,0,0,0,0,0,0,0,0,0,0,0,0,0,0,0,0,0,0,0,0,0,0,0,0,0,0,0,0,0,0,0,0,0,0,0,0,0,0,0,0,0,0,0,0,0,0,0,0,0,0,0,0,0,0,0,0,0,0,0,0,0,0,0,0,0,0,0,0,0,0,0,0,0,0,0,0,0,0,0,0,0,0,0,0,0,0,0,0,0,0,0,0,0,0,0,0,0,0,0,0,0,0,0,0,0,0,0,0,0,0,0,0,0,0,0,0,0,0,0,0,0,0,0,0,0,0,0,0,0,0,0,0,0,0,0,0,0,0,0,0,0,0,0,0,0,0,0,0,0,0,0,0,0,0,0,0,0,0,0,0,0,0,0,0,0,0,0,0,0,0,0,0,0,0,0,0,0,0,0,0,0,0,0,0,0,0,0,0,0,0,0,0,0,0,0,0,0,0,0,0,0,0,0,0,0,0,0,0,0,0,0,0,0,0,0,0,0,0,0,0,0,0,0,0,0,0,0,0,0,0,0,0,0,0,0,0,0,0,0,0,0,0,0,0,0,0,0,0,0,0,0,0,0,0,0,0,0,0,0,0,0,0,0,0,0,0,0,0,0,0,0,0,0,0,0,0,0,0,0,0,0,0,0,0,0,0,0,0,0,0,0,0,0,0,0,0,0,0,0,0,0,0,0,0,0,0,0,0,0,0,0,0,0,0,0,0,0,0,0,0,0,0,0,0,0,0,0,0,0,0,0,0,0,0,0,0,0,0,0,0,0,0,0,0,0,0,0,0,0,0,0,0,0,0,0,0,0,0,0,0,0,0,0,0,0,0,0,0,0,0,0,0,0,0,0,0,0,0,0,0,0,0,0,0,0,0,0,0,0,0,0,0,0,0,0,0,0,0,0,0,0,0,0,0,0,0,0,0,0,0,0,0,0,0,0,0,0,0,0,0,0,0,0,0,0,0,0,0,0,0,0,0,0,0,0,0,0,0,0,0,0,0,0,0,0,0,0,0,0,0,0,0,0,0,0,0,0,0,0,0,0,0,0,0,0,0,0,0,0,0,0,0,0,0,0,0,0,0,0,0,0,0,0,0,0,0,0,0,0,0,0,0,0,0,0,0,0,0,0,0,0,0,0,0,0,0,0,0,0,0,0,0,0,0,0,0,0,0,0,0,0,0,0,0,0,0,0,0,0,0,0,0,0,0,0,0,0,0,0,0,0,0,0,0,0,0,0,0,0,0,0,0,0,0,0,0,0,0,0,0,0,0,0,0,0,0,0,0,0,0,0,0,0,0,0,0,0,0,0,0,0,0,0,0,0,0,0,0,0,0,0,0,0,0,0,0,0,0,0,0,0,0,0,0,0,0,0,0,0,0,0,0,0,0,0,0,0,0,0,0,0,0,0,0,0,0,0,0,0,0,0,0,0,0,0,0,0,0,0,0,0,0,0,0,0,0,0,0,0,0,0,0,0,0,0,0,0,0,0,0,0,0,0,0,0,0,0,0,0,0,0,0,0,0,0,0,0,0,0,0,0,0,0,0,0,0,0,0,0,0,0,0,0,0,0,0,0,0,0,0,0,0,0,0,0,0,0,0,0,0,0,0,0,0,0,0,0,0,0,0,0,0,0,0,0,0,0,0,0,0,0,0,0,0,0,0,0,0,0,0,0,0,0,0,0,0,0,0,0,0,0,0,0,0,0,0,0,0,0,0,0,0,0,0,0,0,0,0,0,0,0,0,0,0,0,0,0,0,0,0,0,0,0,0,0,0,0,0,0,0,0,0,0,0,0,0,0,0,0,0,0,0,0,0,0,0,0,0,0,0,0,0,0,0,0,0,0,0,0,0,0,0,0,0,0,0,0,0,0,0,0,0,0,0,0,0,0,0,0,0,0,0,0,0,0,0,0,0,0,0,0,0,0,0,0,0,0,0,0,0,0,0,0,0,0,0,0,0,0,0,0,0,0,0,0,0,0,0,0,0,0,0,0,0,0,0,0,0,0,0,0,0,0,0,0,0,0,0,0,0,0,0,0,0,0,0,0,0,0,0,0,0,0,0,0,0,0,0,0,0,0,0,0,0,0,0,0,0,0,0,0,0,0,0,0,0,0,0,0,0,0,0,0,0,0,0,0,0,0,0,0,0,0,0,0,0,0,0,0,0,0,0,0,0,0,0,0,0,0,0,0,0,0,0,0,0,0,0,0,0,0,0,0,0,0,0,0,0,0,0,0,0,0,0,0,0,0,0,0,0,0,0,0,0,0,0,0,0,0,0,0,0,0,0,0,0,0,0,0,0,0,0,0,0,0,0,0,0,0,0,0,0,0,0,0,0,0,0,0,0,0,0,0,0,0,0,0,0,0,0,0,0,0,0,0,0,0,0,0,0,0,0,0,0,0,0,0,0,0,0,0,0,0,0,0,0,0,0,0,0,0,0,0,0,0,0,0,0,0,0,0,0,0,0,0,0,0,0,0,0,0,0,0,0,0,0,0,0,0,0,0,0,0,0,0,0,0,0,0,0,0,0,0,0,0,0,0,0,0,0,0,0,0,0,0,0,0,0,0,0,0,0,0,0,0,0,0,0,0,0,0,0,0,0,0,0,0,0,0,0,0,0,0,0,0,0,0,0,0,0,0,0,0,0,0,0,0,0,0,0,0,0,0,0,0,0,0,0,0,0,0,0,0,0,0,0,0,0,0,0,0,0,0,0,0,0,0,0,0,0,0,0,0,0,0,0,0,0,0,0,0,0,0,0,0,0,0,0,0,0,0,0,0,0,0,0,0,0,0,0,0,0,0,0,0,0,0,0,0,0,0,0,0,0,0,0,0,0,0,0,0,0,0,0,0,0,0,0,0,0,0,0,0,0,0,0,0,0,0,0,0,0,0,0,0,0,0,0,0,0,0,0,0,0,0,0,0,0,0,0,0,0,0,0,0,0,0,0,0,0,0,0,0,0,0,0,0,0,0,0,0,0,0,0,0,0,0,0,0,0,0,0,0,0,0,0,0,0,0,0,0,0,0,0,0,0,0,0,0,0,0,0,0,0,0,0,0,0,0,0,0,0,0,0,0,0,0,0,0,0,0,0,0,0,0,0,0,0,0,0,0,0,0,0,0,0,0,0,0,0,0,0,0,0,0,0,0,0,0,0,0,0,0,0,0,0,0,0,0,0,0,0,0,0,0,0,0,0,0,0,0,0,0,0,0,0,0,0,0,0,0,0,0,0,0,0,0,0,0,0,0,0,0,0,0,0,0,0,0,0,0,0,0,0,0,0,0,0,0,0,0,0,0,0,0,0,0,0,0,0,0,0,0,0,0,0,0,0,0,0,0,0,0,0,0,0,0,0,0,0,0,0,0,0,0,0,0,0,0,0,0,0,0,0,0,0,0,0,0,0,0,0,0,0,0,0,0,0,0,0,0,0,0,0,0,0,0,0,0,0,0,0,0,0,0,0,0,0,0,0,0,0,0,0,0,0,0,0,0,0,0,0,0,0,0,0,0,0,0,0,0,0,0,0,0,0,0,0,0,0,0,0,0,0,0,0,0,0,0,0,0,0,0,0,0,0,0,0,0,0,0,0,0,0,0,0,0,0,0,0,0,0,0,0,0,0,0,0,0,0,0,0,0,0,0,0,0,0,0,0,0,0,0,0,0,0,0,0,0,0,0,0,0,0,0,0,0,0,0,0,0,0,0,0,0,0,0,0,0,0,0,0,0,0,0,0,0,0,0,0,0,0,0,0,0,0,0,0,0,0,0,0,0,0,0,0,0,0,0,0,0,0,0,0,0,0,0,0,0,0,0,0,0,0,0,0,0,0,0,0,0,0,0,0,0,0,0,0,0,0,0,0,0,0,0,0,0,0,0,0,0,0,0,0,0,0,0,0,0,0,0,0,0,0,0,0,0,0,0,0,0,0,0,0,0,0,0,0,0,0,0,0,0,0,0,0,0,0,0,0,0,0,0,0,0,0,0,0,0,0,0,0,0,0,0,0,0,0,0,0,0,0,0,0,0,0,0,0,0,0,0,0,0,0,0,0,0,0,0,0,0,0,0,0,0,0,0,0,0,0,0,0,0,0,0,0,0,0,0,0,0,0,0,0,0,0,0,0,0,0,0,0,0,0,0,0,0,0,0,0,0,0,0,0,0,0,0,0,0,0,0,0,0,0,0,0,0,0,0,0,0,0,0,0,0,0,0,0,0,0,0,0,0,0,0,0,0,0,0,0,0,0,0,0,0,0,0,0,0,0,0,0,0,0,0,0,0,0,0,0,0,0,0,0,0,0,0,0,0,0,0,0,0,0,0,0,0,0,0,0,0,0,0,0,0,0,0,0,0,0,0,0,0,0,0,0,0,0,0,0,0,0,0,0,0,0,0,0,0,0,0,0,0,0,0,0,0,0,0,0,0,0,0,0,0,0,0,0,0,0,0,0,0,0,0,0,0,0,0,0,0,0,0,0,0,0,0,0,0,0,0,0,0,0,0,0,0,0,0,0,0,0,0,0,0,0,0,0,0,0,0,0,0,0,0,0,0,0,0,0,0,0,0,0,0,0,0,0,0,0,0,0,0,0,0,0,0,0,0,0,0,0,0,0,0,0,0,0,0,0,0,0,0,0,0,0,0,0,0,0,0,0,0,0,0,0,0,0,0,0,0,0,0,0,0,0,0,0,0,0,0,0,0,0,0,0,0,0,0,0,0,0,0,0,0,0,0,0,0,0,0,0,0,0,0,0,0,0,0,0,0,0,0,0,0,0,0,0,0,0,0,0,0,0,0,0,0,0,0,0,0,0,0,0,0,0,0,0,0,0,0,0,0,0,0,0,0,0,0,0,0,0,0,0,0,0,0,0,0,0,0,0,0,0,0,0,0,0,0,0,0,0,0,0,0,0,0,0,0,0,0,0,0,0,0,0,0,0,0,0,0,0,0,0,0,0,0,0,0,0,0,0,0,0,0,0,0,0,0,0,0,0,0,0,0,0,0,0,0,0,0,0,0,0,0,0,0,0,0,0,0,0,0,0,0,0,0,0,0,0,0,0,0,0,0,0,0,0,0,0,0,0,0,0,0,0,0,0,0,0,0,0,0,0,0,0,0,0,0,0,0,0,0,0,0,0,0,0,0,0,0,0,0,0,0,0,0,0,0,0,0,0,0,0,0,0,0,0,0,0,0,0,0,0,0,0,0,0,0,0,0,0,0,0,0,0,0,0,0,0,0,0,0,0,0,0,0,0,0,0,0,0,0,0,0,0,0,0,0,0,0,0,0,0,0,0,0,0,0,0,0,0,0,0,0,0,0,0,0,0,0,0,0,0,0,0,0,0,0,0,0,0,0,0,0,0,0,0,0,0,0,0,0,0,0,0,0,0,0,0,0,0,0,0,0,0,0,0,0,0,0,0,0,0,0,0,0,0,0,0,0,0,0,0,0,0,0,0,0,0,0,0,0,0,0,0,0,0,0,0,0,0,0,0,0,0,0,0,0,0,0,0,0,0,0,0,0,0,0,0,0,0,0,0,0,0,0,0,0,0,0,0,0,0,0,0,0,0,0,0,0,0,0,0,0,0,0,0,0,0,0,0,0,0,0,0,0,0,0,0,0,0,0,0,0,0,0,0,0,0,0,0,0,0,0,0,0,0,0,0,0,0,0,0,0,0,0,0,0,0,0,0,0,0,0,0,0,0,0,0,0,0,0,0,0,0,0,0,0,0,0,0,0,0,0,0,0,0,0,0,0,0,0,0,0,0,0,0,0,0,0,0,0,0,0,0,0,0,0,0,0,0,0,0,0,0,0,0,0,0,0,0,0,0,0,0,0,0,0,0,0,0,0,0,0,0,0,0,0,0,0,0,0]}}