tauKrylov0Tex [64 x 54] 13
    1.0000     0.0076     0.0001     1.0000     1.0000     0.0228     0.0005     1.0000     1.0000     0.0380     0.0014     1.0000     1.0000     0.0533     0.0028     1.0000     1.0000     0.0685     0.0047     1.0000     1.0000     0.0837     0.0070     1.0000     1.0000     0.0989     0.0098     1.0000     1.0000     0.1141     0.0130     1.0000     1.0000     0.1294     0.0167     1.0000     1.0000     0.1446     0.0209     1.0000     1.0000     0.1598     0.0255     1.0000     1.0000     0.1750     0.0306     1.0000     1.0000     0.1902     0.0362     1.0000     1.0000     0.2055     0.0422     1.0000     1.0000     0.2207     0.0487     1.0000     1.0000     0.2359     0.0557     1.0000     1.0000     0.2511     0.0631     1.0000     1.0000     0.2663     0.0709     1.0000     1.0000     0.2816     0.0793     1.0000     1.0000     0.2968     0.0881     1.0000     1.0000     0.3120     0.0974     1.0000     1.0000     0.3272     0.1071     1.0000     1.0000     0.3424     0.1173     1.0000     1.0000     0.3577     0.1279     1.0000     1.0000     0.3729     0.1390     1.0000     1.0000     0.3881     0.1506     1.0000     1.0000     0.4033     0.1627     1.0000     1.0000     0.4185     0.1752     1.0000     1.0000     0.4338     0.1882     1.0000     1.0000     0.4490     0.2016     1.0000     1.0000     0.4642     0.2155     1.0000     1.0000     0.4794     0.2299     1.0000     1.0000     0.4946     0.2447     1.0000     1.0000     0.5099     0.2600     1.0000     1.0000     0.5251     0.2757     1.0000     1.0000     0.5403     0.2919     1.0000     1.0000     0.5555     0.3086     1.0000     1.0000     0.5707     0.3258     1.0000     1.0000     0.5860     0.3434     1.0000     1.0000     0.6012     0.3614     1.0000     1.0000     0.6164     0.3800     1.0000     1.0000     0.6316     0.3990     1.0000     1.0000     0.6468     0.4184     1.0000     1.0000     0.6621     0.4383     1.0000     1.0000     0.6773     0.4587     1.0000     1.0000     0.6925     0.4796     1.0000     1.0000     0.7077     0.5009     1.0000     1.0000     0.7229     0.5227     1.0000     1.0000     0.7382     0.5449     1.0000     1.0000     0.7534     0.5676     1.0000     1.0000     0.7686     0.5908     1.0000     1.0000     0.7838     0.6144     1.0000     1.0000     0.7990     0.6385     1.0000     1.0000     0.8143     0.6630     1.0000     1.0000     0.8295     0.6881     1.0000     1.0000     0.8447     0.7135     1.0000     1.0000     0.8599     0.7395     1.0000     1.0000     0.8751     0.7659     1.0000     1.0000     0.8904     0.7928     1.0000     1.0000     0.9056     0.8201     1.0000     1.0000     0.9208     0.8479     1.0000     1.0000     0.9360     0.8762     1.0000     1.0000     0.9512     0.9049     1.0000     1.0000     0.9665     0.9341     1.0000
    1.0000     0.0090     0.0001     1.0000     1.0000     0.0269     0.0007     1.0000     1.0000     0.0449     0.0020     1.0000     1.0000     0.0628     0.0039     1.0000     1.0000     0.0808     0.0065     1.0000     1.0000     0.0988     0.0098     1.0000     1.0000     0.1167     0.0136     1.0000     1.0000     0.1347     0.0181     1.0000     1.0000     0.1526     0.0233     1.0000     1.0000     0.1706     0.0291     1.0000     1.0000     0.1885     0.0355     1.0000     1.0000     0.2065     0.0426     1.0000     1.0000     0.2245     0.0504     1.0000     1.0000     0.2424     0.0588     1.0000     1.0000     0.2604     0.0678     1.0000     1.0000     0.2783     0.0775     1.0000     1.0000     0.2963     0.0878     1.0000     1.0000     0.3142     0.0987     1.0000     1.0000     0.3322     0.1104     1.0000     1.0000     0.3501     0.1226     1.0000     1.0000     0.3681     0.1355     1.0000     1.0000     0.3861     0.1490     1.0000     1.0000     0.4040     0.1632     1.0000     1.0000     0.4220     0.1781     1.0000     1.0000     0.4399     0.1935     1.0000     1.0000     0.4579     0.2097     1.0000     1.0000     0.4758     0.2264     1.0000     1.0000     0.4938     0.2438     1.0000     1.0000     0.5118     0.2619     1.0000     1.0000     0.5297     0.2806     1.0000     1.0000     0.5477     0.2999     1.0000     1.0000     0.5656     0.3199     1.0000     1.0000     0.5836     0.3406     1.0000     1.0000     0.6015     0.3618     1.0000     1.0000     0.6195     0.3838     1.0000     1.0000     0.6374     0.4063     1.0000     1.0000     0.6554     0.4296     1.0000     1.0000     0.6734     0.4534     1.0000     1.0000     0.6913     0.4779     1.0000     1.0000     0.7093     0.5031     1.0000     1.0000     0.7272     0.5289     1.0000     1.0000     0.7452     0.5553     1.0000     1.0000     0.7631     0.5824     1.0000     1.0000     0.7811     0.6101     1.0000     1.0000     0.7991     0.6385     1.0000     1.0000     0.8170     0.6675     1.0000     1.0000     0.8350     0.6972     1.0000     1.0000     0.8529     0.7275     1.0000     1.0000     0.8709     0.7584     1.0000     1.0000     0.8888     0.7900     1.0000     1.0000     0.9068     0.8223     1.0000     1.0000     0.9247     0.8552     1.0000     1.0000     0.9427     0.8887     1.0000     1.0000     0.9607     0.9229     1.0000     1.0000     0.9786     0.9577     1.0000     1.0000     0.9966     0.9932     1.0000     1.0000     1.0145     1.0293     1.0000     1.0000     1.0325     1.0660     1.0000     1.0000     1.0504     1.1034     1.0000     1.0000     1.0684     1.1415     1.0000     1.0000     1.0864     1.1802     1.0000     1.0000     1.1043     1.2195     1.0000     1.0000     1.1223     1.2595     1.0000     1.0000     1.1402     1.3001     1.0000
    1.0000     0.0096     0.0001     1.0000     1.0000     0.0287     0.0008     1.0000     1.0000     0.0478     0.0023     1.0000     1.0000     0.0669     0.0045     1.0000     1.0000     0.0860     0.0074     1.0000     1.0000     0.1051     0.0110     1.0000     1.0000     0.1242     0.0154     1.0000     1.0000     0.1433     0.0205     1.0000     1.0000     0.1624     0.0264     1.0000     1.0000     0.1815     0.0329     1.0000     1.0000     0.2006     0.0402     1.0000     1.0000     0.2197     0.0482     1.0000     1.0000     0.2388     0.0570     1.0000     1.0000     0.2579     0.0665     1.0000     1.0000     0.2770     0.0767     1.0000     1.0000     0.2961     0.0877     1.0000     1.0000     0.3152     0.0993     1.0000     1.0000     0.3343     0.1117     1.0000     1.0000     0.3534     0.1249     1.0000     1.0000     0.3725     0.1387     1.0000     1.0000     0.3916     0.1533     1.0000     1.0000     0.4107     0.1686     1.0000     1.0000     0.4298     0.1847     1.0000     1.0000     0.4489     0.2015     1.0000     1.0000     0.4680     0.2190     1.0000     1.0000     0.4871     0.2372     1.0000     1.0000     0.5062     0.2562     1.0000     1.0000     0.5253     0.2759     1.0000     1.0000     0.5444     0.2963     1.0000     1.0000     0.5635     0.3175     1.0000     1.0000     0.5826     0.3394     1.0000     1.0000     0.6017     0.3620     1.0000     1.0000     0.6208     0.3854     1.0000     1.0000     0.6399     0.4094     1.0000     1.0000     0.6590     0.4342     1.0000     1.0000     0.6781     0.4598     1.0000     1.0000     0.6972     0.4860     1.0000     1.0000     0.7163     0.5130     1.0000     1.0000     0.7354     0.5408     1.0000     1.0000     0.7545     0.5692     1.0000     1.0000     0.7736     0.5984     1.0000     1.0000     0.7927     0.6283     1.0000     1.0000     0.8118     0.6590     1.0000     1.0000     0.8309     0.6904     1.0000     1.0000     0.8500     0.7225     1.0000     1.0000     0.8691     0.7553     1.0000     1.0000     0.8882     0.7889     1.0000     1.0000     0.9073     0.8231     1.0000     1.0000     0.9264     0.8582     1.0000     1.0000     0.9455     0.8939     1.0000     1.0000     0.9646     0.9304     1.0000     1.0000     0.9837     0.9676     1.0000     1.0000     1.0028     1.0056     1.0000     1.0000     1.0219     1.0442     1.0000     1.0000     1.0410     1.0836     1.0000     1.0000     1.0601     1.1238     1.0000     1.0000     1.0792     1.1646     1.0000     1.0000     1.0983     1.2062     1.0000     1.0000     1.1174     1.2485     1.0000     1.0000     1.1365     1.2916     1.0000     1.0000     1.1556     1.3354     1.0000     1.0000     1.1747     1.3799     1.0000     1.0000     1.1938     1.4251     1.0000     1.0000     1.2129     1.4711     1.0000
    1.0000     0.0085     0.0001     1.0000     1.0000     0.0256     0.0007     1.0000     1.0000     0.0426     0.0018     1.0000     1.0000     0.0597     0.0036     1.0000     1.0000     0.0767     0.0059     1.0000     1.0000     0.0937     0.0088     1.0000     1.0000     0.1108     0.0123     1.0000     1.0000     0.1278     0.0163     1.0000     1.0000     0.1449     0.0210     1.0000     1.0000     0.1619     0.0262     1.0000     1.0000     0.1790     0.0320     1.0000     1.0000     0.1960     0.0384     1.0000     1.0000     0.2130     0.0454     1.0000     1.0000     0.2301     0.0529     1.0000     1.0000     0.2471     0.0611     1.0000     1.0000     0.2642     0.0698     1.0000     1.0000     0.2812     0.0791     1.0000     1.0000     0.2983     0.0890     1.0000     1.0000     0.3153     0.0994     1.0000     1.0000     0.3323     0.1105     1.0000     1.0000     0.3494     0.1221     1.0000     1.0000     0.3664     0.1343     1.0000     1.0000     0.3835     0.1471     1.0000     1.0000     0.4005     0.1604     1.0000     1.0000     0.4176     0.1744     1.0000     1.0000     0.4346     0.1889     1.0000     1.0000     0.4516     0.2040     1.0000     1.0000     0.4687     0.2197     1.0000     1.0000     0.4857     0.2359     1.0000     1.0000     0.5028     0.2528     1.0000     1.0000     0.5198     0.2702     1.0000     1.0000     0.5369     0.2882     1.0000     1.0000     0.5539     0.3068     1.0000     1.0000     0.5709     0.3260     1.0000     1.0000     0.5880     0.3457     1.0000     1.0000     0.6050     0.3661     1.0000     1.0000     0.6221     0.3870     1.0000     1.0000     0.6391     0.4085     1.0000     1.0000     0.6562     0.4306     1.0000     1.0000     0.6732     0.4532     1.0000     1.0000     0.6903     0.4764     1.0000     1.0000     0.7073     0.5003     1.0000     1.0000     0.7243     0.5247     1.0000     1.0000     0.7414     0.5496     1.0000     1.0000     0.7584     0.5752     1.0000     1.0000     0.7755     0.6014     1.0000     1.0000     0.7925     0.6281     1.0000     1.0000     0.8096     0.6554     1.0000     1.0000     0.8266     0.6833     1.0000     1.0000     0.8436     0.7117     1.0000     1.0000     0.8607     0.7408     1.0000     1.0000     0.8777     0.7704     1.0000     1.0000     0.8948     0.8006     1.0000     1.0000     0.9118     0.8314     1.0000     1.0000     0.9289     0.8628     1.0000     1.0000     0.9459     0.8947     1.0000     1.0000     0.9629     0.9273     1.0000     1.0000     0.9800     0.9604     1.0000     1.0000     0.9970     0.9941     1.0000     1.0000     1.0141     1.0283     1.0000     1.0000     1.0311     1.0632     1.0000     1.0000     1.0482     1.0986     1.0000     1.0000     1.0652     1.1347     1.0000     1.0000     1.0822     1.1713     1.0000
    1.0000     0.0086     0.0001     1.0000     1.0000     0.0259     0.0007     1.0000     1.0000     0.0431     0.0019     1.0000     1.0000     0.0604     0.0036     1.0000     1.0000     0.0776     0.0060     1.0000     1.0000     0.0949     0.0090     1.0000     1.0000     0.1121     0.0126     1.0000     1.0000     0.1294     0.0167     1.0000     1.0000     0.1466     0.0215     1.0000     1.0000     0.1639     0.0268     1.0000     1.0000     0.1811     0.0328     1.0000     1.0000     0.1984     0.0393     1.0000     1.0000     0.2156     0.0465     1.0000     1.0000     0.2328     0.0542     1.0000     1.0000     0.2501     0.0625     1.0000     1.0000     0.2673     0.0715     1.0000     1.0000     0.2846     0.0810     1.0000     1.0000     0.3018     0.0911     1.0000     1.0000     0.3191     0.1018     1.0000     1.0000     0.3363     0.1131     1.0000     1.0000     0.3536     0.1250     1.0000     1.0000     0.3708     0.1375     1.0000     1.0000     0.3881     0.1506     1.0000     1.0000     0.4053     0.1643     1.0000     1.0000     0.4226     0.1786     1.0000     1.0000     0.4398     0.1934     1.0000     1.0000     0.4571     0.2089     1.0000     1.0000     0.4743     0.2250     1.0000     1.0000     0.4916     0.2416     1.0000     1.0000     0.5088     0.2589     1.0000     1.0000     0.5261     0.2767     1.0000     1.0000     0.5433     0.2952     1.0000     1.0000     0.5606     0.3142     1.0000     1.0000     0.5778     0.3339     1.0000     1.0000     0.5951     0.3541     1.0000     1.0000     0.6123     0.3749     1.0000     1.0000     0.6296     0.3963     1.0000     1.0000     0.6468     0.4184     1.0000     1.0000     0.6640     0.4410     1.0000     1.0000     0.6813     0.4642     1.0000     1.0000     0.6985     0.4880     1.0000     1.0000     0.7158     0.5124     1.0000     1.0000     0.7330     0.5373     1.0000     1.0000     0.7503     0.5629     1.0000     1.0000     0.7675     0.5891     1.0000     1.0000     0.7848     0.6159     1.0000     1.0000     0.8020     0.6433     1.0000     1.0000     0.8193     0.6712     1.0000     1.0000     0.8365     0.6998     1.0000     1.0000     0.8538     0.7289     1.0000     1.0000     0.8710     0.7587     1.0000     1.0000     0.8883     0.7890     1.0000     1.0000     0.9055     0.8200     1.0000     1.0000     0.9228     0.8515     1.0000     1.0000     0.9400     0.8836     1.0000     1.0000     0.9573     0.9164     1.0000     1.0000     0.9745     0.9497     1.0000     1.0000     0.9918     0.9836     1.0000     1.0000     1.0090     1.0181     1.0000     1.0000     1.0263     1.0532     1.0000     1.0000     1.0435     1.0889     1.0000     1.0000     1.0608     1.1252     1.0000     1.0000     1.0780     1.1621     1.0000     1.0000     1.0952     1.1996     1.0000
    0.0000     0.0000     0.0000     0.0000     0.0000     0.0000     0.0000     0.0000     0.0000     0.0000     0.0000     0.0000     0.0000     0.0000     0.0000     0.0000     0.0000     0.0000     0.0000     0.0000     0.0000     0.0000     0.0000     0.0000     0.0000     0.0000     0.0000     0.0000     0.0000     0.0000     0.0000     0.0000     0.0000     0.0000     0.0000     0.0000     0.0000     0.0000     0.0000     0.0000     0.0000     0.0000     0.0000     0.0000     0.0000     0.0000     0.0000     0.0000     0.0000     0.0000     0.0000     0.0000     0.0000     0.0000     0.0000     0.0000     0.0000     0.0000     0.0000     0.0000     0.0000     0.0000     0.0000     0.0000     0.0000     0.0000     0.0000     0.0000     0.0000     0.0000     0.0000     0.0000     0.0000     0.0000     0.0000     0.0000     0.0000     0.0000     0.0000     0.0000     0.0000     0.0000     0.0000     0.0000     0.0000     0.0000     0.0000     0.0000     0.0000     0.0000     0.0000     0.0000     0.0000     0.0000     0.0000     0.0000     0.0000     0.0000     0.0000     0.0000     0.0000     0.0000     0.0000     0.0000     0.0000     0.0000     0.0000     0.0000     0.0000     0.0000     0.0000     0.0000     0.0000     0.0000     0.0000     0.0000     0.0000     0.0000     0.0000     0.0000     0.0000     0.0000     0.0000     0.0000     0.0000     0.0000     0.0000     0.0000     0.0000     0.0000     0.0000     0.0000     0.0000     0.0000     0.0000     0.0000     0.0000     0.0000     0.0000     0.0000     0.0000     0.0000     0.0000     0.0000     0.0000     0.0000     0.0000     0.0000     0.0000     0.0000     0.0000     0.0000     0.0000     0.0000     0.0000     0.0000     0.0000     0.0000     0.0000     0.0000     0.0000     0.0000     0.0000     0.0000     0.0000     0.0000     0.0000     0.0000     0.0000     0.0000     0.0000     0.0000     0.0000     0.0000     0.0000     0.0000     0.0000     0.0000     0.0000     0.0000     0.0000     0.0000     0.0000     0.0000     0.0000     0.0000     0.0000     0.0000     0.0000     0.0000     0.0000     0.0000     0.0000     0.0000     0.0000     0.0000     0.0000     0.0000     0.0000     0.0000     0.0000     0.0000     0.0000     0.0000     0.0000     0.0000     0.0000     0.0000     0.0000     0.0000     0.0000     0.0000     0.0000     0.0000     0.0000     0.0000     0.0000     0.0000     0.0000     0.0000     0.0000     0.0000     0.0000     0.0000     0.0000     0.0000     0.0000     0.0000     0.0000     0.0000     0.0000     0.0000     0.0000     0.0000     0.0000     0.0000     0.0000     0.0000     0.0000     0.0000     0.0000     0.0000     0.0000     0.0000     0.0000     0.0000     0.0000     0.0000     0.0000     0.0000     0.0000     0.0000     0.0000     0.0000     0.0000     0.0000
    1.0000     0.0076     0.0001     1.0000     1.0000     0.0228     0.0005     1.0000     1.0000     0.0380     0.0014     1.0000     1.0000     0.0533     0.0028     1.0000     1.0000     0.0685     0.0047     1.0000     1.0000     0.0837     0.0070     1.0000     1.0000     0.0989     0.0098     1.0000     1.0000     0.1141     0.0130     1.0000     1.0000     0.1294     0.0167     1.0000     1.0000     0.1446     0.0209     1.0000     1.0000     0.1598     0.0255     1.0000     1.0000     0.1750     0.0306     1.0000     1.0000     0.1902     0.0362     1.0000     1.0000     0.2055     0.0422     1.0000     1.0000     0.2207     0.0487     1.0000     1.0000     0.2359     0.0557     1.0000     1.0000     0.2511     0.0631     1.0000     1.0000     0.2663     0.0709     1.0000     1.0000     0.2816     0.0793     1.0000     1.0000     0.2968     0.0881     1.0000     1.0000     0.3120     0.0974     1.0000     1.0000     0.3272     0.1071     1.0000     1.0000     0.3424     0.1173     1.0000     1.0000     0.3577     0.1279     1.0000     1.0000     0.3729     0.1390     1.0000     1.0000     0.3881     0.1506     1.0000     1.0000     0.4033     0.1627     1.0000     1.0000     0.4185     0.1752     1.0000     1.0000     0.4338     0.1882     1.0000     1.0000     0.4490     0.2016     1.0000     1.0000     0.4642     0.2155     1.0000     1.0000     0.4794     0.2299     1.0000     1.0000     0.4946     0.2447     1.0000     1.0000     0.5099     0.2600     1.0000     1.0000     0.5251     0.2757     1.0000     1.0000     0.5403     0.2919     1.0000     1.0000     0.5555     0.3086     1.0000     1.0000     0.5707     0.3258     1.0000     1.0000     0.5860     0.3434     1.0000     1.0000     0.6012     0.3614     1.0000     1.0000     0.6164     0.3800     1.0000     1.0000     0.6316     0.3990     1.0000     1.0000     0.6468     0.4184     1.0000     1.0000     0.6621     0.4383     1.0000     1.0000     0.6773     0.4587     1.0000     1.0000     0.6925     0.4796     1.0000     1.0000     0.7077     0.5009     1.0000     1.0000     0.7229     0.5227     1.0000     1.0000     0.7382     0.5449     1.0000     1.0000     0.7534     0.5676     1.0000     1.0000     0.7686     0.5908     1.0000     1.0000     0.7838     0.6144     1.0000     1.0000     0.7990     0.6385     1.0000     1.0000     0.8143     0.6630     1.0000     1.0000     0.8295     0.6881     1.0000     1.0000     0.8447     0.7135     1.0000     1.0000     0.8599     0.7395     1.0000     1.0000     0.8751     0.7659     1.0000     1.0000     0.8904     0.7928     1.0000     1.0000     0.9056     0.8201     1.0000     1.0000     0.9208     0.8479     1.0000     1.0000     0.9360     0.8762     1.0000     1.0000     0.9512     0.9049     1.0000     1.0000     0.9665     0.9341     1.0000
    1.0000     0.0090     0.0001     1.0000     1.0000     0.0269     0.0007     1.0000     1.0000     0.0449     0.0020     1.0000     1.0000     0.0628     0.0039     1.0000     1.0000     0.0808     0.0065     1.0000     1.0000     0.0988     0.0098     1.0000     1.0000     0.1167     0.0136     1.0000     1.0000     0.1347     0.0181     1.0000     1.0000     0.1526     0.0233     1.0000     1.0000     0.1706     0.0291     1.0000     1.0000     0.1885     0.0355     1.0000     1.0000     0.2065     0.0426     1.0000     1.0000     0.2245     0.0504     1.0000     1.0000     0.2424     0.0588     1.0000     1.0000     0.2604     0.0678     1.0000     1.0000     0.2783     0.0775     1.0000     1.0000     0.2963     0.0878     1.0000     1.0000     0.3142     0.0987     1.0000     1.0000     0.3322     0.1104     1.0000     1.0000     0.3501     0.1226     1.0000     1.0000     0.3681     0.1355     1.0000     1.0000     0.3861     0.1490     1.0000     1.0000     0.4040     0.1632     1.0000     1.0000     0.4220     0.1781     1.0000     1.0000     0.4399     0.1935     1.0000     1.0000     0.4579     0.2097     1.0000     1.0000     0.4758     0.2264     1.0000     1.0000     0.4938     0.2438     1.0000     1.0000     0.5118     0.2619     1.0000     1.0000     0.5297     0.2806     1.0000     1.0000     0.5477     0.2999     1.0000     1.0000     0.5656     0.3199     1.0000     1.0000     0.5836     0.3406     1.0000     1.0000     0.6015     0.3618     1.0000     1.0000     0.6195     0.3838     1.0000     1.0000     0.6374     0.4063     1.0000     1.0000     0.6554     0.4296     1.0000     1.0000     0.6734     0.4534     1.0000     1.0000     0.6913     0.4779     1.0000     1.0000     0.7093     0.5031     1.0000     1.0000     0.7272     0.5289     1.0000     1.0000     0.7452     0.5553     1.0000     1.0000     0.7631     0.5824     1.0000     1.0000     0.7811     0.6101     1.0000     1.0000     0.7991     0.6385     1.0000     1.0000     0.8170     0.6675     1.0000     1.0000     0.8350     0.6972     1.0000     1.0000     0.8529     0.7275     1.0000     1.0000     0.8709     0.7584     1.0000     1.0000     0.8888     0.7900     1.0000     1.0000     0.9068     0.8223     1.0000     1.0000     0.9247     0.8552     1.0000     1.0000     0.9427     0.8887     1.0000     1.0000     0.9607     0.9229     1.0000     1.0000     0.9786     0.9577     1.0000     1.0000     0.9966     0.9932     1.0000     1.0000     1.0145     1.0293     1.0000     1.0000     1.0325     1.0660     1.0000     1.0000     1.0504     1.1034     1.0000     1.0000     1.0684     1.1415     1.0000     1.0000     1.0864     1.1802     1.0000     1.0000     1.1043     1.2195     1.0000     1.0000     1.1223     1.2595     1.0000     1.0000     1.1402     1.3001     1.0000
    1.0000     0.0096     0.0001     1.0000     1.0000     0.0287     0.0008     1.0000     1.0000     0.0478     0.0023     1.0000     1.0000     0.0669     0.0045     1.0000     1.0000     0.0860     0.0074     1.0000     1.0000     0.1051     0.0110     1.0000     1.0000     0.1242     0.0154     1.0000     1.0000     0.1433     0.0205     1.0000     1.0000     0.1624     0.0264     1.0000     1.0000     0.1815     0.0329     1.0000     1.0000     0.2006     0.0402     1.0000     1.0000     0.2197     0.0482     1.0000     1.0000     0.2388     0.0570     1.0000     1.0000     0.2579     0.0665     1.0000     1.0000     0.2770     0.0767     1.0000     1.0000     0.2961     0.0877     1.0000     1.0000     0.3152     0.0993     1.0000     1.0000     0.3343     0.1117     1.0000     1.0000     0.3534     0.1249     1.0000     1.0000     0.3725     0.1387     1.0000     1.0000     0.3916     0.1533     1.0000     1.0000     0.4107     0.1686     1.0000     1.0000     0.4298     0.1847     1.0000     1.0000     0.4489     0.2015     1.0000     1.0000     0.4680     0.2190     1.0000     1.0000     0.4871     0.2372     1.0000     1.0000     0.5062     0.2562     1.0000     1.0000     0.5253     0.2759     1.0000     1.0000     0.5444     0.2963     1.0000     1.0000     0.5635     0.3175     1.0000     1.0000     0.5826     0.3394     1.0000     1.0000     0.6017     0.3620     1.0000     1.0000     0.6208     0.3854     1.0000     1.0000     0.6399     0.4094     1.0000     1.0000     0.6590     0.4342     1.0000     1.0000     0.6781     0.4598     1.0000     1.0000     0.6972     0.4860     1.0000     1.0000     0.7163     0.5130     1.0000     1.0000     0.7354     0.5408     1.0000     1.0000     0.7545     0.5692     1.0000     1.0000     0.7736     0.5984     1.0000     1.0000     0.7927     0.6283     1.0000     1.0000     0.8118     0.6590     1.0000     1.0000     0.8309     0.6904     1.0000     1.0000     0.8500     0.7225     1.0000     1.0000     0.8691     0.7553     1.0000     1.0000     0.8882     0.7889     1.0000     1.0000     0.9073     0.8231     1.0000     1.0000     0.9264     0.8582     1.0000     1.0000     0.9455     0.8939     1.0000     1.0000     0.9646     0.9304     1.0000     1.0000     0.9837     0.9676     1.0000     1.0000     1.0028     1.0056     1.0000     1.0000     1.0219     1.0442     1.0000     1.0000     1.0410     1.0836     1.0000     1.0000     1.0601     1.1238     1.0000     1.0000     1.0792     1.1646     1.0000     1.0000     1.0983     1.2062     1.0000     1.0000     1.1174     1.2485     1.0000     1.0000     1.1365     1.2916     1.0000     1.0000     1.1556     1.3354     1.0000     1.0000     1.1747     1.3799     1.0000     1.0000     1.1938     1.4251     1.0000     1.0000     1.2129     1.4711     1.0000
    1.0000     0.0085     0.0001     1.0000     1.0000     0.0256     0.0007     1.0000     1.0000     0.0426     0.0018     1.0000     1.0000     0.0597     0.0036     1.0000     1.0000     0.0767     0.0059     1.0000     1.0000     0.0937     0.0088     1.0000     1.0000     0.1108     0.0123     1.0000     1.0000     0.1278     0.0163     1.0000     1.0000     0.1449     0.0210     1.0000     1.0000     0.1619     0.0262     1.0000     1.0000     0.1790     0.0320     1.0000     1.0000     0.1960     0.0384     1.0000     1.0000     0.2130     0.0454     1.0000     1.0000     0.2301     0.0529     1.0000     1.0000     0.2471     0.0611     1.0000     1.0000     0.2642     0.0698     1.0000     1.0000     0.2812     0.0791     1.0000     1.0000     0.2983     0.0890     1.0000     1.0000     0.3153     0.0994     1.0000     1.0000     0.3323     0.1105     1.0000     1.0000     0.3494     0.1221     1.0000     1.0000     0.3664     0.1343     1.0000     1.0000     0.3835     0.1471     1.0000     1.0000     0.4005     0.1604     1.0000     1.0000     0.4176     0.1744     1.0000     1.0000     0.4346     0.1889     1.0000     1.0000     0.4516     0.2040     1.0000     1.0000     0.4687     0.2197     1.0000     1.0000     0.4857     0.2359     1.0000     1.0000     0.5028     0.2528     1.0000     1.0000     0.5198     0.2702     1.0000     1.0000     0.5369     0.2882     1.0000     1.0000     0.5539     0.3068     1.0000     1.0000     0.5709     0.3260     1.0000     1.0000     0.5880     0.3457     1.0000     1.0000     0.6050     0.3661     1.0000     1.0000     0.6221     0.3870     1.0000     1.0000     0.6391     0.4085     1.0000     1.0000     0.6562     0.4306     1.0000     1.0000     0.6732     0.4532     1.0000     1.0000     0.6903     0.4764     1.0000     1.0000     0.7073     0.5003     1.0000     1.0000     0.7243     0.5247     1.0000     1.0000     0.7414     0.5496     1.0000     1.0000     0.7584     0.5752     1.0000     1.0000     0.7755     0.6014     1.0000     1.0000     0.7925     0.6281     1.0000     1.0000     0.8096     0.6554     1.0000     1.0000     0.8266     0.6833     1.0000     1.0000     0.8436     0.7117     1.0000     1.0000     0.8607     0.7408     1.0000     1.0000     0.8777     0.7704     1.0000     1.0000     0.8948     0.8006     1.0000     1.0000     0.9118     0.8314     1.0000     1.0000     0.9289     0.8628     1.0000     1.0000     0.9459     0.8947     1.0000     1.0000     0.9629     0.9273     1.0000     1.0000     0.9800     0.9604     1.0000     1.0000     0.9970     0.9941     1.0000     1.0000     1.0141     1.0283     1.0000     1.0000     1.0311     1.0632     1.0000     1.0000     1.0482     1.0986     1.0000     1.0000     1.0652     1.1347     1.0000     1.0000     1.0822     1.1713     1.0000
    1.0000     0.0086     0.0001     1.0000     1.0000     0.0259     0.0007     1.0000     1.0000     0.0431     0.0019     1.0000     1.0000     0.0604     0.0036     1.0000     1.0000     0.0776     0.0060     1.0000     1.0000     0.0949     0.0090     1.0000     1.0000     0.1121     0.0126     1.0000     1.0000     0.1294     0.0167     1.0000     1.0000     0.1466     0.0215     1.0000     1.0000     0.1639     0.0268     1.0000     1.0000     0.1811     0.0328     1.0000     1.0000     0.1984     0.0393     1.0000     1.0000     0.2156     0.0465     1.0000     1.0000     0.2328     0.0542     1.0000     1.0000     0.2501     0.0625     1.0000     1.0000     0.2673     0.0715     1.0000     1.0000     0.2846     0.0810     1.0000     1.0000     0.3018     0.0911     1.0000     1.0000     0.3191     0.1018     1.0000     1.0000     0.3363     0.1131     1.0000     1.0000     0.3536     0.1250     1.0000     1.0000     0.3708     0.1375     1.0000     1.0000     0.3881     0.1506     1.0000     1.0000     0.4053     0.1643     1.0000     1.0000     0.4226     0.1786     1.0000     1.0000     0.4398     0.1934     1.0000     1.0000     0.4571     0.2089     1.0000     1.0000     0.4743     0.2250     1.0000     1.0000     0.4916     0.2416     1.0000     1.0000     0.5088     0.2589     1.0000     1.0000     0.5261     0.2767     1.0000     1.0000     0.5433     0.2952     1.0000     1.0000     0.5606     0.3142     1.0000     1.0000     0.5778     0.3339     1.0000     1.0000     0.5951     0.3541     1.0000     1.0000     0.6123     0.3749     1.0000     1.0000     0.6296     0.3963     1.0000     1.0000     0.6468     0.4184     1.0000     1.0000     0.6640     0.4410     1.0000     1.0000     0.6813     0.4642     1.0000     1.0000     0.6985     0.4880     1.0000     1.0000     0.7158     0.5124     1.0000     1.0000     0.7330     0.5373     1.0000     1.0000     0.7503     0.5629     1.0000     1.0000     0.7675     0.5891     1.0000     1.0000     0.7848     0.6159     1.0000     1.0000     0.8020     0.6433     1.0000     1.0000     0.8193     0.6712     1.0000     1.0000     0.8365     0.6998     1.0000     1.0000     0.8538     0.7289     1.0000     1.0000     0.8710     0.7587     1.0000     1.0000     0.8883     0.7890     1.0000     1.0000     0.9055     0.8200     1.0000     1.0000     0.9228     0.8515     1.0000     1.0000     0.9400     0.8836     1.0000     1.0000     0.9573     0.9164     1.0000     1.0000     0.9745     0.9497     1.0000     1.0000     0.9918     0.9836     1.0000     1.0000     1.0090     1.0181     1.0000     1.0000     1.0263     1.0532     1.0000     1.0000     1.0435     1.0889     1.0000     1.0000     1.0608     1.1252     1.0000     1.0000     1.0780     1.1621     1.0000     1.0000     1.0952     1.1996     1.0000
    0.0000     0.0000     0.0000     0.0000     0.0000     0.0000     0.0000     0.0000     0.0000     0.0000     0.0000     0.0000     0.0000     0.0000     0.0000     0.0000     0.0000     0.0000     0.0000     0.0000     0.0000     0.0000     0.0000     0.0000     0.0000     0.0000     0.0000     0.0000     0.0000     0.0000     0.0000     0.0000     0.0000     0.0000     0.0000     0.0000     0.0000     0.0000     0.0000     0.0000     0.0000     0.0000     0.0000     0.0000     0.0000     0.0000     0.0000     0.0000     0.0000     0.0000     0.0000     0.0000     0.0000     0.0000     0.0000     0.0000     0.0000     0.0000     0.0000     0.0000     0.0000     0.0000     0.0000     0.0000     0.0000     0.0000     0.0000     0.0000     0.0000     0.0000     0.0000     0.0000     0.0000     0.0000     0.0000     0.0000     0.0000     0.0000     0.0000     0.0000     0.0000     0.0000     0.0000     0.0000     0.0000     0.0000     0.0000     0.0000     0.0000     0.0000     0.0000     0.0000     0.0000     0.0000     0.0000     0.0000     0.0000     0.0000     0.0000     0.0000     0.0000     0.0000     0.0000     0.0000     0.0000     0.0000     0.0000     0.0000     0.0000     0.0000     0.0000     0.0000     0.0000     0.0000     0.0000     0.0000     0.0000     0.0000     0.0000     0.0000     0.0000     0.0000     0.0000     0.0000     0.0000     0.0000     0.0000     0.0000     0.0000     0.0000     0.0000     0.0000     0.0000     0.0000     0.0000     0.0000     0.0000     0.0000     0.0000     0.0000     0.0000     0.0000     0.0000     0.0000     0.0000     0.0000     0.0000     0.0000     0.0000     0.0000     0.0000     0.0000     0.0000     0.0000     0.0000     0.0000     0.0000     0.0000     0.0000     0.0000     0.0000     0.0000     0.0000     0.0000     0.0000     0.0000     0.0000     0.0000     0.0000     0.0000     0.0000     0.0000     0.0000     0.0000     0.0000     0.0000     0.0000     0.0000     0.0000     0.0000     0.0000     0.0000     0.0000     0.0000     0.0000     0.0000     0.0000     0.0000     0.0000     0.0000     0.0000     0.0000     0.0000     0.0000     0.0000     0.0000     0.0000     0.0000     0.0000     0.0000     0.0000     0.0000     0.0000     0.0000     0.0000     0.0000     0.0000     0.0000     0.0000     0.0000     0.0000     0.0000     0.0000     0.0000     0.0000     0.0000     0.0000     0.0000     0.0000     0.0000     0.0000     0.0000     0.0000     0.0000     0.0000     0.0000     0.0000     0.0000     0.0000     0.0000     0.0000     0.0000     0.0000     0.0000     0.0000     0.0000     0.0000     0.0000     0.0000     0.0000     0.0000     0.0000     0.0000     0.0000     0.0000     0.0000     0.0000     0.0000     0.0000     0.0000     0.0000     0.0000     0.0000     0.0000     0.0000     0.0000
    1.0000     0.0076     0.0001     1.0000     1.0000     0.0228     0.0005     1.0000     1.0000     0.0380     0.0014     1.0000     1.0000     0.0533     0.0028     1.0000     1.0000     0.0685     0.0047     1.0000     1.0000     0.0837     0.0070     1.0000     1.0000     0.0989     0.0098     1.0000     1.0000     0.1141     0.0130     1.0000     1.0000     0.1294     0.0167     1.0000     1.0000     0.1446     0.0209     1.0000     1.0000     0.1598     0.0255     1.0000     1.0000     0.1750     0.0306     1.0000     1.0000     0.1902     0.0362     1.0000     1.0000     0.2055     0.0422     1.0000     1.0000     0.2207     0.0487     1.0000     1.0000     0.2359     0.0557     1.0000     1.0000     0.2511     0.0631     1.0000     1.0000     0.2663     0.0709     1.0000     1.0000     0.2816     0.0793     1.0000     1.0000     0.2968     0.0881     1.0000     1.0000     0.3120     0.0974     1.0000     1.0000     0.3272     0.1071     1.0000     1.0000     0.3424     0.1173     1.0000     1.0000     0.3577     0.1279     1.0000     1.0000     0.3729     0.1390     1.0000     1.0000     0.3881     0.1506     1.0000     1.0000     0.4033     0.1627     1.0000     1.0000     0.4185     0.1752     1.0000     1.0000     0.4338     0.1882     1.0000     1.0000     0.4490     0.2016     1.0000     1.0000     0.4642     0.2155     1.0000     1.0000     0.4794     0.2299     1.0000     1.0000     0.4946     0.2447     1.0000     1.0000     0.5099     0.2600     1.0000     1.0000     0.5251     0.2757     1.0000     1.0000     0.5403     0.2919     1.0000     1.0000     0.5555     0.3086     1.0000     1.0000     0.5707     0.3258     1.0000     1.0000     0.5860     0.3434     1.0000     1.0000     0.6012     0.3614     1.0000     1.0000     0.6164     0.3800     1.0000     1.0000     0.6316     0.3990     1.0000     1.0000     0.6468     0.4184     1.0000     1.0000     0.6621     0.4383     1.0000     1.0000     0.6773     0.4587     1.0000     1.0000     0.6925     0.4796     1.0000     1.0000     0.7077     0.5009     1.0000     1.0000     0.7229     0.5227     1.0000     1.0000     0.7382     0.5449     1.0000     1.0000     0.7534     0.5676     1.0000     1.0000     0.7686     0.5908     1.0000     1.0000     0.7838     0.6144     1.0000     1.0000     0.7990     0.6385     1.0000     1.0000     0.8143     0.6630     1.0000     1.0000     0.8295     0.6881     1.0000     1.0000     0.8447     0.7135     1.0000     1.0000     0.8599     0.7395     1.0000     1.0000     0.8751     0.7659     1.0000     1.0000     0.8904     0.7928     1.0000     1.0000     0.9056     0.8201     1.0000     1.0000     0.9208     0.8479     1.0000     1.0000     0.9360     0.8762     1.0000     1.0000     0.9512     0.9049     1.0000     1.0000     0.9665     0.9341     1.0000
    1.0000     0.0090     0.0001     1.0000     1.0000     0.0269     0.0007     1.0000     1.0000     0.0449     0.0020     1.0000     1.0000     0.0628     0.0039     1.0000     1.0000     0.0808     0.0065     1.0000     1.0000     0.0988     0.0098     1.0000     1.0000     0.1167     0.0136     1.0000     1.0000     0.1347     0.0181     1.0000     1.0000     0.1526     0.0233     1.0000     1.0000     0.1706     0.0291     1.0000     1.0000     0.1885     0.0355     1.0000     1.0000     0.2065     0.0426     1.0000     1.0000     0.2245     0.0504     1.0000     1.0000     0.2424     0.0588     1.0000     1.0000     0.2604     0.0678     1.0000     1.0000     0.2783     0.0775     1.0000     1.0000     0.2963     0.0878     1.0000     1.0000     0.3142     0.0987     1.0000     1.0000     0.3322     0.1104     1.0000     1.0000     0.3501     0.1226     1.0000     1.0000     0.3681     0.1355     1.0000     1.0000     0.3861     0.1490     1.0000     1.0000     0.4040     0.1632     1.0000     1.0000     0.4220     0.1781     1.0000     1.0000     0.4399     0.1935     1.0000     1.0000     0.4579     0.2097     1.0000     1.0000     0.4758     0.2264     1.0000     1.0000     0.4938     0.2438     1.0000     1.0000     0.5118     0.2619     1.0000     1.0000     0.5297     0.2806     1.0000     1.0000     0.5477     0.2999     1.0000     1.0000     0.5656     0.3199     1.0000     1.0000     0.5836     0.3406     1.0000     1.0000     0.6015     0.3618     1.0000     1.0000     0.6195     0.3838     1.0000     1.0000     0.6374     0.4063     1.0000     1.0000     0.6554     0.4296     1.0000     1.0000     0.6734     0.4534     1.0000     1.0000     0.6913     0.4779     1.0000     1.0000     0.7093     0.5031     1.0000     1.0000     0.7272     0.5289     1.0000     1.0000     0.7452     0.5553     1.0000     1.0000     0.7631     0.5824     1.0000     1.0000     0.7811     0.6101     1.0000     1.0000     0.7991     0.6385     1.0000     1.0000     0.8170     0.6675     1.0000     1.0000     0.8350     0.6972     1.0000     1.0000     0.8529     0.7275     1.0000     1.0000     0.8709     0.7584     1.0000     1.0000     0.8888     0.7900     1.0000     1.0000     0.9068     0.8223     1.0000     1.0000     0.9247     0.8552     1.0000     1.0000     0.9427     0.8887     1.0000     1.0000     0.9607     0.9229     1.0000     1.0000     0.9786     0.9577     1.0000     1.0000     0.9966     0.9932     1.0000     1.0000     1.0145     1.0293     1.0000     1.0000     1.0325     1.0660     1.0000     1.0000     1.0504     1.1034     1.0000     1.0000     1.0684     1.1415     1.0000     1.0000     1.0864     1.1802     1.0000     1.0000     1.1043     1.2195     1.0000     1.0000     1.1223     1.2595     1.0000     1.0000     1.1402     1.3001     1.0000
    1.0000     0.0096     0.0001     1.0000     1.0000     0.0287     0.0008     1.0000     1.0000     0.0478     0.0023     1.0000     1.0000     0.0669     0.0045     1.0000     1.0000     0.0860     0.0074     1.0000     1.0000     0.1051     0.0110     1.0000     1.0000     0.1242     0.0154     1.0000     1.0000     0.1433     0.0205     1.0000     1.0000     0.1624     0.0264     1.0000     1.0000     0.1815     0.0329     1.0000     1.0000     0.2006     0.0402     1.0000     1.0000     0.2197     0.0482     1.0000     1.0000     0.2388     0.0570     1.0000     1.0000     0.2579     0.0665     1.0000     1.0000     0.2770     0.0767     1.0000     1.0000     0.2961     0.0877     1.0000     1.0000     0.3152     0.0993     1.0000     1.0000     0.3343     0.1117     1.0000     1.0000     0.3534     0.1249     1.0000     1.0000     0.3725     0.1387     1.0000     1.0000     0.3916     0.1533     1.0000     1.0000     0.4107     0.1686     1.0000     1.0000     0.4298     0.1847     1.0000     1.0000     0.4489     0.2015     1.0000     1.0000     0.4680     0.2190     1.0000     1.0000     0.4871     0.2372     1.0000     1.0000     0.5062     0.2562     1.0000     1.0000     0.5253     0.2759     1.0000     1.0000     0.5444     0.2963     1.0000     1.0000     0.5635     0.3175     1.0000     1.0000     0.5826     0.3394     1.0000     1.0000     0.6017     0.3620     1.0000     1.0000     0.6208     0.3854     1.0000     1.0000     0.6399     0.4094     1.0000     1.0000     0.6590     0.4342     1.0000     1.0000     0.6781     0.4598     1.0000     1.0000     0.6972     0.4860     1.0000     1.0000     0.7163     0.5130     1.0000     1.0000     0.7354     0.5408     1.0000     1.0000     0.7545     0.5692     1.0000     1.0000     0.7736     0.5984     1.0000     1.0000     0.7927     0.6283     1.0000     1.0000     0.8118     0.6590     1.0000     1.0000     0.8309     0.6904     1.0000     1.0000     0.8500     0.7225     1.0000     1.0000     0.8691     0.7553     1.0000     1.0000     0.8882     0.7889     1.0000     1.0000     0.9073     0.8231     1.0000     1.0000     0.9264     0.8582     1.0000     1.0000     0.9455     0.8939     1.0000     1.0000     0.9646     0.9304     1.0000     1.0000     0.9837     0.9676     1.0000     1.0000     1.0028     1.0056     1.0000     1.0000     1.0219     1.0442     1.0000     1.0000     1.0410     1.0836     1.0000     1.0000     1.0601     1.1238     1.0000     1.0000     1.0792     1.1646     1.0000     1.0000     1.0983     1.2062     1.0000     1.0000     1.1174     1.2485     1.0000     1.0000     1.1365     1.2916     1.0000     1.0000     1.1556     1.3354     1.0000     1.0000     1.1747     1.3799     1.0000     1.0000     1.1938     1.4251     1.0000     1.0000     1.2129     1.4711     1.0000
    1.0000     0.0085     0.0001     1.0000     1.0000     0.0256     0.0007     1.0000     1.0000     0.0426     0.0018     1.0000     1.0000     0.0597     0.0036     1.0000     1.0000     0.0767     0.0059     1.0000     1.0000     0.0937     0.0088     1.0000     1.0000     0.1108     0.0123     1.0000     1.0000     0.1278     0.0163     1.0000     1.0000     0.1449     0.0210     1.0000     1.0000     0.1619     0.0262     1.0000     1.0000     0.1790     0.0320     1.0000     1.0000     0.1960     0.0384     1.0000     1.0000     0.2130     0.0454     1.0000     1.0000     0.2301     0.0529     1.0000     1.0000     0.2471     0.0611     1.0000     1.0000     0.2642     0.0698     1.0000     1.0000     0.2812     0.0791     1.0000     1.0000     0.2983     0.0890     1.0000     1.0000     0.3153     0.0994     1.0000     1.0000     0.3323     0.1105     1.0000     1.0000     0.3494     0.1221     1.0000     1.0000     0.3664     0.1343     1.0000     1.0000     0.3835     0.1471     1.0000     1.0000     0.4005     0.1604     1.0000     1.0000     0.4176     0.1744     1.0000     1.0000     0.4346     0.1889     1.0000     1.0000     0.4516     0.2040     1.0000     1.0000     0.4687     0.2197     1.0000     1.0000     0.4857     0.2359     1.0000     1.0000     0.5028     0.2528     1.0000     1.0000     0.5198     0.2702     1.0000     1.0000     0.5369     0.2882     1.0000     1.0000     0.5539     0.3068     1.0000     1.0000     0.5709     0.3260     1.0000     1.0000     0.5880     0.3457     1.0000     1.0000     0.6050     0.3661     1.0000     1.0000     0.6221     0.3870     1.0000     1.0000     0.6391     0.4085     1.0000     1.0000     0.6562     0.4306     1.0000     1.0000     0.6732     0.4532     1.0000     1.0000     0.6903     0.4764     1.0000     1.0000     0.7073     0.5003     1.0000     1.0000     0.7243     0.5247     1.0000     1.0000     0.7414     0.5496     1.0000     1.0000     0.7584     0.5752     1.0000     1.0000     0.7755     0.6014     1.0000     1.0000     0.7925     0.6281     1.0000     1.0000     0.8096     0.6554     1.0000     1.0000     0.8266     0.6833     1.0000     1.0000     0.8436     0.7117     1.0000     1.0000     0.8607     0.7408     1.0000     1.0000     0.8777     0.7704     1.0000     1.0000     0.8948     0.8006     1.0000     1.0000     0.9118     0.8314     1.0000     1.0000     0.9289     0.8628     1.0000     1.0000     0.9459     0.8947     1.0000     1.0000     0.9629     0.9273     1.0000     1.0000     0.9800     0.9604     1.0000     1.0000     0.9970     0.9941     1.0000     1.0000     1.0141     1.0283     1.0000     1.0000     1.0311     1.0632     1.0000     1.0000     1.0482     1.0986     1.0000     1.0000     1.0652     1.1347     1.0000     1.0000     1.0822     1.1713     1.0000
    1.0000     0.0086     0.0001     1.0000     1.0000     0.0259     0.0007     1.0000     1.0000     0.0431     0.0019     1.0000     1.0000     0.0604     0.0036     1.0000     1.0000     0.0776     0.0060     1.0000     1.0000     0.0949     0.0090     1.0000     1.0000     0.1121     0.0126     1.0000     1.0000     0.1294     0.0167     1.0000     1.0000     0.1466     0.0215     1.0000     1.0000     0.1639     0.0268     1.0000     1.0000     0.1811     0.0328     1.0000     1.0000     0.1984     0.0393     1.0000     1.0000     0.2156     0.0465     1.0000     1.0000     0.2328     0.0542     1.0000     1.0000     0.2501     0.0625     1.0000     1.0000     0.2673     0.0715     1.0000     1.0000     0.2846     0.0810     1.0000     1.0000     0.3018     0.0911     1.0000     1.0000     0.3191     0.1018     1.0000     1.0000     0.3363     0.1131     1.0000     1.0000     0.3536     0.1250     1.0000     1.0000     0.3708     0.1375     1.0000     1.0000     0.3881     0.1506     1.0000     1.0000     0.4053     0.1643     1.0000     1.0000     0.4226     0.1786     1.0000     1.0000     0.4398     0.1934     1.0000     1.0000     0.4571     0.2089     1.0000     1.0000     0.4743     0.2250     1.0000     1.0000     0.4916     0.2416     1.0000     1.0000     0.5088     0.2589     1.0000     1.0000     0.5261     0.2767     1.0000     1.0000     0.5433     0.2952     1.0000     1.0000     0.5606     0.3142     1.0000     1.0000     0.5778     0.3339     1.0000     1.0000     0.5951     0.3541     1.0000     1.0000     0.6123     0.3749     1.0000     1.0000     0.6296     0.3963     1.0000     1.0000     0.6468     0.4184     1.0000     1.0000     0.6640     0.4410     1.0000     1.0000     0.6813     0.4642     1.0000     1.0000     0.6985     0.4880     1.0000     1.0000     0.7158     0.5124     1.0000     1.0000     0.7330     0.5373     1.0000     1.0000     0.7503     0.5629     1.0000     1.0000     0.7675     0.5891     1.0000     1.0000     0.7848     0.6159     1.0000     1.0000     0.8020     0.6433     1.0000     1.0000     0.8193     0.6712     1.0000     1.0000     0.8365     0.6998     1.0000     1.0000     0.8538     0.7289     1.0000     1.0000     0.8710     0.7587     1.0000     1.0000     0.8883     0.7890     1.0000     1.0000     0.9055     0.8200     1.0000     1.0000     0.9228     0.8515     1.0000     1.0000     0.9400     0.8836     1.0000     1.0000     0.9573     0.9164     1.0000     1.0000     0.9745     0.9497     1.0000     1.0000     0.9918     0.9836     1.0000     1.0000     1.0090     1.0181     1.0000     1.0000     1.0263     1.0532     1.0000     1.0000     1.0435     1.0889     1.0000     1.0000     1.0608     1.1252     1.0000     1.0000     1.0780     1.1621     1.0000     1.0000     1.0952     1.1996     1.0000
    0.0000     0.0000     0.0000     0.0000     0.0000     0.0000     0.0000     0.0000     0.0000     0.0000     0.0000     0.0000     0.0000     0.0000     0.0000     0.0000     0.0000     0.0000     0.0000     0.0000     0.0000     0.0000     0.0000     0.0000     0.0000     0.0000     0.0000     0.0000     0.0000     0.0000     0.0000     0.0000     0.0000     0.0000     0.0000     0.0000     0.0000     0.0000     0.0000     0.0000     0.0000     0.0000     0.0000     0.0000     0.0000     0.0000     0.0000     0.0000     0.0000     0.0000     0.0000     0.0000     0.0000     0.0000     0.0000     0.0000     0.0000     0.0000     0.0000     0.0000     0.0000     0.0000     0.0000     0.0000     0.0000     0.0000     0.0000     0.0000     0.0000     0.0000     0.0000     0.0000     0.0000     0.0000     0.0000     0.0000     0.0000     0.0000     0.0000     0.0000     0.0000     0.0000     0.0000     0.0000     0.0000     0.0000     0.0000     0.0000     0.0000     0.0000     0.0000     0.0000     0.0000     0.0000     0.0000     0.0000     0.0000     0.0000     0.0000     0.0000     0.0000     0.0000     0.0000     0.0000     0.0000     0.0000     0.0000     0.0000     0.0000     0.0000     0.0000     0.0000     0.0000     0.0000     0.0000     0.0000     0.0000     0.0000     0.0000     0.0000     0.0000     0.0000     0.0000     0.0000     0.0000     0.0000     0.0000     0.0000     0.0000     0.0000     0.0000     0.0000     0.0000     0.0000     0.0000     0.0000     0.0000     0.0000     0.0000     0.0000     0.0000     0.0000     0.0000     0.0000     0.0000     0.0000     0.0000     0.0000     0.0000     0.0000     0.0000     0.0000     0.0000     0.0000     0.0000     0.0000     0.0000     0.0000     0.0000     0.0000     0.0000     0.0000     0.0000     0.0000     0.0000     0.0000     0.0000     0.0000     0.0000     0.0000     0.0000     0.0000     0.0000     0.0000     0.0000     0.0000     0.0000     0.0000     0.0000     0.0000     0.0000     0.0000     0.0000     0.0000     0.0000     0.0000     0.0000     0.0000     0.0000     0.0000     0.0000     0.0000     0.0000     0.0000     0.0000     0.0000     0.0000     0.0000     0.0000     0.0000     0.0000     0.0000     0.0000     0.0000     0.0000     0.0000     0.0000     0.0000     0.0000     0.0000     0.0000     0.0000     0.0000     0.0000     0.0000     0.0000     0.0000     0.0000     0.0000     0.0000     0.0000     0.0000     0.0000     0.0000     0.0000     0.0000     0.0000     0.0000     0.0000     0.0000     0.0000     0.0000     0.0000     0.0000     0.0000     0.0000     0.0000     0.0000     0.0000     0.0000     0.0000     0.0000     0.0000     0.0000     0.0000     0.0000     0.0000     0.0000     0.0000     0.0000     0.0000     0.0000     0.0000     0.0000     0.0000     0.0000
    1.0000     0.0076     0.0001     1.0000     1.0000     0.0228     0.0005     1.0000     1.0000     0.0380     0.0014     1.0000     1.0000     0.0533     0.0028     1.0000     1.0000     0.0685     0.0047     1.0000     1.0000     0.0837     0.0070     1.0000     1.0000     0.0989     0.0098     1.0000     1.0000     0.1141     0.0130     1.0000     1.0000     0.1294     0.0167     1.0000     1.0000     0.1446     0.0209     1.0000     1.0000     0.1598     0.0255     1.0000     1.0000     0.1750     0.0306     1.0000     1.0000     0.1902     0.0362     1.0000     1.0000     0.2055     0.0422     1.0000     1.0000     0.2207     0.0487     1.0000     1.0000     0.2359     0.0557     1.0000     1.0000     0.2511     0.0631     1.0000     1.0000     0.2663     0.0709     1.0000     1.0000     0.2816     0.0793     1.0000     1.0000     0.2968     0.0881     1.0000     1.0000     0.3120     0.0974     1.0000     1.0000     0.3272     0.1071     1.0000     1.0000     0.3424     0.1173     1.0000     1.0000     0.3577     0.1279     1.0000     1.0000     0.3729     0.1390     1.0000     1.0000     0.3881     0.1506     1.0000     1.0000     0.4033     0.1627     1.0000     1.0000     0.4185     0.1752     1.0000     1.0000     0.4338     0.1882     1.0000     1.0000     0.4490     0.2016     1.0000     1.0000     0.4642     0.2155     1.0000     1.0000     0.4794     0.2299     1.0000     1.0000     0.4946     0.2447     1.0000     1.0000     0.5099     0.2600     1.0000     1.0000     0.5251     0.2757     1.0000     1.0000     0.5403     0.2919     1.0000     1.0000     0.5555     0.3086     1.0000     1.0000     0.5707     0.3258     1.0000     1.0000     0.5860     0.3434     1.0000     1.0000     0.6012     0.3614     1.0000     1.0000     0.6164     0.3800     1.0000     1.0000     0.6316     0.3990     1.0000     1.0000     0.6468     0.4184     1.0000     1.0000     0.6621     0.4383     1.0000     1.0000     0.6773     0.4587     1.0000     1.0000     0.6925     0.4796     1.0000     1.0000     0.7077     0.5009     1.0000     1.0000     0.7229     0.5227     1.0000     1.0000     0.7382     0.5449     1.0000     1.0000     0.7534     0.5676     1.0000     1.0000     0.7686     0.5908     1.0000     1.0000     0.7838     0.6144     1.0000     1.0000     0.7990     0.6385     1.0000     1.0000     0.8143     0.6630     1.0000     1.0000     0.8295     0.6881     1.0000     1.0000     0.8447     0.7135     1.0000     1.0000     0.8599     0.7395     1.0000     1.0000     0.8751     0.7659     1.0000     1.0000     0.8904     0.7928     1.0000     1.0000     0.9056     0.8201     1.0000     1.0000     0.9208     0.8479     1.0000     1.0000     0.9360     0.8762     1.0000     1.0000     0.9512     0.9049     1.0000     1.0000     0.9665     0.9341     1.0000
    1.0000     0.0090     0.0001     1.0000     1.0000     0.0269     0.0007     1.0000     1.0000     0.0449     0.0020     1.0000     1.0000     0.0628     0.0039     1.0000     1.0000     0.0808     0.0065     1.0000     1.0000     0.0988     0.0098     1.0000     1.0000     0.1167     0.0136     1.0000     1.0000     0.1347     0.0181     1.0000     1.0000     0.1526     0.0233     1.0000     1.0000     0.1706     0.0291     1.0000     1.0000     0.1885     0.0355     1.0000     1.0000     0.2065     0.0426     1.0000     1.0000     0.2245     0.0504     1.0000     1.0000     0.2424     0.0588     1.0000     1.0000     0.2604     0.0678     1.0000     1.0000     0.2783     0.0775     1.0000     1.0000     0.2963     0.0878     1.0000     1.0000     0.3142     0.0987     1.0000     1.0000     0.3322     0.1104     1.0000     1.0000     0.3501     0.1226     1.0000     1.0000     0.3681     0.1355     1.0000     1.0000     0.3861     0.1490     1.0000     1.0000     0.4040     0.1632     1.0000     1.0000     0.4220     0.1781     1.0000     1.0000     0.4399     0.1935     1.0000     1.0000     0.4579     0.2097     1.0000     1.0000     0.4758     0.2264     1.0000     1.0000     0.4938     0.2438     1.0000     1.0000     0.5118     0.2619     1.0000     1.0000     0.5297     0.2806     1.0000     1.0000     0.5477     0.2999     1.0000     1.0000     0.5656     0.3199     1.0000     1.0000     0.5836     0.3406     1.0000     1.0000     0.6015     0.3618     1.0000     1.0000     0.6195     0.3838     1.0000     1.0000     0.6374     0.4063     1.0000     1.0000     0.6554     0.4296     1.0000     1.0000     0.6734     0.4534     1.0000     1.0000     0.6913     0.4779     1.0000     1.0000     0.7093     0.5031     1.0000     1.0000     0.7272     0.5289     1.0000     1.0000     0.7452     0.5553     1.0000     1.0000     0.7631     0.5824     1.0000     1.0000     0.7811     0.6101     1.0000     1.0000     0.7991     0.6385     1.0000     1.0000     0.8170     0.6675     1.0000     1.0000     0.8350     0.6972     1.0000     1.0000     0.8529     0.7275     1.0000     1.0000     0.8709     0.7584     1.0000     1.0000     0.8888     0.7900     1.0000     1.0000     0.9068     0.8223     1.0000     1.0000     0.9247     0.8552     1.0000     1.0000     0.9427     0.8887     1.0000     1.0000     0.9607     0.9229     1.0000     1.0000     0.9786     0.9577     1.0000     1.0000     0.9966     0.9932     1.0000     1.0000     1.0145     1.0293     1.0000     1.0000     1.0325     1.0660     1.0000     1.0000     1.0504     1.1034     1.0000     1.0000     1.0684     1.1415     1.0000     1.0000     1.0864     1.1802     1.0000     1.0000     1.1043     1.2195     1.0000     1.0000     1.1223     1.2595     1.0000     1.0000     1.1402     1.3001     1.0000
    1.0000     0.0096     0.0001     1.0000     1.0000     0.0287     0.0008     1.0000     1.0000     0.0478     0.0023     1.0000     1.0000     0.0669     0.0045     1.0000     1.0000     0.0860     0.0074     1.0000     1.0000     0.1051     0.0110     1.0000     1.0000     0.1242     0.0154     1.0000     1.0000     0.1433     0.0205     1.0000     1.0000     0.1624     0.0264     1.0000     1.0000     0.1815     0.0329     1.0000     1.0000     0.2006     0.0402     1.0000     1.0000     0.2197     0.0482     1.0000     1.0000     0.2388     0.0570     1.0000     1.0000     0.2579     0.0665     1.0000     1.0000     0.2770     0.0767     1.0000     1.0000     0.2961     0.0877     1.0000     1.0000     0.3152     0.0993     1.0000     1.0000     0.3343     0.1117     1.0000     1.0000     0.3534     0.1249     1.0000     1.0000     0.3725     0.1387     1.0000     1.0000     0.3916     0.1533     1.0000     1.0000     0.4107     0.1686     1.0000     1.0000     0.4298     0.1847     1.0000     1.0000     0.4489     0.2015     1.0000     1.0000     0.4680     0.2190     1.0000     1.0000     0.4871     0.2372     1.0000     1.0000     0.5062     0.2562     1.0000     1.0000     0.5253     0.2759     1.0000     1.0000     0.5444     0.2963     1.0000     1.0000     0.5635     0.3175     1.0000     1.0000     0.5826     0.3394     1.0000     1.0000     0.6017     0.3620     1.0000     1.0000     0.6208     0.3854     1.0000     1.0000     0.6399     0.4094     1.0000     1.0000     0.6590     0.4342     1.0000     1.0000     0.6781     0.4598     1.0000     1.0000     0.6972     0.4860     1.0000     1.0000     0.7163     0.5130     1.0000     1.0000     0.7354     0.5408     1.0000     1.0000     0.7545     0.5692     1.0000     1.0000     0.7736     0.5984     1.0000     1.0000     0.7927     0.6283     1.0000     1.0000     0.8118     0.6590     1.0000     1.0000     0.8309     0.6904     1.0000     1.0000     0.8500     0.7225     1.0000     1.0000     0.8691     0.7553     1.0000     1.0000     0.8882     0.7889     1.0000     1.0000     0.9073     0.8231     1.0000     1.0000     0.9264     0.8582     1.0000     1.0000     0.9455     0.8939     1.0000     1.0000     0.9646     0.9304     1.0000     1.0000     0.9837     0.9676     1.0000     1.0000     1.0028     1.0056     1.0000     1.0000     1.0219     1.0442     1.0000     1.0000     1.0410     1.0836     1.0000     1.0000     1.0601     1.1238     1.0000     1.0000     1.0792     1.1646     1.0000     1.0000     1.0983     1.2062     1.0000     1.0000     1.1174     1.2485     1.0000     1.0000     1.1365     1.2916     1.0000     1.0000     1.1556     1.3354     1.0000     1.0000     1.1747     1.3799     1.0000     1.0000     1.1938     1.4251     1.0000     1.0000     1.2129     1.4711     1.0000
    1.0000     0.0085     0.0001     1.0000     1.0000     0.0256     0.0007     1.0000     1.0000     0.0426     0.0018     1.0000     1.0000     0.0597     0.0036     1.0000     1.0000     0.0767     0.0059     1.0000     1.0000     0.0937     0.0088     1.0000     1.0000     0.1108     0.0123     1.0000     1.0000     0.1278     0.0163     1.0000     1.0000     0.1449     0.0210     1.0000     1.0000     0.1619     0.0262     1.0000     1.0000     0.1790     0.0320     1.0000     1.0000     0.1960     0.0384     1.0000     1.0000     0.2130     0.0454     1.0000     1.0000     0.2301     0.0529     1.0000     1.0000     0.2471     0.0611     1.0000     1.0000     0.2642     0.0698     1.0000     1.0000     0.2812     0.0791     1.0000     1.0000     0.2983     0.0890     1.0000     1.0000     0.3153     0.0994     1.0000     1.0000     0.3323     0.1105     1.0000     1.0000     0.3494     0.1221     1.0000     1.0000     0.3664     0.1343     1.0000     1.0000     0.3835     0.1471     1.0000     1.0000     0.4005     0.1604     1.0000     1.0000     0.4176     0.1744     1.0000     1.0000     0.4346     0.1889     1.0000     1.0000     0.4516     0.2040     1.0000     1.0000     0.4687     0.2197     1.0000     1.0000     0.4857     0.2359     1.0000     1.0000     0.5028     0.2528     1.0000     1.0000     0.5198     0.2702     1.0000     1.0000     0.5369     0.2882     1.0000     1.0000     0.5539     0.3068     1.0000     1.0000     0.5709     0.3260     1.0000     1.0000     0.5880     0.3457     1.0000     1.0000     0.6050     0.3661     1.0000     1.0000     0.6221     0.3870     1.0000     1.0000     0.6391     0.4085     1.0000     1.0000     0.6562     0.4306     1.0000     1.0000     0.6732     0.4532     1.0000     1.0000     0.6903     0.4764     1.0000     1.0000     0.7073     0.5003     1.0000     1.0000     0.7243     0.5247     1.0000     1.0000     0.7414     0.5496     1.0000     1.0000     0.7584     0.5752     1.0000     1.0000     0.7755     0.6014     1.0000     1.0000     0.7925     0.6281     1.0000     1.0000     0.8096     0.6554     1.0000     1.0000     0.8266     0.6833     1.0000     1.0000     0.8436     0.7117     1.0000     1.0000     0.8607     0.7408     1.0000     1.0000     0.8777     0.7704     1.0000     1.0000     0.8948     0.8006     1.0000     1.0000     0.9118     0.8314     1.0000     1.0000     0.9289     0.8628     1.0000     1.0000     0.9459     0.8947     1.0000     1.0000     0.9629     0.9273     1.0000     1.0000     0.9800     0.9604     1.0000     1.0000     0.9970     0.9941     1.0000     1.0000     1.0141     1.0283     1.0000     1.0000     1.0311     1.0632     1.0000     1.0000     1.0482     1.0986     1.0000     1.0000     1.0652     1.1347     1.0000     1.0000     1.0822     1.1713     1.0000
    1.0000     0.0086     0.0001     1.0000     1.0000     0.0259     0.0007     1.0000     1.0000     0.0431     0.0019     1.0000     1.0000     0.0604     0.0036     1.0000     1.0000     0.0776     0.0060     1.0000     1.0000     0.0949     0.0090     1.0000     1.0000     0.1121     0.0126     1.0000     1.0000     0.1294     0.0167     1.0000     1.0000     0.1466     0.0215     1.0000     1.0000     0.1639     0.0268     1.0000     1.0000     0.1811     0.0328     1.0000     1.0000     0.1984     0.0393     1.0000     1.0000     0.2156     0.0465     1.0000     1.0000     0.2328     0.0542     1.0000     1.0000     0.2501     0.0625     1.0000     1.0000     0.2673     0.0715     1.0000     1.0000     0.2846     0.0810     1.0000     1.0000     0.3018     0.0911     1.0000     1.0000     0.3191     0.1018     1.0000     1.0000     0.3363     0.1131     1.0000     1.0000     0.3536     0.1250     1.0000     1.0000     0.3708     0.1375     1.0000     1.0000     0.3881     0.1506     1.0000     1.0000     0.4053     0.1643     1.0000     1.0000     0.4226     0.1786     1.0000     1.0000     0.4398     0.1934     1.0000     1.0000     0.4571     0.2089     1.0000     1.0000     0.4743     0.2250     1.0000     1.0000     0.4916     0.2416     1.0000     1.0000     0.5088     0.2589     1.0000     1.0000     0.5261     0.2767     1.0000     1.0000     0.5433     0.2952     1.0000     1.0000     0.5606     0.3142     1.0000     1.0000     0.5778     0.3339     1.0000     1.0000     0.5951     0.3541     1.0000     1.0000     0.6123     0.3749     1.0000     1.0000     0.6296     0.3963     1.0000     1.0000     0.6468     0.4184     1.0000     1.0000     0.6640     0.4410     1.0000     1.0000     0.6813     0.4642     1.0000     1.0000     0.6985     0.4880     1.0000     1.0000     0.7158     0.5124     1.0000     1.0000     0.7330     0.5373     1.0000     1.0000     0.7503     0.5629     1.0000     1.0000     0.7675     0.5891     1.0000     1.0000     0.7848     0.6159     1.0000     1.0000     0.8020     0.6433     1.0000     1.0000     0.8193     0.6712     1.0000     1.0000     0.8365     0.6998     1.0000     1.0000     0.8538     0.7289     1.0000     1.0000     0.8710     0.7587     1.0000     1.0000     0.8883     0.7890     1.0000     1.0000     0.9055     0.8200     1.0000     1.0000     0.9228     0.8515     1.0000     1.0000     0.9400     0.8836     1.0000     1.0000     0.9573     0.9164     1.0000     1.0000     0.9745     0.9497     1.0000     1.0000     0.9918     0.9836     1.0000     1.0000     1.0090     1.0181     1.0000     1.0000     1.0263     1.0532     1.0000     1.0000     1.0435     1.0889     1.0000     1.0000     1.0608     1.1252     1.0000     1.0000     1.0780     1.1621     1.0000     1.0000     1.0952     1.1996     1.0000
    0.0000     0.0000     0.0000     0.0000     0.0000     0.0000     0.0000     0.0000     0.0000     0.0000     0.0000     0.0000     0.0000     0.0000     0.0000     0.0000     0.0000     0.0000     0.0000     0.0000     0.0000     0.0000     0.0000     0.0000     0.0000     0.0000     0.0000     0.0000     0.0000     0.0000     0.0000     0.0000     0.0000     0.0000     0.0000     0.0000     0.0000     0.0000     0.0000     0.0000     0.0000     0.0000     0.0000     0.0000     0.0000     0.0000     0.0000     0.0000     0.0000     0.0000     0.0000     0.0000     0.0000     0.0000     0.0000     0.0000     0.0000     0.0000     0.0000     0.0000     0.0000     0.0000     0.0000     0.0000     0.0000     0.0000     0.0000     0.0000     0.0000     0.0000     0.0000     0.0000     0.0000     0.0000     0.0000     0.0000     0.0000     0.0000     0.0000     0.0000     0.0000     0.0000     0.0000     0.0000     0.0000     0.0000     0.0000     0.0000     0.0000     0.0000     0.0000     0.0000     0.0000     0.0000     0.0000     0.0000     0.0000     0.0000     0.0000     0.0000     0.0000     0.0000     0.0000     0.0000     0.0000     0.0000     0.0000     0.0000     0.0000     0.0000     0.0000     0.0000     0.0000     0.0000     0.0000     0.0000     0.0000     0.0000     0.0000     0.0000     0.0000     0.0000     0.0000     0.0000     0.0000     0.0000     0.0000     0.0000     0.0000     0.0000     0.0000     0.0000     0.0000     0.0000     0.0000     0.0000     0.0000     0.0000     0.0000     0.0000     0.0000     0.0000     0.0000     0.0000     0.0000     0.0000     0.0000     0.0000     0.0000     0.0000     0.0000     0.0000     0.0000     0.0000     0.0000     0.0000     0.0000     0.0000     0.0000     0.0000     0.0000     0.0000     0.0000     0.0000     0.0000     0.0000     0.0000     0.0000     0.0000     0.0000     0.0000     0.0000     0.0000     0.0000     0.0000     0.0000     0.0000     0.0000     0.0000     0.0000     0.0000     0.0000     0.0000     0.0000     0.0000     0.0000     0.0000     0.0000     0.0000     0.0000     0.0000     0.0000     0.0000     0.0000     0.0000     0.0000     0.0000     0.0000     0.0000     0.0000     0.0000     0.0000     0.0000     0.0000     0.0000     0.0000     0.0000     0.0000     0.0000     0.0000     0.0000     0.0000     0.0000     0.0000     0.0000     0.0000     0.0000     0.0000     0.0000     0.0000     0.0000     0.0000     0.0000     0.0000     0.0000     0.0000     0.0000     0.0000     0.0000     0.0000     0.0000     0.0000     0.0000     0.0000     0.0000     0.0000     0.0000     0.0000     0.0000     0.0000     0.0000     0.0000     0.0000     0.0000     0.0000     0.0000     0.0000     0.0000     0.0000     0.0000     0.0000     0.0000     0.0000     0.0000     0.0000     0.0000
    1.0000     0.0076     0.0001     1.0000     1.0000     0.0228     0.0005     1.0000     1.0000     0.0380     0.0014     1.0000     1.0000     0.0533     0.0028     1.0000     1.0000     0.0685     0.0047     1.0000     1.0000     0.0837     0.0070     1.0000     1.0000     0.0989     0.0098     1.0000     1.0000     0.1141     0.0130     1.0000     1.0000     0.1294     0.0167     1.0000     1.0000     0.1446     0.0209     1.0000     1.0000     0.1598     0.0255     1.0000     1.0000     0.1750     0.0306     1.0000     1.0000     0.1902     0.0362     1.0000     1.0000     0.2055     0.0422     1.0000     1.0000     0.2207     0.0487     1.0000     1.0000     0.2359     0.0557     1.0000     1.0000     0.2511     0.0631     1.0000     1.0000     0.2663     0.0709     1.0000     1.0000     0.2816     0.0793     1.0000     1.0000     0.2968     0.0881     1.0000     1.0000     0.3120     0.0974     1.0000     1.0000     0.3272     0.1071     1.0000     1.0000     0.3424     0.1173     1.0000     1.0000     0.3577     0.1279     1.0000     1.0000     0.3729     0.1390     1.0000     1.0000     0.3881     0.1506     1.0000     1.0000     0.4033     0.1627     1.0000     1.0000     0.4185     0.1752     1.0000     1.0000     0.4338     0.1882     1.0000     1.0000     0.4490     0.2016     1.0000     1.0000     0.4642     0.2155     1.0000     1.0000     0.4794     0.2299     1.0000     1.0000     0.4946     0.2447     1.0000     1.0000     0.5099     0.2600     1.0000     1.0000     0.5251     0.2757     1.0000     1.0000     0.5403     0.2919     1.0000     1.0000     0.5555     0.3086     1.0000     1.0000     0.5707     0.3258     1.0000     1.0000     0.5860     0.3434     1.0000     1.0000     0.6012     0.3614     1.0000     1.0000     0.6164     0.3800     1.0000     1.0000     0.6316     0.3990     1.0000     1.0000     0.6468     0.4184     1.0000     1.0000     0.6621     0.4383     1.0000     1.0000     0.6773     0.4587     1.0000     1.0000     0.6925     0.4796     1.0000     1.0000     0.7077     0.5009     1.0000     1.0000     0.7229     0.5227     1.0000     1.0000     0.7382     0.5449     1.0000     1.0000     0.7534     0.5676     1.0000     1.0000     0.7686     0.5908     1.0000     1.0000     0.7838     0.6144     1.0000     1.0000     0.7990     0.6385     1.0000     1.0000     0.8143     0.6630     1.0000     1.0000     0.8295     0.6881     1.0000     1.0000     0.8447     0.7135     1.0000     1.0000     0.8599     0.7395     1.0000     1.0000     0.8751     0.7659     1.0000     1.0000     0.8904     0.7928     1.0000     1.0000     0.9056     0.8201     1.0000     1.0000     0.9208     0.8479     1.0000     1.0000     0.9360     0.8762     1.0000     1.0000     0.9512     0.9049     1.0000     1.0000     0.9665     0.9341     1.0000
    1.0000     0.0090     0.0001     1.0000     1.0000     0.0269     0.0007     1.0000     1.0000     0.0449     0.0020     1.0000     1.0000     0.0628     0.0039     1.0000     1.0000     0.0808     0.0065     1.0000     1.0000     0.0988     0.0098     1.0000     1.0000     0.1167     0.0136     1.0000     1.0000     0.1347     0.0181     1.0000     1.0000     0.1526     0.0233     1.0000     1.0000     0.1706     0.0291     1.0000     1.0000     0.1885     0.0355     1.0000     1.0000     0.2065     0.0426     1.0000     1.0000     0.2245     0.0504     1.0000     1.0000     0.2424     0.0588     1.0000     1.0000     0.2604     0.0678     1.0000     1.0000     0.2783     0.0775     1.0000     1.0000     0.2963     0.0878     1.0000     1.0000     0.3142     0.0987     1.0000     1.0000     0.3322     0.1104     1.0000     1.0000     0.3501     0.1226     1.0000     1.0000     0.3681     0.1355     1.0000     1.0000     0.3861     0.1490     1.0000     1.0000     0.4040     0.1632     1.0000     1.0000     0.4220     0.1781     1.0000     1.0000     0.4399     0.1935     1.0000     1.0000     0.4579     0.2097     1.0000     1.0000     0.4758     0.2264     1.0000     1.0000     0.4938     0.2438     1.0000     1.0000     0.5118     0.2619     1.0000     1.0000     0.5297     0.2806     1.0000     1.0000     0.5477     0.2999     1.0000     1.0000     0.5656     0.3199     1.0000     1.0000     0.5836     0.3406     1.0000     1.0000     0.6015     0.3618     1.0000     1.0000     0.6195     0.3838     1.0000     1.0000     0.6374     0.4063     1.0000     1.0000     0.6554     0.4296     1.0000     1.0000     0.6734     0.4534     1.0000     1.0000     0.6913     0.4779     1.0000     1.0000     0.7093     0.5031     1.0000     1.0000     0.7272     0.5289     1.0000     1.0000     0.7452     0.5553     1.0000     1.0000     0.7631     0.5824     1.0000     1.0000     0.7811     0.6101     1.0000     1.0000     0.7991     0.6385     1.0000     1.0000     0.8170     0.6675     1.0000     1.0000     0.8350     0.6972     1.0000     1.0000     0.8529     0.7275     1.0000     1.0000     0.8709     0.7584     1.0000     1.0000     0.8888     0.7900     1.0000     1.0000     0.9068     0.8223     1.0000     1.0000     0.9247     0.8552     1.0000     1.0000     0.9427     0.8887     1.0000     1.0000     0.9607     0.9229     1.0000     1.0000     0.9786     0.9577     1.0000     1.0000     0.9966     0.9932     1.0000     1.0000     1.0145     1.0293     1.0000     1.0000     1.0325     1.0660     1.0000     1.0000     1.0504     1.1034     1.0000     1.0000     1.0684     1.1415     1.0000     1.0000     1.0864     1.1802     1.0000     1.0000     1.1043     1.2195     1.0000     1.0000     1.1223     1.2595     1.0000     1.0000     1.1402     1.3001     1.0000
    1.0000     0.0096     0.0001     1.0000     1.0000     0.0287     0.0008     1.0000     1.0000     0.0478     0.0023     1.0000     1.0000     0.0669     0.0045     1.0000     1.0000     0.0860     0.0074     1.0000     1.0000     0.1051     0.0110     1.0000     1.0000     0.1242     0.0154     1.0000     1.0000     0.1433     0.0205     1.0000     1.0000     0.1624     0.0264     1.0000     1.0000     0.1815     0.0329     1.0000     1.0000     0.2006     0.0402     1.0000     1.0000     0.2197     0.0482     1.0000     1.0000     0.2388     0.0570     1.0000     1.0000     0.2579     0.0665     1.0000     1.0000     0.2770     0.0767     1.0000     1.0000     0.2961     0.0877     1.0000     1.0000     0.3152     0.0993     1.0000     1.0000     0.3343     0.1117     1.0000     1.0000     0.3534     0.1249     1.0000     1.0000     0.3725     0.1387     1.0000     1.0000     0.3916     0.1533     1.0000     1.0000     0.4107     0.1686     1.0000     1.0000     0.4298     0.1847     1.0000     1.0000     0.4489     0.2015     1.0000     1.0000     0.4680     0.2190     1.0000     1.0000     0.4871     0.2372     1.0000     1.0000     0.5062     0.2562     1.0000     1.0000     0.5253     0.2759     1.0000     1.0000     0.5444     0.2963     1.0000     1.0000     0.5635     0.3175     1.0000     1.0000     0.5826     0.3394     1.0000     1.0000     0.6017     0.3620     1.0000     1.0000     0.6208     0.3854     1.0000     1.0000     0.6399     0.4094     1.0000     1.0000     0.6590     0.4342     1.0000     1.0000     0.6781     0.4598     1.0000     1.0000     0.6972     0.4860     1.0000     1.0000     0.7163     0.5130     1.0000     1.0000     0.7354     0.5408     1.0000     1.0000     0.7545     0.5692     1.0000     1.0000     0.7736     0.5984     1.0000     1.0000     0.7927     0.6283     1.0000     1.0000     0.8118     0.6590     1.0000     1.0000     0.8309     0.6904     1.0000     1.0000     0.8500     0.7225     1.0000     1.0000     0.8691     0.7553     1.0000     1.0000     0.8882     0.7889     1.0000     1.0000     0.9073     0.8231     1.0000     1.0000     0.9264     0.8582     1.0000     1.0000     0.9455     0.8939     1.0000     1.0000     0.9646     0.9304     1.0000     1.0000     0.9837     0.9676     1.0000     1.0000     1.0028     1.0056     1.0000     1.0000     1.0219     1.0442     1.0000     1.0000     1.0410     1.0836     1.0000     1.0000     1.0601     1.1238     1.0000     1.0000     1.0792     1.1646     1.0000     1.0000     1.0983     1.2062     1.0000     1.0000     1.1174     1.2485     1.0000     1.0000     1.1365     1.2916     1.0000     1.0000     1.1556     1.3354     1.0000     1.0000     1.1747     1.3799     1.0000     1.0000     1.1938     1.4251     1.0000     1.0000     1.2129     1.4711     1.0000
    1.0000     0.0085     0.0001     1.0000     1.0000     0.0256     0.0007     1.0000     1.0000     0.0426     0.0018     1.0000     1.0000     0.0597     0.0036     1.0000     1.0000     0.0767     0.0059     1.0000     1.0000     0.0937     0.0088     1.0000     1.0000     0.1108     0.0123     1.0000     1.0000     0.1278     0.0163     1.0000     1.0000     0.1449     0.0210     1.0000     1.0000     0.1619     0.0262     1.0000     1.0000     0.1790     0.0320     1.0000     1.0000     0.1960     0.0384     1.0000     1.0000     0.2130     0.0454     1.0000     1.0000     0.2301     0.0529     1.0000     1.0000     0.2471     0.0611     1.0000     1.0000     0.2642     0.0698     1.0000     1.0000     0.2812     0.0791     1.0000     1.0000     0.2983     0.0890     1.0000     1.0000     0.3153     0.0994     1.0000     1.0000     0.3323     0.1105     1.0000     1.0000     0.3494     0.1221     1.0000     1.0000     0.3664     0.1343     1.0000     1.0000     0.3835     0.1471     1.0000     1.0000     0.4005     0.1604     1.0000     1.0000     0.4176     0.1744     1.0000     1.0000     0.4346     0.1889     1.0000     1.0000     0.4516     0.2040     1.0000     1.0000     0.4687     0.2197     1.0000     1.0000     0.4857     0.2359     1.0000     1.0000     0.5028     0.2528     1.0000     1.0000     0.5198     0.2702     1.0000     1.0000     0.5369     0.2882     1.0000     1.0000     0.5539     0.3068     1.0000     1.0000     0.5709     0.3260     1.0000     1.0000     0.5880     0.3457     1.0000     1.0000     0.6050     0.3661     1.0000     1.0000     0.6221     0.3870     1.0000     1.0000     0.6391     0.4085     1.0000     1.0000     0.6562     0.4306     1.0000     1.0000     0.6732     0.4532     1.0000     1.0000     0.6903     0.4764     1.0000     1.0000     0.7073     0.5003     1.0000     1.0000     0.7243     0.5247     1.0000     1.0000     0.7414     0.5496     1.0000     1.0000     0.7584     0.5752     1.0000     1.0000     0.7755     0.6014     1.0000     1.0000     0.7925     0.6281     1.0000     1.0000     0.8096     0.6554     1.0000     1.0000     0.8266     0.6833     1.0000     1.0000     0.8436     0.7117     1.0000     1.0000     0.8607     0.7408     1.0000     1.0000     0.8777     0.7704     1.0000     1.0000     0.8948     0.8006     1.0000     1.0000     0.9118     0.8314     1.0000     1.0000     0.9289     0.8628     1.0000     1.0000     0.9459     0.8947     1.0000     1.0000     0.9629     0.9273     1.0000     1.0000     0.9800     0.9604     1.0000     1.0000     0.9970     0.9941     1.0000     1.0000     1.0141     1.0283     1.0000     1.0000     1.0311     1.0632     1.0000     1.0000     1.0482     1.0986     1.0000     1.0000     1.0652     1.1347     1.0000     1.0000     1.0822     1.1713     1.0000
    1.0000     0.0086     0.0001     1.0000     1.0000     0.0259     0.0007     1.0000     1.0000     0.0431     0.0019     1.0000     1.0000     0.0604     0.0036     1.0000     1.0000     0.0776     0.0060     1.0000     1.0000     0.0949     0.0090     1.0000     1.0000     0.1121     0.0126     1.0000     1.0000     0.1294     0.0167     1.0000     1.0000     0.1466     0.0215     1.0000     1.0000     0.1639     0.0268     1.0000     1.0000     0.1811     0.0328     1.0000     1.0000     0.1984     0.0393     1.0000     1.0000     0.2156     0.0465     1.0000     1.0000     0.2328     0.0542     1.0000     1.0000     0.2501     0.0625     1.0000     1.0000     0.2673     0.0715     1.0000     1.0000     0.2846     0.0810     1.0000     1.0000     0.3018     0.0911     1.0000     1.0000     0.3191     0.1018     1.0000     1.0000     0.3363     0.1131     1.0000     1.0000     0.3536     0.1250     1.0000     1.0000     0.3708     0.1375     1.0000     1.0000     0.3881     0.1506     1.0000     1.0000     0.4053     0.1643     1.0000     1.0000     0.4226     0.1786     1.0000     1.0000     0.4398     0.1934     1.0000     1.0000     0.4571     0.2089     1.0000     1.0000     0.4743     0.2250     1.0000     1.0000     0.4916     0.2416     1.0000     1.0000     0.5088     0.2589     1.0000     1.0000     0.5261     0.2767     1.0000     1.0000     0.5433     0.2952     1.0000     1.0000     0.5606     0.3142     1.0000     1.0000     0.5778     0.3339     1.0000     1.0000     0.5951     0.3541     1.0000     1.0000     0.6123     0.3749     1.0000     1.0000     0.6296     0.3963     1.0000     1.0000     0.6468     0.4184     1.0000     1.0000     0.6640     0.4410     1.0000     1.0000     0.6813     0.4642     1.0000     1.0000     0.6985     0.4880     1.0000     1.0000     0.7158     0.5124     1.0000     1.0000     0.7330     0.5373     1.0000     1.0000     0.7503     0.5629     1.0000     1.0000     0.7675     0.5891     1.0000     1.0000     0.7848     0.6159     1.0000     1.0000     0.8020     0.6433     1.0000     1.0000     0.8193     0.6712     1.0000     1.0000     0.8365     0.6998     1.0000     1.0000     0.8538     0.7289     1.0000     1.0000     0.8710     0.7587     1.0000     1.0000     0.8883     0.7890     1.0000     1.0000     0.9055     0.8200     1.0000     1.0000     0.9228     0.8515     1.0000     1.0000     0.9400     0.8836     1.0000     1.0000     0.9573     0.9164     1.0000     1.0000     0.9745     0.9497     1.0000     1.0000     0.9918     0.9836     1.0000     1.0000     1.0090     1.0181     1.0000     1.0000     1.0263     1.0532     1.0000     1.0000     1.0435     1.0889     1.0000     1.0000     1.0608     1.1252     1.0000     1.0000     1.0780     1.1621     1.0000     1.0000     1.0952     1.1996     1.0000
    0.0000     0.0000     0.0000     0.0000     0.0000     0.0000     0.0000     0.0000     0.0000     0.0000     0.0000     0.0000     0.0000     0.0000     0.0000     0.0000     0.0000     0.0000     0.0000     0.0000     0.0000     0.0000     0.0000     0.0000     0.0000     0.0000     0.0000     0.0000     0.0000     0.0000     0.0000     0.0000     0.0000     0.0000     0.0000     0.0000     0.0000     0.0000     0.0000     0.0000     0.0000     0.0000     0.0000     0.0000     0.0000     0.0000     0.0000     0.0000     0.0000     0.0000     0.0000     0.0000     0.0000     0.0000     0.0000     0.0000     0.0000     0.0000     0.0000     0.0000     0.0000     0.0000     0.0000     0.0000     0.0000     0.0000     0.0000     0.0000     0.0000     0.0000     0.0000     0.0000     0.0000     0.0000     0.0000     0.0000     0.0000     0.0000     0.0000     0.0000     0.0000     0.0000     0.0000     0.0000     0.0000     0.0000     0.0000     0.0000     0.0000     0.0000     0.0000     0.0000     0.0000     0.0000     0.0000     0.0000     0.0000     0.0000     0.0000     0.0000     0.0000     0.0000     0.0000     0.0000     0.0000     0.0000     0.0000     0.0000     0.0000     0.0000     0.0000     0.0000     0.0000     0.0000     0.0000     0.0000     0.0000     0.0000     0.0000     0.0000     0.0000     0.0000     0.0000     0.0000     0.0000     0.0000     0.0000     0.0000     0.0000     0.0000     0.0000     0.0000     0.0000     0.0000     0.0000     0.0000     0.0000     0.0000     0.0000     0.0000     0.0000     0.0000     0.0000     0.0000     0.0000     0.0000     0.0000     0.0000     0.0000     0.0000     0.0000     0.0000     0.0000     0.0000     0.0000     0.0000     0.0000     0.0000     0.0000     0.0000     0.0000     0.0000     0.0000     0.0000     0.0000     0.0000     0.0000     0.0000     0.0000     0.0000     0.0000     0.0000     0.0000     0.0000     0.0000     0.0000     0.0000     0.0000     0.0000     0.0000     0.0000     0.0000     0.0000     0.0000     0.0000     0.0000     0.0000     0.0000     0.0000     0.0000     0.0000     0.0000     0.0000     0.0000     0.0000     0.0000     0.0000     0.0000     0.0000     0.0000     0.0000     0.0000     0.0000     0.0000     0.0000     0.0000     0.0000     0.0000     0.0000     0.0000     0.0000     0.0000     0.0000     0.0000     0.0000     0.0000     0.0000     0.0000     0.0000     0.0000     0.0000     0.0000     0.0000     0.0000     0.0000     0.0000     0.0000     0.0000     0.0000     0.0000     0.0000     0.0000     0.0000     0.0000     0.0000     0.0000     0.0000     0.0000     0.0000     0.0000     0.0000     0.0000     0.0000     0.0000     0.0000     0.0000     0.0000     0.0000     0.0000     0.0000     0.0000     0.0000     0.0000     0.0000     0.0000     0.0000
    1.0000     0.0076     0.0001     1.0000     1.0000     0.0228     0.0005     1.0000     1.0000     0.0380     0.0014     1.0000     1.0000     0.0533     0.0028     1.0000     1.0000     0.0685     0.0047     1.0000     1.0000     0.0837     0.0070     1.0000     1.0000     0.0989     0.0098     1.0000     1.0000     0.1141     0.0130     1.0000     1.0000     0.1294     0.0167     1.0000     1.0000     0.1446     0.0209     1.0000     1.0000     0.1598     0.0255     1.0000     1.0000     0.1750     0.0306     1.0000     1.0000     0.1902     0.0362     1.0000     1.0000     0.2055     0.0422     1.0000     1.0000     0.2207     0.0487     1.0000     1.0000     0.2359     0.0557     1.0000     1.0000     0.2511     0.0631     1.0000     1.0000     0.2663     0.0709     1.0000     1.0000     0.2816     0.0793     1.0000     1.0000     0.2968     0.0881     1.0000     1.0000     0.3120     0.0974     1.0000     1.0000     0.3272     0.1071     1.0000     1.0000     0.3424     0.1173     1.0000     1.0000     0.3577     0.1279     1.0000     1.0000     0.3729     0.1390     1.0000     1.0000     0.3881     0.1506     1.0000     1.0000     0.4033     0.1627     1.0000     1.0000     0.4185     0.1752     1.0000     1.0000     0.4338     0.1882     1.0000     1.0000     0.4490     0.2016     1.0000     1.0000     0.4642     0.2155     1.0000     1.0000     0.4794     0.2299     1.0000     1.0000     0.4946     0.2447     1.0000     1.0000     0.5099     0.2600     1.0000     1.0000     0.5251     0.2757     1.0000     1.0000     0.5403     0.2919     1.0000     1.0000     0.5555     0.3086     1.0000     1.0000     0.5707     0.3258     1.0000     1.0000     0.5860     0.3434     1.0000     1.0000     0.6012     0.3614     1.0000     1.0000     0.6164     0.3800     1.0000     1.0000     0.6316     0.3990     1.0000     1.0000     0.6468     0.4184     1.0000     1.0000     0.6621     0.4383     1.0000     1.0000     0.6773     0.4587     1.0000     1.0000     0.6925     0.4796     1.0000     1.0000     0.7077     0.5009     1.0000     1.0000     0.7229     0.5227     1.0000     1.0000     0.7382     0.5449     1.0000     1.0000     0.7534     0.5676     1.0000     1.0000     0.7686     0.5908     1.0000     1.0000     0.7838     0.6144     1.0000     1.0000     0.7990     0.6385     1.0000     1.0000     0.8143     0.6630     1.0000     1.0000     0.8295     0.6881     1.0000     1.0000     0.8447     0.7135     1.0000     1.0000     0.8599     0.7395     1.0000     1.0000     0.8751     0.7659     1.0000     1.0000     0.8904     0.7928     1.0000     1.0000     0.9056     0.8201     1.0000     1.0000     0.9208     0.8479     1.0000     1.0000     0.9360     0.8762     1.0000     1.0000     0.9512     0.9049     1.0000     1.0000     0.9665     0.9341     1.0000
    1.0000     0.0090     0.0001     1.0000     1.0000     0.0269     0.0007     1.0000     1.0000     0.0449     0.0020     1.0000     1.0000     0.0628     0.0039     1.0000     1.0000     0.0808     0.0065     1.0000     1.0000     0.0988     0.0098     1.0000     1.0000     0.1167     0.0136     1.0000     1.0000     0.1347     0.0181     1.0000     1.0000     0.1526     0.0233     1.0000     1.0000     0.1706     0.0291     1.0000     1.0000     0.1885     0.0355     1.0000     1.0000     0.2065     0.0426     1.0000     1.0000     0.2245     0.0504     1.0000     1.0000     0.2424     0.0588     1.0000     1.0000     0.2604     0.0678     1.0000     1.0000     0.2783     0.0775     1.0000     1.0000     0.2963     0.0878     1.0000     1.0000     0.3142     0.0987     1.0000     1.0000     0.3322     0.1104     1.0000     1.0000     0.3501     0.1226     1.0000     1.0000     0.3681     0.1355     1.0000     1.0000     0.3861     0.1490     1.0000     1.0000     0.4040     0.1632     1.0000     1.0000     0.4220     0.1781     1.0000     1.0000     0.4399     0.1935     1.0000     1.0000     0.4579     0.2097     1.0000     1.0000     0.4758     0.2264     1.0000     1.0000     0.4938     0.2438     1.0000     1.0000     0.5118     0.2619     1.0000     1.0000     0.5297     0.2806     1.0000     1.0000     0.5477     0.2999     1.0000     1.0000     0.5656     0.3199     1.0000     1.0000     0.5836     0.3406     1.0000     1.0000     0.6015     0.3618     1.0000     1.0000     0.6195     0.3838     1.0000     1.0000     0.6374     0.4063     1.0000     1.0000     0.6554     0.4296     1.0000     1.0000     0.6734     0.4534     1.0000     1.0000     0.6913     0.4779     1.0000     1.0000     0.7093     0.5031     1.0000     1.0000     0.7272     0.5289     1.0000     1.0000     0.7452     0.5553     1.0000     1.0000     0.7631     0.5824     1.0000     1.0000     0.7811     0.6101     1.0000     1.0000     0.7991     0.6385     1.0000     1.0000     0.8170     0.6675     1.0000     1.0000     0.8350     0.6972     1.0000     1.0000     0.8529     0.7275     1.0000     1.0000     0.8709     0.7584     1.0000     1.0000     0.8888     0.7900     1.0000     1.0000     0.9068     0.8223     1.0000     1.0000     0.9247     0.8552     1.0000     1.0000     0.9427     0.8887     1.0000     1.0000     0.9607     0.9229     1.0000     1.0000     0.9786     0.9577     1.0000     1.0000     0.9966     0.9932     1.0000     1.0000     1.0145     1.0293     1.0000     1.0000     1.0325     1.0660     1.0000     1.0000     1.0504     1.1034     1.0000     1.0000     1.0684     1.1415     1.0000     1.0000     1.0864     1.1802     1.0000     1.0000     1.1043     1.2195     1.0000     1.0000     1.1223     1.2595     1.0000     1.0000     1.1402     1.3001     1.0000
    1.0000     0.0096     0.0001     1.0000     1.0000     0.0287     0.0008     1.0000     1.0000     0.0478     0.0023     1.0000     1.0000     0.0669     0.0045     1.0000     1.0000     0.0860     0.0074     1.0000     1.0000     0.1051     0.0110     1.0000     1.0000     0.1242     0.0154     1.0000     1.0000     0.1433     0.0205     1.0000     1.0000     0.1624     0.0264     1.0000     1.0000     0.1815     0.0329     1.0000     1.0000     0.2006     0.0402     1.0000     1.0000     0.2197     0.0482     1.0000     1.0000     0.2388     0.0570     1.0000     1.0000     0.2579     0.0665     1.0000     1.0000     0.2770     0.0767     1.0000     1.0000     0.2961     0.0877     1.0000     1.0000     0.3152     0.0993     1.0000     1.0000     0.3343     0.1117     1.0000     1.0000     0.3534     0.1249     1.0000     1.0000     0.3725     0.1387     1.0000     1.0000     0.3916     0.1533     1.0000     1.0000     0.4107     0.1686     1.0000     1.0000     0.4298     0.1847     1.0000     1.0000     0.4489     0.2015     1.0000     1.0000     0.4680     0.2190     1.0000     1.0000     0.4871     0.2372     1.0000     1.0000     0.5062     0.2562     1.0000     1.0000     0.5253     0.2759     1.0000     1.0000     0.5444     0.2963     1.0000     1.0000     0.5635     0.3175     1.0000     1.0000     0.5826     0.3394     1.0000     1.0000     0.6017     0.3620     1.0000     1.0000     0.6208     0.3854     1.0000     1.0000     0.6399     0.4094     1.0000     1.0000     0.6590     0.4342     1.0000     1.0000     0.6781     0.4598     1.0000     1.0000     0.6972     0.4860     1.0000     1.0000     0.7163     0.5130     1.0000     1.0000     0.7354     0.5408     1.0000     1.0000     0.7545     0.5692     1.0000     1.0000     0.7736     0.5984     1.0000     1.0000     0.7927     0.6283     1.0000     1.0000     0.8118     0.6590     1.0000     1.0000     0.8309     0.6904     1.0000     1.0000     0.8500     0.7225     1.0000     1.0000     0.8691     0.7553     1.0000     1.0000     0.8882     0.7889     1.0000     1.0000     0.9073     0.8231     1.0000     1.0000     0.9264     0.8582     1.0000     1.0000     0.9455     0.8939     1.0000     1.0000     0.9646     0.9304     1.0000     1.0000     0.9837     0.9676     1.0000     1.0000     1.0028     1.0056     1.0000     1.0000     1.0219     1.0442     1.0000     1.0000     1.0410     1.0836     1.0000     1.0000     1.0601     1.1238     1.0000     1.0000     1.0792     1.1646     1.0000     1.0000     1.0983     1.2062     1.0000     1.0000     1.1174     1.2485     1.0000     1.0000     1.1365     1.2916     1.0000     1.0000     1.1556     1.3354     1.0000     1.0000     1.1747     1.3799     1.0000     1.0000     1.1938     1.4251     1.0000     1.0000     1.2129     1.4711     1.0000
    1.0000     0.0085     0.0001     1.0000     1.0000     0.0256     0.0007     1.0000     1.0000     0.0426     0.0018     1.0000     1.0000     0.0597     0.0036     1.0000     1.0000     0.0767     0.0059     1.0000     1.0000     0.0937     0.0088     1.0000     1.0000     0.1108     0.0123     1.0000     1.0000     0.1278     0.0163     1.0000     1.0000     0.1449     0.0210     1.0000     1.0000     0.1619     0.0262     1.0000     1.0000     0.1790     0.0320     1.0000     1.0000     0.1960     0.0384     1.0000     1.0000     0.2130     0.0454     1.0000     1.0000     0.2301     0.0529     1.0000     1.0000     0.2471     0.0611     1.0000     1.0000     0.2642     0.0698     1.0000     1.0000     0.2812     0.0791     1.0000     1.0000     0.2983     0.0890     1.0000     1.0000     0.3153     0.0994     1.0000     1.0000     0.3323     0.1105     1.0000     1.0000     0.3494     0.1221     1.0000     1.0000     0.3664     0.1343     1.0000     1.0000     0.3835     0.1471     1.0000     1.0000     0.4005     0.1604     1.0000     1.0000     0.4176     0.1744     1.0000     1.0000     0.4346     0.1889     1.0000     1.0000     0.4516     0.2040     1.0000     1.0000     0.4687     0.2197     1.0000     1.0000     0.4857     0.2359     1.0000     1.0000     0.5028     0.2528     1.0000     1.0000     0.5198     0.2702     1.0000     1.0000     0.5369     0.2882     1.0000     1.0000     0.5539     0.3068     1.0000     1.0000     0.5709     0.3260     1.0000     1.0000     0.5880     0.3457     1.0000     1.0000     0.6050     0.3661     1.0000     1.0000     0.6221     0.3870     1.0000     1.0000     0.6391     0.4085     1.0000     1.0000     0.6562     0.4306     1.0000     1.0000     0.6732     0.4532     1.0000     1.0000     0.6903     0.4764     1.0000     1.0000     0.7073     0.5003     1.0000     1.0000     0.7243     0.5247     1.0000     1.0000     0.7414     0.5496     1.0000     1.0000     0.7584     0.5752     1.0000     1.0000     0.7755     0.6014     1.0000     1.0000     0.7925     0.6281     1.0000     1.0000     0.8096     0.6554     1.0000     1.0000     0.8266     0.6833     1.0000     1.0000     0.8436     0.7117     1.0000     1.0000     0.8607     0.7408     1.0000     1.0000     0.8777     0.7704     1.0000     1.0000     0.8948     0.8006     1.0000     1.0000     0.9118     0.8314     1.0000     1.0000     0.9289     0.8628     1.0000     1.0000     0.9459     0.8947     1.0000     1.0000     0.9629     0.9273     1.0000     1.0000     0.9800     0.9604     1.0000     1.0000     0.9970     0.9941     1.0000     1.0000     1.0141     1.0283     1.0000     1.0000     1.0311     1.0632     1.0000     1.0000     1.0482     1.0986     1.0000     1.0000     1.0652     1.1347     1.0000     1.0000     1.0822     1.1713     1.0000
    1.0000     0.0086     0.0001     1.0000     1.0000     0.0259     0.0007     1.0000     1.0000     0.0431     0.0019     1.0000     1.0000     0.0604     0.0036     1.0000     1.0000     0.0776     0.0060     1.0000     1.0000     0.0949     0.0090     1.0000     1.0000     0.1121     0.0126     1.0000     1.0000     0.1294     0.0167     1.0000     1.0000     0.1466     0.0215     1.0000     1.0000     0.1639     0.0268     1.0000     1.0000     0.1811     0.0328     1.0000     1.0000     0.1984     0.0393     1.0000     1.0000     0.2156     0.0465     1.0000     1.0000     0.2328     0.0542     1.0000     1.0000     0.2501     0.0625     1.0000     1.0000     0.2673     0.0715     1.0000     1.0000     0.2846     0.0810     1.0000     1.0000     0.3018     0.0911     1.0000     1.0000     0.3191     0.1018     1.0000     1.0000     0.3363     0.1131     1.0000     1.0000     0.3536     0.1250     1.0000     1.0000     0.3708     0.1375     1.0000     1.0000     0.3881     0.1506     1.0000     1.0000     0.4053     0.1643     1.0000     1.0000     0.4226     0.1786     1.0000     1.0000     0.4398     0.1934     1.0000     1.0000     0.4571     0.2089     1.0000     1.0000     0.4743     0.2250     1.0000     1.0000     0.4916     0.2416     1.0000     1.0000     0.5088     0.2589     1.0000     1.0000     0.5261     0.2767     1.0000     1.0000     0.5433     0.2952     1.0000     1.0000     0.5606     0.3142     1.0000     1.0000     0.5778     0.3339     1.0000     1.0000     0.5951     0.3541     1.0000     1.0000     0.6123     0.3749     1.0000     1.0000     0.6296     0.3963     1.0000     1.0000     0.6468     0.4184     1.0000     1.0000     0.6640     0.4410     1.0000     1.0000     0.6813     0.4642     1.0000     1.0000     0.6985     0.4880     1.0000     1.0000     0.7158     0.5124     1.0000     1.0000     0.7330     0.5373     1.0000     1.0000     0.7503     0.5629     1.0000     1.0000     0.7675     0.5891     1.0000     1.0000     0.7848     0.6159     1.0000     1.0000     0.8020     0.6433     1.0000     1.0000     0.8193     0.6712     1.0000     1.0000     0.8365     0.6998     1.0000     1.0000     0.8538     0.7289     1.0000     1.0000     0.8710     0.7587     1.0000     1.0000     0.8883     0.7890     1.0000     1.0000     0.9055     0.8200     1.0000     1.0000     0.9228     0.8515     1.0000     1.0000     0.9400     0.8836     1.0000     1.0000     0.9573     0.9164     1.0000     1.0000     0.9745     0.9497     1.0000     1.0000     0.9918     0.9836     1.0000     1.0000     1.0090     1.0181     1.0000     1.0000     1.0263     1.0532     1.0000     1.0000     1.0435     1.0889     1.0000     1.0000     1.0608     1.1252     1.0000     1.0000     1.0780     1.1621     1.0000     1.0000     1.0952     1.1996     1.0000
    0.0000     0.0000     0.0000     0.0000     0.0000     0.0000     0.0000     0.0000     0.0000     0.0000     0.0000     0.0000     0.0000     0.0000     0.0000     0.0000     0.0000     0.0000     0.0000     0.0000     0.0000     0.0000     0.0000     0.0000     0.0000     0.0000     0.0000     0.0000     0.0000     0.0000     0.0000     0.0000     0.0000     0.0000     0.0000     0.0000     0.0000     0.0000     0.0000     0.0000     0.0000     0.0000     0.0000     0.0000     0.0000     0.0000     0.0000     0.0000     0.0000     0.0000     0.0000     0.0000     0.0000     0.0000     0.0000     0.0000     0.0000     0.0000     0.0000     0.0000     0.0000     0.0000     0.0000     0.0000     0.0000     0.0000     0.0000     0.0000     0.0000     0.0000     0.0000     0.0000     0.0000     0.0000     0.0000     0.0000     0.0000     0.0000     0.0000     0.0000     0.0000     0.0000     0.0000     0.0000     0.0000     0.0000     0.0000     0.0000     0.0000     0.0000     0.0000     0.0000     0.0000     0.0000     0.0000     0.0000     0.0000     0.0000     0.0000     0.0000     0.0000     0.0000     0.0000     0.0000     0.0000     0.0000     0.0000     0.0000     0.0000     0.0000     0.0000     0.0000     0.0000     0.0000     0.0000     0.0000     0.0000     0.0000     0.0000     0.0000     0.0000     0.0000     0.0000     0.0000     0.0000     0.0000     0.0000     0.0000     0.0000     0.0000     0.0000     0.0000     0.0000     0.0000     0.0000     0.0000     0.0000     0.0000     0.0000     0.0000     0.0000     0.0000     0.0000     0.0000     0.0000     0.0000     0.0000     0.0000     0.0000     0.0000     0.0000     0.0000     0.0000     0.0000     0.0000     0.0000     0.0000     0.0000     0.0000     0.0000     0.0000     0.0000     0.0000     0.0000     0.0000     0.0000     0.0000     0.0000     0.0000     0.0000     0.0000     0.0000     0.0000     0.0000     0.0000     0.0000     0.0000     0.0000     0.0000     0.0000     0.0000     0.0000     0.0000     0.0000     0.0000     0.0000     0.0000     0.0000     0.0000     0.0000     0.0000     0.0000     0.0000     0.0000     0.0000     0.0000     0.0000     0.0000     0.0000     0.0000     0.0000     0.0000     0.0000     0.0000     0.0000     0.0000     0.0000     0.0000     0.0000     0.0000     0.0000     0.0000     0.0000     0.0000     0.0000     0.0000     0.0000     0.0000     0.0000     0.0000     0.0000     0.0000     0.0000     0.0000     0.0000     0.0000     0.0000     0.0000     0.0000     0.0000     0.0000     0.0000     0.0000     0.0000     0.0000     0.0000     0.0000     0.0000     0.0000     0.0000     0.0000     0.0000     0.0000     0.0000     0.0000     0.0000     0.0000     0.0000     0.0000     0.0000     0.0000     0.0000     0.0000     0.0000     0.0000     0.0000
    1.0000     0.0000     0.0000     0.0000     1.0000     0.0000     0.0000     0.0000     1.0000     0.0000     0.0000     0.0000     1.0000     0.0000     0.0000     0.0000     1.0000     0.0000     0.0000     0.0000     1.0000     0.0000     0.0000     0.0000     1.0000     0.0000     0.0000     0.0000     1.0000     0.0000     0.0000     0.0000     1.0000     0.0000     0.0000     0.0000     1.0000     0.0000     0.0000     0.0000     1.0000     0.0000     0.0000     0.0000     1.0000     0.0000     0.0000     0.0000     1.0000     0.0000     0.0000     0.0000     1.0000     0.0000     0.0000     0.0000     1.0000     0.0000     0.0000     0.0000     1.0000     0.0000     0.0000     0.0000     1.0000     0.0000     0.0000     0.0000     1.0000     0.0000     0.0000     0.0000     1.0000     0.0000     0.0000     0.0000     1.0000     0.0000     0.0000     0.0000     1.0000     0.0000     0.0000     0.0000     1.0000     0.0000     0.0000     0.0000     1.0000     0.0000     0.0000     0.0000     1.0000     0.0000     0.0000     0.0000     1.0000     0.0000     0.0000     0.0000     1.0000     0.0000     0.0000     0.0000     1.0000     0.0000     0.0000     0.0000     1.0000     0.0000     0.0000     0.0000     1.0000     0.0000     0.0000     0.0000     1.0000     0.0000     0.0000     0.0000     1.0000     0.0000     0.0000     0.0000     1.0000     0.0000     0.0000     0.0000     1.0000     0.0000     0.0000     0.0000     1.0000     0.0000     0.0000     0.0000     1.0000     0.0000     0.0000     0.0000     1.0000     0.0000     0.0000     0.0000     1.0000     0.0000     0.0000     0.0000     1.0000     0.0000     0.0000     0.0000     1.0000     0.0000     0.0000     0.0000     1.0000     0.0000     0.0000     0.0000     1.0000     0.0000     0.0000     0.0000     1.0000     0.0000     0.0000     0.0000     1.0000     0.0000     0.0000     0.0000     1.0000     0.0000     0.0000     0.0000     1.0000     0.0000     0.0000     0.0000     1.0000     0.0000     0.0000     0.0000     1.0000     0.0000     0.0000     0.0000     1.0000     0.0000     0.0000     0.0000     1.0000     0.0000     0.0000     0.0000     1.0000     0.0000     0.0000     0.0000     1.0000     0.0000     0.0000     0.0000     1.0000     0.0000     0.0000     0.0000     1.0000     0.0000     0.0000     0.0000     1.0000     0.0000     0.0000     0.0000     1.0000     0.0000     0.0000     0.0000     1.0000     0.0000     0.0000     0.0000     1.0000     0.0000     0.0000     0.0000     1.0000     0.0000     0.0000     0.0000     1.0000     0.0000     0.0000     0.0000     1.0000     0.0000     0.0000     0.0000     1.0000     0.0000     0.0000     0.0000     1.0000     0.0000     0.0000     0.0000     1.0000     0.0000     0.0000     0.0000     1.0000     0.0000     0.0000     0.0000
    1.0000     0.0000     0.0000     0.0000     1.0000     0.0000     0.0000     0.0000     1.0000     0.0000     0.0000     0.0000     1.0000     0.0000     0.0000     0.0000     1.0000     0.0000     0.0000     0.0000     1.0000     0.0000     0.0000     0.0000     1.0000     0.0000     0.0000     0.0000     1.0000     0.0000     0.0000     0.0000     1.0000     0.0000     0.0000     0.0000     1.0000     0.0000     0.0000     0.0000     1.0000     0.0000     0.0000     0.0000     1.0000     0.0000     0.0000     0.0000     1.0000     0.0000     0.0000     0.0000     1.0000     0.0000     0.0000     0.0000     1.0000     0.0000     0.0000     0.0000     1.0000     0.0000     0.0000     0.0000     1.0000     0.0000     0.0000     0.0000     1.0000     0.0000     0.0000     0.0000     1.0000     0.0000     0.0000     0.0000     1.0000     0.0000     0.0000     0.0000     1.0000     0.0000     0.0000     0.0000     1.0000     0.0000     0.0000     0.0000     1.0000     0.0000     0.0000     0.0000     1.0000     0.0000     0.0000     0.0000     1.0000     0.0000     0.0000     0.0000     1.0000     0.0000     0.0000     0.0000     1.0000     0.0000     0.0000     0.0000     1.0000     0.0000     0.0000     0.0000     1.0000     0.0000     0.0000     0.0000     1.0000     0.0000     0.0000     0.0000     1.0000     0.0000     0.0000     0.0000     1.0000     0.0000     0.0000     0.0000     1.0000     0.0000     0.0000     0.0000     1.0000     0.0000     0.0000     0.0000     1.0000     0.0000     0.0000     0.0000     1.0000     0.0000     0.0000     0.0000     1.0000     0.0000     0.0000     0.0000     1.0000     0.0000     0.0000     0.0000     1.0000     0.0000     0.0000     0.0000     1.0000     0.0000     0.0000     0.0000     1.0000     0.0000     0.0000     0.0000     1.0000     0.0000     0.0000     0.0000     1.0000     0.0000     0.0000     0.0000     1.0000     0.0000     0.0000     0.0000     1.0000     0.0000     0.0000     0.0000     1.0000     0.0000     0.0000     0.0000     1.0000     0.0000     0.0000     0.0000     1.0000     0.0000     0.0000     0.0000     1.0000     0.0000     0.0000     0.0000     1.0000     0.0000     0.0000     0.0000     1.0000     0.0000     0.0000     0.0000     1.0000     0.0000     0.0000     0.0000     1.0000     0.0000     0.0000     0.0000     1.0000     0.0000     0.0000     0.0000     1.0000     0.0000     0.0000     0.0000     1.0000     0.0000     0.0000     0.0000     1.0000     0.0000     0.0000     0.0000     1.0000     0.0000     0.0000     0.0000     1.0000     0.0000     0.0000     0.0000     1.0000     0.0000     0.0000     0.0000     1.0000     0.0000     0.0000     0.0000     1.0000     0.0000     0.0000     0.0000     1.0000     0.0000     0.0000     0.0000     1.0000     0.0000     0.0000     0.0000
    1.0000     0.0000     0.0000     0.0000     1.0000     0.0000     0.0000     0.0000     1.0000     0.0000     0.0000     0.0000     1.0000     0.0000     0.0000     0.0000     1.0000     0.0000     0.0000     0.0000     1.0000     0.0000     0.0000     0.0000     1.0000     0.0000     0.0000     0.0000     1.0000     0.0000     0.0000     0.0000     1.0000     0.0000     0.0000     0.0000     1.0000     0.0000     0.0000     0.0000     1.0000     0.0000     0.0000     0.0000     1.0000     0.0000     0.0000     0.0000     1.0000     0.0000     0.0000     0.0000     1.0000     0.0000     0.0000     0.0000     1.0000     0.0000     0.0000     0.0000     1.0000     0.0000     0.0000     0.0000     1.0000     0.0000     0.0000     0.0000     1.0000     0.0000     0.0000     0.0000     1.0000     0.0000     0.0000     0.0000     1.0000     0.0000     0.0000     0.0000     1.0000     0.0000     0.0000     0.0000     1.0000     0.0000     0.0000     0.0000     1.0000     0.0000     0.0000     0.0000     1.0000     0.0000     0.0000     0.0000     1.0000     0.0000     0.0000     0.0000     1.0000     0.0000     0.0000     0.0000     1.0000     0.0000     0.0000     0.0000     1.0000     0.0000     0.0000     0.0000     1.0000     0.0000     0.0000     0.0000     1.0000     0.0000     0.0000     0.0000     1.0000     0.0000     0.0000     0.0000     1.0000     0.0000     0.0000     0.0000     1.0000     0.0000     0.0000     0.0000     1.0000     0.0000     0.0000     0.0000     1.0000     0.0000     0.0000     0.0000     1.0000     0.0000     0.0000     0.0000     1.0000     0.0000     0.0000     0.0000     1.0000     0.0000     0.0000     0.0000     1.0000     0.0000     0.0000     0.0000     1.0000     0.0000     0.0000     0.0000     1.0000     0.0000     0.0000     0.0000     1.0000     0.0000     0.0000     0.0000     1.0000     0.0000     0.0000     0.0000     1.0000     0.0000     0.0000     0.0000     1.0000     0.0000     0.0000     0.0000     1.0000     0.0000     0.0000     0.0000     1.0000     0.0000     0.0000     0.0000     1.0000     0.0000     0.0000     0.0000     1.0000     0.0000     0.0000     0.0000     1.0000     0.0000     0.0000     0.0000     1.0000     0.0000     0.0000     0.0000     1.0000     0.0000     0.0000     0.0000     1.0000     0.0000     0.0000     0.0000     1.0000     0.0000     0.0000     0.0000     1.0000     0.0000     0.0000     0.0000     1.0000     0.0000     0.0000     0.0000     1.0000     0.0000     0.0000     0.0000     1.0000     0.0000     0.0000     0.0000     1.0000     0.0000     0.0000     0.0000     1.0000     0.0000     0.0000     0.0000     1.0000     0.0000     0.0000     0.0000     1.0000     0.0000     0.0000     0.0000     1.0000     0.0000     0.0000     0.0000     1.0000     0.0000     0.0000     0.0000
    1.0000     0.0000     0.0000     0.0000     1.0000     0.0000     0.0000     0.0000     1.0000     0.0000     0.0000     0.0000     1.0000     0.0000     0.0000     0.0000     1.0000     0.0000     0.0000     0.0000     1.0000     0.0000     0.0000     0.0000     1.0000     0.0000     0.0000     0.0000     1.0000     0.0000     0.0000     0.0000     1.0000     0.0000     0.0000     0.0000     1.0000     0.0000     0.0000     0.0000     1.0000     0.0000     0.0000     0.0000     1.0000     0.0000     0.0000     0.0000     1.0000     0.0000     0.0000     0.0000     1.0000     0.0000     0.0000     0.0000     1.0000     0.0000     0.0000     0.0000     1.0000     0.0000     0.0000     0.0000     1.0000     0.0000     0.0000     0.0000     1.0000     0.0000     0.0000     0.0000     1.0000     0.0000     0.0000     0.0000     1.0000     0.0000     0.0000     0.0000     1.0000     0.0000     0.0000     0.0000     1.0000     0.0000     0.0000     0.0000     1.0000     0.0000     0.0000     0.0000     1.0000     0.0000     0.0000     0.0000     1.0000     0.0000     0.0000     0.0000     1.0000     0.0000     0.0000     0.0000     1.0000     0.0000     0.0000     0.0000     1.0000     0.0000     0.0000     0.0000     1.0000     0.0000     0.0000     0.0000     1.0000     0.0000     0.0000     0.0000     1.0000     0.0000     0.0000     0.0000     1.0000     0.0000     0.0000     0.0000     1.0000     0.0000     0.0000     0.0000     1.0000     0.0000     0.0000     0.0000     1.0000     0.0000     0.0000     0.0000     1.0000     0.0000     0.0000     0.0000     1.0000     0.0000     0.0000     0.0000     1.0000     0.0000     0.0000     0.0000     1.0000     0.0000     0.0000     0.0000     1.0000     0.0000     0.0000     0.0000     1.0000     0.0000     0.0000     0.0000     1.0000     0.0000     0.0000     0.0000     1.0000     0.0000     0.0000     0.0000     1.0000     0.0000     0.0000     0.0000     1.0000     0.0000     0.0000     0.0000     1.0000     0.0000     0.0000     0.0000     1.0000     0.0000     0.0000     0.0000     1.0000     0.0000     0.0000     0.0000     1.0000     0.0000     0.0000     0.0000     1.0000     0.0000     0.0000     0.0000     1.0000     0.0000     0.0000     0.0000     1.0000     0.0000     0.0000     0.0000     1.0000     0.0000     0.0000     0.0000     1.0000     0.0000     0.0000     0.0000     1.0000     0.0000     0.0000     0.0000     1.0000     0.0000     0.0000     0.0000     1.0000     0.0000     0.0000     0.0000     1.0000     0.0000     0.0000     0.0000     1.0000     0.0000     0.0000     0.0000     1.0000     0.0000     0.0000     0.0000     1.0000     0.0000     0.0000     0.0000     1.0000     0.0000     0.0000     0.0000     1.0000     0.0000     0.0000     0.0000     1.0000     0.0000     0.0000     0.0000
    1.0000     0.0000     0.0000     0.0000     1.0000     0.0000     0.0000     0.0000     1.0000     0.0000     0.0000     0.0000     1.0000     0.0000     0.0000     0.0000     1.0000     0.0000     0.0000     0.0000     1.0000     0.0000     0.0000     0.0000     1.0000     0.0000     0.0000     0.0000     1.0000     0.0000     0.0000     0.0000     1.0000     0.0000     0.0000     0.0000     1.0000     0.0000     0.0000     0.0000     1.0000     0.0000     0.0000     0.0000     1.0000     0.0000     0.0000     0.0000     1.0000     0.0000     0.0000     0.0000     1.0000     0.0000     0.0000     0.0000     1.0000     0.0000     0.0000     0.0000     1.0000     0.0000     0.0000     0.0000     1.0000     0.0000     0.0000     0.0000     1.0000     0.0000     0.0000     0.0000     1.0000     0.0000     0.0000     0.0000     1.0000     0.0000     0.0000     0.0000     1.0000     0.0000     0.0000     0.0000     1.0000     0.0000     0.0000     0.0000     1.0000     0.0000     0.0000     0.0000     1.0000     0.0000     0.0000     0.0000     1.0000     0.0000     0.0000     0.0000     1.0000     0.0000     0.0000     0.0000     1.0000     0.0000     0.0000     0.0000     1.0000     0.0000     0.0000     0.0000     1.0000     0.0000     0.0000     0.0000     1.0000     0.0000     0.0000     0.0000     1.0000     0.0000     0.0000     0.0000     1.0000     0.0000     0.0000     0.0000     1.0000     0.0000     0.0000     0.0000     1.0000     0.0000     0.0000     0.0000     1.0000     0.0000     0.0000     0.0000     1.0000     0.0000     0.0000     0.0000     1.0000     0.0000     0.0000     0.0000     1.0000     0.0000     0.0000     0.0000     1.0000     0.0000     0.0000     0.0000     1.0000     0.0000     0.0000     0.0000     1.0000     0.0000     0.0000     0.0000     1.0000     0.0000     0.0000     0.0000     1.0000     0.0000     0.0000     0.0000     1.0000     0.0000     0.0000     0.0000     1.0000     0.0000     0.0000     0.0000     1.0000     0.0000     0.0000     0.0000     1.0000     0.0000     0.0000     0.0000     1.0000     0.0000     0.0000     0.0000     1.0000     0.0000     0.0000     0.0000     1.0000     0.0000     0.0000     0.0000     1.0000     0.0000     0.0000     0.0000     1.0000     0.0000     0.0000     0.0000     1.0000     0.0000     0.0000     0.0000     1.0000     0.0000     0.0000     0.0000     1.0000     0.0000     0.0000     0.0000     1.0000     0.0000     0.0000     0.0000     1.0000     0.0000     0.0000     0.0000     1.0000     0.0000     0.0000     0.0000     1.0000     0.0000     0.0000     0.0000     1.0000     0.0000     0.0000     0.0000     1.0000     0.0000     0.0000     0.0000     1.0000     0.0000     0.0000     0.0000     1.0000     0.0000     0.0000     0.0000     1.0000     0.0000     0.0000     0.0000
    0.0000     0.0000     0.0000     0.0000     0.0000     0.0000     0.0000     0.0000     0.0000     0.0000     0.0000     0.0000     0.0000     0.0000     0.0000     0.0000     0.0000     0.0000     0.0000     0.0000     0.0000     0.0000     0.0000     0.0000     0.0000     0.0000     0.0000     0.0000     0.0000     0.0000     0.0000     0.0000     0.0000     0.0000     0.0000     0.0000     0.0000     0.0000     0.0000     0.0000     0.0000     0.0000     0.0000     0.0000     0.0000     0.0000     0.0000     0.0000     0.0000     0.0000     0.0000     0.0000     0.0000     0.0000     0.0000     0.0000     0.0000     0.0000     0.0000     0.0000     0.0000     0.0000     0.0000     0.0000     0.0000     0.0000     0.0000     0.0000     0.0000     0.0000     0.0000     0.0000     0.0000     0.0000     0.0000     0.0000     0.0000     0.0000     0.0000     0.0000     0.0000     0.0000     0.0000     0.0000     0.0000     0.0000     0.0000     0.0000     0.0000     0.0000     0.0000     0.0000     0.0000     0.0000     0.0000     0.0000     0.0000     0.0000     0.0000     0.0000     0.0000     0.0000     0.0000     0.0000     0.0000     0.0000     0.0000     0.0000     0.0000     0.0000     0.0000     0.0000     0.0000     0.0000     0.0000     0.0000     0.0000     0.0000     0.0000     0.0000     0.0000     0.0000     0.0000     0.0000     0.0000     0.0000     0.0000     0.0000     0.0000     0.0000     0.0000     0.0000     0.0000     0.0000     0.0000     0.0000     0.0000     0.0000     0.0000     0.0000     0.0000     0.0000     0.0000     0.0000     0.0000     0.0000     0.0000     0.0000     0.0000     0.0000     0.0000     0.0000     0.0000     0.0000     0.0000     0.0000     0.0000     0.0000     0.0000     0.0000     0.0000     0.0000     0.0000     0.0000     0.0000     0.0000     0.0000     0.0000     0.0000     0.0000     0.0000     0.0000     0.0000     0.0000     0.0000     0.0000     0.0000     0.0000     0.0000     0.0000     0.0000     0.0000     0.0000     0.0000     0.0000     0.0000     0.0000     0.0000     0.0000     0.0000     0.0000     0.0000     0.0000     0.0000     0.0000     0.0000     0.0000     0.0000     0.0000     0.0000     0.0000     0.0000     0.0000     0.0000     0.0000     0.0000     0.0000     0.0000     0.0000     0.0000     0.0000     0.0000     0.0000     0.0000     0.0000     0.0000     0.0000     0.0000     0.0000     0.0000     0.0000     0.0000     0.0000     0.0000     0.0000     0.0000     0.0000     0.0000     0.0000     0.0000     0.0000     0.0000     0.0000     0.0000     0.0000     0.0000     0.0000     0.0000     0.0000     0.0000     0.0000     0.0000     0.0000     0.0000     0.0000     0.0000     0.0000     0.0000     0.0000     0.0000     0.0000     0.0000     0.0000     0.0000     0.0000     0.0000
    1.0000     0.0000     0.0000     0.0000     1.0000     0.0000     0.0000     0.0000     1.0000     0.0000     0.0000     0.0000     1.0000     0.0000     0.0000     0.0000     1.0000     0.0000     0.0000     0.0000     1.0000     0.0000     0.0000     0.0000     1.0000     0.0000     0.0000     0.0000     1.0000     0.0000     0.0000     0.0000     1.0000     0.0000     0.0000     0.0000     1.0000     0.0000     0.0000     0.0000     1.0000     0.0000     0.0000     0.0000     1.0000     0.0000     0.0000     0.0000     1.0000     0.0000     0.0000     0.0000     1.0000     0.0000     0.0000     0.0000     1.0000     0.0000     0.0000     0.0000     1.0000     0.0000     0.0000     0.0000     1.0000     0.0000     0.0000     0.0000     1.0000     0.0000     0.0000     0.0000     1.0000     0.0000     0.0000     0.0000     1.0000     0.0000     0.0000     0.0000     1.0000     0.0000     0.0000     0.0000     1.0000     0.0000     0.0000     0.0000     1.0000     0.0000     0.0000     0.0000     1.0000     0.0000     0.0000     0.0000     1.0000     0.0000     0.0000     0.0000     1.0000     0.0000     0.0000     0.0000     1.0000     0.0000     0.0000     0.0000     1.0000     0.0000     0.0000     0.0000     1.0000     0.0000     0.0000     0.0000     1.0000     0.0000     0.0000     0.0000     1.0000     0.0000     0.0000     0.0000     1.0000     0.0000     0.0000     0.0000     1.0000     0.0000     0.0000     0.0000     1.0000     0.0000     0.0000     0.0000     1.0000     0.0000     0.0000     0.0000     1.0000     0.0000     0.0000     0.0000     1.0000     0.0000     0.0000     0.0000     1.0000     0.0000     0.0000     0.0000     1.0000     0.0000     0.0000     0.0000     1.0000     0.0000     0.0000     0.0000     1.0000     0.0000     0.0000     0.0000     1.0000     0.0000     0.0000     0.0000     1.0000     0.0000     0.0000     0.0000     1.0000     0.0000     0.0000     0.0000     1.0000     0.0000     0.0000     0.0000     1.0000     0.0000     0.0000     0.0000     1.0000     0.0000     0.0000     0.0000     1.0000     0.0000     0.0000     0.0000     1.0000     0.0000     0.0000     0.0000     1.0000     0.0000     0.0000     0.0000     1.0000     0.0000     0.0000     0.0000     1.0000     0.0000     0.0000     0.0000     1.0000     0.0000     0.0000     0.0000     1.0000     0.0000     0.0000     0.0000     1.0000     0.0000     0.0000     0.0000     1.0000     0.0000     0.0000     0.0000     1.0000     0.0000     0.0000     0.0000     1.0000     0.0000     0.0000     0.0000     1.0000     0.0000     0.0000     0.0000     1.0000     0.0000     0.0000     0.0000     1.0000     0.0000     0.0000     0.0000     1.0000     0.0000     0.0000     0.0000     1.0000     0.0000     0.0000     0.0000     1.0000     0.0000     0.0000     0.0000
    1.0000     0.0000     0.0000     0.0000     1.0000     0.0000     0.0000     0.0000     1.0000     0.0000     0.0000     0.0000     1.0000     0.0000     0.0000     0.0000     1.0000     0.0000     0.0000     0.0000     1.0000     0.0000     0.0000     0.0000     1.0000     0.0000     0.0000     0.0000     1.0000     0.0000     0.0000     0.0000     1.0000     0.0000     0.0000     0.0000     1.0000     0.0000     0.0000     0.0000     1.0000     0.0000     0.0000     0.0000     1.0000     0.0000     0.0000     0.0000     1.0000     0.0000     0.0000     0.0000     1.0000     0.0000     0.0000     0.0000     1.0000     0.0000     0.0000     0.0000     1.0000     0.0000     0.0000     0.0000     1.0000     0.0000     0.0000     0.0000     1.0000     0.0000     0.0000     0.0000     1.0000     0.0000     0.0000     0.0000     1.0000     0.0000     0.0000     0.0000     1.0000     0.0000     0.0000     0.0000     1.0000     0.0000     0.0000     0.0000     1.0000     0.0000     0.0000     0.0000     1.0000     0.0000     0.0000     0.0000     1.0000     0.0000     0.0000     0.0000     1.0000     0.0000     0.0000     0.0000     1.0000     0.0000     0.0000     0.0000     1.0000     0.0000     0.0000     0.0000     1.0000     0.0000     0.0000     0.0000     1.0000     0.0000     0.0000     0.0000     1.0000     0.0000     0.0000     0.0000     1.0000     0.0000     0.0000     0.0000     1.0000     0.0000     0.0000     0.0000     1.0000     0.0000     0.0000     0.0000     1.0000     0.0000     0.0000     0.0000     1.0000     0.0000     0.0000     0.0000     1.0000     0.0000     0.0000     0.0000     1.0000     0.0000     0.0000     0.0000     1.0000     0.0000     0.0000     0.0000     1.0000     0.0000     0.0000     0.0000     1.0000     0.0000     0.0000     0.0000     1.0000     0.0000     0.0000     0.0000     1.0000     0.0000     0.0000     0.0000     1.0000     0.0000     0.0000     0.0000     1.0000     0.0000     0.0000     0.0000     1.0000     0.0000     0.0000     0.0000     1.0000     0.0000     0.0000     0.0000     1.0000     0.0000     0.0000     0.0000     1.0000     0.0000     0.0000     0.0000     1.0000     0.0000     0.0000     0.0000     1.0000     0.0000     0.0000     0.0000     1.0000     0.0000     0.0000     0.0000     1.0000     0.0000     0.0000     0.0000     1.0000     0.0000     0.0000     0.0000     1.0000     0.0000     0.0000     0.0000     1.0000     0.0000     0.0000     0.0000     1.0000     0.0000     0.0000     0.0000     1.0000     0.0000     0.0000     0.0000     1.0000     0.0000     0.0000     0.0000     1.0000     0.0000     0.0000     0.0000     1.0000     0.0000     0.0000     0.0000     1.0000     0.0000     0.0000     0.0000     1.0000     0.0000     0.0000     0.0000     1.0000     0.0000     0.0000     0.0000
    1.0000     0.0000     0.0000     0.0000     1.0000     0.0000     0.0000     0.0000     1.0000     0.0000     0.0000     0.0000     1.0000     0.0000     0.0000     0.0000     1.0000     0.0000     0.0000     0.0000     1.0000     0.0000     0.0000     0.0000     1.0000     0.0000     0.0000     0.0000     1.0000     0.0000     0.0000     0.0000     1.0000     0.0000     0.0000     0.0000     1.0000     0.0000     0.0000     0.0000     1.0000     0.0000     0.0000     0.0000     1.0000     0.0000     0.0000     0.0000     1.0000     0.0000     0.0000     0.0000     1.0000     0.0000     0.0000     0.0000     1.0000     0.0000     0.0000     0.0000     1.0000     0.0000     0.0000     0.0000     1.0000     0.0000     0.0000     0.0000     1.0000     0.0000     0.0000     0.0000     1.0000     0.0000     0.0000     0.0000     1.0000     0.0000     0.0000     0.0000     1.0000     0.0000     0.0000     0.0000     1.0000     0.0000     0.0000     0.0000     1.0000     0.0000     0.0000     0.0000     1.0000     0.0000     0.0000     0.0000     1.0000     0.0000     0.0000     0.0000     1.0000     0.0000     0.0000     0.0000     1.0000     0.0000     0.0000     0.0000     1.0000     0.0000     0.0000     0.0000     1.0000     0.0000     0.0000     0.0000     1.0000     0.0000     0.0000     0.0000     1.0000     0.0000     0.0000     0.0000     1.0000     0.0000     0.0000     0.0000     1.0000     0.0000     0.0000     0.0000     1.0000     0.0000     0.0000     0.0000     1.0000     0.0000     0.0000     0.0000     1.0000     0.0000     0.0000     0.0000     1.0000     0.0000     0.0000     0.0000     1.0000     0.0000     0.0000     0.0000     1.0000     0.0000     0.0000     0.0000     1.0000     0.0000     0.0000     0.0000     1.0000     0.0000     0.0000     0.0000     1.0000     0.0000     0.0000     0.0000     1.0000     0.0000     0.0000     0.0000     1.0000     0.0000     0.0000     0.0000     1.0000     0.0000     0.0000     0.0000     1.0000     0.0000     0.0000     0.0000     1.0000     0.0000     0.0000     0.0000     1.0000     0.0000     0.0000     0.0000     1.0000     0.0000     0.0000     0.0000     1.0000     0.0000     0.0000     0.0000     1.0000     0.0000     0.0000     0.0000     1.0000     0.0000     0.0000     0.0000     1.0000     0.0000     0.0000     0.0000     1.0000     0.0000     0.0000     0.0000     1.0000     0.0000     0.0000     0.0000     1.0000     0.0000     0.0000     0.0000     1.0000     0.0000     0.0000     0.0000     1.0000     0.0000     0.0000     0.0000     1.0000     0.0000     0.0000     0.0000     1.0000     0.0000     0.0000     0.0000     1.0000     0.0000     0.0000     0.0000     1.0000     0.0000     0.0000     0.0000     1.0000     0.0000     0.0000     0.0000     1.0000     0.0000     0.0000     0.0000
    1.0000     0.0000     0.0000     0.0000     1.0000     0.0000     0.0000     0.0000     1.0000     0.0000     0.0000     0.0000     1.0000     0.0000     0.0000     0.0000     1.0000     0.0000     0.0000     0.0000     1.0000     0.0000     0.0000     0.0000     1.0000     0.0000     0.0000     0.0000     1.0000     0.0000     0.0000     0.0000     1.0000     0.0000     0.0000     0.0000     1.0000     0.0000     0.0000     0.0000     1.0000     0.0000     0.0000     0.0000     1.0000     0.0000     0.0000     0.0000     1.0000     0.0000     0.0000     0.0000     1.0000     0.0000     0.0000     0.0000     1.0000     0.0000     0.0000     0.0000     1.0000     0.0000     0.0000     0.0000     1.0000     0.0000     0.0000     0.0000     1.0000     0.0000     0.0000     0.0000     1.0000     0.0000     0.0000     0.0000     1.0000     0.0000     0.0000     0.0000     1.0000     0.0000     0.0000     0.0000     1.0000     0.0000     0.0000     0.0000     1.0000     0.0000     0.0000     0.0000     1.0000     0.0000     0.0000     0.0000     1.0000     0.0000     0.0000     0.0000     1.0000     0.0000     0.0000     0.0000     1.0000     0.0000     0.0000     0.0000     1.0000     0.0000     0.0000     0.0000     1.0000     0.0000     0.0000     0.0000     1.0000     0.0000     0.0000     0.0000     1.0000     0.0000     0.0000     0.0000     1.0000     0.0000     0.0000     0.0000     1.0000     0.0000     0.0000     0.0000     1.0000     0.0000     0.0000     0.0000     1.0000     0.0000     0.0000     0.0000     1.0000     0.0000     0.0000     0.0000     1.0000     0.0000     0.0000     0.0000     1.0000     0.0000     0.0000     0.0000     1.0000     0.0000     0.0000     0.0000     1.0000     0.0000     0.0000     0.0000     1.0000     0.0000     0.0000     0.0000     1.0000     0.0000     0.0000     0.0000     1.0000     0.0000     0.0000     0.0000     1.0000     0.0000     0.0000     0.0000     1.0000     0.0000     0.0000     0.0000     1.0000     0.0000     0.0000     0.0000     1.0000     0.0000     0.0000     0.0000     1.0000     0.0000     0.0000     0.0000     1.0000     0.0000     0.0000     0.0000     1.0000     0.0000     0.0000     0.0000     1.0000     0.0000     0.0000     0.0000     1.0000     0.0000     0.0000     0.0000     1.0000     0.0000     0.0000     0.0000     1.0000     0.0000     0.0000     0.0000     1.0000     0.0000     0.0000     0.0000     1.0000     0.0000     0.0000     0.0000     1.0000     0.0000     0.0000     0.0000     1.0000     0.0000     0.0000     0.0000     1.0000     0.0000     0.0000     0.0000     1.0000     0.0000     0.0000     0.0000     1.0000     0.0000     0.0000     0.0000     1.0000     0.0000     0.0000     0.0000     1.0000     0.0000     0.0000     0.0000     1.0000     0.0000     0.0000     0.0000
    1.0000     0.0000     0.0000     0.0000     1.0000     0.0000     0.0000     0.0000     1.0000     0.0000     0.0000     0.0000     1.0000     0.0000     0.0000     0.0000     1.0000     0.0000     0.0000     0.0000     1.0000     0.0000     0.0000     0.0000     1.0000     0.0000     0.0000     0.0000     1.0000     0.0000     0.0000     0.0000     1.0000     0.0000     0.0000     0.0000     1.0000     0.0000     0.0000     0.0000     1.0000     0.0000     0.0000     0.0000     1.0000     0.0000     0.0000     0.0000     1.0000     0.0000     0.0000     0.0000     1.0000     0.0000     0.0000     0.0000     1.0000     0.0000     0.0000     0.0000     1.0000     0.0000     0.0000     0.0000     1.0000     0.0000     0.0000     0.0000     1.0000     0.0000     0.0000     0.0000     1.0000     0.0000     0.0000     0.0000     1.0000     0.0000     0.0000     0.0000     1.0000     0.0000     0.0000     0.0000     1.0000     0.0000     0.0000     0.0000     1.0000     0.0000     0.0000     0.0000     1.0000     0.0000     0.0000     0.0000     1.0000     0.0000     0.0000     0.0000     1.0000     0.0000     0.0000     0.0000     1.0000     0.0000     0.0000     0.0000     1.0000     0.0000     0.0000     0.0000     1.0000     0.0000     0.0000     0.0000     1.0000     0.0000     0.0000     0.0000     1.0000     0.0000     0.0000     0.0000     1.0000     0.0000     0.0000     0.0000     1.0000     0.0000     0.0000     0.0000     1.0000     0.0000     0.0000     0.0000     1.0000     0.0000     0.0000     0.0000     1.0000     0.0000     0.0000     0.0000     1.0000     0.0000     0.0000     0.0000     1.0000     0.0000     0.0000     0.0000     1.0000     0.0000     0.0000     0.0000     1.0000     0.0000     0.0000     0.0000     1.0000     0.0000     0.0000     0.0000     1.0000     0.0000     0.0000     0.0000     1.0000     0.0000     0.0000     0.0000     1.0000     0.0000     0.0000     0.0000     1.0000     0.0000     0.0000     0.0000     1.0000     0.0000     0.0000     0.0000     1.0000     0.0000     0.0000     0.0000     1.0000     0.0000     0.0000     0.0000     1.0000     0.0000     0.0000     0.0000     1.0000     0.0000     0.0000     0.0000     1.0000     0.0000     0.0000     0.0000     1.0000     0.0000     0.0000     0.0000     1.0000     0.0000     0.0000     0.0000     1.0000     0.0000     0.0000     0.0000     1.0000     0.0000     0.0000     0.0000     1.0000     0.0000     0.0000     0.0000     1.0000     0.0000     0.0000     0.0000     1.0000     0.0000     0.0000     0.0000     1.0000     0.0000     0.0000     0.0000     1.0000     0.0000     0.0000     0.0000     1.0000     0.0000     0.0000     0.0000     1.0000     0.0000     0.0000     0.0000     1.0000     0.0000     0.0000     0.0000     1.0000     0.0000     0.0000     0.0000
    0.0000     0.0000     0.0000     0.0000     0.0000     0.0000     0.0000     0.0000     0.0000     0.0000     0.0000     0.0000     0.0000     0.0000     0.0000     0.0000     0.0000     0.0000     0.0000     0.0000     0.0000     0.0000     0.0000     0.0000     0.0000     0.0000     0.0000     0.0000     0.0000     0.0000     0.0000     0.0000     0.0000     0.0000     0.0000     0.0000     0.0000     0.0000     0.0000     0.0000     0.0000     0.0000     0.0000     0.0000     0.0000     0.0000     0.0000     0.0000     0.0000     0.0000     0.0000     0.0000     0.0000     0.0000     0.0000     0.0000     0.0000     0.0000     0.0000     0.0000     0.0000     0.0000     0.0000     0.0000     0.0000     0.0000     0.0000     0.0000     0.0000     0.0000     0.0000     0.0000     0.0000     0.0000     0.0000     0.0000     0.0000     0.0000     0.0000     0.0000     0.0000     0.0000     0.0000     0.0000     0.0000     0.0000     0.0000     0.0000     0.0000     0.0000     0.0000     0.0000     0.0000     0.0000     0.0000     0.0000     0.0000     0.0000     0.0000     0.0000     0.0000     0.0000     0.0000     0.0000     0.0000     0.0000     0.0000     0.0000     0.0000     0.0000     0.0000     0.0000     0.0000     0.0000     0.0000     0.0000     0.0000     0.0000     0.0000     0.0000     0.0000     0.0000     0.0000     0.0000     0.0000     0.0000     0.0000     0.0000     0.0000     0.0000     0.0000     0.0000     0.0000     0.0000     0.0000     0.0000     0.0000     0.0000     0.0000     0.0000     0.0000     0.0000     0.0000     0.0000     0.0000     0.0000     0.0000     0.0000     0.0000     0.0000     0.0000     0.0000     0.0000     0.0000     0.0000     0.0000     0.0000     0.0000     0.0000     0.0000     0.0000     0.0000     0.0000     0.0000     0.0000     0.0000     0.0000     0.0000     0.0000     0.0000     0.0000     0.0000     0.0000     0.0000     0.0000     0.0000     0.0000     0.0000     0.0000     0.0000     0.0000     0.0000     0.0000     0.0000     0.0000     0.0000     0.0000     0.0000     0.0000     0.0000     0.0000     0.0000     0.0000     0.0000     0.0000     0.0000     0.0000     0.0000     0.0000     0.0000     0.0000     0.0000     0.0000     0.0000     0.0000     0.0000     0.0000     0.0000     0.0000     0.0000     0.0000     0.0000     0.0000     0.0000     0.0000     0.0000     0.0000     0.0000     0.0000     0.0000     0.0000     0.0000     0.0000     0.0000     0.0000     0.0000     0.0000     0.0000     0.0000     0.0000     0.0000     0.0000     0.0000     0.0000     0.0000     0.0000     0.0000     0.0000     0.0000     0.0000     0.0000     0.0000     0.0000     0.0000     0.0000     0.0000     0.0000     0.0000     0.0000     0.0000     0.0000     0.0000     0.0000     0.0000     0.0000     0.0000
    1.0000     0.0000     0.0000     0.0000     1.0000     0.0000     0.0000     0.0000     1.0000     0.0000     0.0000     0.0000     1.0000     0.0000     0.0000     0.0000     1.0000     0.0000     0.0000     0.0000     1.0000     0.0000     0.0000     0.0000     1.0000     0.0000     0.0000     0.0000     1.0000     0.0000     0.0000     0.0000     1.0000     0.0000     0.0000     0.0000     1.0000     0.0000     0.0000     0.0000     1.0000     0.0000     0.0000     0.0000     1.0000     0.0000     0.0000     0.0000     1.0000     0.0000     0.0000     0.0000     1.0000     0.0000     0.0000     0.0000     1.0000     0.0000     0.0000     0.0000     1.0000     0.0000     0.0000     0.0000     1.0000     0.0000     0.0000     0.0000     1.0000     0.0000     0.0000     0.0000     1.0000     0.0000     0.0000     0.0000     1.0000     0.0000     0.0000     0.0000     1.0000     0.0000     0.0000     0.0000     1.0000     0.0000     0.0000     0.0000     1.0000     0.0000     0.0000     0.0000     1.0000     0.0000     0.0000     0.0000     1.0000     0.0000     0.0000     0.0000     1.0000     0.0000     0.0000     0.0000     1.0000     0.0000     0.0000     0.0000     1.0000     0.0000     0.0000     0.0000     1.0000     0.0000     0.0000     0.0000     1.0000     0.0000     0.0000     0.0000     1.0000     0.0000     0.0000     0.0000     1.0000     0.0000     0.0000     0.0000     1.0000     0.0000     0.0000     0.0000     1.0000     0.0000     0.0000     0.0000     1.0000     0.0000     0.0000     0.0000     1.0000     0.0000     0.0000     0.0000     1.0000     0.0000     0.0000     0.0000     1.0000     0.0000     0.0000     0.0000     1.0000     0.0000     0.0000     0.0000     1.0000     0.0000     0.0000     0.0000     1.0000     0.0000     0.0000     0.0000     1.0000     0.0000     0.0000     0.0000     1.0000     0.0000     0.0000     0.0000     1.0000     0.0000     0.0000     0.0000     1.0000     0.0000     0.0000     0.0000     1.0000     0.0000     0.0000     0.0000     1.0000     0.0000     0.0000     0.0000     1.0000     0.0000     0.0000     0.0000     1.0000     0.0000     0.0000     0.0000     1.0000     0.0000     0.0000     0.0000     1.0000     0.0000     0.0000     0.0000     1.0000     0.0000     0.0000     0.0000     1.0000     0.0000     0.0000     0.0000     1.0000     0.0000     0.0000     0.0000     1.0000     0.0000     0.0000     0.0000     1.0000     0.0000     0.0000     0.0000     1.0000     0.0000     0.0000     0.0000     1.0000     0.0000     0.0000     0.0000     1.0000     0.0000     0.0000     0.0000     1.0000     0.0000     0.0000     0.0000     1.0000     0.0000     0.0000     0.0000     1.0000     0.0000     0.0000     0.0000     1.0000     0.0000     0.0000     0.0000     1.0000     0.0000     0.0000     0.0000
    1.0000     0.0000     0.0000     0.0000     1.0000     0.0000     0.0000     0.0000     1.0000     0.0000     0.0000     0.0000     1.0000     0.0000     0.0000     0.0000     1.0000     0.0000     0.0000     0.0000     1.0000     0.0000     0.0000     0.0000     1.0000     0.0000     0.0000     0.0000     1.0000     0.0000     0.0000     0.0000     1.0000     0.0000     0.0000     0.0000     1.0000     0.0000     0.0000     0.0000     1.0000     0.0000     0.0000     0.0000     1.0000     0.0000     0.0000     0.0000     1.0000     0.0000     0.0000     0.0000     1.0000     0.0000     0.0000     0.0000     1.0000     0.0000     0.0000     0.0000     1.0000     0.0000     0.0000     0.0000     1.0000     0.0000     0.0000     0.0000     1.0000     0.0000     0.0000     0.0000     1.0000     0.0000     0.0000     0.0000     1.0000     0.0000     0.0000     0.0000     1.0000     0.0000     0.0000     0.0000     1.0000     0.0000     0.0000     0.0000     1.0000     0.0000     0.0000     0.0000     1.0000     0.0000     0.0000     0.0000     1.0000     0.0000     0.0000     0.0000     1.0000     0.0000     0.0000     0.0000     1.0000     0.0000     0.0000     0.0000     1.0000     0.0000     0.0000     0.0000     1.0000     0.0000     0.0000     0.0000     1.0000     0.0000     0.0000     0.0000     1.0000     0.0000     0.0000     0.0000     1.0000     0.0000     0.0000     0.0000     1.0000     0.0000     0.0000     0.0000     1.0000     0.0000     0.0000     0.0000     1.0000     0.0000     0.0000     0.0000     1.0000     0.0000     0.0000     0.0000     1.0000     0.0000     0.0000     0.0000     1.0000     0.0000     0.0000     0.0000     1.0000     0.0000     0.0000     0.0000     1.0000     0.0000     0.0000     0.0000     1.0000     0.0000     0.0000     0.0000     1.0000     0.0000     0.0000     0.0000     1.0000     0.0000     0.0000     0.0000     1.0000     0.0000     0.0000     0.0000     1.0000     0.0000     0.0000     0.0000     1.0000     0.0000     0.0000     0.0000     1.0000     0.0000     0.0000     0.0000     1.0000     0.0000     0.0000     0.0000     1.0000     0.0000     0.0000     0.0000     1.0000     0.0000     0.0000     0.0000     1.0000     0.0000     0.0000     0.0000     1.0000     0.0000     0.0000     0.0000     1.0000     0.0000     0.0000     0.0000     1.0000     0.0000     0.0000     0.0000     1.0000     0.0000     0.0000     0.0000     1.0000     0.0000     0.0000     0.0000     1.0000     0.0000     0.0000     0.0000     1.0000     0.0000     0.0000     0.0000     1.0000     0.0000     0.0000     0.0000     1.0000     0.0000     0.0000     0.0000     1.0000     0.0000     0.0000     0.0000     1.0000     0.0000     0.0000     0.0000     1.0000     0.0000     0.0000     0.0000     1.0000     0.0000     0.0000     0.0000
    1.0000     0.0000     0.0000     0.0000     1.0000     0.0000     0.0000     0.0000     1.0000     0.0000     0.0000     0.0000     1.0000     0.0000     0.0000     0.0000     1.0000     0.0000     0.0000     0.0000     1.0000     0.0000     0.0000     0.0000     1.0000     0.0000     0.0000     0.0000     1.0000     0.0000     0.0000     0.0000     1.0000     0.0000     0.0000     0.0000     1.0000     0.0000     0.0000     0.0000     1.0000     0.0000     0.0000     0.0000     1.0000     0.0000     0.0000     0.0000     1.0000     0.0000     0.0000     0.0000     1.0000     0.0000     0.0000     0.0000     1.0000     0.0000     0.0000     0.0000     1.0000     0.0000     0.0000     0.0000     1.0000     0.0000     0.0000     0.0000     1.0000     0.0000     0.0000     0.0000     1.0000     0.0000     0.0000     0.0000     1.0000     0.0000     0.0000     0.0000     1.0000     0.0000     0.0000     0.0000     1.0000     0.0000     0.0000     0.0000     1.0000     0.0000     0.0000     0.0000     1.0000     0.0000     0.0000     0.0000     1.0000     0.0000     0.0000     0.0000     1.0000     0.0000     0.0000     0.0000     1.0000     0.0000     0.0000     0.0000     1.0000     0.0000     0.0000     0.0000     1.0000     0.0000     0.0000     0.0000     1.0000     0.0000     0.0000     0.0000     1.0000     0.0000     0.0000     0.0000     1.0000     0.0000     0.0000     0.0000     1.0000     0.0000     0.0000     0.0000     1.0000     0.0000     0.0000     0.0000     1.0000     0.0000     0.0000     0.0000     1.0000     0.0000     0.0000     0.0000     1.0000     0.0000     0.0000     0.0000     1.0000     0.0000     0.0000     0.0000     1.0000     0.0000     0.0000     0.0000     1.0000     0.0000     0.0000     0.0000     1.0000     0.0000     0.0000     0.0000     1.0000     0.0000     0.0000     0.0000     1.0000     0.0000     0.0000     0.0000     1.0000     0.0000     0.0000     0.0000     1.0000     0.0000     0.0000     0.0000     1.0000     0.0000     0.0000     0.0000     1.0000     0.0000     0.0000     0.0000     1.0000     0.0000     0.0000     0.0000     1.0000     0.0000     0.0000     0.0000     1.0000     0.0000     0.0000     0.0000     1.0000     0.0000     0.0000     0.0000     1.0000     0.0000     0.0000     0.0000     1.0000     0.0000     0.0000     0.0000     1.0000     0.0000     0.0000     0.0000     1.0000     0.0000     0.0000     0.0000     1.0000     0.0000     0.0000     0.0000     1.0000     0.0000     0.0000     0.0000     1.0000     0.0000     0.0000     0.0000     1.0000     0.0000     0.0000     0.0000     1.0000     0.0000     0.0000     0.0000     1.0000     0.0000     0.0000     0.0000     1.0000     0.0000     0.0000     0.0000     1.0000     0.0000     0.0000     0.0000     1.0000     0.0000     0.0000     0.0000
    1.0000     0.0000     0.0000     0.0000     1.0000     0.0000     0.0000     0.0000     1.0000     0.0000     0.0000     0.0000     1.0000     0.0000     0.0000     0.0000     1.0000     0.0000     0.0000     0.0000     1.0000     0.0000     0.0000     0.0000     1.0000     0.0000     0.0000     0.0000     1.0000     0.0000     0.0000     0.0000     1.0000     0.0000     0.0000     0.0000     1.0000     0.0000     0.0000     0.0000     1.0000     0.0000     0.0000     0.0000     1.0000     0.0000     0.0000     0.0000     1.0000     0.0000     0.0000     0.0000     1.0000     0.0000     0.0000     0.0000     1.0000     0.0000     0.0000     0.0000     1.0000     0.0000     0.0000     0.0000     1.0000     0.0000     0.0000     0.0000     1.0000     0.0000     0.0000     0.0000     1.0000     0.0000     0.0000     0.0000     1.0000     0.0000     0.0000     0.0000     1.0000     0.0000     0.0000     0.0000     1.0000     0.0000     0.0000     0.0000     1.0000     0.0000     0.0000     0.0000     1.0000     0.0000     0.0000     0.0000     1.0000     0.0000     0.0000     0.0000     1.0000     0.0000     0.0000     0.0000     1.0000     0.0000     0.0000     0.0000     1.0000     0.0000     0.0000     0.0000     1.0000     0.0000     0.0000     0.0000     1.0000     0.0000     0.0000     0.0000     1.0000     0.0000     0.0000     0.0000     1.0000     0.0000     0.0000     0.0000     1.0000     0.0000     0.0000     0.0000     1.0000     0.0000     0.0000     0.0000     1.0000     0.0000     0.0000     0.0000     1.0000     0.0000     0.0000     0.0000     1.0000     0.0000     0.0000     0.0000     1.0000     0.0000     0.0000     0.0000     1.0000     0.0000     0.0000     0.0000     1.0000     0.0000     0.0000     0.0000     1.0000     0.0000     0.0000     0.0000     1.0000     0.0000     0.0000     0.0000     1.0000     0.0000     0.0000     0.0000     1.0000     0.0000     0.0000     0.0000     1.0000     0.0000     0.0000     0.0000     1.0000     0.0000     0.0000     0.0000     1.0000     0.0000     0.0000     0.0000     1.0000     0.0000     0.0000     0.0000     1.0000     0.0000     0.0000     0.0000     1.0000     0.0000     0.0000     0.0000     1.0000     0.0000     0.0000     0.0000     1.0000     0.0000     0.0000     0.0000     1.0000     0.0000     0.0000     0.0000     1.0000     0.0000     0.0000     0.0000     1.0000     0.0000     0.0000     0.0000     1.0000     0.0000     0.0000     0.0000     1.0000     0.0000     0.0000     0.0000     1.0000     0.0000     0.0000     0.0000     1.0000     0.0000     0.0000     0.0000     1.0000     0.0000     0.0000     0.0000     1.0000     0.0000     0.0000     0.0000     1.0000     0.0000     0.0000     0.0000     1.0000     0.0000     0.0000     0.0000     1.0000     0.0000     0.0000     0.0000
    1.0000     0.0000     0.0000     0.0000     1.0000     0.0000     0.0000     0.0000     1.0000     0.0000     0.0000     0.0000     1.0000     0.0000     0.0000     0.0000     1.0000     0.0000     0.0000     0.0000     1.0000     0.0000     0.0000     0.0000     1.0000     0.0000     0.0000     0.0000     1.0000     0.0000     0.0000     0.0000     1.0000     0.0000     0.0000     0.0000     1.0000     0.0000     0.0000     0.0000     1.0000     0.0000     0.0000     0.0000     1.0000     0.0000     0.0000     0.0000     1.0000     0.0000     0.0000     0.0000     1.0000     0.0000     0.0000     0.0000     1.0000     0.0000     0.0000     0.0000     1.0000     0.0000     0.0000     0.0000     1.0000     0.0000     0.0000     0.0000     1.0000     0.0000     0.0000     0.0000     1.0000     0.0000     0.0000     0.0000     1.0000     0.0000     0.0000     0.0000     1.0000     0.0000     0.0000     0.0000     1.0000     0.0000     0.0000     0.0000     1.0000     0.0000     0.0000     0.0000     1.0000     0.0000     0.0000     0.0000     1.0000     0.0000     0.0000     0.0000     1.0000     0.0000     0.0000     0.0000     1.0000     0.0000     0.0000     0.0000     1.0000     0.0000     0.0000     0.0000     1.0000     0.0000     0.0000     0.0000     1.0000     0.0000     0.0000     0.0000     1.0000     0.0000     0.0000     0.0000     1.0000     0.0000     0.0000     0.0000     1.0000     0.0000     0.0000     0.0000     1.0000     0.0000     0.0000     0.0000     1.0000     0.0000     0.0000     0.0000     1.0000     0.0000     0.0000     0.0000     1.0000     0.0000     0.0000     0.0000     1.0000     0.0000     0.0000     0.0000     1.0000     0.0000     0.0000     0.0000     1.0000     0.0000     0.0000     0.0000     1.0000     0.0000     0.0000     0.0000     1.0000     0.0000     0.0000     0.0000     1.0000     0.0000     0.0000     0.0000     1.0000     0.0000     0.0000     0.0000     1.0000     0.0000     0.0000     0.0000     1.0000     0.0000     0.0000     0.0000     1.0000     0.0000     0.0000     0.0000     1.0000     0.0000     0.0000     0.0000     1.0000     0.0000     0.0000     0.0000     1.0000     0.0000     0.0000     0.0000     1.0000     0.0000     0.0000     0.0000     1.0000     0.0000     0.0000     0.0000     1.0000     0.0000     0.0000     0.0000     1.0000     0.0000     0.0000     0.0000     1.0000     0.0000     0.0000     0.0000     1.0000     0.0000     0.0000     0.0000     1.0000     0.0000     0.0000     0.0000     1.0000     0.0000     0.0000     0.0000     1.0000     0.0000     0.0000     0.0000     1.0000     0.0000     0.0000     0.0000     1.0000     0.0000     0.0000     0.0000     1.0000     0.0000     0.0000     0.0000     1.0000     0.0000     0.0000     0.0000     1.0000     0.0000     0.0000     0.0000
    0.0000     0.0000     0.0000     0.0000     0.0000     0.0000     0.0000     0.0000     0.0000     0.0000     0.0000     0.0000     0.0000     0.0000     0.0000     0.0000     0.0000     0.0000     0.0000     0.0000     0.0000     0.0000     0.0000     0.0000     0.0000     0.0000     0.0000     0.0000     0.0000     0.0000     0.0000     0.0000     0.0000     0.0000     0.0000     0.0000     0.0000     0.0000     0.0000     0.0000     0.0000     0.0000     0.0000     0.0000     0.0000     0.0000     0.0000     0.0000     0.0000     0.0000     0.0000     0.0000     0.0000     0.0000     0.0000     0.0000     0.0000     0.0000     0.0000     0.0000     0.0000     0.0000     0.0000     0.0000     0.0000     0.0000     0.0000     0.0000     0.0000     0.0000     0.0000     0.0000     0.0000     0.0000     0.0000     0.0000     0.0000     0.0000     0.0000     0.0000     0.0000     0.0000     0.0000     0.0000     0.0000     0.0000     0.0000     0.0000     0.0000     0.0000     0.0000     0.0000     0.0000     0.0000     0.0000     0.0000     0.0000     0.0000     0.0000     0.0000     0.0000     0.0000     0.0000     0.0000     0.0000     0.0000     0.0000     0.0000     0.0000     0.0000     0.0000     0.0000     0.0000     0.0000     0.0000     0.0000     0.0000     0.0000     0.0000     0.0000     0.0000     0.0000     0.0000     0.0000     0.0000     0.0000     0.0000     0.0000     0.0000     0.0000     0.0000     0.0000     0.0000     0.0000     0.0000     0.0000     0.0000     0.0000     0.0000     0.0000     0.0000     0.0000     0.0000     0.0000     0.0000     0.0000     0.0000     0.0000     0.0000     0.0000     0.0000     0.0000     0.0000     0.0000     0.0000     0.0000     0.0000     0.0000     0.0000     0.0000     0.0000     0.0000     0.0000     0.0000     0.0000     0.0000     0.0000     0.0000     0.0000     0.0000     0.0000     0.0000     0.0000     0.0000     0.0000     0.0000     0.0000     0.0000     0.0000     0.0000     0.0000     0.0000     0.0000     0.0000     0.0000     0.0000     0.0000     0.0000     0.0000     0.0000     0.0000     0.0000     0.0000     0.0000     0.0000     0.0000     0.0000     0.0000     0.0000     0.0000     0.0000     0.0000     0.0000     0.0000     0.0000     0.0000     0.0000     0.0000     0.0000     0.0000     0.0000     0.0000     0.0000     0.0000     0.0000     0.0000     0.0000     0.0000     0.0000     0.0000     0.0000     0.0000     0.0000     0.0000     0.0000     0.0000     0.0000     0.0000     0.0000     0.0000     0.0000     0.0000     0.0000     0.0000     0.0000     0.0000     0.0000     0.0000     0.0000     0.0000     0.0000     0.0000     0.0000     0.0000     0.0000     0.0000     0.0000     0.0000     0.0000     0.0000     0.0000     0.0000     0.0000     0.0000     0.0000     0.0000
{"varName":"tauKrylov0Tex","savedAt":"2026-05-18T12:17:10.243Z","value":{"__backupType":"texture2D","w":64,"h":54,"dim":4,"format":[6408,34836,5126],"unit":23,"program":13,"data":[1,0.007609994150698185,0.00005791200965177268,1,1,0.02282998338341713,0.0005212081596255302,1,1,0.03804996982216835,0.0014478001976385713,1,1,0.05326995998620987,0.002837688662111759,1,1,0.06848994642496109,0.004690872970968485,1,1,0.08370993286371231,0.0070073530077934265,1,1,0.09892992675304413,0.009787130169570446,1,1,0.11414991319179535,0.013030203059315681,1,1,0.12936989963054657,0.016736570745706558,1,1,0.1445898860692978,0.0209062360227108,1,1,0.159809872508049,0.02553919516503811,1,1,0.17502985894680023,0.030635451897978783,1,1,0.19024986028671265,0.03619500994682312,1,1,0.20546984672546387,0.042217858135700226,1,1,0.2206898331642151,0.04870400205254555,1,1,0.2359098196029663,0.055653441697359085,1,1,0.25112980604171753,0.06306617707014084,1,1,0.26634979248046875,0.0709422156214714,1,1,0.28156977891921997,0.07928153872489929,1,1,0.2967897653579712,0.0880841612815857,1,1,0.3120097517967224,0.09735008329153061,1,1,0.32722973823547363,0.10707930475473404,1,1,0.34244972467422485,0.11727181077003479,1,1,0.3576697111129761,0.12792761623859406,1,1,0.3728897273540497,0.13904674351215363,1,1,0.3881097137928009,0.15062914788722992,1,1,0.4033297002315521,0.16267484426498413,1,1,0.41854968667030334,0.17518384754657745,1,1,0.43376967310905457,0.1881561279296875,1,1,0.4489896595478058,0.20159171521663666,1,1,0.464209645986557,0.21549059450626373,1,1,0.4794296324253082,0.22985276579856873,1,1,0.49464961886405945,0.24467824399471283,1,1,0.5098696351051331,0.25996705889701843,1,1,0.5250896215438843,0.2757191061973572,1,1,0.5403096079826355,0.29193446040153503,1,1,0.5555295944213867,0.308613121509552,1,1,0.5707495808601379,0.3257550895214081,1,1,0.5859695672988892,0.3433603346347809,1,1,0.6011895537376404,0.3614288866519928,1,1,0.6164095401763916,0.37996071577072144,1,1,0.6316295266151428,0.3989558517932892,1,1,0.646849513053894,0.41841429471969604,1,1,0.6620694994926453,0.43833601474761963,1,1,0.6772894859313965,0.4587210416793823,1,1,0.6925094723701477,0.47956937551498413,1,1,0.7077294588088989,0.500881016254425,1,1,0.7229494452476501,0.5226559042930603,1,1,0.7381694316864014,0.5448940992355347,1,1,0.7533894181251526,0.5675956010818481,1,1,0.7686094045639038,0.5907604098320007,1,1,0.783829391002655,0.6143885254859924,1,1,0.7990493774414062,0.6384798884391785,1,1,0.8142693638801575,0.6630346179008484,1,1,0.8294893503189087,0.6880525946617126,1,1,0.8447093367576599,0.713533878326416,1,1,0.8599293231964111,0.7394784688949585,1,1,0.8751493096351624,0.7658863067626953,1,1,0.8903692960739136,0.792757511138916,1,1,0.9055892825126648,0.820091962814331,1,1,0.920809268951416,0.8478897213935852,1,1,0.9360292553901672,0.8761507868766785,1,1,0.9512492418289185,0.9048750996589661,1,1,0.9664692282676697,0.9340627789497375,1,1,0.008978135883808136,0.00008060692198341712,1,1,0.026934407651424408,0.0007254623342305422,1,1,0.04489067941904068,0.002015173202380538,1,1,0.06284695118665695,0.003949739504605532,1,1,0.08080322295427322,0.006529160775244236,1,1,0.0987594947218895,0.009753437712788582,1,1,0.11671576648950577,0.013622569851577282,1,1,0.13467204570770264,0.018136559054255486,1,1,0.15262830257415771,0.02329539880156517,1,1,0.17058458924293518,0.029099101200699806,1,1,0.18854084610939026,0.0355476513504982,1,1,0.20649713277816772,0.04264106601476669,1,1,0.2244533896446228,0.050379324704408646,1,1,0.24240967631340027,0.05876244977116585,1,1,0.26036593317985535,0.06779041886329651,1,1,0.2783222198486328,0.07746326178312302,1,1,0.2962784767150879,0.08778093755245209,1,1,0.31423476338386536,0.0987434834241867,1,1,0.33219102025032043,0.11035087704658508,1,1,0.3501473069190979,0.12260313332080841,1,1,0.368103563785553,0.1355002373456955,1,1,0.38605985045433044,0.14904220402240753,1,1,0.4040161073207855,0.16322901844978333,1,1,0.421972393989563,0.17806069552898407,1,1,0.43992865085601807,0.19353722035884857,1,1,0.45788493752479553,0.20965862274169922,1,1,0.4758411943912506,0.22642484307289124,1,1,0.4937974810600281,0.2438359558582306,1,1,0.5117537379264832,0.2618919014930725,1,1,0.5297099947929382,0.280592679977417,1,1,0.5476663112640381,0.2999383807182312,1,1,0.5656225681304932,0.3199288845062256,1,1,0.5835788249969482,0.3405642509460449,1,1,0.6015350818634033,0.3618444502353668,1,1,0.6194913983345032,0.38376960158348083,1,1,0.6374476552009583,0.40633952617645264,1,1,0.6554039120674133,0.429554283618927,1,1,0.6733601689338684,0.4534139037132263,1,1,0.6913164854049683,0.47791847586631775,1,1,0.7092727422714233,0.5030678510665894,1,1,0.7272289991378784,0.5288619995117188,1,1,0.7451852560043335,0.5553010702133179,1,1,0.7631415724754333,0.5823850631713867,1,1,0.7810978293418884,0.610113799571991,1,1,0.7990540862083435,0.6384874582290649,1,1,0.8170103430747986,0.6675059199333191,1,1,0.8349666595458984,0.697169303894043,1,1,0.8529229164123535,0.727477490901947,1,1,0.8708791732788086,0.758430540561676,1,1,0.8888354301452637,0.7900283932685852,1,1,0.9067917466163635,0.8222712874412537,1,1,0.9247480034828186,0.8551588654518127,1,1,0.9427042603492737,0.8886913061141968,1,1,0.9606605172157288,0.9228686094284058,1,1,0.9786168336868286,0.9576908946037292,1,1,0.9965730905532837,0.9931579232215881,1,1,1.0145293474197388,1.029269814491272,1,1,1.0324856042861938,1.0660265684127808,1,1,1.050441861152649,1.1034281253814697,1,1,1.068398118019104,1.1414744853973389,1,1,1.0863544940948486,1.1801661252975464,1,1,1.1043107509613037,1.2195022106170654,1,1,1.1222670078277588,1.2594832181930542,1,1,1.1402232646942139,1.3001091480255127,1,1,0.00955026876181364,0.00009120763570535928,1,1,0.028650805354118347,0.0008208686485886574,1,1,0.04775134474039078,0.002280190819874406,1,1,0.06685188412666321,0.004469174426048994,1,1,0.08595241606235504,0.007387817837297916,1,1,0.10505295544862747,0.011036123149096966,1,1,0.1241534948348999,0.015414089895784855,1,1,0.14325402677059174,0.02052171528339386,1,1,0.16235457360744476,0.026359006762504578,1,1,0.1814551055431366,0.03292595595121384,1,1,0.20055563747882843,0.04022256284952164,1,1,0.21965618431568146,0.048248838633298874,1,1,0.2387567162513733,0.057004768401384354,1,1,0.2578572630882263,0.06649036705493927,1,1,0.27695778012275696,0.07670561224222183,1,1,0.29605832695961,0.08765053004026413,1,1,0.315158873796463,0.09932511299848557,1,1,0.33425942063331604,0.11172936111688614,1,1,0.3533599376678467,0.12486324459314346,1,1,0.3724604845046997,0.13872681558132172,1,1,0.39156103134155273,0.1533200442790985,1,1,0.4106615483760834,0.16864290833473206,1,1,0.4297620952129364,0.18469545245170593,1,1,0.44886264204978943,0.20147767663002014,1,1,0.46796315908432007,0.2189895212650299,1,1,0.4870637059211731,0.2372310608625412,1,1,0.5061642527580261,0.25620225071907043,1,1,0.5252647995948792,0.2759031057357788,1,1,0.5443653464317322,0.2963336408138275,1,1,0.5634658336639404,0.317493736743927,1,1,0.5825663805007935,0.339383602142334,1,1,0.6016669273376465,0.3620030879974365,1,1,0.6207674741744995,0.3853522539138794,1,1,0.6398680210113525,0.4094310700893402,1,1,0.6589685678482056,0.43423956632614136,1,1,0.6780690550804138,0.4597776532173157,1,1,0.6971696019172668,0.4860454499721527,1,1,0.7162701487541199,0.5130429267883301,1,1,0.7353706955909729,0.5407700538635254,1,1,0.7544712424278259,0.569226861000061,1,1,0.773571789264679,0.5984132885932922,1,1,0.792672336101532,0.6283294558525085,1,1,0.8117728233337402,0.6589751243591309,1,1,0.8308733701705933,0.6903505325317383,1,1,0.8499739170074463,0.7224556803703308,1,1,0.8690744638442993,0.7552904486656189,1,1,0.8881750106811523,0.7888548374176025,1,1,0.9072755575180054,0.8231489658355713,1,1,0.9263760447502136,0.858172595500946,1,1,0.9454765915870667,0.8939259648323059,1,1,0.9645771384239197,0.9304090738296509,1,1,0.9836776852607727,0.9676218032836914,1,1,1.002778172492981,1.0055640935897827,1,1,1.021878719329834,1.0442360639572144,1,1,1.040979266166687,1.0836378335952759,1,1,1.06007981300354,1.1237691640853882,1,1,1.079180359840393,1.1646302938461304,1,1,1.098280906677246,1.2062209844589233,1,1,1.1173814535140991,1.2485413551330566,1,1,1.1364820003509521,1.2915912866592407,1,1,1.1555825471878052,1.3353710174560547,1,1,1.1746830940246582,1.379880428314209,1,1,1.1937836408615112,1.425119400024414,1,1,1.2128841876983643,1.4710880517959595,1,1,0.00852162390947342,0.00007261807331815362,1,1,0.025564871728420258,0.0006535626598633826,1,1,0.042608119547367096,0.0018154518911615014,1,1,0.059651367366313934,0.0035582855343818665,1,1,0.07669461518526077,0.005882063880562782,1,1,0.09373786300420761,0.008786787278950214,1,1,0.11078111082315445,0.012272454798221588,1,1,0.12782436609268188,0.016339069232344627,1,1,0.14486759901046753,0.02098662033677101,1,1,0.16191086173057556,0.026215126737952232,1,1,0.1789540946483612,0.0320245698094368,1,1,0.19599735736846924,0.03841496258974075,1,1,0.21304059028625488,0.04538629204034805,1,1,0.23008385300636292,0.05293858051300049,1,1,0.24712708592414856,0.06107179820537567,1,1,0.2641703486442566,0.06978597491979599,1,1,0.28121358156204224,0.07908108085393906,1,1,0.29825684428215027,0.08895714581012726,1,1,0.3153000771999359,0.09941413998603821,1,1,0.33234333992004395,0.1104520931839943,1,1,0.3493865728378296,0.12207097560167313,1,1,0.3664298355579376,0.1342708170413971,1,1,0.38347306847572327,0.1470515877008438,1,1,0.4005163311958313,0.16041332483291626,1,1,0.41755956411361694,0.17435598373413086,1,1,0.434602826833725,0.18887962400913239,1,1,0.4516460597515106,0.20398415625095367,1,1,0.46868932247161865,0.21966968476772308,1,1,0.4857325553894043,0.23593612015247345,1,1,0.5027757883071899,0.25278350710868835,1,1,0.5198190808296204,0.2702118754386902,1,1,0.536862313747406,0.288221150636673,1,1,0.5539055466651917,0.3068113625049591,1,1,0.5709487795829773,0.3259825110435486,1,1,0.5879920721054077,0.34573468565940857,1,1,0.6050353050231934,0.36606770753860474,1,1,0.622078537940979,0.38698169589042664,1,1,0.6391217708587646,0.40847665071487427,1,1,0.6561650633811951,0.43055260181427,1,1,0.6732082962989807,0.45320940017700195,1,1,0.6902515292167664,0.4764471650123596,1,1,0.707294762134552,0.500265896320343,1,1,0.7243380546569824,0.5246655941009521,1,1,0.7413812875747681,0.5496461987495422,1,1,0.7584245204925537,0.5752077698707581,1,1,0.7754677534103394,0.6013502478599548,1,1,0.7925110459327698,0.6280737519264221,1,1,0.8095542788505554,0.6553781032562256,1,1,0.8265975117683411,0.6832634210586548,1,1,0.8436407446861267,0.7117297053337097,1,1,0.8606840372085571,0.7407770156860352,1,1,0.8777272701263428,0.7704051733016968,1,1,0.8947705030441284,0.8006142377853394,1,1,0.9118137359619141,0.8314042687416077,1,1,0.9288570284843445,0.8627753853797913,1,1,0.9459002614021301,0.8947272896766663,1,1,0.9629434943199158,0.927260160446167,1,1,0.9799867272377014,0.9603739976882935,1,1,0.9970300197601318,0.9940688610076904,1,1,1.0140732526779175,1.0283445119857788,1,1,1.0311164855957031,1.0632011890411377,1,1,1.0481597185134888,1.0986387729644775,1,1,1.0652029514312744,1.134657382965088,1,1,1.08224618434906,1.1712567806243896,1,1,0.008623998612165451,0.00007437335443682969,1,1,0.025871995836496353,0.0006693601608276367,1,1,0.043119993060827255,0.0018593338318169117,1,1,0.06036799028515816,0.003644294338300824,1,1,0.07761599123477936,0.006024241913110018,1,1,0.09486398100852966,0.0089991744607687,1,1,0.11211198568344116,0.012569096870720387,1,1,0.12935997545719147,0.016734004020690918,1,1,0.14660798013210297,0.021493900567293167,1,1,0.16385596990585327,0.026848778128623962,1,1,0.18110397458076477,0.0327986478805542,1,1,0.19835196435451508,0.03934350237250328,1,1,0.21559996902942657,0.046483345329761505,1,1,0.23284795880317688,0.054218173027038574,1,1,0.2500959634780884,0.06254798918962479,1,1,0.2673439681529999,0.07147279381752014,1,1,0.284591943025589,0.08099257200956345,1,1,0.3018399477005005,0.09110735356807709,1,1,0.319087952375412,0.10181712359189987,1,1,0.3363359570503235,0.1131218746304512,1,1,0.3535839319229126,0.12502159178256989,1,1,0.3708319365978241,0.1375163197517395,1,1,0.3880799412727356,0.15060603618621826,1,1,0.4053279459476471,0.16429074108600616,1,1,0.4225759208202362,0.17857040464878082,1,1,0.4398239254951477,0.193445086479187,1,1,0.4570719301700592,0.20891475677490234,1,1,0.4743199348449707,0.22497940063476562,1,1,0.4915679097175598,0.24163900315761566,1,1,0.5088159441947937,0.2588936686515808,1,1,0.5260639190673828,0.27674323320388794,1,1,0.5433118939399719,0.2951878011226654,1,1,0.5605599284172058,0.314227432012558,1,1,0.5778079032897949,0.33386197686195374,1,1,0.595055878162384,0.35409149527549744,1,1,0.6123039126396179,0.37491607666015625,1,1,0.629551887512207,0.39633557200431824,1,1,0.6467999219894409,0.41835013031959534,1,1,0.66404789686203,0.4409596025943756,1,1,0.6812958717346191,0.4641640782356262,1,1,0.698543906211853,0.48796358704566956,1,1,0.7157918810844421,0.5123580098152161,1,1,0.7330398559570312,0.5373474359512329,1,1,0.7502878904342651,0.5629318952560425,1,1,0.7675358653068542,0.589111328125,1,1,0.7847838997840881,0.6158857941627502,1,1,0.8020318746566772,0.6432551145553589,1,1,0.8192798495292664,0.6712194681167603,1,1,0.8365278840065002,0.6997789144515991,1,1,0.8537758588790894,0.7289332151412964,1,1,0.8710238337516785,0.7586824893951416,1,1,0.8882718682289124,0.7890269160270691,1,1,0.9055198431015015,0.819966197013855,1,1,0.9227678775787354,0.8515005707740784,1,1,0.9400158524513245,0.8836297988891602,1,1,0.9572638273239136,0.9163540601730347,1,1,0.9745118618011475,0.9496733546257019,1,1,0.9917598366737366,0.9835875630378723,1,1,1.0090078115463257,1.0180968046188354,1,1,1.0262558460235596,1.0532010793685913,1,1,1.0435038805007935,1.0889003276824951,1,1,1.0607517957687378,1.1251944303512573,1,1,1.0779998302459717,1.162083625793457,1,1,1.0952478647232056,1.1995679140090942,1,0,0,0,0,0,0,0,0,0,0,0,0,0,0,0,0,0,0,0,0,0,0,0,0,0,0,0,0,0,0,0,0,0,0,0,0,0,0,0,0,0,0,0,0,0,0,0,0,0,0,0,0,0,0,0,0,0,0,0,0,0,0,0,0,0,0,0,0,0,0,0,0,0,0,0,0,0,0,0,0,0,0,0,0,0,0,0,0,0,0,0,0,0,0,0,0,0,0,0,0,0,0,0,0,0,0,0,0,0,0,0,0,0,0,0,0,0,0,0,0,0,0,0,0,0,0,0,0,0,0,0,0,0,0,0,0,0,0,0,0,0,0,0,0,0,0,0,0,0,0,0,0,0,0,0,0,0,0,0,0,0,0,0,0,0,0,0,0,0,0,0,0,0,0,0,0,0,0,0,0,0,0,0,0,0,0,0,0,0,0,0,0,0,0,0,0,0,0,0,0,0,0,0,0,0,0,0,0,0,0,0,0,0,0,0,0,0,0,0,0,0,0,0,0,0,0,0,0,0,0,0,0,0,0,0,0,0,0,0,0,0,0,0,0,0,0,0,0,0,0,0,0,0,0,0,0,1,0.007609994150698185,0.00005791200965177268,1,1,0.02282998338341713,0.0005212081596255302,1,1,0.03804996982216835,0.0014478001976385713,1,1,0.05326995998620987,0.002837688662111759,1,1,0.06848994642496109,0.004690872970968485,1,1,0.08370993286371231,0.0070073530077934265,1,1,0.09892992675304413,0.009787130169570446,1,1,0.11414991319179535,0.013030203059315681,1,1,0.12936989963054657,0.016736570745706558,1,1,0.1445898860692978,0.0209062360227108,1,1,0.159809872508049,0.02553919516503811,1,1,0.17502985894680023,0.030635451897978783,1,1,0.19024986028671265,0.03619500994682312,1,1,0.20546984672546387,0.042217858135700226,1,1,0.2206898331642151,0.04870400205254555,1,1,0.2359098196029663,0.055653441697359085,1,1,0.25112980604171753,0.06306617707014084,1,1,0.26634979248046875,0.0709422156214714,1,1,0.28156977891921997,0.07928153872489929,1,1,0.2967897653579712,0.0880841612815857,1,1,0.3120097517967224,0.09735008329153061,1,1,0.32722973823547363,0.10707930475473404,1,1,0.34244972467422485,0.11727181077003479,1,1,0.3576697111129761,0.12792761623859406,1,1,0.3728897273540497,0.13904674351215363,1,1,0.3881097137928009,0.15062914788722992,1,1,0.4033297002315521,0.16267484426498413,1,1,0.41854968667030334,0.17518384754657745,1,1,0.43376967310905457,0.1881561279296875,1,1,0.4489896595478058,0.20159171521663666,1,1,0.464209645986557,0.21549059450626373,1,1,0.4794296324253082,0.22985276579856873,1,1,0.49464961886405945,0.24467824399471283,1,1,0.5098696351051331,0.25996705889701843,1,1,0.5250896215438843,0.2757191061973572,1,1,0.5403096079826355,0.29193446040153503,1,1,0.5555295944213867,0.308613121509552,1,1,0.5707495808601379,0.3257550895214081,1,1,0.5859695672988892,0.3433603346347809,1,1,0.6011895537376404,0.3614288866519928,1,1,0.6164095401763916,0.37996071577072144,1,1,0.6316295266151428,0.3989558517932892,1,1,0.646849513053894,0.41841429471969604,1,1,0.6620694994926453,0.43833601474761963,1,1,0.6772894859313965,0.4587210416793823,1,1,0.6925094723701477,0.47956937551498413,1,1,0.7077294588088989,0.500881016254425,1,1,0.7229494452476501,0.5226559042930603,1,1,0.7381694316864014,0.5448940992355347,1,1,0.7533894181251526,0.5675956010818481,1,1,0.7686094045639038,0.5907604098320007,1,1,0.783829391002655,0.6143885254859924,1,1,0.7990493774414062,0.6384798884391785,1,1,0.8142693638801575,0.6630346179008484,1,1,0.8294893503189087,0.6880525946617126,1,1,0.8447093367576599,0.713533878326416,1,1,0.8599293231964111,0.7394784688949585,1,1,0.8751493096351624,0.7658863067626953,1,1,0.8903692960739136,0.792757511138916,1,1,0.9055892825126648,0.820091962814331,1,1,0.920809268951416,0.8478897213935852,1,1,0.9360292553901672,0.8761507868766785,1,1,0.9512492418289185,0.9048750996589661,1,1,0.9664692282676697,0.9340627789497375,1,1,0.008978135883808136,0.00008060692198341712,1,1,0.026934407651424408,0.0007254623342305422,1,1,0.04489067941904068,0.002015173202380538,1,1,0.06284695118665695,0.003949739504605532,1,1,0.08080322295427322,0.006529160775244236,1,1,0.0987594947218895,0.009753437712788582,1,1,0.11671576648950577,0.013622569851577282,1,1,0.13467204570770264,0.018136559054255486,1,1,0.15262830257415771,0.02329539880156517,1,1,0.17058458924293518,0.029099101200699806,1,1,0.18854084610939026,0.0355476513504982,1,1,0.20649713277816772,0.04264106601476669,1,1,0.2244533896446228,0.050379324704408646,1,1,0.24240967631340027,0.05876244977116585,1,1,0.26036593317985535,0.06779041886329651,1,1,0.2783222198486328,0.07746326178312302,1,1,0.2962784767150879,0.08778093755245209,1,1,0.31423476338386536,0.0987434834241867,1,1,0.33219102025032043,0.11035087704658508,1,1,0.3501473069190979,0.12260313332080841,1,1,0.368103563785553,0.1355002373456955,1,1,0.38605985045433044,0.14904220402240753,1,1,0.4040161073207855,0.16322901844978333,1,1,0.421972393989563,0.17806069552898407,1,1,0.43992865085601807,0.19353722035884857,1,1,0.45788493752479553,0.20965862274169922,1,1,0.4758411943912506,0.22642484307289124,1,1,0.4937974810600281,0.2438359558582306,1,1,0.5117537379264832,0.2618919014930725,1,1,0.5297099947929382,0.280592679977417,1,1,0.5476663112640381,0.2999383807182312,1,1,0.5656225681304932,0.3199288845062256,1,1,0.5835788249969482,0.3405642509460449,1,1,0.6015350818634033,0.3618444502353668,1,1,0.6194913983345032,0.38376960158348083,1,1,0.6374476552009583,0.40633952617645264,1,1,0.6554039120674133,0.429554283618927,1,1,0.6733601689338684,0.4534139037132263,1,1,0.6913164854049683,0.47791847586631775,1,1,0.7092727422714233,0.5030678510665894,1,1,0.7272289991378784,0.5288619995117188,1,1,0.7451852560043335,0.5553010702133179,1,1,0.7631415724754333,0.5823850631713867,1,1,0.7810978293418884,0.610113799571991,1,1,0.7990540862083435,0.6384874582290649,1,1,0.8170103430747986,0.6675059199333191,1,1,0.8349666595458984,0.697169303894043,1,1,0.8529229164123535,0.727477490901947,1,1,0.8708791732788086,0.758430540561676,1,1,0.8888354301452637,0.7900283932685852,1,1,0.9067917466163635,0.8222712874412537,1,1,0.9247480034828186,0.8551588654518127,1,1,0.9427042603492737,0.8886913061141968,1,1,0.9606605172157288,0.9228686094284058,1,1,0.9786168336868286,0.9576908946037292,1,1,0.9965730905532837,0.9931579232215881,1,1,1.0145293474197388,1.029269814491272,1,1,1.0324856042861938,1.0660265684127808,1,1,1.050441861152649,1.1034281253814697,1,1,1.068398118019104,1.1414744853973389,1,1,1.0863544940948486,1.1801661252975464,1,1,1.1043107509613037,1.2195022106170654,1,1,1.1222670078277588,1.2594832181930542,1,1,1.1402232646942139,1.3001091480255127,1,1,0.00955026876181364,0.00009120763570535928,1,1,0.028650805354118347,0.0008208686485886574,1,1,0.04775134474039078,0.002280190819874406,1,1,0.06685188412666321,0.004469174426048994,1,1,0.08595241606235504,0.007387817837297916,1,1,0.10505295544862747,0.011036123149096966,1,1,0.1241534948348999,0.015414089895784855,1,1,0.14325402677059174,0.02052171528339386,1,1,0.16235457360744476,0.026359006762504578,1,1,0.1814551055431366,0.03292595595121384,1,1,0.20055563747882843,0.04022256284952164,1,1,0.21965618431568146,0.048248838633298874,1,1,0.2387567162513733,0.057004768401384354,1,1,0.2578572630882263,0.06649036705493927,1,1,0.27695778012275696,0.07670561224222183,1,1,0.29605832695961,0.08765053004026413,1,1,0.315158873796463,0.09932511299848557,1,1,0.33425942063331604,0.11172936111688614,1,1,0.3533599376678467,0.12486324459314346,1,1,0.3724604845046997,0.13872681558132172,1,1,0.39156103134155273,0.1533200442790985,1,1,0.4106615483760834,0.16864290833473206,1,1,0.4297620952129364,0.18469545245170593,1,1,0.44886264204978943,0.20147767663002014,1,1,0.46796315908432007,0.2189895212650299,1,1,0.4870637059211731,0.2372310608625412,1,1,0.5061642527580261,0.25620225071907043,1,1,0.5252647995948792,0.2759031057357788,1,1,0.5443653464317322,0.2963336408138275,1,1,0.5634658336639404,0.317493736743927,1,1,0.5825663805007935,0.339383602142334,1,1,0.6016669273376465,0.3620030879974365,1,1,0.6207674741744995,0.3853522539138794,1,1,0.6398680210113525,0.4094310700893402,1,1,0.6589685678482056,0.43423956632614136,1,1,0.6780690550804138,0.4597776532173157,1,1,0.6971696019172668,0.4860454499721527,1,1,0.7162701487541199,0.5130429267883301,1,1,0.7353706955909729,0.5407700538635254,1,1,0.7544712424278259,0.569226861000061,1,1,0.773571789264679,0.5984132885932922,1,1,0.792672336101532,0.6283294558525085,1,1,0.8117728233337402,0.6589751243591309,1,1,0.8308733701705933,0.6903505325317383,1,1,0.8499739170074463,0.7224556803703308,1,1,0.8690744638442993,0.7552904486656189,1,1,0.8881750106811523,0.7888548374176025,1,1,0.9072755575180054,0.8231489658355713,1,1,0.9263760447502136,0.858172595500946,1,1,0.9454765915870667,0.8939259648323059,1,1,0.9645771384239197,0.9304090738296509,1,1,0.9836776852607727,0.9676218032836914,1,1,1.002778172492981,1.0055640935897827,1,1,1.021878719329834,1.0442360639572144,1,1,1.040979266166687,1.0836378335952759,1,1,1.06007981300354,1.1237691640853882,1,1,1.079180359840393,1.1646302938461304,1,1,1.098280906677246,1.2062209844589233,1,1,1.1173814535140991,1.2485413551330566,1,1,1.1364820003509521,1.2915912866592407,1,1,1.1555825471878052,1.3353710174560547,1,1,1.1746830940246582,1.379880428314209,1,1,1.1937836408615112,1.425119400024414,1,1,1.2128841876983643,1.4710880517959595,1,1,0.00852162390947342,0.00007261807331815362,1,1,0.025564871728420258,0.0006535626598633826,1,1,0.042608119547367096,0.0018154518911615014,1,1,0.059651367366313934,0.0035582855343818665,1,1,0.07669461518526077,0.005882063880562782,1,1,0.09373786300420761,0.008786787278950214,1,1,0.11078111082315445,0.012272454798221588,1,1,0.12782436609268188,0.016339069232344627,1,1,0.14486759901046753,0.02098662033677101,1,1,0.16191086173057556,0.026215126737952232,1,1,0.1789540946483612,0.0320245698094368,1,1,0.19599735736846924,0.03841496258974075,1,1,0.21304059028625488,0.04538629204034805,1,1,0.23008385300636292,0.05293858051300049,1,1,0.24712708592414856,0.06107179820537567,1,1,0.2641703486442566,0.06978597491979599,1,1,0.28121358156204224,0.07908108085393906,1,1,0.29825684428215027,0.08895714581012726,1,1,0.3153000771999359,0.09941413998603821,1,1,0.33234333992004395,0.1104520931839943,1,1,0.3493865728378296,0.12207097560167313,1,1,0.3664298355579376,0.1342708170413971,1,1,0.38347306847572327,0.1470515877008438,1,1,0.4005163311958313,0.16041332483291626,1,1,0.41755956411361694,0.17435598373413086,1,1,0.434602826833725,0.18887962400913239,1,1,0.4516460597515106,0.20398415625095367,1,1,0.46868932247161865,0.21966968476772308,1,1,0.4857325553894043,0.23593612015247345,1,1,0.5027757883071899,0.25278350710868835,1,1,0.5198190808296204,0.2702118754386902,1,1,0.536862313747406,0.288221150636673,1,1,0.5539055466651917,0.3068113625049591,1,1,0.5709487795829773,0.3259825110435486,1,1,0.5879920721054077,0.34573468565940857,1,1,0.6050353050231934,0.36606770753860474,1,1,0.622078537940979,0.38698169589042664,1,1,0.6391217708587646,0.40847665071487427,1,1,0.6561650633811951,0.43055260181427,1,1,0.6732082962989807,0.45320940017700195,1,1,0.6902515292167664,0.4764471650123596,1,1,0.707294762134552,0.500265896320343,1,1,0.7243380546569824,0.5246655941009521,1,1,0.7413812875747681,0.5496461987495422,1,1,0.7584245204925537,0.5752077698707581,1,1,0.7754677534103394,0.6013502478599548,1,1,0.7925110459327698,0.6280737519264221,1,1,0.8095542788505554,0.6553781032562256,1,1,0.8265975117683411,0.6832634210586548,1,1,0.8436407446861267,0.7117297053337097,1,1,0.8606840372085571,0.7407770156860352,1,1,0.8777272701263428,0.7704051733016968,1,1,0.8947705030441284,0.8006142377853394,1,1,0.9118137359619141,0.8314042687416077,1,1,0.9288570284843445,0.8627753853797913,1,1,0.9459002614021301,0.8947272896766663,1,1,0.9629434943199158,0.927260160446167,1,1,0.9799867272377014,0.9603739976882935,1,1,0.9970300197601318,0.9940688610076904,1,1,1.0140732526779175,1.0283445119857788,1,1,1.0311164855957031,1.0632011890411377,1,1,1.0481597185134888,1.0986387729644775,1,1,1.0652029514312744,1.134657382965088,1,1,1.08224618434906,1.1712567806243896,1,1,0.008623998612165451,0.00007437335443682969,1,1,0.025871995836496353,0.0006693601608276367,1,1,0.043119993060827255,0.0018593338318169117,1,1,0.06036799028515816,0.003644294338300824,1,1,0.07761599123477936,0.006024241913110018,1,1,0.09486398100852966,0.0089991744607687,1,1,0.11211198568344116,0.012569096870720387,1,1,0.12935997545719147,0.016734004020690918,1,1,0.14660798013210297,0.021493900567293167,1,1,0.16385596990585327,0.026848778128623962,1,1,0.18110397458076477,0.0327986478805542,1,1,0.19835196435451508,0.03934350237250328,1,1,0.21559996902942657,0.046483345329761505,1,1,0.23284795880317688,0.054218173027038574,1,1,0.2500959634780884,0.06254798918962479,1,1,0.2673439681529999,0.07147279381752014,1,1,0.284591943025589,0.08099257200956345,1,1,0.3018399477005005,0.09110735356807709,1,1,0.319087952375412,0.10181712359189987,1,1,0.3363359570503235,0.1131218746304512,1,1,0.3535839319229126,0.12502159178256989,1,1,0.3708319365978241,0.1375163197517395,1,1,0.3880799412727356,0.15060603618621826,1,1,0.4053279459476471,0.16429074108600616,1,1,0.4225759208202362,0.17857040464878082,1,1,0.4398239254951477,0.193445086479187,1,1,0.4570719301700592,0.20891475677490234,1,1,0.4743199348449707,0.22497940063476562,1,1,0.4915679097175598,0.24163900315761566,1,1,0.5088159441947937,0.2588936686515808,1,1,0.5260639190673828,0.27674323320388794,1,1,0.5433118939399719,0.2951878011226654,1,1,0.5605599284172058,0.314227432012558,1,1,0.5778079032897949,0.33386197686195374,1,1,0.595055878162384,0.35409149527549744,1,1,0.6123039126396179,0.37491607666015625,1,1,0.629551887512207,0.39633557200431824,1,1,0.6467999219894409,0.41835013031959534,1,1,0.66404789686203,0.4409596025943756,1,1,0.6812958717346191,0.4641640782356262,1,1,0.698543906211853,0.48796358704566956,1,1,0.7157918810844421,0.5123580098152161,1,1,0.7330398559570312,0.5373474359512329,1,1,0.7502878904342651,0.5629318952560425,1,1,0.7675358653068542,0.589111328125,1,1,0.7847838997840881,0.6158857941627502,1,1,0.8020318746566772,0.6432551145553589,1,1,0.8192798495292664,0.6712194681167603,1,1,0.8365278840065002,0.6997789144515991,1,1,0.8537758588790894,0.7289332151412964,1,1,0.8710238337516785,0.7586824893951416,1,1,0.8882718682289124,0.7890269160270691,1,1,0.9055198431015015,0.819966197013855,1,1,0.9227678775787354,0.8515005707740784,1,1,0.9400158524513245,0.8836297988891602,1,1,0.9572638273239136,0.9163540601730347,1,1,0.9745118618011475,0.9496733546257019,1,1,0.9917598366737366,0.9835875630378723,1,1,1.0090078115463257,1.0180968046188354,1,1,1.0262558460235596,1.0532010793685913,1,1,1.0435038805007935,1.0889003276824951,1,1,1.0607517957687378,1.1251944303512573,1,1,1.0779998302459717,1.162083625793457,1,1,1.0952478647232056,1.1995679140090942,1,0,0,0,0,0,0,0,0,0,0,0,0,0,0,0,0,0,0,0,0,0,0,0,0,0,0,0,0,0,0,0,0,0,0,0,0,0,0,0,0,0,0,0,0,0,0,0,0,0,0,0,0,0,0,0,0,0,0,0,0,0,0,0,0,0,0,0,0,0,0,0,0,0,0,0,0,0,0,0,0,0,0,0,0,0,0,0,0,0,0,0,0,0,0,0,0,0,0,0,0,0,0,0,0,0,0,0,0,0,0,0,0,0,0,0,0,0,0,0,0,0,0,0,0,0,0,0,0,0,0,0,0,0,0,0,0,0,0,0,0,0,0,0,0,0,0,0,0,0,0,0,0,0,0,0,0,0,0,0,0,0,0,0,0,0,0,0,0,0,0,0,0,0,0,0,0,0,0,0,0,0,0,0,0,0,0,0,0,0,0,0,0,0,0,0,0,0,0,0,0,0,0,0,0,0,0,0,0,0,0,0,0,0,0,0,0,0,0,0,0,0,0,0,0,0,0,0,0,0,0,0,0,0,0,0,0,0,0,0,0,0,0,0,0,0,0,0,0,0,0,0,0,0,0,0,0,1,0.007609994150698185,0.00005791200965177268,1,1,0.02282998338341713,0.0005212081596255302,1,1,0.03804996982216835,0.0014478001976385713,1,1,0.05326995998620987,0.002837688662111759,1,1,0.06848994642496109,0.004690872970968485,1,1,0.08370993286371231,0.0070073530077934265,1,1,0.09892992675304413,0.009787130169570446,1,1,0.11414991319179535,0.013030203059315681,1,1,0.12936989963054657,0.016736570745706558,1,1,0.1445898860692978,0.0209062360227108,1,1,0.159809872508049,0.02553919516503811,1,1,0.17502985894680023,0.030635451897978783,1,1,0.19024986028671265,0.03619500994682312,1,1,0.20546984672546387,0.042217858135700226,1,1,0.2206898331642151,0.04870400205254555,1,1,0.2359098196029663,0.055653441697359085,1,1,0.25112980604171753,0.06306617707014084,1,1,0.26634979248046875,0.0709422156214714,1,1,0.28156977891921997,0.07928153872489929,1,1,0.2967897653579712,0.0880841612815857,1,1,0.3120097517967224,0.09735008329153061,1,1,0.32722973823547363,0.10707930475473404,1,1,0.34244972467422485,0.11727181077003479,1,1,0.3576697111129761,0.12792761623859406,1,1,0.3728897273540497,0.13904674351215363,1,1,0.3881097137928009,0.15062914788722992,1,1,0.4033297002315521,0.16267484426498413,1,1,0.41854968667030334,0.17518384754657745,1,1,0.43376967310905457,0.1881561279296875,1,1,0.4489896595478058,0.20159171521663666,1,1,0.464209645986557,0.21549059450626373,1,1,0.4794296324253082,0.22985276579856873,1,1,0.49464961886405945,0.24467824399471283,1,1,0.5098696351051331,0.25996705889701843,1,1,0.5250896215438843,0.2757191061973572,1,1,0.5403096079826355,0.29193446040153503,1,1,0.5555295944213867,0.308613121509552,1,1,0.5707495808601379,0.3257550895214081,1,1,0.5859695672988892,0.3433603346347809,1,1,0.6011895537376404,0.3614288866519928,1,1,0.6164095401763916,0.37996071577072144,1,1,0.6316295266151428,0.3989558517932892,1,1,0.646849513053894,0.41841429471969604,1,1,0.6620694994926453,0.43833601474761963,1,1,0.6772894859313965,0.4587210416793823,1,1,0.6925094723701477,0.47956937551498413,1,1,0.7077294588088989,0.500881016254425,1,1,0.7229494452476501,0.5226559042930603,1,1,0.7381694316864014,0.5448940992355347,1,1,0.7533894181251526,0.5675956010818481,1,1,0.7686094045639038,0.5907604098320007,1,1,0.783829391002655,0.6143885254859924,1,1,0.7990493774414062,0.6384798884391785,1,1,0.8142693638801575,0.6630346179008484,1,1,0.8294893503189087,0.6880525946617126,1,1,0.8447093367576599,0.713533878326416,1,1,0.8599293231964111,0.7394784688949585,1,1,0.8751493096351624,0.7658863067626953,1,1,0.8903692960739136,0.792757511138916,1,1,0.9055892825126648,0.820091962814331,1,1,0.920809268951416,0.8478897213935852,1,1,0.9360292553901672,0.8761507868766785,1,1,0.9512492418289185,0.9048750996589661,1,1,0.9664692282676697,0.9340627789497375,1,1,0.008978135883808136,0.00008060692198341712,1,1,0.026934407651424408,0.0007254623342305422,1,1,0.04489067941904068,0.002015173202380538,1,1,0.06284695118665695,0.003949739504605532,1,1,0.08080322295427322,0.006529160775244236,1,1,0.0987594947218895,0.009753437712788582,1,1,0.11671576648950577,0.013622569851577282,1,1,0.13467204570770264,0.018136559054255486,1,1,0.15262830257415771,0.02329539880156517,1,1,0.17058458924293518,0.029099101200699806,1,1,0.18854084610939026,0.0355476513504982,1,1,0.20649713277816772,0.04264106601476669,1,1,0.2244533896446228,0.050379324704408646,1,1,0.24240967631340027,0.05876244977116585,1,1,0.26036593317985535,0.06779041886329651,1,1,0.2783222198486328,0.07746326178312302,1,1,0.2962784767150879,0.08778093755245209,1,1,0.31423476338386536,0.0987434834241867,1,1,0.33219102025032043,0.11035087704658508,1,1,0.3501473069190979,0.12260313332080841,1,1,0.368103563785553,0.1355002373456955,1,1,0.38605985045433044,0.14904220402240753,1,1,0.4040161073207855,0.16322901844978333,1,1,0.421972393989563,0.17806069552898407,1,1,0.43992865085601807,0.19353722035884857,1,1,0.45788493752479553,0.20965862274169922,1,1,0.4758411943912506,0.22642484307289124,1,1,0.4937974810600281,0.2438359558582306,1,1,0.5117537379264832,0.2618919014930725,1,1,0.5297099947929382,0.280592679977417,1,1,0.5476663112640381,0.2999383807182312,1,1,0.5656225681304932,0.3199288845062256,1,1,0.5835788249969482,0.3405642509460449,1,1,0.6015350818634033,0.3618444502353668,1,1,0.6194913983345032,0.38376960158348083,1,1,0.6374476552009583,0.40633952617645264,1,1,0.6554039120674133,0.429554283618927,1,1,0.6733601689338684,0.4534139037132263,1,1,0.6913164854049683,0.47791847586631775,1,1,0.7092727422714233,0.5030678510665894,1,1,0.7272289991378784,0.5288619995117188,1,1,0.7451852560043335,0.5553010702133179,1,1,0.7631415724754333,0.5823850631713867,1,1,0.7810978293418884,0.610113799571991,1,1,0.7990540862083435,0.6384874582290649,1,1,0.8170103430747986,0.6675059199333191,1,1,0.8349666595458984,0.697169303894043,1,1,0.8529229164123535,0.727477490901947,1,1,0.8708791732788086,0.758430540561676,1,1,0.8888354301452637,0.7900283932685852,1,1,0.9067917466163635,0.8222712874412537,1,1,0.9247480034828186,0.8551588654518127,1,1,0.9427042603492737,0.8886913061141968,1,1,0.9606605172157288,0.9228686094284058,1,1,0.9786168336868286,0.9576908946037292,1,1,0.9965730905532837,0.9931579232215881,1,1,1.0145293474197388,1.029269814491272,1,1,1.0324856042861938,1.0660265684127808,1,1,1.050441861152649,1.1034281253814697,1,1,1.068398118019104,1.1414744853973389,1,1,1.0863544940948486,1.1801661252975464,1,1,1.1043107509613037,1.2195022106170654,1,1,1.1222670078277588,1.2594832181930542,1,1,1.1402232646942139,1.3001091480255127,1,1,0.00955026876181364,0.00009120763570535928,1,1,0.028650805354118347,0.0008208686485886574,1,1,0.04775134474039078,0.002280190819874406,1,1,0.06685188412666321,0.004469174426048994,1,1,0.08595241606235504,0.007387817837297916,1,1,0.10505295544862747,0.011036123149096966,1,1,0.1241534948348999,0.015414089895784855,1,1,0.14325402677059174,0.02052171528339386,1,1,0.16235457360744476,0.026359006762504578,1,1,0.1814551055431366,0.03292595595121384,1,1,0.20055563747882843,0.04022256284952164,1,1,0.21965618431568146,0.048248838633298874,1,1,0.2387567162513733,0.057004768401384354,1,1,0.2578572630882263,0.06649036705493927,1,1,0.27695778012275696,0.07670561224222183,1,1,0.29605832695961,0.08765053004026413,1,1,0.315158873796463,0.09932511299848557,1,1,0.33425942063331604,0.11172936111688614,1,1,0.3533599376678467,0.12486324459314346,1,1,0.3724604845046997,0.13872681558132172,1,1,0.39156103134155273,0.1533200442790985,1,1,0.4106615483760834,0.16864290833473206,1,1,0.4297620952129364,0.18469545245170593,1,1,0.44886264204978943,0.20147767663002014,1,1,0.46796315908432007,0.2189895212650299,1,1,0.4870637059211731,0.2372310608625412,1,1,0.5061642527580261,0.25620225071907043,1,1,0.5252647995948792,0.2759031057357788,1,1,0.5443653464317322,0.2963336408138275,1,1,0.5634658336639404,0.317493736743927,1,1,0.5825663805007935,0.339383602142334,1,1,0.6016669273376465,0.3620030879974365,1,1,0.6207674741744995,0.3853522539138794,1,1,0.6398680210113525,0.4094310700893402,1,1,0.6589685678482056,0.43423956632614136,1,1,0.6780690550804138,0.4597776532173157,1,1,0.6971696019172668,0.4860454499721527,1,1,0.7162701487541199,0.5130429267883301,1,1,0.7353706955909729,0.5407700538635254,1,1,0.7544712424278259,0.569226861000061,1,1,0.773571789264679,0.5984132885932922,1,1,0.792672336101532,0.6283294558525085,1,1,0.8117728233337402,0.6589751243591309,1,1,0.8308733701705933,0.6903505325317383,1,1,0.8499739170074463,0.7224556803703308,1,1,0.8690744638442993,0.7552904486656189,1,1,0.8881750106811523,0.7888548374176025,1,1,0.9072755575180054,0.8231489658355713,1,1,0.9263760447502136,0.858172595500946,1,1,0.9454765915870667,0.8939259648323059,1,1,0.9645771384239197,0.9304090738296509,1,1,0.9836776852607727,0.9676218032836914,1,1,1.002778172492981,1.0055640935897827,1,1,1.021878719329834,1.0442360639572144,1,1,1.040979266166687,1.0836378335952759,1,1,1.06007981300354,1.1237691640853882,1,1,1.079180359840393,1.1646302938461304,1,1,1.098280906677246,1.2062209844589233,1,1,1.1173814535140991,1.2485413551330566,1,1,1.1364820003509521,1.2915912866592407,1,1,1.1555825471878052,1.3353710174560547,1,1,1.1746830940246582,1.379880428314209,1,1,1.1937836408615112,1.425119400024414,1,1,1.2128841876983643,1.4710880517959595,1,1,0.00852162390947342,0.00007261807331815362,1,1,0.025564871728420258,0.0006535626598633826,1,1,0.042608119547367096,0.0018154518911615014,1,1,0.059651367366313934,0.0035582855343818665,1,1,0.07669461518526077,0.005882063880562782,1,1,0.09373786300420761,0.008786787278950214,1,1,0.11078111082315445,0.012272454798221588,1,1,0.12782436609268188,0.016339069232344627,1,1,0.14486759901046753,0.02098662033677101,1,1,0.16191086173057556,0.026215126737952232,1,1,0.1789540946483612,0.0320245698094368,1,1,0.19599735736846924,0.03841496258974075,1,1,0.21304059028625488,0.04538629204034805,1,1,0.23008385300636292,0.05293858051300049,1,1,0.24712708592414856,0.06107179820537567,1,1,0.2641703486442566,0.06978597491979599,1,1,0.28121358156204224,0.07908108085393906,1,1,0.29825684428215027,0.08895714581012726,1,1,0.3153000771999359,0.09941413998603821,1,1,0.33234333992004395,0.1104520931839943,1,1,0.3493865728378296,0.12207097560167313,1,1,0.3664298355579376,0.1342708170413971,1,1,0.38347306847572327,0.1470515877008438,1,1,0.4005163311958313,0.16041332483291626,1,1,0.41755956411361694,0.17435598373413086,1,1,0.434602826833725,0.18887962400913239,1,1,0.4516460597515106,0.20398415625095367,1,1,0.46868932247161865,0.21966968476772308,1,1,0.4857325553894043,0.23593612015247345,1,1,0.5027757883071899,0.25278350710868835,1,1,0.5198190808296204,0.2702118754386902,1,1,0.536862313747406,0.288221150636673,1,1,0.5539055466651917,0.3068113625049591,1,1,0.5709487795829773,0.3259825110435486,1,1,0.5879920721054077,0.34573468565940857,1,1,0.6050353050231934,0.36606770753860474,1,1,0.622078537940979,0.38698169589042664,1,1,0.6391217708587646,0.40847665071487427,1,1,0.6561650633811951,0.43055260181427,1,1,0.6732082962989807,0.45320940017700195,1,1,0.6902515292167664,0.4764471650123596,1,1,0.707294762134552,0.500265896320343,1,1,0.7243380546569824,0.5246655941009521,1,1,0.7413812875747681,0.5496461987495422,1,1,0.7584245204925537,0.5752077698707581,1,1,0.7754677534103394,0.6013502478599548,1,1,0.7925110459327698,0.6280737519264221,1,1,0.8095542788505554,0.6553781032562256,1,1,0.8265975117683411,0.6832634210586548,1,1,0.8436407446861267,0.7117297053337097,1,1,0.8606840372085571,0.7407770156860352,1,1,0.8777272701263428,0.7704051733016968,1,1,0.8947705030441284,0.8006142377853394,1,1,0.9118137359619141,0.8314042687416077,1,1,0.9288570284843445,0.8627753853797913,1,1,0.9459002614021301,0.8947272896766663,1,1,0.9629434943199158,0.927260160446167,1,1,0.9799867272377014,0.9603739976882935,1,1,0.9970300197601318,0.9940688610076904,1,1,1.0140732526779175,1.0283445119857788,1,1,1.0311164855957031,1.0632011890411377,1,1,1.0481597185134888,1.0986387729644775,1,1,1.0652029514312744,1.134657382965088,1,1,1.08224618434906,1.1712567806243896,1,1,0.008623998612165451,0.00007437335443682969,1,1,0.025871995836496353,0.0006693601608276367,1,1,0.043119993060827255,0.0018593338318169117,1,1,0.06036799028515816,0.003644294338300824,1,1,0.07761599123477936,0.006024241913110018,1,1,0.09486398100852966,0.0089991744607687,1,1,0.11211198568344116,0.012569096870720387,1,1,0.12935997545719147,0.016734004020690918,1,1,0.14660798013210297,0.021493900567293167,1,1,0.16385596990585327,0.026848778128623962,1,1,0.18110397458076477,0.0327986478805542,1,1,0.19835196435451508,0.03934350237250328,1,1,0.21559996902942657,0.046483345329761505,1,1,0.23284795880317688,0.054218173027038574,1,1,0.2500959634780884,0.06254798918962479,1,1,0.2673439681529999,0.07147279381752014,1,1,0.284591943025589,0.08099257200956345,1,1,0.3018399477005005,0.09110735356807709,1,1,0.319087952375412,0.10181712359189987,1,1,0.3363359570503235,0.1131218746304512,1,1,0.3535839319229126,0.12502159178256989,1,1,0.3708319365978241,0.1375163197517395,1,1,0.3880799412727356,0.15060603618621826,1,1,0.4053279459476471,0.16429074108600616,1,1,0.4225759208202362,0.17857040464878082,1,1,0.4398239254951477,0.193445086479187,1,1,0.4570719301700592,0.20891475677490234,1,1,0.4743199348449707,0.22497940063476562,1,1,0.4915679097175598,0.24163900315761566,1,1,0.5088159441947937,0.2588936686515808,1,1,0.5260639190673828,0.27674323320388794,1,1,0.5433118939399719,0.2951878011226654,1,1,0.5605599284172058,0.314227432012558,1,1,0.5778079032897949,0.33386197686195374,1,1,0.595055878162384,0.35409149527549744,1,1,0.6123039126396179,0.37491607666015625,1,1,0.629551887512207,0.39633557200431824,1,1,0.6467999219894409,0.41835013031959534,1,1,0.66404789686203,0.4409596025943756,1,1,0.6812958717346191,0.4641640782356262,1,1,0.698543906211853,0.48796358704566956,1,1,0.7157918810844421,0.5123580098152161,1,1,0.7330398559570312,0.5373474359512329,1,1,0.7502878904342651,0.5629318952560425,1,1,0.7675358653068542,0.589111328125,1,1,0.7847838997840881,0.6158857941627502,1,1,0.8020318746566772,0.6432551145553589,1,1,0.8192798495292664,0.6712194681167603,1,1,0.8365278840065002,0.6997789144515991,1,1,0.8537758588790894,0.7289332151412964,1,1,0.8710238337516785,0.7586824893951416,1,1,0.8882718682289124,0.7890269160270691,1,1,0.9055198431015015,0.819966197013855,1,1,0.9227678775787354,0.8515005707740784,1,1,0.9400158524513245,0.8836297988891602,1,1,0.9572638273239136,0.9163540601730347,1,1,0.9745118618011475,0.9496733546257019,1,1,0.9917598366737366,0.9835875630378723,1,1,1.0090078115463257,1.0180968046188354,1,1,1.0262558460235596,1.0532010793685913,1,1,1.0435038805007935,1.0889003276824951,1,1,1.0607517957687378,1.1251944303512573,1,1,1.0779998302459717,1.162083625793457,1,1,1.0952478647232056,1.1995679140090942,1,0,0,0,0,0,0,0,0,0,0,0,0,0,0,0,0,0,0,0,0,0,0,0,0,0,0,0,0,0,0,0,0,0,0,0,0,0,0,0,0,0,0,0,0,0,0,0,0,0,0,0,0,0,0,0,0,0,0,0,0,0,0,0,0,0,0,0,0,0,0,0,0,0,0,0,0,0,0,0,0,0,0,0,0,0,0,0,0,0,0,0,0,0,0,0,0,0,0,0,0,0,0,0,0,0,0,0,0,0,0,0,0,0,0,0,0,0,0,0,0,0,0,0,0,0,0,0,0,0,0,0,0,0,0,0,0,0,0,0,0,0,0,0,0,0,0,0,0,0,0,0,0,0,0,0,0,0,0,0,0,0,0,0,0,0,0,0,0,0,0,0,0,0,0,0,0,0,0,0,0,0,0,0,0,0,0,0,0,0,0,0,0,0,0,0,0,0,0,0,0,0,0,0,0,0,0,0,0,0,0,0,0,0,0,0,0,0,0,0,0,0,0,0,0,0,0,0,0,0,0,0,0,0,0,0,0,0,0,0,0,0,0,0,0,0,0,0,0,0,0,0,0,0,0,0,0,1,0.007609994150698185,0.00005791200965177268,1,1,0.02282998338341713,0.0005212081596255302,1,1,0.03804996982216835,0.0014478001976385713,1,1,0.05326995998620987,0.002837688662111759,1,1,0.06848994642496109,0.004690872970968485,1,1,0.08370993286371231,0.0070073530077934265,1,1,0.09892992675304413,0.009787130169570446,1,1,0.11414991319179535,0.013030203059315681,1,1,0.12936989963054657,0.016736570745706558,1,1,0.1445898860692978,0.0209062360227108,1,1,0.159809872508049,0.02553919516503811,1,1,0.17502985894680023,0.030635451897978783,1,1,0.19024986028671265,0.03619500994682312,1,1,0.20546984672546387,0.042217858135700226,1,1,0.2206898331642151,0.04870400205254555,1,1,0.2359098196029663,0.055653441697359085,1,1,0.25112980604171753,0.06306617707014084,1,1,0.26634979248046875,0.0709422156214714,1,1,0.28156977891921997,0.07928153872489929,1,1,0.2967897653579712,0.0880841612815857,1,1,0.3120097517967224,0.09735008329153061,1,1,0.32722973823547363,0.10707930475473404,1,1,0.34244972467422485,0.11727181077003479,1,1,0.3576697111129761,0.12792761623859406,1,1,0.3728897273540497,0.13904674351215363,1,1,0.3881097137928009,0.15062914788722992,1,1,0.4033297002315521,0.16267484426498413,1,1,0.41854968667030334,0.17518384754657745,1,1,0.43376967310905457,0.1881561279296875,1,1,0.4489896595478058,0.20159171521663666,1,1,0.464209645986557,0.21549059450626373,1,1,0.4794296324253082,0.22985276579856873,1,1,0.49464961886405945,0.24467824399471283,1,1,0.5098696351051331,0.25996705889701843,1,1,0.5250896215438843,0.2757191061973572,1,1,0.5403096079826355,0.29193446040153503,1,1,0.5555295944213867,0.308613121509552,1,1,0.5707495808601379,0.3257550895214081,1,1,0.5859695672988892,0.3433603346347809,1,1,0.6011895537376404,0.3614288866519928,1,1,0.6164095401763916,0.37996071577072144,1,1,0.6316295266151428,0.3989558517932892,1,1,0.646849513053894,0.41841429471969604,1,1,0.6620694994926453,0.43833601474761963,1,1,0.6772894859313965,0.4587210416793823,1,1,0.6925094723701477,0.47956937551498413,1,1,0.7077294588088989,0.500881016254425,1,1,0.7229494452476501,0.5226559042930603,1,1,0.7381694316864014,0.5448940992355347,1,1,0.7533894181251526,0.5675956010818481,1,1,0.7686094045639038,0.5907604098320007,1,1,0.783829391002655,0.6143885254859924,1,1,0.7990493774414062,0.6384798884391785,1,1,0.8142693638801575,0.6630346179008484,1,1,0.8294893503189087,0.6880525946617126,1,1,0.8447093367576599,0.713533878326416,1,1,0.8599293231964111,0.7394784688949585,1,1,0.8751493096351624,0.7658863067626953,1,1,0.8903692960739136,0.792757511138916,1,1,0.9055892825126648,0.820091962814331,1,1,0.920809268951416,0.8478897213935852,1,1,0.9360292553901672,0.8761507868766785,1,1,0.9512492418289185,0.9048750996589661,1,1,0.9664692282676697,0.9340627789497375,1,1,0.008978135883808136,0.00008060692198341712,1,1,0.026934407651424408,0.0007254623342305422,1,1,0.04489067941904068,0.002015173202380538,1,1,0.06284695118665695,0.003949739504605532,1,1,0.08080322295427322,0.006529160775244236,1,1,0.0987594947218895,0.009753437712788582,1,1,0.11671576648950577,0.013622569851577282,1,1,0.13467204570770264,0.018136559054255486,1,1,0.15262830257415771,0.02329539880156517,1,1,0.17058458924293518,0.029099101200699806,1,1,0.18854084610939026,0.0355476513504982,1,1,0.20649713277816772,0.04264106601476669,1,1,0.2244533896446228,0.050379324704408646,1,1,0.24240967631340027,0.05876244977116585,1,1,0.26036593317985535,0.06779041886329651,1,1,0.2783222198486328,0.07746326178312302,1,1,0.2962784767150879,0.08778093755245209,1,1,0.31423476338386536,0.0987434834241867,1,1,0.33219102025032043,0.11035087704658508,1,1,0.3501473069190979,0.12260313332080841,1,1,0.368103563785553,0.1355002373456955,1,1,0.38605985045433044,0.14904220402240753,1,1,0.4040161073207855,0.16322901844978333,1,1,0.421972393989563,0.17806069552898407,1,1,0.43992865085601807,0.19353722035884857,1,1,0.45788493752479553,0.20965862274169922,1,1,0.4758411943912506,0.22642484307289124,1,1,0.4937974810600281,0.2438359558582306,1,1,0.5117537379264832,0.2618919014930725,1,1,0.5297099947929382,0.280592679977417,1,1,0.5476663112640381,0.2999383807182312,1,1,0.5656225681304932,0.3199288845062256,1,1,0.5835788249969482,0.3405642509460449,1,1,0.6015350818634033,0.3618444502353668,1,1,0.6194913983345032,0.38376960158348083,1,1,0.6374476552009583,0.40633952617645264,1,1,0.6554039120674133,0.429554283618927,1,1,0.6733601689338684,0.4534139037132263,1,1,0.6913164854049683,0.47791847586631775,1,1,0.7092727422714233,0.5030678510665894,1,1,0.7272289991378784,0.5288619995117188,1,1,0.7451852560043335,0.5553010702133179,1,1,0.7631415724754333,0.5823850631713867,1,1,0.7810978293418884,0.610113799571991,1,1,0.7990540862083435,0.6384874582290649,1,1,0.8170103430747986,0.6675059199333191,1,1,0.8349666595458984,0.697169303894043,1,1,0.8529229164123535,0.727477490901947,1,1,0.8708791732788086,0.758430540561676,1,1,0.8888354301452637,0.7900283932685852,1,1,0.9067917466163635,0.8222712874412537,1,1,0.9247480034828186,0.8551588654518127,1,1,0.9427042603492737,0.8886913061141968,1,1,0.9606605172157288,0.9228686094284058,1,1,0.9786168336868286,0.9576908946037292,1,1,0.9965730905532837,0.9931579232215881,1,1,1.0145293474197388,1.029269814491272,1,1,1.0324856042861938,1.0660265684127808,1,1,1.050441861152649,1.1034281253814697,1,1,1.068398118019104,1.1414744853973389,1,1,1.0863544940948486,1.1801661252975464,1,1,1.1043107509613037,1.2195022106170654,1,1,1.1222670078277588,1.2594832181930542,1,1,1.1402232646942139,1.3001091480255127,1,1,0.00955026876181364,0.00009120763570535928,1,1,0.028650805354118347,0.0008208686485886574,1,1,0.04775134474039078,0.002280190819874406,1,1,0.06685188412666321,0.004469174426048994,1,1,0.08595241606235504,0.007387817837297916,1,1,0.10505295544862747,0.011036123149096966,1,1,0.1241534948348999,0.015414089895784855,1,1,0.14325402677059174,0.02052171528339386,1,1,0.16235457360744476,0.026359006762504578,1,1,0.1814551055431366,0.03292595595121384,1,1,0.20055563747882843,0.04022256284952164,1,1,0.21965618431568146,0.048248838633298874,1,1,0.2387567162513733,0.057004768401384354,1,1,0.2578572630882263,0.06649036705493927,1,1,0.27695778012275696,0.07670561224222183,1,1,0.29605832695961,0.08765053004026413,1,1,0.315158873796463,0.09932511299848557,1,1,0.33425942063331604,0.11172936111688614,1,1,0.3533599376678467,0.12486324459314346,1,1,0.3724604845046997,0.13872681558132172,1,1,0.39156103134155273,0.1533200442790985,1,1,0.4106615483760834,0.16864290833473206,1,1,0.4297620952129364,0.18469545245170593,1,1,0.44886264204978943,0.20147767663002014,1,1,0.46796315908432007,0.2189895212650299,1,1,0.4870637059211731,0.2372310608625412,1,1,0.5061642527580261,0.25620225071907043,1,1,0.5252647995948792,0.2759031057357788,1,1,0.5443653464317322,0.2963336408138275,1,1,0.5634658336639404,0.317493736743927,1,1,0.5825663805007935,0.339383602142334,1,1,0.6016669273376465,0.3620030879974365,1,1,0.6207674741744995,0.3853522539138794,1,1,0.6398680210113525,0.4094310700893402,1,1,0.6589685678482056,0.43423956632614136,1,1,0.6780690550804138,0.4597776532173157,1,1,0.6971696019172668,0.4860454499721527,1,1,0.7162701487541199,0.5130429267883301,1,1,0.7353706955909729,0.5407700538635254,1,1,0.7544712424278259,0.569226861000061,1,1,0.773571789264679,0.5984132885932922,1,1,0.792672336101532,0.6283294558525085,1,1,0.8117728233337402,0.6589751243591309,1,1,0.8308733701705933,0.6903505325317383,1,1,0.8499739170074463,0.7224556803703308,1,1,0.8690744638442993,0.7552904486656189,1,1,0.8881750106811523,0.7888548374176025,1,1,0.9072755575180054,0.8231489658355713,1,1,0.9263760447502136,0.858172595500946,1,1,0.9454765915870667,0.8939259648323059,1,1,0.9645771384239197,0.9304090738296509,1,1,0.9836776852607727,0.9676218032836914,1,1,1.002778172492981,1.0055640935897827,1,1,1.021878719329834,1.0442360639572144,1,1,1.040979266166687,1.0836378335952759,1,1,1.06007981300354,1.1237691640853882,1,1,1.079180359840393,1.1646302938461304,1,1,1.098280906677246,1.2062209844589233,1,1,1.1173814535140991,1.2485413551330566,1,1,1.1364820003509521,1.2915912866592407,1,1,1.1555825471878052,1.3353710174560547,1,1,1.1746830940246582,1.379880428314209,1,1,1.1937836408615112,1.425119400024414,1,1,1.2128841876983643,1.4710880517959595,1,1,0.00852162390947342,0.00007261807331815362,1,1,0.025564871728420258,0.0006535626598633826,1,1,0.042608119547367096,0.0018154518911615014,1,1,0.059651367366313934,0.0035582855343818665,1,1,0.07669461518526077,0.005882063880562782,1,1,0.09373786300420761,0.008786787278950214,1,1,0.11078111082315445,0.012272454798221588,1,1,0.12782436609268188,0.016339069232344627,1,1,0.14486759901046753,0.02098662033677101,1,1,0.16191086173057556,0.026215126737952232,1,1,0.1789540946483612,0.0320245698094368,1,1,0.19599735736846924,0.03841496258974075,1,1,0.21304059028625488,0.04538629204034805,1,1,0.23008385300636292,0.05293858051300049,1,1,0.24712708592414856,0.06107179820537567,1,1,0.2641703486442566,0.06978597491979599,1,1,0.28121358156204224,0.07908108085393906,1,1,0.29825684428215027,0.08895714581012726,1,1,0.3153000771999359,0.09941413998603821,1,1,0.33234333992004395,0.1104520931839943,1,1,0.3493865728378296,0.12207097560167313,1,1,0.3664298355579376,0.1342708170413971,1,1,0.38347306847572327,0.1470515877008438,1,1,0.4005163311958313,0.16041332483291626,1,1,0.41755956411361694,0.17435598373413086,1,1,0.434602826833725,0.18887962400913239,1,1,0.4516460597515106,0.20398415625095367,1,1,0.46868932247161865,0.21966968476772308,1,1,0.4857325553894043,0.23593612015247345,1,1,0.5027757883071899,0.25278350710868835,1,1,0.5198190808296204,0.2702118754386902,1,1,0.536862313747406,0.288221150636673,1,1,0.5539055466651917,0.3068113625049591,1,1,0.5709487795829773,0.3259825110435486,1,1,0.5879920721054077,0.34573468565940857,1,1,0.6050353050231934,0.36606770753860474,1,1,0.622078537940979,0.38698169589042664,1,1,0.6391217708587646,0.40847665071487427,1,1,0.6561650633811951,0.43055260181427,1,1,0.6732082962989807,0.45320940017700195,1,1,0.6902515292167664,0.4764471650123596,1,1,0.707294762134552,0.500265896320343,1,1,0.7243380546569824,0.5246655941009521,1,1,0.7413812875747681,0.5496461987495422,1,1,0.7584245204925537,0.5752077698707581,1,1,0.7754677534103394,0.6013502478599548,1,1,0.7925110459327698,0.6280737519264221,1,1,0.8095542788505554,0.6553781032562256,1,1,0.8265975117683411,0.6832634210586548,1,1,0.8436407446861267,0.7117297053337097,1,1,0.8606840372085571,0.7407770156860352,1,1,0.8777272701263428,0.7704051733016968,1,1,0.8947705030441284,0.8006142377853394,1,1,0.9118137359619141,0.8314042687416077,1,1,0.9288570284843445,0.8627753853797913,1,1,0.9459002614021301,0.8947272896766663,1,1,0.9629434943199158,0.927260160446167,1,1,0.9799867272377014,0.9603739976882935,1,1,0.9970300197601318,0.9940688610076904,1,1,1.0140732526779175,1.0283445119857788,1,1,1.0311164855957031,1.0632011890411377,1,1,1.0481597185134888,1.0986387729644775,1,1,1.0652029514312744,1.134657382965088,1,1,1.08224618434906,1.1712567806243896,1,1,0.008623998612165451,0.00007437335443682969,1,1,0.025871995836496353,0.0006693601608276367,1,1,0.043119993060827255,0.0018593338318169117,1,1,0.06036799028515816,0.003644294338300824,1,1,0.07761599123477936,0.006024241913110018,1,1,0.09486398100852966,0.0089991744607687,1,1,0.11211198568344116,0.012569096870720387,1,1,0.12935997545719147,0.016734004020690918,1,1,0.14660798013210297,0.021493900567293167,1,1,0.16385596990585327,0.026848778128623962,1,1,0.18110397458076477,0.0327986478805542,1,1,0.19835196435451508,0.03934350237250328,1,1,0.21559996902942657,0.046483345329761505,1,1,0.23284795880317688,0.054218173027038574,1,1,0.2500959634780884,0.06254798918962479,1,1,0.2673439681529999,0.07147279381752014,1,1,0.284591943025589,0.08099257200956345,1,1,0.3018399477005005,0.09110735356807709,1,1,0.319087952375412,0.10181712359189987,1,1,0.3363359570503235,0.1131218746304512,1,1,0.3535839319229126,0.12502159178256989,1,1,0.3708319365978241,0.1375163197517395,1,1,0.3880799412727356,0.15060603618621826,1,1,0.4053279459476471,0.16429074108600616,1,1,0.4225759208202362,0.17857040464878082,1,1,0.4398239254951477,0.193445086479187,1,1,0.4570719301700592,0.20891475677490234,1,1,0.4743199348449707,0.22497940063476562,1,1,0.4915679097175598,0.24163900315761566,1,1,0.5088159441947937,0.2588936686515808,1,1,0.5260639190673828,0.27674323320388794,1,1,0.5433118939399719,0.2951878011226654,1,1,0.5605599284172058,0.314227432012558,1,1,0.5778079032897949,0.33386197686195374,1,1,0.595055878162384,0.35409149527549744,1,1,0.6123039126396179,0.37491607666015625,1,1,0.629551887512207,0.39633557200431824,1,1,0.6467999219894409,0.41835013031959534,1,1,0.66404789686203,0.4409596025943756,1,1,0.6812958717346191,0.4641640782356262,1,1,0.698543906211853,0.48796358704566956,1,1,0.7157918810844421,0.5123580098152161,1,1,0.7330398559570312,0.5373474359512329,1,1,0.7502878904342651,0.5629318952560425,1,1,0.7675358653068542,0.589111328125,1,1,0.7847838997840881,0.6158857941627502,1,1,0.8020318746566772,0.6432551145553589,1,1,0.8192798495292664,0.6712194681167603,1,1,0.8365278840065002,0.6997789144515991,1,1,0.8537758588790894,0.7289332151412964,1,1,0.8710238337516785,0.7586824893951416,1,1,0.8882718682289124,0.7890269160270691,1,1,0.9055198431015015,0.819966197013855,1,1,0.9227678775787354,0.8515005707740784,1,1,0.9400158524513245,0.8836297988891602,1,1,0.9572638273239136,0.9163540601730347,1,1,0.9745118618011475,0.9496733546257019,1,1,0.9917598366737366,0.9835875630378723,1,1,1.0090078115463257,1.0180968046188354,1,1,1.0262558460235596,1.0532010793685913,1,1,1.0435038805007935,1.0889003276824951,1,1,1.0607517957687378,1.1251944303512573,1,1,1.0779998302459717,1.162083625793457,1,1,1.0952478647232056,1.1995679140090942,1,0,0,0,0,0,0,0,0,0,0,0,0,0,0,0,0,0,0,0,0,0,0,0,0,0,0,0,0,0,0,0,0,0,0,0,0,0,0,0,0,0,0,0,0,0,0,0,0,0,0,0,0,0,0,0,0,0,0,0,0,0,0,0,0,0,0,0,0,0,0,0,0,0,0,0,0,0,0,0,0,0,0,0,0,0,0,0,0,0,0,0,0,0,0,0,0,0,0,0,0,0,0,0,0,0,0,0,0,0,0,0,0,0,0,0,0,0,0,0,0,0,0,0,0,0,0,0,0,0,0,0,0,0,0,0,0,0,0,0,0,0,0,0,0,0,0,0,0,0,0,0,0,0,0,0,0,0,0,0,0,0,0,0,0,0,0,0,0,0,0,0,0,0,0,0,0,0,0,0,0,0,0,0,0,0,0,0,0,0,0,0,0,0,0,0,0,0,0,0,0,0,0,0,0,0,0,0,0,0,0,0,0,0,0,0,0,0,0,0,0,0,0,0,0,0,0,0,0,0,0,0,0,0,0,0,0,0,0,0,0,0,0,0,0,0,0,0,0,0,0,0,0,0,0,0,0,1,0.007609994150698185,0.00005791200965177268,1,1,0.02282998338341713,0.0005212081596255302,1,1,0.03804996982216835,0.0014478001976385713,1,1,0.05326995998620987,0.002837688662111759,1,1,0.06848994642496109,0.004690872970968485,1,1,0.08370993286371231,0.0070073530077934265,1,1,0.09892992675304413,0.009787130169570446,1,1,0.11414991319179535,0.013030203059315681,1,1,0.12936989963054657,0.016736570745706558,1,1,0.1445898860692978,0.0209062360227108,1,1,0.159809872508049,0.02553919516503811,1,1,0.17502985894680023,0.030635451897978783,1,1,0.19024986028671265,0.03619500994682312,1,1,0.20546984672546387,0.042217858135700226,1,1,0.2206898331642151,0.04870400205254555,1,1,0.2359098196029663,0.055653441697359085,1,1,0.25112980604171753,0.06306617707014084,1,1,0.26634979248046875,0.0709422156214714,1,1,0.28156977891921997,0.07928153872489929,1,1,0.2967897653579712,0.0880841612815857,1,1,0.3120097517967224,0.09735008329153061,1,1,0.32722973823547363,0.10707930475473404,1,1,0.34244972467422485,0.11727181077003479,1,1,0.3576697111129761,0.12792761623859406,1,1,0.3728897273540497,0.13904674351215363,1,1,0.3881097137928009,0.15062914788722992,1,1,0.4033297002315521,0.16267484426498413,1,1,0.41854968667030334,0.17518384754657745,1,1,0.43376967310905457,0.1881561279296875,1,1,0.4489896595478058,0.20159171521663666,1,1,0.464209645986557,0.21549059450626373,1,1,0.4794296324253082,0.22985276579856873,1,1,0.49464961886405945,0.24467824399471283,1,1,0.5098696351051331,0.25996705889701843,1,1,0.5250896215438843,0.2757191061973572,1,1,0.5403096079826355,0.29193446040153503,1,1,0.5555295944213867,0.308613121509552,1,1,0.5707495808601379,0.3257550895214081,1,1,0.5859695672988892,0.3433603346347809,1,1,0.6011895537376404,0.3614288866519928,1,1,0.6164095401763916,0.37996071577072144,1,1,0.6316295266151428,0.3989558517932892,1,1,0.646849513053894,0.41841429471969604,1,1,0.6620694994926453,0.43833601474761963,1,1,0.6772894859313965,0.4587210416793823,1,1,0.6925094723701477,0.47956937551498413,1,1,0.7077294588088989,0.500881016254425,1,1,0.7229494452476501,0.5226559042930603,1,1,0.7381694316864014,0.5448940992355347,1,1,0.7533894181251526,0.5675956010818481,1,1,0.7686094045639038,0.5907604098320007,1,1,0.783829391002655,0.6143885254859924,1,1,0.7990493774414062,0.6384798884391785,1,1,0.8142693638801575,0.6630346179008484,1,1,0.8294893503189087,0.6880525946617126,1,1,0.8447093367576599,0.713533878326416,1,1,0.8599293231964111,0.7394784688949585,1,1,0.8751493096351624,0.7658863067626953,1,1,0.8903692960739136,0.792757511138916,1,1,0.9055892825126648,0.820091962814331,1,1,0.920809268951416,0.8478897213935852,1,1,0.9360292553901672,0.8761507868766785,1,1,0.9512492418289185,0.9048750996589661,1,1,0.9664692282676697,0.9340627789497375,1,1,0.008978135883808136,0.00008060692198341712,1,1,0.026934407651424408,0.0007254623342305422,1,1,0.04489067941904068,0.002015173202380538,1,1,0.06284695118665695,0.003949739504605532,1,1,0.08080322295427322,0.006529160775244236,1,1,0.0987594947218895,0.009753437712788582,1,1,0.11671576648950577,0.013622569851577282,1,1,0.13467204570770264,0.018136559054255486,1,1,0.15262830257415771,0.02329539880156517,1,1,0.17058458924293518,0.029099101200699806,1,1,0.18854084610939026,0.0355476513504982,1,1,0.20649713277816772,0.04264106601476669,1,1,0.2244533896446228,0.050379324704408646,1,1,0.24240967631340027,0.05876244977116585,1,1,0.26036593317985535,0.06779041886329651,1,1,0.2783222198486328,0.07746326178312302,1,1,0.2962784767150879,0.08778093755245209,1,1,0.31423476338386536,0.0987434834241867,1,1,0.33219102025032043,0.11035087704658508,1,1,0.3501473069190979,0.12260313332080841,1,1,0.368103563785553,0.1355002373456955,1,1,0.38605985045433044,0.14904220402240753,1,1,0.4040161073207855,0.16322901844978333,1,1,0.421972393989563,0.17806069552898407,1,1,0.43992865085601807,0.19353722035884857,1,1,0.45788493752479553,0.20965862274169922,1,1,0.4758411943912506,0.22642484307289124,1,1,0.4937974810600281,0.2438359558582306,1,1,0.5117537379264832,0.2618919014930725,1,1,0.5297099947929382,0.280592679977417,1,1,0.5476663112640381,0.2999383807182312,1,1,0.5656225681304932,0.3199288845062256,1,1,0.5835788249969482,0.3405642509460449,1,1,0.6015350818634033,0.3618444502353668,1,1,0.6194913983345032,0.38376960158348083,1,1,0.6374476552009583,0.40633952617645264,1,1,0.6554039120674133,0.429554283618927,1,1,0.6733601689338684,0.4534139037132263,1,1,0.6913164854049683,0.47791847586631775,1,1,0.7092727422714233,0.5030678510665894,1,1,0.7272289991378784,0.5288619995117188,1,1,0.7451852560043335,0.5553010702133179,1,1,0.7631415724754333,0.5823850631713867,1,1,0.7810978293418884,0.610113799571991,1,1,0.7990540862083435,0.6384874582290649,1,1,0.8170103430747986,0.6675059199333191,1,1,0.8349666595458984,0.697169303894043,1,1,0.8529229164123535,0.727477490901947,1,1,0.8708791732788086,0.758430540561676,1,1,0.8888354301452637,0.7900283932685852,1,1,0.9067917466163635,0.8222712874412537,1,1,0.9247480034828186,0.8551588654518127,1,1,0.9427042603492737,0.8886913061141968,1,1,0.9606605172157288,0.9228686094284058,1,1,0.9786168336868286,0.9576908946037292,1,1,0.9965730905532837,0.9931579232215881,1,1,1.0145293474197388,1.029269814491272,1,1,1.0324856042861938,1.0660265684127808,1,1,1.050441861152649,1.1034281253814697,1,1,1.068398118019104,1.1414744853973389,1,1,1.0863544940948486,1.1801661252975464,1,1,1.1043107509613037,1.2195022106170654,1,1,1.1222670078277588,1.2594832181930542,1,1,1.1402232646942139,1.3001091480255127,1,1,0.00955026876181364,0.00009120763570535928,1,1,0.028650805354118347,0.0008208686485886574,1,1,0.04775134474039078,0.002280190819874406,1,1,0.06685188412666321,0.004469174426048994,1,1,0.08595241606235504,0.007387817837297916,1,1,0.10505295544862747,0.011036123149096966,1,1,0.1241534948348999,0.015414089895784855,1,1,0.14325402677059174,0.02052171528339386,1,1,0.16235457360744476,0.026359006762504578,1,1,0.1814551055431366,0.03292595595121384,1,1,0.20055563747882843,0.04022256284952164,1,1,0.21965618431568146,0.048248838633298874,1,1,0.2387567162513733,0.057004768401384354,1,1,0.2578572630882263,0.06649036705493927,1,1,0.27695778012275696,0.07670561224222183,1,1,0.29605832695961,0.08765053004026413,1,1,0.315158873796463,0.09932511299848557,1,1,0.33425942063331604,0.11172936111688614,1,1,0.3533599376678467,0.12486324459314346,1,1,0.3724604845046997,0.13872681558132172,1,1,0.39156103134155273,0.1533200442790985,1,1,0.4106615483760834,0.16864290833473206,1,1,0.4297620952129364,0.18469545245170593,1,1,0.44886264204978943,0.20147767663002014,1,1,0.46796315908432007,0.2189895212650299,1,1,0.4870637059211731,0.2372310608625412,1,1,0.5061642527580261,0.25620225071907043,1,1,0.5252647995948792,0.2759031057357788,1,1,0.5443653464317322,0.2963336408138275,1,1,0.5634658336639404,0.317493736743927,1,1,0.5825663805007935,0.339383602142334,1,1,0.6016669273376465,0.3620030879974365,1,1,0.6207674741744995,0.3853522539138794,1,1,0.6398680210113525,0.4094310700893402,1,1,0.6589685678482056,0.43423956632614136,1,1,0.6780690550804138,0.4597776532173157,1,1,0.6971696019172668,0.4860454499721527,1,1,0.7162701487541199,0.5130429267883301,1,1,0.7353706955909729,0.5407700538635254,1,1,0.7544712424278259,0.569226861000061,1,1,0.773571789264679,0.5984132885932922,1,1,0.792672336101532,0.6283294558525085,1,1,0.8117728233337402,0.6589751243591309,1,1,0.8308733701705933,0.6903505325317383,1,1,0.8499739170074463,0.7224556803703308,1,1,0.8690744638442993,0.7552904486656189,1,1,0.8881750106811523,0.7888548374176025,1,1,0.9072755575180054,0.8231489658355713,1,1,0.9263760447502136,0.858172595500946,1,1,0.9454765915870667,0.8939259648323059,1,1,0.9645771384239197,0.9304090738296509,1,1,0.9836776852607727,0.9676218032836914,1,1,1.002778172492981,1.0055640935897827,1,1,1.021878719329834,1.0442360639572144,1,1,1.040979266166687,1.0836378335952759,1,1,1.06007981300354,1.1237691640853882,1,1,1.079180359840393,1.1646302938461304,1,1,1.098280906677246,1.2062209844589233,1,1,1.1173814535140991,1.2485413551330566,1,1,1.1364820003509521,1.2915912866592407,1,1,1.1555825471878052,1.3353710174560547,1,1,1.1746830940246582,1.379880428314209,1,1,1.1937836408615112,1.425119400024414,1,1,1.2128841876983643,1.4710880517959595,1,1,0.00852162390947342,0.00007261807331815362,1,1,0.025564871728420258,0.0006535626598633826,1,1,0.042608119547367096,0.0018154518911615014,1,1,0.059651367366313934,0.0035582855343818665,1,1,0.07669461518526077,0.005882063880562782,1,1,0.09373786300420761,0.008786787278950214,1,1,0.11078111082315445,0.012272454798221588,1,1,0.12782436609268188,0.016339069232344627,1,1,0.14486759901046753,0.02098662033677101,1,1,0.16191086173057556,0.026215126737952232,1,1,0.1789540946483612,0.0320245698094368,1,1,0.19599735736846924,0.03841496258974075,1,1,0.21304059028625488,0.04538629204034805,1,1,0.23008385300636292,0.05293858051300049,1,1,0.24712708592414856,0.06107179820537567,1,1,0.2641703486442566,0.06978597491979599,1,1,0.28121358156204224,0.07908108085393906,1,1,0.29825684428215027,0.08895714581012726,1,1,0.3153000771999359,0.09941413998603821,1,1,0.33234333992004395,0.1104520931839943,1,1,0.3493865728378296,0.12207097560167313,1,1,0.3664298355579376,0.1342708170413971,1,1,0.38347306847572327,0.1470515877008438,1,1,0.4005163311958313,0.16041332483291626,1,1,0.41755956411361694,0.17435598373413086,1,1,0.434602826833725,0.18887962400913239,1,1,0.4516460597515106,0.20398415625095367,1,1,0.46868932247161865,0.21966968476772308,1,1,0.4857325553894043,0.23593612015247345,1,1,0.5027757883071899,0.25278350710868835,1,1,0.5198190808296204,0.2702118754386902,1,1,0.536862313747406,0.288221150636673,1,1,0.5539055466651917,0.3068113625049591,1,1,0.5709487795829773,0.3259825110435486,1,1,0.5879920721054077,0.34573468565940857,1,1,0.6050353050231934,0.36606770753860474,1,1,0.622078537940979,0.38698169589042664,1,1,0.6391217708587646,0.40847665071487427,1,1,0.6561650633811951,0.43055260181427,1,1,0.6732082962989807,0.45320940017700195,1,1,0.6902515292167664,0.4764471650123596,1,1,0.707294762134552,0.500265896320343,1,1,0.7243380546569824,0.5246655941009521,1,1,0.7413812875747681,0.5496461987495422,1,1,0.7584245204925537,0.5752077698707581,1,1,0.7754677534103394,0.6013502478599548,1,1,0.7925110459327698,0.6280737519264221,1,1,0.8095542788505554,0.6553781032562256,1,1,0.8265975117683411,0.6832634210586548,1,1,0.8436407446861267,0.7117297053337097,1,1,0.8606840372085571,0.7407770156860352,1,1,0.8777272701263428,0.7704051733016968,1,1,0.8947705030441284,0.8006142377853394,1,1,0.9118137359619141,0.8314042687416077,1,1,0.9288570284843445,0.8627753853797913,1,1,0.9459002614021301,0.8947272896766663,1,1,0.9629434943199158,0.927260160446167,1,1,0.9799867272377014,0.9603739976882935,1,1,0.9970300197601318,0.9940688610076904,1,1,1.0140732526779175,1.0283445119857788,1,1,1.0311164855957031,1.0632011890411377,1,1,1.0481597185134888,1.0986387729644775,1,1,1.0652029514312744,1.134657382965088,1,1,1.08224618434906,1.1712567806243896,1,1,0.008623998612165451,0.00007437335443682969,1,1,0.025871995836496353,0.0006693601608276367,1,1,0.043119993060827255,0.0018593338318169117,1,1,0.06036799028515816,0.003644294338300824,1,1,0.07761599123477936,0.006024241913110018,1,1,0.09486398100852966,0.0089991744607687,1,1,0.11211198568344116,0.012569096870720387,1,1,0.12935997545719147,0.016734004020690918,1,1,0.14660798013210297,0.021493900567293167,1,1,0.16385596990585327,0.026848778128623962,1,1,0.18110397458076477,0.0327986478805542,1,1,0.19835196435451508,0.03934350237250328,1,1,0.21559996902942657,0.046483345329761505,1,1,0.23284795880317688,0.054218173027038574,1,1,0.2500959634780884,0.06254798918962479,1,1,0.2673439681529999,0.07147279381752014,1,1,0.284591943025589,0.08099257200956345,1,1,0.3018399477005005,0.09110735356807709,1,1,0.319087952375412,0.10181712359189987,1,1,0.3363359570503235,0.1131218746304512,1,1,0.3535839319229126,0.12502159178256989,1,1,0.3708319365978241,0.1375163197517395,1,1,0.3880799412727356,0.15060603618621826,1,1,0.4053279459476471,0.16429074108600616,1,1,0.4225759208202362,0.17857040464878082,1,1,0.4398239254951477,0.193445086479187,1,1,0.4570719301700592,0.20891475677490234,1,1,0.4743199348449707,0.22497940063476562,1,1,0.4915679097175598,0.24163900315761566,1,1,0.5088159441947937,0.2588936686515808,1,1,0.5260639190673828,0.27674323320388794,1,1,0.5433118939399719,0.2951878011226654,1,1,0.5605599284172058,0.314227432012558,1,1,0.5778079032897949,0.33386197686195374,1,1,0.595055878162384,0.35409149527549744,1,1,0.6123039126396179,0.37491607666015625,1,1,0.629551887512207,0.39633557200431824,1,1,0.6467999219894409,0.41835013031959534,1,1,0.66404789686203,0.4409596025943756,1,1,0.6812958717346191,0.4641640782356262,1,1,0.698543906211853,0.48796358704566956,1,1,0.7157918810844421,0.5123580098152161,1,1,0.7330398559570312,0.5373474359512329,1,1,0.7502878904342651,0.5629318952560425,1,1,0.7675358653068542,0.589111328125,1,1,0.7847838997840881,0.6158857941627502,1,1,0.8020318746566772,0.6432551145553589,1,1,0.8192798495292664,0.6712194681167603,1,1,0.8365278840065002,0.6997789144515991,1,1,0.8537758588790894,0.7289332151412964,1,1,0.8710238337516785,0.7586824893951416,1,1,0.8882718682289124,0.7890269160270691,1,1,0.9055198431015015,0.819966197013855,1,1,0.9227678775787354,0.8515005707740784,1,1,0.9400158524513245,0.8836297988891602,1,1,0.9572638273239136,0.9163540601730347,1,1,0.9745118618011475,0.9496733546257019,1,1,0.9917598366737366,0.9835875630378723,1,1,1.0090078115463257,1.0180968046188354,1,1,1.0262558460235596,1.0532010793685913,1,1,1.0435038805007935,1.0889003276824951,1,1,1.0607517957687378,1.1251944303512573,1,1,1.0779998302459717,1.162083625793457,1,1,1.0952478647232056,1.1995679140090942,1,0,0,0,0,0,0,0,0,0,0,0,0,0,0,0,0,0,0,0,0,0,0,0,0,0,0,0,0,0,0,0,0,0,0,0,0,0,0,0,0,0,0,0,0,0,0,0,0,0,0,0,0,0,0,0,0,0,0,0,0,0,0,0,0,0,0,0,0,0,0,0,0,0,0,0,0,0,0,0,0,0,0,0,0,0,0,0,0,0,0,0,0,0,0,0,0,0,0,0,0,0,0,0,0,0,0,0,0,0,0,0,0,0,0,0,0,0,0,0,0,0,0,0,0,0,0,0,0,0,0,0,0,0,0,0,0,0,0,0,0,0,0,0,0,0,0,0,0,0,0,0,0,0,0,0,0,0,0,0,0,0,0,0,0,0,0,0,0,0,0,0,0,0,0,0,0,0,0,0,0,0,0,0,0,0,0,0,0,0,0,0,0,0,0,0,0,0,0,0,0,0,0,0,0,0,0,0,0,0,0,0,0,0,0,0,0,0,0,0,0,0,0,0,0,0,0,0,0,0,0,0,0,0,0,0,0,0,0,0,0,0,0,0,0,0,0,0,0,0,0,0,0,0,0,0,0,1,0.007609994150698185,0.00005791200965177268,1,1,0.02282998338341713,0.0005212081596255302,1,1,0.03804996982216835,0.0014478001976385713,1,1,0.05326995998620987,0.002837688662111759,1,1,0.06848994642496109,0.004690872970968485,1,1,0.08370993286371231,0.0070073530077934265,1,1,0.09892992675304413,0.009787130169570446,1,1,0.11414991319179535,0.013030203059315681,1,1,0.12936989963054657,0.016736570745706558,1,1,0.1445898860692978,0.0209062360227108,1,1,0.159809872508049,0.02553919516503811,1,1,0.17502985894680023,0.030635451897978783,1,1,0.19024986028671265,0.03619500994682312,1,1,0.20546984672546387,0.042217858135700226,1,1,0.2206898331642151,0.04870400205254555,1,1,0.2359098196029663,0.055653441697359085,1,1,0.25112980604171753,0.06306617707014084,1,1,0.26634979248046875,0.0709422156214714,1,1,0.28156977891921997,0.07928153872489929,1,1,0.2967897653579712,0.0880841612815857,1,1,0.3120097517967224,0.09735008329153061,1,1,0.32722973823547363,0.10707930475473404,1,1,0.34244972467422485,0.11727181077003479,1,1,0.3576697111129761,0.12792761623859406,1,1,0.3728897273540497,0.13904674351215363,1,1,0.3881097137928009,0.15062914788722992,1,1,0.4033297002315521,0.16267484426498413,1,1,0.41854968667030334,0.17518384754657745,1,1,0.43376967310905457,0.1881561279296875,1,1,0.4489896595478058,0.20159171521663666,1,1,0.464209645986557,0.21549059450626373,1,1,0.4794296324253082,0.22985276579856873,1,1,0.49464961886405945,0.24467824399471283,1,1,0.5098696351051331,0.25996705889701843,1,1,0.5250896215438843,0.2757191061973572,1,1,0.5403096079826355,0.29193446040153503,1,1,0.5555295944213867,0.308613121509552,1,1,0.5707495808601379,0.3257550895214081,1,1,0.5859695672988892,0.3433603346347809,1,1,0.6011895537376404,0.3614288866519928,1,1,0.6164095401763916,0.37996071577072144,1,1,0.6316295266151428,0.3989558517932892,1,1,0.646849513053894,0.41841429471969604,1,1,0.6620694994926453,0.43833601474761963,1,1,0.6772894859313965,0.4587210416793823,1,1,0.6925094723701477,0.47956937551498413,1,1,0.7077294588088989,0.500881016254425,1,1,0.7229494452476501,0.5226559042930603,1,1,0.7381694316864014,0.5448940992355347,1,1,0.7533894181251526,0.5675956010818481,1,1,0.7686094045639038,0.5907604098320007,1,1,0.783829391002655,0.6143885254859924,1,1,0.7990493774414062,0.6384798884391785,1,1,0.8142693638801575,0.6630346179008484,1,1,0.8294893503189087,0.6880525946617126,1,1,0.8447093367576599,0.713533878326416,1,1,0.8599293231964111,0.7394784688949585,1,1,0.8751493096351624,0.7658863067626953,1,1,0.8903692960739136,0.792757511138916,1,1,0.9055892825126648,0.820091962814331,1,1,0.920809268951416,0.8478897213935852,1,1,0.9360292553901672,0.8761507868766785,1,1,0.9512492418289185,0.9048750996589661,1,1,0.9664692282676697,0.9340627789497375,1,1,0.008978135883808136,0.00008060692198341712,1,1,0.026934407651424408,0.0007254623342305422,1,1,0.04489067941904068,0.002015173202380538,1,1,0.06284695118665695,0.003949739504605532,1,1,0.08080322295427322,0.006529160775244236,1,1,0.0987594947218895,0.009753437712788582,1,1,0.11671576648950577,0.013622569851577282,1,1,0.13467204570770264,0.018136559054255486,1,1,0.15262830257415771,0.02329539880156517,1,1,0.17058458924293518,0.029099101200699806,1,1,0.18854084610939026,0.0355476513504982,1,1,0.20649713277816772,0.04264106601476669,1,1,0.2244533896446228,0.050379324704408646,1,1,0.24240967631340027,0.05876244977116585,1,1,0.26036593317985535,0.06779041886329651,1,1,0.2783222198486328,0.07746326178312302,1,1,0.2962784767150879,0.08778093755245209,1,1,0.31423476338386536,0.0987434834241867,1,1,0.33219102025032043,0.11035087704658508,1,1,0.3501473069190979,0.12260313332080841,1,1,0.368103563785553,0.1355002373456955,1,1,0.38605985045433044,0.14904220402240753,1,1,0.4040161073207855,0.16322901844978333,1,1,0.421972393989563,0.17806069552898407,1,1,0.43992865085601807,0.19353722035884857,1,1,0.45788493752479553,0.20965862274169922,1,1,0.4758411943912506,0.22642484307289124,1,1,0.4937974810600281,0.2438359558582306,1,1,0.5117537379264832,0.2618919014930725,1,1,0.5297099947929382,0.280592679977417,1,1,0.5476663112640381,0.2999383807182312,1,1,0.5656225681304932,0.3199288845062256,1,1,0.5835788249969482,0.3405642509460449,1,1,0.6015350818634033,0.3618444502353668,1,1,0.6194913983345032,0.38376960158348083,1,1,0.6374476552009583,0.40633952617645264,1,1,0.6554039120674133,0.429554283618927,1,1,0.6733601689338684,0.4534139037132263,1,1,0.6913164854049683,0.47791847586631775,1,1,0.7092727422714233,0.5030678510665894,1,1,0.7272289991378784,0.5288619995117188,1,1,0.7451852560043335,0.5553010702133179,1,1,0.7631415724754333,0.5823850631713867,1,1,0.7810978293418884,0.610113799571991,1,1,0.7990540862083435,0.6384874582290649,1,1,0.8170103430747986,0.6675059199333191,1,1,0.8349666595458984,0.697169303894043,1,1,0.8529229164123535,0.727477490901947,1,1,0.8708791732788086,0.758430540561676,1,1,0.8888354301452637,0.7900283932685852,1,1,0.9067917466163635,0.8222712874412537,1,1,0.9247480034828186,0.8551588654518127,1,1,0.9427042603492737,0.8886913061141968,1,1,0.9606605172157288,0.9228686094284058,1,1,0.9786168336868286,0.9576908946037292,1,1,0.9965730905532837,0.9931579232215881,1,1,1.0145293474197388,1.029269814491272,1,1,1.0324856042861938,1.0660265684127808,1,1,1.050441861152649,1.1034281253814697,1,1,1.068398118019104,1.1414744853973389,1,1,1.0863544940948486,1.1801661252975464,1,1,1.1043107509613037,1.2195022106170654,1,1,1.1222670078277588,1.2594832181930542,1,1,1.1402232646942139,1.3001091480255127,1,1,0.00955026876181364,0.00009120763570535928,1,1,0.028650805354118347,0.0008208686485886574,1,1,0.04775134474039078,0.002280190819874406,1,1,0.06685188412666321,0.004469174426048994,1,1,0.08595241606235504,0.007387817837297916,1,1,0.10505295544862747,0.011036123149096966,1,1,0.1241534948348999,0.015414089895784855,1,1,0.14325402677059174,0.02052171528339386,1,1,0.16235457360744476,0.026359006762504578,1,1,0.1814551055431366,0.03292595595121384,1,1,0.20055563747882843,0.04022256284952164,1,1,0.21965618431568146,0.048248838633298874,1,1,0.2387567162513733,0.057004768401384354,1,1,0.2578572630882263,0.06649036705493927,1,1,0.27695778012275696,0.07670561224222183,1,1,0.29605832695961,0.08765053004026413,1,1,0.315158873796463,0.09932511299848557,1,1,0.33425942063331604,0.11172936111688614,1,1,0.3533599376678467,0.12486324459314346,1,1,0.3724604845046997,0.13872681558132172,1,1,0.39156103134155273,0.1533200442790985,1,1,0.4106615483760834,0.16864290833473206,1,1,0.4297620952129364,0.18469545245170593,1,1,0.44886264204978943,0.20147767663002014,1,1,0.46796315908432007,0.2189895212650299,1,1,0.4870637059211731,0.2372310608625412,1,1,0.5061642527580261,0.25620225071907043,1,1,0.5252647995948792,0.2759031057357788,1,1,0.5443653464317322,0.2963336408138275,1,1,0.5634658336639404,0.317493736743927,1,1,0.5825663805007935,0.339383602142334,1,1,0.6016669273376465,0.3620030879974365,1,1,0.6207674741744995,0.3853522539138794,1,1,0.6398680210113525,0.4094310700893402,1,1,0.6589685678482056,0.43423956632614136,1,1,0.6780690550804138,0.4597776532173157,1,1,0.6971696019172668,0.4860454499721527,1,1,0.7162701487541199,0.5130429267883301,1,1,0.7353706955909729,0.5407700538635254,1,1,0.7544712424278259,0.569226861000061,1,1,0.773571789264679,0.5984132885932922,1,1,0.792672336101532,0.6283294558525085,1,1,0.8117728233337402,0.6589751243591309,1,1,0.8308733701705933,0.6903505325317383,1,1,0.8499739170074463,0.7224556803703308,1,1,0.8690744638442993,0.7552904486656189,1,1,0.8881750106811523,0.7888548374176025,1,1,0.9072755575180054,0.8231489658355713,1,1,0.9263760447502136,0.858172595500946,1,1,0.9454765915870667,0.8939259648323059,1,1,0.9645771384239197,0.9304090738296509,1,1,0.9836776852607727,0.9676218032836914,1,1,1.002778172492981,1.0055640935897827,1,1,1.021878719329834,1.0442360639572144,1,1,1.040979266166687,1.0836378335952759,1,1,1.06007981300354,1.1237691640853882,1,1,1.079180359840393,1.1646302938461304,1,1,1.098280906677246,1.2062209844589233,1,1,1.1173814535140991,1.2485413551330566,1,1,1.1364820003509521,1.2915912866592407,1,1,1.1555825471878052,1.3353710174560547,1,1,1.1746830940246582,1.379880428314209,1,1,1.1937836408615112,1.425119400024414,1,1,1.2128841876983643,1.4710880517959595,1,1,0.00852162390947342,0.00007261807331815362,1,1,0.025564871728420258,0.0006535626598633826,1,1,0.042608119547367096,0.0018154518911615014,1,1,0.059651367366313934,0.0035582855343818665,1,1,0.07669461518526077,0.005882063880562782,1,1,0.09373786300420761,0.008786787278950214,1,1,0.11078111082315445,0.012272454798221588,1,1,0.12782436609268188,0.016339069232344627,1,1,0.14486759901046753,0.02098662033677101,1,1,0.16191086173057556,0.026215126737952232,1,1,0.1789540946483612,0.0320245698094368,1,1,0.19599735736846924,0.03841496258974075,1,1,0.21304059028625488,0.04538629204034805,1,1,0.23008385300636292,0.05293858051300049,1,1,0.24712708592414856,0.06107179820537567,1,1,0.2641703486442566,0.06978597491979599,1,1,0.28121358156204224,0.07908108085393906,1,1,0.29825684428215027,0.08895714581012726,1,1,0.3153000771999359,0.09941413998603821,1,1,0.33234333992004395,0.1104520931839943,1,1,0.3493865728378296,0.12207097560167313,1,1,0.3664298355579376,0.1342708170413971,1,1,0.38347306847572327,0.1470515877008438,1,1,0.4005163311958313,0.16041332483291626,1,1,0.41755956411361694,0.17435598373413086,1,1,0.434602826833725,0.18887962400913239,1,1,0.4516460597515106,0.20398415625095367,1,1,0.46868932247161865,0.21966968476772308,1,1,0.4857325553894043,0.23593612015247345,1,1,0.5027757883071899,0.25278350710868835,1,1,0.5198190808296204,0.2702118754386902,1,1,0.536862313747406,0.288221150636673,1,1,0.5539055466651917,0.3068113625049591,1,1,0.5709487795829773,0.3259825110435486,1,1,0.5879920721054077,0.34573468565940857,1,1,0.6050353050231934,0.36606770753860474,1,1,0.622078537940979,0.38698169589042664,1,1,0.6391217708587646,0.40847665071487427,1,1,0.6561650633811951,0.43055260181427,1,1,0.6732082962989807,0.45320940017700195,1,1,0.6902515292167664,0.4764471650123596,1,1,0.707294762134552,0.500265896320343,1,1,0.7243380546569824,0.5246655941009521,1,1,0.7413812875747681,0.5496461987495422,1,1,0.7584245204925537,0.5752077698707581,1,1,0.7754677534103394,0.6013502478599548,1,1,0.7925110459327698,0.6280737519264221,1,1,0.8095542788505554,0.6553781032562256,1,1,0.8265975117683411,0.6832634210586548,1,1,0.8436407446861267,0.7117297053337097,1,1,0.8606840372085571,0.7407770156860352,1,1,0.8777272701263428,0.7704051733016968,1,1,0.8947705030441284,0.8006142377853394,1,1,0.9118137359619141,0.8314042687416077,1,1,0.9288570284843445,0.8627753853797913,1,1,0.9459002614021301,0.8947272896766663,1,1,0.9629434943199158,0.927260160446167,1,1,0.9799867272377014,0.9603739976882935,1,1,0.9970300197601318,0.9940688610076904,1,1,1.0140732526779175,1.0283445119857788,1,1,1.0311164855957031,1.0632011890411377,1,1,1.0481597185134888,1.0986387729644775,1,1,1.0652029514312744,1.134657382965088,1,1,1.08224618434906,1.1712567806243896,1,1,0.008623998612165451,0.00007437335443682969,1,1,0.025871995836496353,0.0006693601608276367,1,1,0.043119993060827255,0.0018593338318169117,1,1,0.06036799028515816,0.003644294338300824,1,1,0.07761599123477936,0.006024241913110018,1,1,0.09486398100852966,0.0089991744607687,1,1,0.11211198568344116,0.012569096870720387,1,1,0.12935997545719147,0.016734004020690918,1,1,0.14660798013210297,0.021493900567293167,1,1,0.16385596990585327,0.026848778128623962,1,1,0.18110397458076477,0.0327986478805542,1,1,0.19835196435451508,0.03934350237250328,1,1,0.21559996902942657,0.046483345329761505,1,1,0.23284795880317688,0.054218173027038574,1,1,0.2500959634780884,0.06254798918962479,1,1,0.2673439681529999,0.07147279381752014,1,1,0.284591943025589,0.08099257200956345,1,1,0.3018399477005005,0.09110735356807709,1,1,0.319087952375412,0.10181712359189987,1,1,0.3363359570503235,0.1131218746304512,1,1,0.3535839319229126,0.12502159178256989,1,1,0.3708319365978241,0.1375163197517395,1,1,0.3880799412727356,0.15060603618621826,1,1,0.4053279459476471,0.16429074108600616,1,1,0.4225759208202362,0.17857040464878082,1,1,0.4398239254951477,0.193445086479187,1,1,0.4570719301700592,0.20891475677490234,1,1,0.4743199348449707,0.22497940063476562,1,1,0.4915679097175598,0.24163900315761566,1,1,0.5088159441947937,0.2588936686515808,1,1,0.5260639190673828,0.27674323320388794,1,1,0.5433118939399719,0.2951878011226654,1,1,0.5605599284172058,0.314227432012558,1,1,0.5778079032897949,0.33386197686195374,1,1,0.595055878162384,0.35409149527549744,1,1,0.6123039126396179,0.37491607666015625,1,1,0.629551887512207,0.39633557200431824,1,1,0.6467999219894409,0.41835013031959534,1,1,0.66404789686203,0.4409596025943756,1,1,0.6812958717346191,0.4641640782356262,1,1,0.698543906211853,0.48796358704566956,1,1,0.7157918810844421,0.5123580098152161,1,1,0.7330398559570312,0.5373474359512329,1,1,0.7502878904342651,0.5629318952560425,1,1,0.7675358653068542,0.589111328125,1,1,0.7847838997840881,0.6158857941627502,1,1,0.8020318746566772,0.6432551145553589,1,1,0.8192798495292664,0.6712194681167603,1,1,0.8365278840065002,0.6997789144515991,1,1,0.8537758588790894,0.7289332151412964,1,1,0.8710238337516785,0.7586824893951416,1,1,0.8882718682289124,0.7890269160270691,1,1,0.9055198431015015,0.819966197013855,1,1,0.9227678775787354,0.8515005707740784,1,1,0.9400158524513245,0.8836297988891602,1,1,0.9572638273239136,0.9163540601730347,1,1,0.9745118618011475,0.9496733546257019,1,1,0.9917598366737366,0.9835875630378723,1,1,1.0090078115463257,1.0180968046188354,1,1,1.0262558460235596,1.0532010793685913,1,1,1.0435038805007935,1.0889003276824951,1,1,1.0607517957687378,1.1251944303512573,1,1,1.0779998302459717,1.162083625793457,1,1,1.0952478647232056,1.1995679140090942,1,0,0,0,0,0,0,0,0,0,0,0,0,0,0,0,0,0,0,0,0,0,0,0,0,0,0,0,0,0,0,0,0,0,0,0,0,0,0,0,0,0,0,0,0,0,0,0,0,0,0,0,0,0,0,0,0,0,0,0,0,0,0,0,0,0,0,0,0,0,0,0,0,0,0,0,0,0,0,0,0,0,0,0,0,0,0,0,0,0,0,0,0,0,0,0,0,0,0,0,0,0,0,0,0,0,0,0,0,0,0,0,0,0,0,0,0,0,0,0,0,0,0,0,0,0,0,0,0,0,0,0,0,0,0,0,0,0,0,0,0,0,0,0,0,0,0,0,0,0,0,0,0,0,0,0,0,0,0,0,0,0,0,0,0,0,0,0,0,0,0,0,0,0,0,0,0,0,0,0,0,0,0,0,0,0,0,0,0,0,0,0,0,0,0,0,0,0,0,0,0,0,0,0,0,0,0,0,0,0,0,0,0,0,0,0,0,0,0,0,0,0,0,0,0,0,0,0,0,0,0,0,0,0,0,0,0,0,0,0,0,0,0,0,0,0,0,0,0,0,0,0,0,0,0,0,0,1,0,0,0,1,0,0,0,1,0,0,0,1,0,0,0,1,0,0,0,1,0,0,0,1,0,0,0,1,0,0,0,1,0,0,0,1,0,0,0,1,0,0,0,1,0,0,0,1,0,0,0,1,0,0,0,1,0,0,0,1,0,0,0,1,0,0,0,1,0,0,0,1,0,0,0,1,0,0,0,1,0,0,0,1,0,0,0,1,0,0,0,1,0,0,0,1,0,0,0,1,0,0,0,1,0,0,0,1,0,0,0,1,0,0,0,1,0,0,0,1,0,0,0,1,0,0,0,1,0,0,0,1,0,0,0,1,0,0,0,1,0,0,0,1,0,0,0,1,0,0,0,1,0,0,0,1,0,0,0,1,0,0,0,1,0,0,0,1,0,0,0,1,0,0,0,1,0,0,0,1,0,0,0,1,0,0,0,1,0,0,0,1,0,0,0,1,0,0,0,1,0,0,0,1,0,0,0,1,0,0,0,1,0,0,0,1,0,0,0,1,0,0,0,1,0,0,0,1,0,0,0,1,0,0,0,1,0,0,0,1,0,0,0,1,0,0,0,1,0,0,0,1,0,0,0,1,0,0,0,1,0,0,0,1,0,0,0,1,0,0,0,1,0,0,0,1,0,0,0,1,0,0,0,1,0,0,0,1,0,0,0,1,0,0,0,1,0,0,0,1,0,0,0,1,0,0,0,1,0,0,0,1,0,0,0,1,0,0,0,1,0,0,0,1,0,0,0,1,0,0,0,1,0,0,0,1,0,0,0,1,0,0,0,1,0,0,0,1,0,0,0,1,0,0,0,1,0,0,0,1,0,0,0,1,0,0,0,1,0,0,0,1,0,0,0,1,0,0,0,1,0,0,0,1,0,0,0,1,0,0,0,1,0,0,0,1,0,0,0,1,0,0,0,1,0,0,0,1,0,0,0,1,0,0,0,1,0,0,0,1,0,0,0,1,0,0,0,1,0,0,0,1,0,0,0,1,0,0,0,1,0,0,0,1,0,0,0,1,0,0,0,1,0,0,0,1,0,0,0,1,0,0,0,1,0,0,0,1,0,0,0,1,0,0,0,1,0,0,0,1,0,0,0,1,0,0,0,1,0,0,0,1,0,0,0,1,0,0,0,1,0,0,0,1,0,0,0,1,0,0,0,1,0,0,0,1,0,0,0,1,0,0,0,1,0,0,0,1,0,0,0,1,0,0,0,1,0,0,0,1,0,0,0,1,0,0,0,1,0,0,0,1,0,0,0,1,0,0,0,1,0,0,0,1,0,0,0,1,0,0,0,1,0,0,0,1,0,0,0,1,0,0,0,1,0,0,0,1,0,0,0,1,0,0,0,1,0,0,0,1,0,0,0,1,0,0,0,1,0,0,0,1,0,0,0,1,0,0,0,1,0,0,0,1,0,0,0,1,0,0,0,1,0,0,0,1,0,0,0,1,0,0,0,1,0,0,0,1,0,0,0,1,0,0,0,1,0,0,0,1,0,0,0,1,0,0,0,1,0,0,0,1,0,0,0,1,0,0,0,1,0,0,0,1,0,0,0,1,0,0,0,1,0,0,0,1,0,0,0,1,0,0,0,1,0,0,0,1,0,0,0,1,0,0,0,1,0,0,0,1,0,0,0,1,0,0,0,1,0,0,0,1,0,0,0,1,0,0,0,1,0,0,0,1,0,0,0,1,0,0,0,1,0,0,0,1,0,0,0,1,0,0,0,1,0,0,0,1,0,0,0,1,0,0,0,1,0,0,0,1,0,0,0,1,0,0,0,1,0,0,0,1,0,0,0,1,0,0,0,1,0,0,0,1,0,0,0,1,0,0,0,1,0,0,0,1,0,0,0,1,0,0,0,1,0,0,0,1,0,0,0,1,0,0,0,1,0,0,0,1,0,0,0,1,0,0,0,1,0,0,0,1,0,0,0,1,0,0,0,1,0,0,0,1,0,0,0,1,0,0,0,1,0,0,0,1,0,0,0,1,0,0,0,1,0,0,0,1,0,0,0,1,0,0,0,1,0,0,0,1,0,0,0,1,0,0,0,1,0,0,0,1,0,0,0,1,0,0,0,1,0,0,0,1,0,0,0,1,0,0,0,1,0,0,0,1,0,0,0,1,0,0,0,1,0,0,0,1,0,0,0,1,0,0,0,1,0,0,0,1,0,0,0,1,0,0,0,1,0,0,0,1,0,0,0,1,0,0,0,1,0,0,0,1,0,0,0,1,0,0,0,1,0,0,0,1,0,0,0,1,0,0,0,1,0,0,0,1,0,0,0,1,0,0,0,1,0,0,0,1,0,0,0,1,0,0,0,1,0,0,0,1,0,0,0,1,0,0,0,1,0,0,0,1,0,0,0,1,0,0,0,1,0,0,0,1,0,0,0,1,0,0,0,1,0,0,0,1,0,0,0,1,0,0,0,1,0,0,0,1,0,0,0,1,0,0,0,1,0,0,0,1,0,0,0,1,0,0,0,1,0,0,0,1,0,0,0,1,0,0,0,1,0,0,0,1,0,0,0,1,0,0,0,1,0,0,0,1,0,0,0,1,0,0,0,1,0,0,0,1,0,0,0,1,0,0,0,1,0,0,0,1,0,0,0,1,0,0,0,1,0,0,0,1,0,0,0,1,0,0,0,1,0,0,0,1,0,0,0,1,0,0,0,1,0,0,0,1,0,0,0,1,0,0,0,1,0,0,0,1,0,0,0,1,0,0,0,1,0,0,0,1,0,0,0,1,0,0,0,1,0,0,0,1,0,0,0,1,0,0,0,1,0,0,0,1,0,0,0,1,0,0,0,1,0,0,0,1,0,0,0,1,0,0,0,1,0,0,0,1,0,0,0,1,0,0,0,1,0,0,0,1,0,0,0,1,0,0,0,0,0,0,0,0,0,0,0,0,0,0,0,0,0,0,0,0,0,0,0,0,0,0,0,0,0,0,0,0,0,0,0,0,0,0,0,0,0,0,0,0,0,0,0,0,0,0,0,0,0,0,0,0,0,0,0,0,0,0,0,0,0,0,0,0,0,0,0,0,0,0,0,0,0,0,0,0,0,0,0,0,0,0,0,0,0,0,0,0,0,0,0,0,0,0,0,0,0,0,0,0,0,0,0,0,0,0,0,0,0,0,0,0,0,0,0,0,0,0,0,0,0,0,0,0,0,0,0,0,0,0,0,0,0,0,0,0,0,0,0,0,0,0,0,0,0,0,0,0,0,0,0,0,0,0,0,0,0,0,0,0,0,0,0,0,0,0,0,0,0,0,0,0,0,0,0,0,0,0,0,0,0,0,0,0,0,0,0,0,0,0,0,0,0,0,0,0,0,0,0,0,0,0,0,0,0,0,0,0,0,0,0,0,0,0,0,0,0,0,0,0,0,0,0,0,0,0,0,0,0,0,0,0,0,0,0,0,0,0,0,0,0,0,0,0,0,0,0,0,0,0,0,0,0,0,0,1,0,0,0,1,0,0,0,1,0,0,0,1,0,0,0,1,0,0,0,1,0,0,0,1,0,0,0,1,0,0,0,1,0,0,0,1,0,0,0,1,0,0,0,1,0,0,0,1,0,0,0,1,0,0,0,1,0,0,0,1,0,0,0,1,0,0,0,1,0,0,0,1,0,0,0,1,0,0,0,1,0,0,0,1,0,0,0,1,0,0,0,1,0,0,0,1,0,0,0,1,0,0,0,1,0,0,0,1,0,0,0,1,0,0,0,1,0,0,0,1,0,0,0,1,0,0,0,1,0,0,0,1,0,0,0,1,0,0,0,1,0,0,0,1,0,0,0,1,0,0,0,1,0,0,0,1,0,0,0,1,0,0,0,1,0,0,0,1,0,0,0,1,0,0,0,1,0,0,0,1,0,0,0,1,0,0,0,1,0,0,0,1,0,0,0,1,0,0,0,1,0,0,0,1,0,0,0,1,0,0,0,1,0,0,0,1,0,0,0,1,0,0,0,1,0,0,0,1,0,0,0,1,0,0,0,1,0,0,0,1,0,0,0,1,0,0,0,1,0,0,0,1,0,0,0,1,0,0,0,1,0,0,0,1,0,0,0,1,0,0,0,1,0,0,0,1,0,0,0,1,0,0,0,1,0,0,0,1,0,0,0,1,0,0,0,1,0,0,0,1,0,0,0,1,0,0,0,1,0,0,0,1,0,0,0,1,0,0,0,1,0,0,0,1,0,0,0,1,0,0,0,1,0,0,0,1,0,0,0,1,0,0,0,1,0,0,0,1,0,0,0,1,0,0,0,1,0,0,0,1,0,0,0,1,0,0,0,1,0,0,0,1,0,0,0,1,0,0,0,1,0,0,0,1,0,0,0,1,0,0,0,1,0,0,0,1,0,0,0,1,0,0,0,1,0,0,0,1,0,0,0,1,0,0,0,1,0,0,0,1,0,0,0,1,0,0,0,1,0,0,0,1,0,0,0,1,0,0,0,1,0,0,0,1,0,0,0,1,0,0,0,1,0,0,0,1,0,0,0,1,0,0,0,1,0,0,0,1,0,0,0,1,0,0,0,1,0,0,0,1,0,0,0,1,0,0,0,1,0,0,0,1,0,0,0,1,0,0,0,1,0,0,0,1,0,0,0,1,0,0,0,1,0,0,0,1,0,0,0,1,0,0,0,1,0,0,0,1,0,0,0,1,0,0,0,1,0,0,0,1,0,0,0,1,0,0,0,1,0,0,0,1,0,0,0,1,0,0,0,1,0,0,0,1,0,0,0,1,0,0,0,1,0,0,0,1,0,0,0,1,0,0,0,1,0,0,0,1,0,0,0,1,0,0,0,1,0,0,0,1,0,0,0,1,0,0,0,1,0,0,0,1,0,0,0,1,0,0,0,1,0,0,0,1,0,0,0,1,0,0,0,1,0,0,0,1,0,0,0,1,0,0,0,1,0,0,0,1,0,0,0,1,0,0,0,1,0,0,0,1,0,0,0,1,0,0,0,1,0,0,0,1,0,0,0,1,0,0,0,1,0,0,0,1,0,0,0,1,0,0,0,1,0,0,0,1,0,0,0,1,0,0,0,1,0,0,0,1,0,0,0,1,0,0,0,1,0,0,0,1,0,0,0,1,0,0,0,1,0,0,0,1,0,0,0,1,0,0,0,1,0,0,0,1,0,0,0,1,0,0,0,1,0,0,0,1,0,0,0,1,0,0,0,1,0,0,0,1,0,0,0,1,0,0,0,1,0,0,0,1,0,0,0,1,0,0,0,1,0,0,0,1,0,0,0,1,0,0,0,1,0,0,0,1,0,0,0,1,0,0,0,1,0,0,0,1,0,0,0,1,0,0,0,1,0,0,0,1,0,0,0,1,0,0,0,1,0,0,0,1,0,0,0,1,0,0,0,1,0,0,0,1,0,0,0,1,0,0,0,1,0,0,0,1,0,0,0,1,0,0,0,1,0,0,0,1,0,0,0,1,0,0,0,1,0,0,0,1,0,0,0,1,0,0,0,1,0,0,0,1,0,0,0,1,0,0,0,1,0,0,0,1,0,0,0,1,0,0,0,1,0,0,0,1,0,0,0,1,0,0,0,1,0,0,0,1,0,0,0,1,0,0,0,1,0,0,0,1,0,0,0,1,0,0,0,1,0,0,0,1,0,0,0,1,0,0,0,1,0,0,0,1,0,0,0,1,0,0,0,1,0,0,0,1,0,0,0,1,0,0,0,1,0,0,0,1,0,0,0,1,0,0,0,1,0,0,0,1,0,0,0,1,0,0,0,1,0,0,0,1,0,0,0,1,0,0,0,1,0,0,0,1,0,0,0,1,0,0,0,1,0,0,0,1,0,0,0,1,0,0,0,1,0,0,0,1,0,0,0,1,0,0,0,1,0,0,0,1,0,0,0,1,0,0,0,1,0,0,0,1,0,0,0,1,0,0,0,1,0,0,0,1,0,0,0,1,0,0,0,1,0,0,0,1,0,0,0,1,0,0,0,1,0,0,0,1,0,0,0,1,0,0,0,1,0,0,0,1,0,0,0,1,0,0,0,1,0,0,0,1,0,0,0,1,0,0,0,1,0,0,0,1,0,0,0,1,0,0,0,1,0,0,0,1,0,0,0,1,0,0,0,1,0,0,0,1,0,0,0,1,0,0,0,1,0,0,0,1,0,0,0,1,0,0,0,1,0,0,0,1,0,0,0,1,0,0,0,1,0,0,0,1,0,0,0,1,0,0,0,1,0,0,0,1,0,0,0,1,0,0,0,1,0,0,0,1,0,0,0,1,0,0,0,1,0,0,0,1,0,0,0,1,0,0,0,1,0,0,0,1,0,0,0,1,0,0,0,1,0,0,0,1,0,0,0,1,0,0,0,0,0,0,0,0,0,0,0,0,0,0,0,0,0,0,0,0,0,0,0,0,0,0,0,0,0,0,0,0,0,0,0,0,0,0,0,0,0,0,0,0,0,0,0,0,0,0,0,0,0,0,0,0,0,0,0,0,0,0,0,0,0,0,0,0,0,0,0,0,0,0,0,0,0,0,0,0,0,0,0,0,0,0,0,0,0,0,0,0,0,0,0,0,0,0,0,0,0,0,0,0,0,0,0,0,0,0,0,0,0,0,0,0,0,0,0,0,0,0,0,0,0,0,0,0,0,0,0,0,0,0,0,0,0,0,0,0,0,0,0,0,0,0,0,0,0,0,0,0,0,0,0,0,0,0,0,0,0,0,0,0,0,0,0,0,0,0,0,0,0,0,0,0,0,0,0,0,0,0,0,0,0,0,0,0,0,0,0,0,0,0,0,0,0,0,0,0,0,0,0,0,0,0,0,0,0,0,0,0,0,0,0,0,0,0,0,0,0,0,0,0,0,0,0,0,0,0,0,0,0,0,0,0,0,0,0,0,0,0,0,0,0,0,0,0,0,0,0,0,0,0,0,0,0,0,0,1,0,0,0,1,0,0,0,1,0,0,0,1,0,0,0,1,0,0,0,1,0,0,0,1,0,0,0,1,0,0,0,1,0,0,0,1,0,0,0,1,0,0,0,1,0,0,0,1,0,0,0,1,0,0,0,1,0,0,0,1,0,0,0,1,0,0,0,1,0,0,0,1,0,0,0,1,0,0,0,1,0,0,0,1,0,0,0,1,0,0,0,1,0,0,0,1,0,0,0,1,0,0,0,1,0,0,0,1,0,0,0,1,0,0,0,1,0,0,0,1,0,0,0,1,0,0,0,1,0,0,0,1,0,0,0,1,0,0,0,1,0,0,0,1,0,0,0,1,0,0,0,1,0,0,0,1,0,0,0,1,0,0,0,1,0,0,0,1,0,0,0,1,0,0,0,1,0,0,0,1,0,0,0,1,0,0,0,1,0,0,0,1,0,0,0,1,0,0,0,1,0,0,0,1,0,0,0,1,0,0,0,1,0,0,0,1,0,0,0,1,0,0,0,1,0,0,0,1,0,0,0,1,0,0,0,1,0,0,0,1,0,0,0,1,0,0,0,1,0,0,0,1,0,0,0,1,0,0,0,1,0,0,0,1,0,0,0,1,0,0,0,1,0,0,0,1,0,0,0,1,0,0,0,1,0,0,0,1,0,0,0,1,0,0,0,1,0,0,0,1,0,0,0,1,0,0,0,1,0,0,0,1,0,0,0,1,0,0,0,1,0,0,0,1,0,0,0,1,0,0,0,1,0,0,0,1,0,0,0,1,0,0,0,1,0,0,0,1,0,0,0,1,0,0,0,1,0,0,0,1,0,0,0,1,0,0,0,1,0,0,0,1,0,0,0,1,0,0,0,1,0,0,0,1,0,0,0,1,0,0,0,1,0,0,0,1,0,0,0,1,0,0,0,1,0,0,0,1,0,0,0,1,0,0,0,1,0,0,0,1,0,0,0,1,0,0,0,1,0,0,0,1,0,0,0,1,0,0,0,1,0,0,0,1,0,0,0,1,0,0,0,1,0,0,0,1,0,0,0,1,0,0,0,1,0,0,0,1,0,0,0,1,0,0,0,1,0,0,0,1,0,0,0,1,0,0,0,1,0,0,0,1,0,0,0,1,0,0,0,1,0,0,0,1,0,0,0,1,0,0,0,1,0,0,0,1,0,0,0,1,0,0,0,1,0,0,0,1,0,0,0,1,0,0,0,1,0,0,0,1,0,0,0,1,0,0,0,1,0,0,0,1,0,0,0,1,0,0,0,1,0,0,0,1,0,0,0,1,0,0,0,1,0,0,0,1,0,0,0,1,0,0,0,1,0,0,0,1,0,0,0,1,0,0,0,1,0,0,0,1,0,0,0,1,0,0,0,1,0,0,0,1,0,0,0,1,0,0,0,1,0,0,0,1,0,0,0,1,0,0,0,1,0,0,0,1,0,0,0,1,0,0,0,1,0,0,0,1,0,0,0,1,0,0,0,1,0,0,0,1,0,0,0,1,0,0,0,1,0,0,0,1,0,0,0,1,0,0,0,1,0,0,0,1,0,0,0,1,0,0,0,1,0,0,0,1,0,0,0,1,0,0,0,1,0,0,0,1,0,0,0,1,0,0,0,1,0,0,0,1,0,0,0,1,0,0,0,1,0,0,0,1,0,0,0,1,0,0,0,1,0,0,0,1,0,0,0,1,0,0,0,1,0,0,0,1,0,0,0,1,0,0,0,1,0,0,0,1,0,0,0,1,0,0,0,1,0,0,0,1,0,0,0,1,0,0,0,1,0,0,0,1,0,0,0,1,0,0,0,1,0,0,0,1,0,0,0,1,0,0,0,1,0,0,0,1,0,0,0,1,0,0,0,1,0,0,0,1,0,0,0,1,0,0,0,1,0,0,0,1,0,0,0,1,0,0,0,1,0,0,0,1,0,0,0,1,0,0,0,1,0,0,0,1,0,0,0,1,0,0,0,1,0,0,0,1,0,0,0,1,0,0,0,1,0,0,0,1,0,0,0,1,0,0,0,1,0,0,0,1,0,0,0,1,0,0,0,1,0,0,0,1,0,0,0,1,0,0,0,1,0,0,0,1,0,0,0,1,0,0,0,1,0,0,0,1,0,0,0,1,0,0,0,1,0,0,0,1,0,0,0,1,0,0,0,1,0,0,0,1,0,0,0,1,0,0,0,1,0,0,0,1,0,0,0,1,0,0,0,1,0,0,0,1,0,0,0,1,0,0,0,1,0,0,0,1,0,0,0,1,0,0,0,1,0,0,0,1,0,0,0,1,0,0,0,1,0,0,0,1,0,0,0,1,0,0,0,1,0,0,0,1,0,0,0,1,0,0,0,1,0,0,0,1,0,0,0,1,0,0,0,1,0,0,0,1,0,0,0,1,0,0,0,1,0,0,0,1,0,0,0,1,0,0,0,1,0,0,0,1,0,0,0,1,0,0,0,1,0,0,0,1,0,0,0,1,0,0,0,1,0,0,0,1,0,0,0,1,0,0,0,1,0,0,0,1,0,0,0,1,0,0,0,1,0,0,0,1,0,0,0,1,0,0,0,1,0,0,0,1,0,0,0,1,0,0,0,1,0,0,0,1,0,0,0,1,0,0,0,1,0,0,0,1,0,0,0,1,0,0,0,1,0,0,0,1,0,0,0,1,0,0,0,1,0,0,0,1,0,0,0,1,0,0,0,1,0,0,0,1,0,0,0,1,0,0,0,1,0,0,0,1,0,0,0,1,0,0,0,1,0,0,0,1,0,0,0,1,0,0,0,1,0,0,0,1,0,0,0,1,0,0,0,1,0,0,0,1,0,0,0,1,0,0,0,1,0,0,0,1,0,0,0,1,0,0,0,1,0,0,0,1,0,0,0,1,0,0,0,0,0,0,0,0,0,0,0,0,0,0,0,0,0,0,0,0,0,0,0,0,0,0,0,0,0,0,0,0,0,0,0,0,0,0,0,0,0,0,0,0,0,0,0,0,0,0,0,0,0,0,0,0,0,0,0,0,0,0,0,0,0,0,0,0,0,0,0,0,0,0,0,0,0,0,0,0,0,0,0,0,0,0,0,0,0,0,0,0,0,0,0,0,0,0,0,0,0,0,0,0,0,0,0,0,0,0,0,0,0,0,0,0,0,0,0,0,0,0,0,0,0,0,0,0,0,0,0,0,0,0,0,0,0,0,0,0,0,0,0,0,0,0,0,0,0,0,0,0,0,0,0,0,0,0,0,0,0,0,0,0,0,0,0,0,0,0,0,0,0,0,0,0,0,0,0,0,0,0,0,0,0,0,0,0,0,0,0,0,0,0,0,0,0,0,0,0,0,0,0,0,0,0,0,0,0,0,0,0,0,0,0,0,0,0,0,0,0,0,0,0,0,0,0,0,0,0,0,0,0,0,0,0,0,0,0,0,0,0,0,0,0,0,0,0,0,0,0,0,0,0,0,0,0,0,0]}}