tauKrylov3Tex [64 x 54] 15
 -511.0290  -215.0681   405.9765     1.0000   375.4474   545.2893 -1382.2987     1.0000  -334.4663   -60.2873    47.0304     1.0000   334.0110  -120.5206    28.7298     1.0000  -221.2036     5.0422    31.9679     1.0000    54.8221   -77.5073     4.6633     1.0000     0.0000    -7.9489    28.6407     1.0000     0.0000   -35.9921     0.9194     1.0000     0.0000    11.2543     2.3124     1.0000     0.0000   -26.5754    34.0935     1.0000     0.0000    31.2984   -16.6592     1.0000     0.0000   -10.8421    44.5566     1.0000    57.1102    33.0577   -22.5946     1.0000  -225.5899   -51.0467    62.7346     1.0000   334.2445   175.5694    10.7874     1.0000  -220.2068  -144.7896    26.9033     1.0000    54.4405    29.1753    -4.1774     1.0000     0.0000   256.5460   154.5701     1.0000     0.0000  -316.0065  -144.0089     1.0000    56.6190   377.4529   280.1127     1.0000  -224.5262  -414.2527  -230.6870     1.0000   334.3341   500.3296   325.6157     1.0000  -221.5833  -313.8061  -119.1909     1.0000    55.1554    31.6437    17.2015     1.0000     0.0000   283.1096   279.7668     1.0000     0.0000  -411.7977  -302.3936     1.0000     0.0000   457.6071   406.1946     1.0000    55.5642  -471.4781  -246.6778     1.0000  -222.3944   432.4781   244.3322     1.0000   334.3524  -403.7118  -135.0154     1.0000  -223.7729   393.2905   246.1552     1.0000   111.2820  -404.5089  -272.8709     1.0000  -221.3417   171.7648   256.5533     1.0000   334.3243    80.0640    11.2439     1.0000  -224.7348  -249.9359  -128.2023     1.0000    56.7189   219.5161    55.0255     1.0000     0.0000  -433.8421  -121.9838     1.0000     0.0000   574.5708   478.6733     1.0000     0.0000  -511.2842  -605.8801     1.0000     0.0000   162.3548   316.6002     1.0000     0.0000    97.5888   -80.5133     1.0000     0.0000  -475.5086  -220.7958     1.0000     0.0000   721.4400   641.7259     1.0000     0.0000  -612.5070  -677.7367     1.0000     0.0000   304.6078   356.7356     1.0000     0.0000  -322.7600  -292.8263     1.0000     0.0000   692.1426   793.2032     1.0000     0.0000  -754.2192  -907.2661     1.0000     0.0000   566.0694   748.7278     1.0000     0.0000  -290.8714  -346.1384     1.0000     0.0000   513.9158   865.2536     1.0000     0.0000  -407.6371  -743.9380     1.0000     0.0000   489.9017  1103.9487     1.0000     0.0000  -330.4132  -808.9955     1.0000     0.0000   880.5501  1937.8218     1.0000     0.0000  -558.2774 -1092.5228     1.0000     0.0000   618.7150  1215.1082     1.0000     0.0000   242.8842   919.7525     1.0000     0.0000   -21.4784  -296.7922     1.0000     0.0000  1012.7156  2622.7493     1.0000     0.0000  -202.5257  -701.6570     1.0000     0.0000   724.0172  2437.2603     1.0000     0.0000   384.5194   214.1263     1.0000     0.0000   334.0505  -322.0894     1.0000
 -443.8667  -857.5264  -899.7476     1.0000   547.5392 -3137.5962  5144.5830     1.0000  -246.7995 -1486.2925   218.8430     1.0000   -44.7906 -1284.6876   -40.1469     1.0000   184.6277 -1100.3751  -256.1333     1.0000  -331.9380  -901.2608  -439.8562     1.0000   341.5650  -599.6288  -557.4551     1.0000  -161.8071  -498.4197  -656.4849     1.0000   -83.2477  -210.9469  -691.5083     1.0000   151.0041   -88.9534  -716.8209     1.0000   -55.4199   131.3149  -696.9627     1.0000     0.0000   209.0526  -619.5289     1.0000     0.0000   371.0686  -623.5679     1.0000     0.0000   429.5191  -489.3476     1.0000     0.0000   583.3763  -379.5133     1.0000     0.0000   359.8187  -494.6632     1.0000     0.0000  1004.5206    53.9631     1.0000   -39.9745   -30.2994  -561.1221     1.0000   175.3153  1332.1948   357.9693     1.0000  -287.2975   -88.2197  -432.6697     1.0000   168.0486  1179.2410   450.4684     1.0000   119.7850   -88.5382  -237.3378     1.0000  -287.2758  1091.8983   493.6411     1.0000   207.0359  -145.7731  -176.9206     1.0000   -55.6318  1016.3928   618.1133     1.0000     0.0000  -323.4386  -195.1067     1.0000     0.0000  1022.4093   652.7067     1.0000     0.0000  -403.3190  -187.3122     1.0000     0.0000   792.6973   670.9218     1.0000     0.0000  -381.8497  -285.6173     1.0000     0.0000   732.3608   748.7496     1.0000   -43.7553  -527.4808  -399.7367     1.0000   183.7811   786.1329   752.7706     1.0000  -287.5633  -777.3811  -549.2463     1.0000   198.6896   847.9396   795.3808     1.0000   -96.5543  -700.3859  -648.4205     1.0000   187.1834   513.2389   839.4775     1.0000  -287.6851  -575.3918  -899.8800     1.0000   195.3698   595.4744   874.6954     1.0000   -49.4794  -792.3766  -941.7022     1.0000     0.0000   603.5641   672.7996     1.0000     0.0000  -832.5399  -749.9004     1.0000     0.0000   640.7825   334.1641     1.0000     0.0000  -799.9545  -701.8633     1.0000     0.0000   456.6621   305.5074     1.0000   -48.7368  -695.5381  -974.2829     1.0000   193.7191   529.4362   778.2462     1.0000  -337.0521  -893.8038 -1596.9968     1.0000   384.1806   789.8113  1026.4315     1.0000  -384.1806 -1026.0865 -1550.7448     1.0000   384.1806   950.8842  1069.0057     1.0000  -384.1806 -1144.7241 -1365.0515     1.0000   384.1806  1272.3253  1033.3328     1.0000  -335.2166 -1048.1056 -1166.8054     1.0000   141.6459  1012.4908  1384.7960     1.0000   146.0002  -337.9005  -867.7977     1.0000  -336.6085   774.3428  1794.0515     1.0000   384.1806   125.2789  -470.3597     1.0000  -336.9350   609.0551  2207.5483     1.0000   147.4729   468.9805   103.9524     1.0000    93.3839  1014.5305  2867.9219     1.0000  -282.8133   304.3564   652.7864     1.0000   160.7425  1443.8333  4750.5083     1.0000   259.8685  1553.5824  5287.7554     1.0000
 -612.3065  -368.5324   391.7142     1.0000   670.1725   356.8217 -1269.1187     1.0000  -356.5139  -217.6256    58.7024     1.0000   119.7798    45.4444    60.9636     1.0000  -180.2193  -233.4810    18.9858     1.0000   177.5418    96.1471    41.3096     1.0000   -58.1206  -208.4733    -6.8020     1.0000   -61.8474    32.9485    11.3997     1.0000   243.3312    -3.2156    19.6399     1.0000  -420.3709  -191.4854   -67.9025     1.0000   415.3665    98.6521    44.5856     1.0000  -233.3768   -50.0673   -65.0127     1.0000   119.6562   -11.8277    44.5668     1.0000  -182.1143  -189.7298  -150.1726     1.0000   175.9410   296.6236   119.5119     1.0000  -119.6213  -310.6870  -102.9987     1.0000   182.4073   170.1012   -77.3849     1.0000  -112.5698   -20.4513   120.1007     1.0000  -126.1393  -112.3138  -182.1841     1.0000   112.4463   121.8906    65.0613     1.0000   126.2559  -101.1925     3.6817     1.0000  -175.6648   174.4480  -161.2171     1.0000   119.5339   -83.6093   275.0289     1.0000  -245.7560  -164.6401  -466.6875     1.0000   358.2950   346.3810   465.7759     1.0000  -169.1107  -255.1579  -265.0566     1.0000  -189.0388   174.9227    37.6962     1.0000   421.2943     3.0534    39.3607     1.0000  -477.8026  -145.9269     3.7145     1.0000   415.0111   394.2285    25.6774     1.0000  -170.2408  -562.4373  -107.5811     1.0000  -125.2521   746.2933   384.1127     1.0000   113.9317  -830.2584  -650.5419     1.0000   124.8450  1027.3604   926.0569     1.0000  -176.6508  -835.6653  -576.5947     1.0000   119.3773   304.3286  -190.4612     1.0000  -181.5280   326.3932  1040.6282     1.0000   115.1815  -690.2718 -1254.4254     1.0000   123.6447  1023.1812  1295.2560     1.0000  -177.3131 -1120.0039 -1047.2793     1.0000    57.8941  1034.2271   975.0084     1.0000     0.0000  -722.9354  -797.3017     1.0000     0.0000   435.2590   777.6878     1.0000     0.0000   -93.0619  -443.8597     1.0000    60.8880  -324.0815    50.2961     1.0000  -180.3278   667.7663   634.1140     1.0000   117.6694  -770.1035 -1264.7103     1.0000   121.2183   894.0900  1971.6559     1.0000  -178.5471 -1020.0111 -2020.6691     1.0000    59.0987   924.3641  1616.8676     1.0000    60.1103  -564.6772  -820.3418     1.0000  -239.5526     8.8318  -179.4203     1.0000   358.4606   407.7093  1126.4572     1.0000  -178.9032  -469.2607 -1211.9220     1.0000  -179.2496   259.5075   819.8173     1.0000   418.0390  -196.7100  -561.9938     1.0000  -477.8026   254.4867   671.4643     1.0000   418.3563  -417.9372 -1009.5522     1.0000  -180.1435   660.4880  1235.1674     1.0000  -118.7605  -775.4474  -558.6301     1.0000   120.3289   310.3932  -849.5447     1.0000   118.5689   108.2665  1430.4757     1.0000   -90.6888  -186.2382  -936.5845     1.0000  -142.2380  -258.4169 -1520.2440     1.0000
 -192.6155  -117.5866  -615.1316     1.0000   140.0970 -1446.8727  2641.6560     1.0000  -125.6526  -401.4574    20.1122     1.0000    63.9062  -331.0112   -32.2006     1.0000    60.1114  -277.5365   -82.1482     1.0000  -244.7366  -231.6443  -125.3047     1.0000   434.6899  -172.3531  -132.2535     1.0000  -500.0953   -94.2239  -187.6860     1.0000   441.3942  -116.6731  -150.6767     1.0000  -258.0538    14.4651  -209.9610     1.0000    66.6926   -32.4243  -151.6453     1.0000     0.0000    25.7902  -174.7854     1.0000    58.0101    92.9910  -190.9529     1.0000  -182.8444    43.8922  -105.0494     1.0000   134.2823   103.7455  -165.9940     1.0000   115.4129   115.8293   -93.1294     1.0000  -192.1572   206.3777   -69.8143     1.0000    67.2950  -226.1262  -249.4975     1.0000   -58.0337   776.5827   318.0256     1.0000   241.0193  -734.9766  -638.2815     1.0000  -374.7863  1033.3850   680.0742     1.0000   200.1399  -833.1711  -786.1854     1.0000   175.1206  1146.4862   739.4884     1.0000  -374.7579 -1047.5852  -690.5400     1.0000   316.4232  1295.3323   611.6615     1.0000  -250.0472 -1120.4795  -610.7906     1.0000   131.2214  1188.1393   737.7043     1.0000   178.3222  -902.9273  -812.1140     1.0000  -374.7563   947.0470   876.9207     1.0000   255.0674  -868.0913  -857.9216     1.0000  -125.3294   933.6438   876.9672     1.0000   246.0887  -802.6256  -824.9631     1.0000  -435.7247   803.6801   756.0797     1.0000   438.8861  -797.2074  -765.8593     1.0000  -252.4006   849.1570   877.8661     1.0000    63.5618  -932.4323 -1117.9862     1.0000    61.9778  1046.9927  1230.2341     1.0000  -249.2247 -1230.0668 -1407.7990     1.0000   437.2904  1203.1956  1224.6501     1.0000  -500.0954 -1196.0261 -1119.8691     1.0000   437.2227  1015.2085   807.6113     1.0000  -186.0720  -947.0064 -1071.5906     1.0000  -126.1240   827.7101  1213.3745     1.0000   186.6620 -1119.4283 -1690.0973     1.0000   -61.6541  1245.6378  1349.2832     1.0000   -63.6001 -1397.9933 -1266.7347     1.0000   188.6278  1266.8219   993.1124     1.0000  -186.3163 -1221.1604 -1493.0723     1.0000   125.0483  1057.2703  1450.0476     1.0000  -252.4689 -1107.6923 -1597.3492     1.0000   375.1150  1139.1063  1268.3975     1.0000  -247.8439 -1119.6451 -1428.0747     1.0000   124.9022  1248.8828  1802.5349     1.0000  -251.7339 -1208.0673 -2375.7192     1.0000   438.3290  1303.6057  2716.8984     1.0000  -500.0953 -1071.1270 -2159.4622     1.0000   437.6077  1431.6351  1922.6189     1.0000  -188.2856  -921.2640  -593.9362     1.0000  -124.2960   960.2724   589.3693     1.0000   127.4505  -448.6529   454.0634     1.0000   183.3575  1422.9629  1378.7744     1.0000  -435.8330  -932.9657  -906.4565     1.0000   200.3992  1137.6704  2963.8989     1.0000   349.6258  1583.5890  3764.0178     1.0000
 -194.5701   -53.9611   214.8930     1.0000    78.6461   286.2818  -731.7599     1.0000  -140.0705    15.2609    23.1942     1.0000   244.6437   -41.1445    14.0815     1.0000  -279.3212     7.5350    23.4826     1.0000   279.3212   -14.4505     7.8206     1.0000  -279.3212    11.9975    17.0266     1.0000   279.3212     4.8261    26.2588     1.0000  -279.3212   -58.2837   -12.1189     1.0000   279.3212   117.3302    60.9782     1.0000  -244.0112   -91.8586   -20.0015     1.0000   103.6068    22.7681    35.3225     1.0000   105.8272    79.6935    30.3185     1.0000  -244.7444  -101.2368    15.4353     1.0000   244.1473    67.1812    -4.2882     1.0000  -104.0650    46.9237   112.2297     1.0000   -70.2513   -87.6720   -79.3672     1.0000    69.6288    60.1626    89.8462     1.0000   104.9862    14.6880    19.7829     1.0000  -244.4459   -43.7704    14.8199     1.0000   244.4927    39.4648    27.3402     1.0000  -139.8988     6.0645    49.4819     1.0000    35.0672   -57.1664   -12.0635     1.0000    -0.0000    66.4079    36.3474     1.0000    34.5695   -25.2296    62.3441     1.0000  -138.9042   -65.6436   -71.2126     1.0000   209.5481    85.0566   120.9569     1.0000  -140.6566  -117.8281  -125.4218     1.0000    35.4427   194.1666   247.2568     1.0000    -0.0000  -345.1839  -336.6982     1.0000    -0.0000   398.8264   445.2330     1.0000    -0.0000  -416.6626  -554.5381     1.0000    34.1809   398.7731   720.5386     1.0000  -103.9993  -459.2873  -804.4788     1.0000    71.3801   330.6234   640.8398     1.0000    68.2629     4.7460  -226.2757     1.0000  -105.5272  -304.2343  -132.5936     1.0000    69.8516   400.6312   332.3547     1.0000  -138.1413  -549.3030  -453.4298     1.0000   209.4485   660.5322   488.9191     1.0000  -141.0405  -522.5073  -257.9062     1.0000    35.5816   332.5899   124.5050     1.0000    -0.0000  -183.7946  -107.5197     1.0000    34.4740    77.7020   349.8397     1.0000  -104.2945   142.7386  -260.5589     1.0000   104.9746  -188.8200   135.5340     1.0000   -69.9651   276.0982   477.1981     1.0000   104.6493  -203.8250  -525.7513     1.0000  -104.5215   408.9372   873.6635     1.0000    34.6825  -333.5668  -465.7971     1.0000    -0.0000   361.2548   685.9614     1.0000    -0.0000   102.0671   210.1104     1.0000    -0.0000   -94.2952     4.4266     1.0000    36.2964   421.4453   943.0552     1.0000  -106.0829   -53.2702   123.1827     1.0000    65.8544    87.4897   287.5491     1.0000    73.6933   775.8407  1842.1014     1.0000   -64.4237  -161.1020  -279.8389     1.0000   -75.0312   151.0846   924.7728     1.0000    62.7741   883.9409  2400.2356     1.0000    76.5409    87.6341   284.4559     1.0000    17.9260   725.7124  2306.9768     1.0000   -37.8885   413.2899   969.7418     1.0000   -57.3016   366.9877   693.5598     1.0000
  274.1926   136.0595   -87.3715     1.0000  -252.5004  -125.7516   404.3919     1.0000   168.3151    83.3244    11.7816     1.0000   -56.1465  -101.8797   -14.1662     1.0000     0.0000    77.4789    16.4157     1.0000   -55.8156   -70.4296   -10.2070     1.0000   223.7366    14.1154   -13.1751     1.0000  -392.2553    54.9276    24.1895     1.0000   393.0019   -94.8476   -30.6754     1.0000  -169.5990    70.8267    11.7951     1.0000  -166.8203  -108.4301   -26.7390     1.0000   336.5253   162.0510    38.6107     1.0000  -225.4168  -185.7491  -102.6368     1.0000    56.6380   231.9885   178.9836     1.0000    55.4964  -331.6419  -253.9224     1.0000  -167.6565   389.2170   245.0890     1.0000   168.8516  -387.3672  -249.9397     1.0000   -56.6864   316.9070   171.7704     1.0000   -55.4889  -127.7552    26.3084     1.0000   223.1485   -91.1938  -230.3977     1.0000  -336.4790   108.8833   175.6694     1.0000   169.9177   103.4087    89.2176     1.0000   166.6227  -214.6402  -391.2238     1.0000  -392.0552   149.2565   536.7348     1.0000   393.0386  -160.4630  -541.6245     1.0000  -169.5490   367.4768   518.2166     1.0000  -167.0305  -522.9220  -542.1155     1.0000   392.2042   432.8744   506.3866     1.0000  -448.6633  -167.4927  -354.7912     1.0000   392.7958    -9.7098   161.1123     1.0000  -224.7028   217.9216   232.1166     1.0000   112.2328  -421.9239  -682.0773     1.0000  -224.2279   262.7719   747.1431     1.0000   392.5652   217.2076  -377.2588     1.0000  -392.4398  -439.4455    29.0766     1.0000   223.9685   454.8513   353.7626     1.0000   -55.8583  -472.3694  -736.9242     1.0000     0.0000   444.3258   952.0541     1.0000   -56.5871  -285.0549  -774.3737     1.0000   225.4368   153.3921   683.5201     1.0000  -336.3885   -59.0608  -705.8452     1.0000   222.8058   160.7298   877.8078     1.0000  -112.2859  -446.0581  -862.7655     1.0000   169.1736   702.1454   550.4411     1.0000  -109.8166  -505.3979   301.8336     1.0000  -114.4906    95.0317  -826.1525     1.0000   166.8192   259.7041   888.3522     1.0000  -112.3183  -456.6149  -598.9528     1.0000   227.5797   537.4503   666.6929     1.0000  -336.3296  -389.1982  -574.0309     1.0000   220.5229   205.3851   331.5702     1.0000   -54.1231   154.8770   687.0599     1.0000   -58.3818  -794.8547 -1990.1019     1.0000   170.4965  1502.0563  3023.8450     1.0000  -106.9339 -1161.0259 -1887.0577     1.0000  -176.1451  -267.2093  -530.3922     1.0000   395.2971  1634.5520  2916.9424     1.0000  -448.6633 -2026.2847 -3679.9094     1.0000   448.6633  1968.2499  3935.1316     1.0000  -389.0968 -1292.8865 -2941.2678     1.0000   217.2925    36.5345  1198.4878     1.0000  -112.4696   831.3311   671.9382     1.0000    37.2028  -269.1963  -265.7276     1.0000    78.0141  -569.3566  -524.6951     1.0000
 -201.2386  -230.0868   408.6269     1.0000   249.9942   554.7520 -1383.6176     1.0000  -110.7023   -69.5562    46.4404     1.0000     0.0000  -103.5776    25.2546     1.0000     0.0000   -17.7776    31.4995     1.0000     0.0000   -56.3537     1.3091     1.0000     0.0000    -7.0514    28.4631     1.0000     0.0000   -49.4863     1.1296     1.0000     0.0000     4.4202     1.2827     1.0000     0.0000    15.9037    25.5227     1.0000     0.0000   -23.8377    -8.9257     1.0000     0.0000    45.2013    38.0579     1.0000     0.0000   -35.0453   -21.3175     1.0000     0.0000    56.8272    63.0535     1.0000     0.0000    43.8211    13.3098     1.0000     0.0000   -37.9435    -0.5616     1.0000     0.0000   -10.0346    44.3213     1.0000     0.0000   225.8504   100.3673     1.0000     0.0000  -279.7463   -94.8536     1.0000     0.0000   356.8442   237.7742     1.0000     0.0000  -321.3429  -191.7583     1.0000     0.0000   388.4880   292.1641     1.0000     0.0000  -312.7538  -121.0132     1.0000     0.0000   125.2195    59.8962     1.0000    56.0620   200.8697   231.6576     1.0000  -223.3908  -411.2449  -281.1609     1.0000   334.3572   486.4976   434.8619     1.0000  -222.7924  -412.1707  -326.9810     1.0000   111.2674   394.6332   388.2650     1.0000  -222.2765  -553.5247  -327.5276     1.0000   334.3482   662.4062   404.8666     1.0000  -223.8756  -653.2616  -326.6756     1.0000    56.2986   397.4574   260.0049     1.0000     0.0000   -58.1587     0.4671     1.0000     0.0000  -309.2356  -104.9057     1.0000     0.0000   310.7029    33.9895     1.0000     0.0000  -325.4860   -80.6089     1.0000     0.0000   483.3231   432.6895     1.0000     0.0000  -707.5342  -606.2783     1.0000     0.0000   519.0578   364.7782     1.0000    54.4056  -214.4326   -82.7651     1.0000  -220.1848  -320.1193  -290.7859     1.0000   334.1912   810.5240   768.4713     1.0000  -225.3948  -832.4281  -793.7873     1.0000    56.9811   453.7722   400.9686     1.0000     0.0000  -305.6652  -314.6576     1.0000     0.0000   472.4833   879.0450     1.0000    54.7849  -364.6878  -961.4940     1.0000  -221.1045   175.8353   723.7323     1.0000   334.0358   -66.0779  -315.2656     1.0000  -223.8091   458.7838   868.8881     1.0000    56.0918  -406.5860  -684.9718     1.0000     0.0000   491.0651   941.1627     1.0000     0.0000  -273.1827  -582.4764     1.0000    56.4547   715.0768  1777.3547     1.0000  -224.6614  -390.1873 -1088.1165     1.0000   333.7967   572.8784  1402.0493     1.0000  -219.3414   219.3409   712.9680     1.0000    53.7540    78.5989  -102.5323     1.0000     0.0000   821.8749  2475.3184     1.0000     0.0000   -25.2326  -677.8137     1.0000     0.0000   853.8646  2887.2112     1.0000     0.0000   283.0999    -3.9284     1.0000     0.0000   165.4865  -729.7839     1.0000
  -88.9051  -834.0144  -901.1383     1.0000   109.5339 -3136.1121  5146.8159     1.0000   -49.2904 -1475.1863   229.2383     1.0000   -44.8568 -1301.6334   -31.2392     1.0000   184.7648 -1083.5851  -244.8749     1.0000  -288.6891  -905.0540  -430.9501     1.0000   159.7723  -622.2067  -547.6582     1.0000   126.7769  -479.3867  -647.7002     1.0000  -288.2354  -247.1068  -684.1512     1.0000   205.8075   -55.1317  -710.3101     1.0000   -55.3463    74.7940  -684.2402     1.0000   -40.5857   240.8886  -627.3770     1.0000   176.3158   354.0084  -605.3481     1.0000  -287.6373   404.0642  -501.8994     1.0000   208.5946   583.8145  -364.1487     1.0000   -56.6809   353.6627  -503.2153     1.0000     0.0000   977.1439    54.9680     1.0000   -40.0371    38.4050  -553.5767     1.0000   175.4525  1226.8514   349.1895     1.0000  -287.3093   -73.9660  -435.1796     1.0000   167.8485  1222.2634   443.2111     1.0000   119.9966  -123.4250  -234.3386     1.0000  -287.2867  1108.1825   500.8304     1.0000   206.8987  -219.0692  -210.3752     1.0000   -55.5580  1087.5742   650.8123     1.0000     0.0000  -354.1205  -230.2197     1.0000     0.0000  1040.1709   672.8970     1.0000     0.0000  -474.7404  -225.1877     1.0000     0.0000   865.7558   714.5300     1.0000     0.0000  -390.0743  -315.3630     1.0000     0.0000   662.6233   723.7377     1.0000   -43.8208  -454.9923  -354.8325     1.0000   183.9183   759.1778   712.9025     1.0000  -287.5686  -756.0594  -539.3312     1.0000   198.5524   799.7441   804.1047     1.0000   -51.0880  -698.1529  -663.7540     1.0000     0.0000   560.5349   814.4803     1.0000   -46.2669  -630.6730  -873.4265     1.0000   188.9480   762.4356   901.3824     1.0000  -287.7420 -1119.7120 -1014.1448     1.0000   193.7178   871.3144   724.6368     1.0000   -48.6632  -913.4344  -796.6273     1.0000   -48.0367   639.6388   378.5694     1.0000   144.0960  -849.7434  -729.8925     1.0000  -143.4941   648.0144   276.9685     1.0000    47.4668  -985.4863  -931.9124     1.0000    48.9943   766.8179   749.7983     1.0000  -145.0485 -1049.2886 -1572.5331     1.0000   142.8203   775.2151   846.8401     1.0000   -46.8112  -805.1470 -1195.8899     1.0000   -49.3215   586.5150   614.2937     1.0000   194.6574  -585.4177  -917.0927     1.0000  -288.2143   511.7492   509.4537     1.0000   189.8988  -480.0816  -642.6816     1.0000   -95.8424   897.4169  1045.5386     1.0000   193.4369  -394.2101  -843.3563     1.0000  -336.6767   675.8740  1883.3561     1.0000   384.1806   268.8831  -525.0090     1.0000  -384.1806   560.9197  2155.4180     1.0000   337.4177   516.8533   244.4970     1.0000  -149.0814   920.6495  2768.7668     1.0000  -183.1096   305.3604   538.1797     1.0000   160.4186  1497.3768  4864.7124     1.0000   235.3778  1619.7722  5459.9111     1.0000
 -730.4655  -344.9083   391.1309     1.0000   537.1612   334.5782 -1269.4169     1.0000  -477.8026  -202.8166    56.2379     1.0000   416.9573    36.2012    61.5981     1.0000  -236.3606  -207.5912    16.0382     1.0000    58.3193    57.5543    41.2633     1.0000     0.0000  -173.1581    -8.3263     1.0000    61.9243    21.2631    13.3171     1.0000  -181.3415   -40.3633     9.0846     1.0000   114.2213  -118.8137   -57.2955     1.0000   187.0817    45.9396    41.0426     1.0000  -358.1312   -51.3587   -71.7842     1.0000   170.1283     2.5290    39.4246     1.0000   125.4687  -129.1890  -129.2667     1.0000  -175.8634   164.2205   101.7534     1.0000   119.6254  -191.3190   -99.2923     1.0000  -182.4807   120.6446   -90.3530     1.0000   112.4144   -82.8063   118.8724     1.0000   189.5647    40.0254  -138.6973     1.0000  -421.5279   -23.5112    11.8780     1.0000   414.4909     6.2604    11.6506     1.0000  -168.5229    64.4200  -146.7379     1.0000  -126.4134    36.2058   267.5078     1.0000   112.3703  -284.5269  -467.7822     1.0000   189.5494   434.2852   496.4927     1.0000  -358.3038  -251.5926  -373.0204     1.0000   169.0535    52.0157   185.7092     1.0000   189.0758   213.8152   -78.8475     1.0000  -421.3004  -353.0753    76.6239     1.0000   414.9337   479.3295   -18.7395     1.0000  -170.0122  -437.0797  -110.4057     1.0000  -125.3995   476.8754   429.9133     1.0000   113.7770  -625.7928  -680.1594     1.0000   187.4362  1033.4373   894.4596     1.0000  -420.7351 -1016.9837  -547.3100     1.0000   477.8026   418.7511  -161.1468     1.0000  -477.8026   474.2234   956.9902     1.0000   477.8026  -832.9449 -1066.7773     1.0000  -477.8026   789.2260  1001.8585     1.0000   477.8026  -609.0607  -774.3735     1.0000  -416.2798   643.4507   773.4957     1.0000   174.0877  -790.5578  -679.6531     1.0000   122.7224   978.0244   779.6931     1.0000  -116.6938  -625.6661  -380.1939     1.0000  -183.1400  -317.0467  -347.1305     1.0000   419.3036  1151.5138  1342.1013     1.0000  -477.8026 -1217.9453 -1946.3589     1.0000   477.8026   953.4735  2285.6191     1.0000  -477.8026  -885.9213 -1932.0372     1.0000   477.8026   865.8009  1378.0668     1.0000  -417.6165  -563.8294  -699.7986     1.0000   238.0989    68.8628     1.0788     1.0000  -119.3423   229.0304   709.7178     1.0000   179.4088  -403.7315  -901.3290     1.0000  -119.3796   655.3058   956.2877     1.0000  -179.1954  -934.3040 -1143.8828     1.0000   358.4324   933.2287  1375.4965     1.0000  -179.7196  -807.2450 -1430.9656     1.0000  -119.0379   646.5477  1266.8833     1.0000   120.0935  -531.9957  -488.3805     1.0000   118.8059   308.5506  -671.6475     1.0000   -60.9080    66.7825  1230.5747     1.0000   -45.2996  -245.6527  -918.4869     1.0000   -41.1693  -322.2060 -1449.1670     1.0000
 -151.8647  -128.6979  -617.0670     1.0000   283.1032 -1430.9121  2643.3340     1.0000   -65.1943  -410.4323    24.1336     1.0000  -307.5593  -331.8224   -27.9960     1.0000   621.3693  -271.8182   -77.2200     1.0000  -630.6367  -230.5510  -121.0490     1.0000   380.7105  -187.8559  -129.6166     1.0000  -368.1494  -114.7977  -187.0739     1.0000   559.2161   -46.0466  -139.5296     1.0000  -332.2945   -47.7067  -208.9862     1.0000  -350.3589   -85.0607  -162.9837     1.0000   808.3701   173.8414  -148.6143     1.0000  -642.8462   -58.1528  -202.9526     1.0000   143.2909    96.3506  -111.5388     1.0000    66.9390   119.3322  -147.3226     1.0000   115.5982   125.1992  -100.6132     1.0000  -192.0713    97.9109   -76.3987     1.0000    67.2024   -58.4396  -233.7357     1.0000    58.1198   630.5073   324.5620     1.0000  -299.4209  -763.7787  -704.5510     1.0000   616.2295  1289.6904   789.7460     1.0000  -574.6548 -1143.8489  -864.7025     1.0000    82.6534  1233.1428   741.9536     1.0000   367.1356  -878.7909  -651.2698     1.0000  -500.0953  1018.5840   550.3242     1.0000   500.0953  -851.3946  -488.0744     1.0000  -500.0954   977.2994   552.8101     1.0000   500.0953  -768.3730  -673.5107     1.0000  -440.1070   858.9250   818.9154     1.0000   254.8888  -897.2374  -797.8157     1.0000  -125.3262  1118.1025   782.3205     1.0000   185.4990 -1052.2593  -791.7867     1.0000  -189.0107  1077.6766   841.5622     1.0000   125.3057 -1101.9442  -899.9006     1.0000  -186.3141  1093.7633   950.2743     1.0000   188.2266 -1027.0469 -1165.1383     1.0000  -125.2780   857.5907  1303.8960     1.0000   187.0948  -751.6015 -1491.4661     1.0000  -124.9619   747.2566  1361.0222     1.0000  -187.8449  -998.1833 -1391.1951     1.0000   374.8672  1043.0785  1098.9537     1.0000  -248.9531 -1175.1591 -1222.0153     1.0000    61.8775  1065.1351  1218.2631     1.0000    63.4656 -1003.4244 -1642.5170     1.0000  -252.0834   744.4113  1233.2925     1.0000   374.9624  -867.9011 -1086.2738     1.0000  -247.6160   918.8802   803.5386     1.0000   125.0802  -996.4138 -1358.8276     1.0000  -188.8333   826.8447  1229.5385     1.0000   122.4305  -923.6808 -1193.7770     1.0000   127.5923  1093.0010   824.3836     1.0000  -122.7212 -1123.4015 -1078.0001     1.0000  -190.8300  1107.5482  1366.5703     1.0000   375.2346  -957.5195 -1909.9159     1.0000  -185.4258  1220.1193  2585.0310     1.0000  -126.2942 -1193.7827 -2455.7544     1.0000   124.8695  1393.4515  2213.5200     1.0000   187.4047  -652.9067  -677.8992     1.0000  -375.4712   775.3646   643.5712     1.0000   251.8501  -360.2353   323.6985     1.0000   -63.6583  1154.7538  1400.6592     1.0000   -60.3178  -425.7553  -730.2856     1.0000    50.5896   903.6090  2860.9509     1.0000    76.0817  1177.2327  3600.5852     1.0000
  214.2737   -35.0316   216.1501     1.0000  -157.1490   277.2749  -732.7927     1.0000   139.6673    29.1453    22.6089     1.0000  -104.3892   -65.4069    13.3461     1.0000    69.8789    49.8200    22.4894     1.0000  -140.4926   -80.9294     2.7772     1.0000   209.4650    88.3561    25.7680     1.0000  -138.7362   -52.5695    16.4942     1.0000    34.4509   -18.4386    -7.4053     1.0000    -0.0000    82.8354    52.9281     1.0000    -0.0000   -56.5400    -7.7466     1.0000    -0.0000     5.8862    25.4224     1.0000    -0.0000    44.8146    25.1516     1.0000    35.2694    -2.9248    33.7599     1.0000  -140.3267   -69.7500   -27.8142     1.0000   209.5383   170.1102   121.4882     1.0000  -139.1888  -145.5626   -63.0153     1.0000    69.7739   101.1981    71.1743     1.0000  -139.9050   -88.4894    10.0995     1.0000   244.4975    99.8724    52.8748     1.0000  -279.3212   -67.3690   -26.6981     1.0000   279.3212    66.5424   112.4745     1.0000  -244.5715   -88.3467   -71.2002     1.0000   140.0574    55.9034    78.9842     1.0000   -69.7672    -3.9430    30.9501     1.0000   104.4487   -14.8092   -19.9251     1.0000   -70.6637     1.0524    63.5932     1.0000  -103.4344  -119.7002  -101.3566     1.0000   243.9306   317.8929   267.0441     1.0000  -244.9789  -519.9227  -371.1601     1.0000   140.8571   522.4731   446.9446     1.0000   -69.7988  -455.8159  -497.5789     1.0000   104.0828   393.6000   638.7289     1.0000  -105.4558  -400.8819  -685.2500     1.0000    35.6287   252.3822   512.3694     1.0000    -0.0000    24.0462  -182.1811     1.0000    -0.0000  -338.6923   -86.7109     1.0000    -0.0000   543.9938   265.7924     1.0000    -0.0000  -701.8268  -363.8022     1.0000    -0.0000   752.8976   404.5786     1.0000    34.3062  -576.6818  -210.6837     1.0000  -104.1250   307.5344    80.1064     1.0000   105.2287  -104.5354   -55.2931     1.0000   -69.9206   -20.6253   292.9333     1.0000   104.3464   368.4325  -100.8468     1.0000  -104.9231  -483.7538   -55.3133     1.0000    35.0856   445.1455   555.6063     1.0000    35.0307  -171.5899  -494.8149     1.0000  -104.8515   211.0784   792.4803     1.0000   104.2822  -135.5994  -344.7371     1.0000   -34.4446   332.8644   557.5270     1.0000   -35.8259   -36.7618   284.3568     1.0000   141.7069   148.4697   145.2081     1.0000  -245.5484   112.8065   607.6533     1.0000   242.6758   294.1335   505.3653     1.0000  -135.9408  -111.4062    94.5965     1.0000    70.2345   814.6068  1851.9802     1.0000  -144.7226  -354.6502  -331.2738     1.0000   208.9856   552.7728  1137.6693     1.0000   -94.5487   694.3428  2388.0388     1.0000  -115.6108  -115.0519   -25.9142     1.0000   248.2407   990.2271  2543.0464     1.0000   -82.1478   363.7686   972.6475     1.0000  -179.9222   227.5663   633.0672     1.0000
  204.3905   136.5080   -87.4004     1.0000  -252.5478  -123.9993   404.6654     1.0000   112.1691    83.8971    12.4226     1.0000   168.1716  -107.1298   -13.6176     1.0000  -336.5654    85.3289    15.4388     1.0000   168.8018   -68.6865    -5.2393     1.0000   111.7540    -8.4841   -22.2917     1.0000  -168.5640    87.3208    37.9765     1.0000    56.3962  -111.9334   -40.4779     1.0000     0.0000    55.2238    12.2738     1.0000     0.0000   -66.5858   -17.5637     1.0000    55.6184   140.1704    31.6777     1.0000  -167.7796  -217.9818   -93.8392     1.0000   113.1865   261.4682   155.4019     1.0000   111.1405  -335.9299  -227.7223     1.0000  -168.7843   456.1349   248.2315     1.0000   112.1640  -503.8599  -265.7691     1.0000  -223.2526   337.9454   162.6530     1.0000   392.0411    15.2740    86.0369     1.0000  -393.1009  -350.0300  -354.5887     1.0000   225.3621   390.2928   320.0385     1.0000  -112.1884  -114.5293    25.3697     1.0000   223.3828  -102.0089  -432.7296     1.0000  -336.4657   148.7398   635.0715     1.0000   225.1606  -216.7487  -653.3724     1.0000   -56.4795   340.1572   574.9911     1.0000   -55.7710  -382.9954  -486.2020     1.0000   223.7535   376.0681   450.6000     1.0000  -392.3165  -307.1987  -438.3237     1.0000   448.6633   158.5924   357.4666     1.0000  -392.6703   217.9180     8.8000     1.0000   168.3871  -682.0648  -536.8314     1.0000   112.1174   798.1623   754.6312     1.0000  -111.9203  -389.5073  -401.3173     1.0000  -112.4110   -72.6251   -47.5723     1.0000   167.9626   363.4756   415.3259     1.0000   -55.7952  -472.4547  -623.9034     1.0000   -56.5533   401.9592   611.7775     1.0000   168.7147  -116.1912  -283.4231     1.0000  -110.8296   -41.6118   272.8193     1.0000  -113.4940  -118.0663  -582.0262     1.0000   167.3663   513.0314   959.3436     1.0000  -112.2869  -837.7235  -860.0362     1.0000   226.4370   981.4703   495.4173     1.0000  -336.3640  -729.1169    74.8676     1.0000   164.2921   152.6404  -423.7452     1.0000   114.8628   583.5892   804.5910     1.0000  -166.6208  -886.4809  -793.1277     1.0000   112.3277   648.9698   788.2466     1.0000  -227.9829  -346.3991  -710.8439     1.0000   394.4611   377.2697   667.6193     1.0000  -448.6633  -229.5048   260.1237     1.0000   390.2169  -351.5090 -1669.9537     1.0000  -219.5004  1111.6379  3152.9949     1.0000   112.3830  -939.4600 -2565.0520     1.0000  -229.7957  -321.8295   128.7915     1.0000   395.3589  1753.7511  2825.9309     1.0000  -448.6633 -2369.0913 -4021.9395     1.0000   389.2121  2231.5349  4190.3740     1.0000  -157.8879 -1135.7823 -2746.3674     1.0000  -119.0386  -345.3990   884.2886     1.0000   -15.6755   946.3995   534.5605     1.0000    73.5939  -229.9538  -115.2393     1.0000   100.9511  -547.9046  -291.5827     1.0000
 -772.8623  -192.1333   408.7049     1.0000   875.3441   522.1904 -1383.5604     1.0000  -443.7193   -46.4931    48.9265     1.0000    55.1939  -120.5350    27.0445     1.0000     0.0000    -6.9766    33.7628     1.0000     0.0000   -68.2895     2.6336     1.0000     0.0000     3.6343    29.4829     1.0000     0.0000   -71.2172    -0.2330     1.0000     0.0000    21.7149     6.7170     1.0000     0.0000    15.2758    29.8794     1.0000     0.0000   -23.4523   -22.9473     1.0000     0.0000    25.3903    59.2615     1.0000     0.0000    -8.0845   -32.2474     1.0000     0.0000    42.6331    59.9683     1.0000     0.0000    28.2821    13.2750     1.0000     0.0000   -24.1623    35.5293     1.0000     0.0000   -10.7469   -24.9717     1.0000    56.8430   270.6113   171.3216     1.0000  -224.9912  -404.5371  -142.5526     1.0000   334.3130   513.3881   261.0122     1.0000  -221.0492  -436.3463  -204.8167     1.0000    54.8832   377.4598   302.5589     1.0000     0.0000  -174.5901  -112.2166     1.0000     0.0000   -51.5119    23.7840     1.0000     0.0000   316.2862   270.6924     1.0000    55.8744  -404.1433  -286.3668     1.0000  -223.0159   380.8734   382.0202     1.0000   334.3562  -307.9583  -261.9063     1.0000  -223.1624   310.6076   357.9090     1.0000    55.9467  -435.0802  -305.7532     1.0000     0.0000   505.4696   358.6338     1.0000     0.0000  -516.7527  -301.7502     1.0000     0.0000   313.3008   286.8808     1.0000     0.0000   -60.0036   -17.1932     1.0000     0.0000  -165.5199  -168.3656     1.0000     0.0000   109.8644   112.1872     1.0000     0.0000  -293.5584   -67.0039     1.0000     0.0000   594.5253   293.9022     1.0000     0.0000  -655.4416  -384.5562     1.0000    54.3991   241.7844   195.3906     1.0000  -220.1559   -78.5575  -103.8311     1.0000   388.5766    39.7077  -115.7904     1.0000  -445.6233    58.1315   547.9163     1.0000   391.2111  -127.5370  -625.3087     1.0000  -225.3658    25.2600   357.8789     1.0000    56.9548   -44.8716  -346.1222     1.0000     0.0000   304.1841   906.6877     1.0000     0.0000  -348.7103  -992.6821     1.0000     0.0000   354.4572   733.1749     1.0000     0.0000  -356.0720  -295.1052     1.0000     0.0000   722.9473   870.7120     1.0000     0.0000  -563.0690  -721.0814     1.0000     0.0000   458.3784   993.1223     1.0000     0.0000   -72.1163  -632.7086     1.0000     0.0000   537.2646  1812.0929     1.0000     0.0000  -335.0744 -1030.4449     1.0000     0.0000   630.2610  1178.0033     1.0000     0.0000    56.8123  1058.9512     1.0000    58.1668   336.3904  -478.4296     1.0000  -228.1890   409.7508  2708.6294     1.0000   333.5592   495.8642  -625.3837     1.0000   -95.3598   579.3185  2668.6145     1.0000   -33.7577   304.8371    77.8402     1.0000   -20.1724   265.5863  -564.1797     1.0000
 -324.5738  -858.7300  -901.4883     1.0000   328.5204 -3137.6240  5143.1440     1.0000  -193.7724 -1486.7129   217.5027     1.0000   186.4115 -1270.7786   -38.4760     1.0000  -288.8361 -1127.6432  -259.5094     1.0000   201.1434  -852.2776  -434.6248     1.0000   -53.0307  -642.9174  -561.8152     1.0000     0.0000  -485.0153  -653.6100     1.0000     0.0000  -187.4138  -688.0311     1.0000     0.0000  -101.9616  -718.1160     1.0000     0.0000   105.9309  -688.9304     1.0000   -40.5346   257.5717  -631.9456     1.0000   135.8940   330.2054  -608.0527     1.0000  -151.9901   456.8272  -492.5703     1.0000    56.6045   566.9934  -376.3262     1.0000    39.9726   348.5378  -499.5274     1.0000  -135.2529  1008.5147    53.9367     1.0000   152.1190    10.7275  -538.2712     1.0000   -96.8547  1245.7843   312.9413     1.0000   175.5657    31.5237  -373.8363     1.0000  -287.2842  1052.8596   418.6288     1.0000   207.9457   -56.0215  -270.5974     1.0000   -56.1565  1171.3221   579.2879     1.0000     0.0000  -252.3989  -271.4167     1.0000     0.0000  1083.0604   697.7007     1.0000     0.0000  -352.1774  -257.6203     1.0000     0.0000  1000.2622   689.2113     1.0000   -42.2523  -377.1501  -221.4784     1.0000   180.5607   852.0857   735.5446     1.0000  -287.4340  -522.8344  -357.2200     1.0000   202.0133   788.0991   762.1961     1.0000   -52.8926  -415.8972  -377.0068     1.0000   -44.1964   546.9561   702.7284     1.0000   184.7078  -460.4543  -425.8742     1.0000  -287.5967   571.1918   629.8304     1.0000   197.7613  -596.7850  -536.8541     1.0000   -50.6829   535.2361   766.1840     1.0000     0.0000  -630.6678  -824.9795     1.0000     0.0000   715.7584   807.2244     1.0000     0.0000 -1055.5358  -914.1252     1.0000   -47.3618   917.6072   669.0086     1.0000   191.1158  -960.9948  -738.6046     1.0000  -287.8199   527.6125   304.3403     1.0000   143.5008  -741.2809  -706.8771     1.0000   145.1808   693.3918   357.8443     1.0000  -287.9070 -1100.8923 -1037.5679     1.0000   141.3844   772.1382   702.3167     1.0000   147.0793  -767.1083 -1323.8252     1.0000  -337.2493   288.4921   573.1331     1.0000   334.8853  -367.7708 -1049.5002     1.0000  -140.2162   325.0582   729.6708     1.0000  -147.8776  -621.0281 -1328.3708     1.0000   337.3883   887.4419  1022.8425     1.0000  -335.1575  -856.0876 -1118.8735     1.0000   190.2788   945.8529  1540.9075     1.0000   -47.2404  -323.7871 -1376.1149     1.0000     0.0000   763.0899  2344.6685     1.0000   -47.7870    -6.1539  -932.0062     1.0000   191.1755  1014.7505  2680.3811     1.0000  -288.6805    51.9167  -347.7688     1.0000   195.2264  1114.2938  3010.1343     1.0000  -186.2618   334.8070   736.2518     1.0000   121.4086  1469.5619  4719.1177     1.0000   189.7159  1579.6968  5238.8745     1.0000
 -107.5576  -308.1480   393.0326     1.0000   133.8778   309.9069 -1269.6084     1.0000   -59.3533  -178.5200    59.6325     1.0000     0.0000     1.5072    60.6405     1.0000   -61.0776  -182.1800    19.1327     1.0000   180.5210    39.9752    43.8113     1.0000  -177.2754  -148.3917    -6.0610     1.0000   119.7185    13.1279     6.6314     1.0000  -243.3517   -90.5473    17.6879     1.0000   358.1094   -26.8320   -52.4994     1.0000  -233.6773   -44.3738    27.3300     1.0000   119.6697    17.3978   -54.2459     1.0000  -244.7443   -57.0696    29.3027     1.0000   358.1559   -85.2949  -120.8342     1.0000  -169.6115   181.3717    99.1234     1.0000  -188.8400  -285.4255  -123.6665     1.0000   358.1909   215.4822   -24.9750     1.0000  -232.1248  -101.2167    61.0894     1.0000   119.5874    27.7163  -119.0288     1.0000  -182.5818   -55.4521     4.4094     1.0000   112.3750    34.6469    27.4331     1.0000   126.3232    70.5831  -147.0238     1.0000  -112.4110    78.5710   265.5318     1.0000  -189.5034  -382.9431  -494.8321     1.0000   421.4672   514.7928   534.9847     1.0000  -477.8026  -371.7466  -383.7684     1.0000   477.8026   346.0922   191.1998     1.0000  -477.8026  -250.5063  -123.9886     1.0000   477.8026   170.2641   185.3236     1.0000  -477.8026   -20.7529  -178.3653     1.0000   477.8026  -116.9459    68.7275     1.0000  -477.8026   449.8146   231.1965     1.0000   477.8026  -638.5725  -442.5673     1.0000  -477.8026   793.3672   646.8360     1.0000   415.5140  -663.8239  -358.0294     1.0000  -171.7837   228.7404  -265.9073     1.0000  -186.2717   444.2594  1067.1217     1.0000   420.3443  -713.8154 -1278.6583     1.0000  -477.8026   731.3823  1239.8458     1.0000   416.1685  -651.0455  -919.6299     1.0000  -235.2488   703.4357   823.3618     1.0000    57.9802  -728.4446  -638.8705     1.0000     0.0000   777.3946   686.4186     1.0000    61.0804  -509.2906  -413.5713     1.0000  -241.4596  -194.8875  -136.9926     1.0000   358.4756   925.8223  1006.2289     1.0000  -176.2083 -1033.2402 -1382.7130     1.0000  -181.8733   685.5856  1553.5029     1.0000   358.4740  -436.6728 -1378.0039     1.0000  -177.3604   499.0735  1170.8928     1.0000  -180.7471  -569.5944  -707.0338     1.0000   358.4642   280.9420    10.2167     1.0000  -178.3972   311.0986   868.6102     1.0000  -119.8963  -870.3661 -1237.9696     1.0000   179.1514   936.3262  1162.6814     1.0000   -59.6972  -766.5715  -927.9701     1.0000   -59.5868   666.5908   899.5996     1.0000   179.0328  -714.4751 -1064.7444     1.0000  -179.4513   774.3500  1104.0710     1.0000   119.3998  -588.6733  -242.3312     1.0000  -238.2101   -50.9864 -1213.3290     1.0000   358.3809   310.8850  1594.0886     1.0000  -135.7573  -202.2764  -931.9316     1.0000  -258.1799  -329.0847 -1556.4874     1.0000
 -919.6235  -124.3689  -616.6654     1.0000   846.3292 -1426.0756  2642.0291     1.0000  -565.5489  -402.7045    19.0686     1.0000   253.3874  -343.9973   -32.1999     1.0000  -124.5722  -280.7396   -82.4740     1.0000   244.7502  -188.6757  -124.2158     1.0000  -434.6975  -227.0126  -134.2327     1.0000   441.1050   -69.9244  -186.3752     1.0000  -257.5031   -98.6428  -147.6753     1.0000    66.4309   -25.9036  -213.0681     1.0000     0.0000     8.0901  -153.6609     1.0000     0.0000    23.2746  -164.6427     1.0000    58.0256    47.9618  -196.7098     1.0000  -240.8116    78.0344  -114.7603     1.0000   317.0292   113.9049  -140.7240     1.0000   -76.7108   118.9218  -110.2088     1.0000    -8.9883   201.3150   -66.2534     1.0000  -298.2505  -315.3861  -256.3481     1.0000   325.9474   903.8291   334.0992     1.0000    48.6425  -804.0913  -655.5901     1.0000  -191.7662  1089.2461   698.1060     1.0000    66.8831  -871.7075  -788.9286     1.0000     0.0000  1054.6405   724.5077     1.0000   -58.7942  -821.5298  -685.8699     1.0000   242.7001  1057.6777   630.5086     1.0000  -315.5370  -923.4517  -611.4777     1.0000    12.9040   981.4091   702.0505     1.0000   368.7845  -704.9119  -798.5811     1.0000  -500.0953   770.5270   902.5179     1.0000   439.9027  -693.8021  -855.9132     1.0000  -194.0109   880.1559   857.7767     1.0000  -181.5628  -990.1164  -888.8732     1.0000   374.7794  1109.9844   890.6414     1.0000  -191.5992 -1040.5322  -868.3099     1.0000  -183.9942   967.8719   933.5078     1.0000   374.8055  -929.7578 -1192.4641     1.0000  -189.2522   889.3010  1337.1918     1.0000  -186.3151  -980.6697 -1517.7966     1.0000   374.8388  1041.4340  1296.8639     1.0000  -187.1291 -1052.9575 -1100.8175     1.0000  -125.4438   736.5129   682.5349     1.0000   123.8157  -781.9370  -952.3462     1.0000   189.5087   906.1119  1199.6067     1.0000  -374.9180 -1107.1897 -1761.4242     1.0000   248.0805   968.1975  1400.5024     1.0000   -61.4761 -1024.2417 -1237.0825     1.0000   -63.7316   890.3181   833.1396     1.0000   188.7581  -892.0891 -1245.3894     1.0000  -122.4499   875.5815  1193.7836     1.0000  -191.3454 -1179.2660 -1377.6943     1.0000   375.1126  1448.5858  1040.0776     1.0000  -247.7166 -1498.4622 -1201.3356     1.0000    61.4055  1418.9723  1619.1913     1.0000     0.0000 -1067.0494 -2386.7910     1.0000     0.0000  1051.3462  2946.7017     1.0000     0.0000  -838.3961 -2441.1978     1.0000    62.5581  1180.1396  2230.1440     1.0000  -187.6065  -921.5118 -1222.9877     1.0000   126.4043  1281.6654  1353.7590     1.0000   123.6354  -545.3837    79.9210     1.0000  -189.1663  1011.8677  1233.7937     1.0000   -56.4247  -457.5587  -487.1760     1.0000   101.2011  1012.9146  2762.3433     1.0000   136.3627  1317.2249  3420.9824     1.0000
  126.5169   -36.8161   217.4097     1.0000  -156.9267   275.6283  -733.2585     1.0000    69.4970    26.8621    24.8797     1.0000    35.2169   -63.8482    12.4346     1.0000  -140.3167    40.1042    24.8988     1.0000   209.4536   -46.0697     4.8023     1.0000  -103.5381    41.7926    24.5134     1.0000  -105.9874   -42.5362    12.8734     1.0000   209.4851    12.4636     4.1512     1.0000  -103.4777    54.4389    47.0964     1.0000   -70.6693   -59.9644   -14.9860     1.0000   104.3593    14.0499    41.9938     1.0000   -34.5350    53.2307    10.1344     1.0000     0.0000   -22.4522    43.7967     1.0000   -35.1878   -48.5718   -38.5308     1.0000   140.1597   166.3580   148.0648     1.0000  -209.5425  -162.5643  -101.8906     1.0000   104.3385    61.6378    92.5124     1.0000    70.0644    27.5556    19.0515     1.0000  -104.7485    18.7960    30.8901     1.0000    34.9193   -73.0255    -5.2930     1.0000    34.7837    83.7236    90.3103     1.0000  -139.3330  -104.4324   -61.3043     1.0000   209.5544   120.0389    86.6232     1.0000  -105.6526   -68.7842    35.6898     1.0000   -69.1806   -32.6658   -55.6797     1.0000   105.1896    67.6217    77.8974     1.0000   -35.3604  -152.0281   -63.9873     1.0000     0.0000   247.2658   212.5747     1.0000   -34.3185  -382.6914  -339.0963     1.0000   104.1405   493.4609   463.0709     1.0000   -71.1830  -546.2414  -536.1484     1.0000  -102.6752   398.9034   614.7551     1.0000   209.5060  -272.4576  -631.6580     1.0000  -106.9654   147.7289   544.9963     1.0000  -102.4969   -28.9640  -290.3297     1.0000   209.4794  -128.5687   -19.5975     1.0000  -141.1464   298.0910   269.6531     1.0000    69.8621  -495.0013  -347.3136     1.0000  -138.2721   510.8581   310.9715     1.0000   209.4370  -342.6262  -116.0446     1.0000  -140.8574   316.6886    64.8380     1.0000    35.4821  -367.0101   -79.8620     1.0000    -0.0000   320.2813   347.6992     1.0000    -0.0000    19.4036  -274.4543     1.0000    -0.0000  -238.4679   172.0720     1.0000    -0.0000   409.9594   468.2069     1.0000    -0.0000  -272.7121  -592.6752     1.0000    -0.0000   340.0457   981.5717     1.0000    35.3832  -192.8882  -460.7812     1.0000  -140.7916   187.1929   478.9860     1.0000   209.2548   349.7978   530.7756     1.0000  -137.6207  -339.5278  -203.8266     1.0000    70.1227   601.0491  1062.4045     1.0000  -106.1315  -155.4452    23.0160     1.0000   102.7143   159.7364   436.9882     1.0000   -70.2355   672.6635  1640.2977     1.0000   107.0389   -96.0817   -67.4421     1.0000  -101.6015   237.6076   890.6199     1.0000    31.8801   819.1670  2444.0171     1.0000    -0.0000    57.1615   202.8795     1.0000    39.4677   692.4493  2084.5862     1.0000   -19.6815   455.1055  1140.6179     1.0000   -37.8085   433.3464   987.7831     1.0000
  101.9984   126.6295   -87.5158     1.0000  -126.3381  -122.6837   403.8754     1.0000    56.0649    76.4034    11.5758     1.0000     0.0000   -99.7132   -12.2538     1.0000     0.0000    97.5568    11.7126     1.0000   -55.8226   -93.7218    -1.6973     1.0000   167.9850    -2.5115   -28.8292     1.0000  -112.9011   122.3241    49.4452     1.0000  -111.4281  -167.8932   -60.0918     1.0000   168.7021    97.5175    24.3252     1.0000  -112.1335   -94.3441   -11.1414     1.0000   223.3286   167.1188    16.5741     1.0000  -336.5188  -229.7732   -85.7700     1.0000   225.4298   260.4652   157.8829     1.0000   -56.6414  -307.9089  -241.8520     1.0000     0.0000   344.5409   254.8524     1.0000     0.0000  -355.4703  -258.8498     1.0000     0.0000   278.1778   183.8029     1.0000     0.0000   -43.7844    -8.0992     1.0000   -55.5227  -226.4972  -211.6947     1.0000   167.6833   289.9181   203.7826     1.0000  -113.2125   -23.9008    87.3572     1.0000  -111.1143  -292.6944  -483.6147     1.0000   113.0979   357.8284   661.9323     1.0000   166.8837  -262.9566  -587.4802     1.0000  -392.1496   224.2672   444.5020     1.0000   448.6633  -152.9112  -381.4061     1.0000  -448.6633    55.3286   325.4813     1.0000   392.8197   -10.7578  -170.2116     1.0000  -224.7540     8.0107   -17.1101     1.0000   112.2296   248.5549   361.6199     1.0000  -224.1635  -681.8464  -816.7190     1.0000   392.5314   854.3900   950.5513     1.0000  -448.6633  -651.9017  -566.5578     1.0000   448.6633   376.5099   167.2875     1.0000  -392.3131    28.3215   230.4435     1.0000   223.7102  -379.8473  -572.3541     1.0000  -112.2612   402.0437   668.5735     1.0000   225.3288  -172.7961  -423.9681     1.0000  -393.1277    25.9729   349.1001     1.0000   448.6633    15.0988  -308.4023     1.0000  -391.7094   214.6562   410.1457     1.0000   165.4146  -570.9258  -437.2661     1.0000   171.3071   757.3292   329.5232     1.0000  -393.6755  -612.5374   143.4747     1.0000   448.6633   354.7758  -359.5402     1.0000  -391.0916   118.5902   428.9619     1.0000   163.5343  -579.2194  -277.6899     1.0000   173.2116   704.2429   503.0621     1.0000  -394.3173  -499.6062  -687.8510     1.0000   390.5250   311.5981   716.6774     1.0000  -161.8212   224.8873   314.3038     1.0000  -116.4896 -1019.8785 -1770.9410     1.0000   165.7325  1548.2382  2968.9407     1.0000   -53.6169 -1108.2765 -2237.9404     1.0000   -58.9342  -259.2352   279.6704     1.0000   171.0234  1857.7491  1996.8177     1.0000  -105.7798 -2390.2395 -2666.6699     1.0000  -118.3745  1967.9320  2902.8381     1.0000   164.6998 -1084.0463 -2480.7576     1.0000   -52.6362   136.8598  1616.9937     1.0000  -180.0398   349.6555  -239.0869     1.0000   111.3326   -61.1557    78.8248     1.0000   193.1699  -171.3566   164.0054     1.0000
   70.0135  -184.4374   408.5066     1.0000     0.0000   514.0906 -1382.0941     1.0000    56.2108   -41.9923    49.1013     1.0000  -224.0431  -121.2775    25.7939     1.0000   334.0371   -16.3177    34.1945     1.0000  -220.8816   -35.6474     4.5791     1.0000    54.6757   -37.8141    26.4557     1.0000     0.0000   -41.1694     3.8797     1.0000     0.0000    23.0720     3.8113     1.0000     0.0000   -19.4112    28.4221     1.0000     0.0000    30.6941   -15.1080     1.0000     0.0000   -35.8047    46.3744     1.0000     0.0000    40.1857   -18.0108     1.0000     0.0000     7.3669    54.2177     1.0000     0.0000    72.9564    15.7404     1.0000     0.0000   -51.4964    22.1116     1.0000    56.9121   -10.6087     0.6256     1.0000  -225.1392   207.1917   148.2084     1.0000   334.3020  -234.0185  -126.1317     1.0000  -220.8637   341.2311   248.1693     1.0000   111.2991  -350.0608  -183.8271     1.0000  -224.3058   338.4534   264.4204     1.0000   334.3409  -141.9238   -78.3503     1.0000  -221.8253   -67.5709    24.2067     1.0000    55.2775   311.5056   235.5291     1.0000     0.0000  -387.8101  -231.6585     1.0000     0.0000   384.8986   321.9167     1.0000     0.0000  -379.1616  -196.4071     1.0000     0.0000   395.7906   278.4161     1.0000     0.0000  -449.4842  -236.5296     1.0000     0.0000   473.8043   327.7723     1.0000    55.0497  -461.7053  -287.5185     1.0000  -221.3782   173.2327   257.8715     1.0000   334.3234   108.5491   -42.5938     1.0000  -224.6936  -222.5119   -29.4472     1.0000    56.6976    81.7502   -27.8523     1.0000     0.0000  -265.7680   -64.9979     1.0000     0.0000   593.8220   404.8515     1.0000     0.0000  -798.6721  -489.8151     1.0000     0.0000   530.9306   182.0292     1.0000     0.0000  -226.6009    16.0204     1.0000     0.0000  -124.1643  -227.6332     1.0000     0.0000   391.8015   631.5047     1.0000     0.0000  -462.4541  -735.9324     1.0000     0.0000   304.5600   470.1279     1.0000     0.0000  -252.8202  -457.6148     1.0000     0.0000   439.0283  1045.5179     1.0000     0.0000  -456.6165 -1154.3483     1.0000    54.8968   453.2746   974.4806     1.0000  -221.3586  -400.0953  -648.1849     1.0000   334.0070   693.9819  1169.0737     1.0000  -223.4328  -497.7113  -748.3351     1.0000    55.8869   481.8940   802.2747     1.0000     0.0000  -259.9767  -547.9670     1.0000     0.0000   706.8869  1977.2992     1.0000     0.0000  -218.9228 -1296.3044     1.0000     0.0000   212.3354  1456.4362     1.0000     0.0000   575.1462   758.9500     1.0000     0.0000  -200.2469  -209.7967     1.0000     0.0000  1094.9928  2567.2100     1.0000    59.2753  -215.1387  -554.5085     1.0000  -470.0455   561.5982  2366.6294     1.0000   250.0756   489.7514   240.4395     1.0000   454.1405   516.0311  -269.6186     1.0000
 -324.5713  -858.5026  -901.2903     1.0000   328.5234 -3142.8281  5146.5728     1.0000  -193.7757 -1487.9954   218.0134     1.0000   186.4044 -1275.6470   -38.8899     1.0000  -332.8158 -1118.4087  -259.5521     1.0000   384.1806  -857.6231  -433.8419     1.0000  -341.5642  -667.9585  -565.8397     1.0000   203.8602  -453.2421  -651.9879     1.0000   -54.3839  -203.9416  -689.4770     1.0000     0.0000  -112.1296  -722.3549     1.0000     0.0000   140.4492  -688.1119     1.0000     0.0000   219.5309  -633.0853     1.0000     0.0000   347.8970  -609.1534     1.0000   -40.1349   434.9795  -499.6396     1.0000   135.4336   636.1641  -367.4513     1.0000  -112.2018   264.9964  -508.7808     1.0000  -118.3615  1050.3586    59.5815     1.0000   327.3400    66.2423  -544.8720     1.0000  -384.1806  1097.8191   319.5588     1.0000   384.1806   175.8676  -377.6765     1.0000  -343.8582   999.4624   405.8887     1.0000   167.4661   -40.0994  -245.9795     1.0000    79.7462  1149.8829   577.1332     1.0000  -110.1212  -210.4866  -286.2184     1.0000  -122.1167   983.8773   679.0872     1.0000   328.8828  -198.9831  -193.6898     1.0000  -342.2906   907.3159   637.8618     1.0000   204.4129  -398.7532  -210.0748     1.0000   -54.1796   886.0490   740.9710     1.0000   -42.9796  -481.4988  -369.5242     1.0000   182.1331   784.4131   822.9565     1.0000  -287.4980  -531.2794  -450.4103     1.0000   200.3634   717.5173   733.2906     1.0000   -96.6169  -660.9694  -491.6342     1.0000   185.5317   831.2436   829.8046     1.0000  -333.0435  -861.8751  -801.5118     1.0000   384.1806   726.4971   995.9219     1.0000  -337.9568  -672.1829  -995.9560     1.0000   148.7064   525.2367   902.6799     1.0000   140.1856  -658.9758  -858.9346     1.0000  -335.1125   456.0901   485.4156     1.0000   384.1806  -559.3730  -572.8162     1.0000  -336.1809   253.3723   225.5203     1.0000   143.5449  -580.5319  -661.8475     1.0000   145.1376   597.7706   335.5271     1.0000  -287.9067 -1052.8744 -1035.6746     1.0000   141.4244   762.0841   709.2102     1.0000   147.0405  -792.9591 -1379.3839     1.0000  -288.0153   441.1415   780.8316     1.0000   189.6224  -721.9487 -1355.1548     1.0000   -46.7778   742.5798   875.6288     1.0000   -49.2586  -904.3046 -1264.3910     1.0000   194.4823   990.2225   994.3779     1.0000  -288.2729  -861.2459 -1127.3678     1.0000   141.4923   957.8449  1319.9039     1.0000   146.1568  -282.3660  -858.6698     1.0000  -288.4727   572.2621  1773.6583     1.0000   144.3476   219.1489  -527.9586     1.0000   142.9023   844.7711  2435.0527     1.0000  -288.6794   180.9264  -278.5206     1.0000   149.0983   967.8755  3051.1160     1.0000   137.6564   792.9215   948.3405     1.0000  -119.9490  1145.0243  4501.8545     1.0000  -176.2003  1082.3956  4929.4531     1.0000
  149.7531  -293.8086   394.7018     1.0000    -0.7545   304.0337 -1269.1071     1.0000   120.2006  -168.2470    61.1041     1.0000  -117.3532     1.1278    58.5192     1.0000  -182.6015  -207.8055    19.8070     1.0000   419.4091    97.1200    43.9236     1.0000  -416.1914  -222.5729    -9.9837     1.0000   173.0661    23.6282    11.7140     1.0000   123.6296    26.6085    21.2380     1.0000  -176.6334  -193.6183   -62.2657     1.0000    57.2415    76.9803    32.4104     1.0000     0.0000   -71.7916   -58.9224     1.0000     0.0000    63.3892    45.8324     1.0000    62.8557  -200.1271  -137.1286     1.0000  -245.1912   156.8111    82.2169     1.0000   358.1805  -111.1194   -61.8593     1.0000  -232.2755    43.0260   -84.2509     1.0000    56.4291   -17.0724    78.8577     1.0000     0.0000   -16.8174  -127.0746     1.0000    63.2323    47.1715    55.9293     1.0000  -245.8319  -149.6436   -59.0018     1.0000   358.2544   264.7589   -79.4972     1.0000  -231.9825  -101.1768   232.8018     1.0000   119.5223  -172.7040  -428.2954     1.0000  -182.5551   310.8860   416.4095     1.0000   175.7885  -250.4520  -288.3861     1.0000   -56.4375   270.8959   147.8097     1.0000   -62.9757  -171.4305  -103.4676     1.0000   182.3465    87.6048   162.7404     1.0000  -176.0859   129.7319   -85.8315     1.0000    56.7190  -359.3806  -144.4466     1.0000     0.0000   757.4362   555.4052     1.0000    62.5035 -1011.4993  -812.3740     1.0000  -181.8963  1070.6733   973.4747     1.0000   114.3571  -674.0817  -611.7872     1.0000   186.5833    68.1045   -64.5019     1.0000  -358.4319   676.5359   910.5961     1.0000   172.6010 -1133.4962 -1205.3364     1.0000   123.6994  1357.5651  1292.7852     1.0000  -177.2818 -1234.2704 -1064.9922     1.0000    57.8637  1012.5774   991.3300     1.0000    61.3408  -680.8138  -725.5895     1.0000  -241.9741   408.3382   534.7542     1.0000   358.4720   -87.0493   -86.4016     1.0000  -175.4466  -320.3700  -239.9054     1.0000  -182.6235   638.5955   746.6785     1.0000   358.4757  -618.0781 -1193.4735     1.0000  -176.6434   682.8568  1720.7888     1.0000  -121.0456  -976.2377 -1685.9622     1.0000   118.3449   993.9530  1277.0385     1.0000   120.5509  -533.4582  -454.9374     1.0000  -178.8561   -87.4733  -374.4755     1.0000    59.4039   534.7302   961.4658     1.0000     0.0000  -711.8044  -977.9815     1.0000     0.0000   595.1962   897.1951     1.0000     0.0000  -519.8978  -912.0111     1.0000     0.0000   527.6906  1102.0649     1.0000     0.0000  -642.9766 -1399.7002     1.0000     0.0000   716.8608  1527.1764     1.0000     0.0000  -536.5193  -734.4844     1.0000     0.0000    13.0723  -665.3956     1.0000     0.0000   252.0225  1294.8623     1.0000     0.0000  -215.3440  -922.0346     1.0000     0.0000  -330.6720 -1469.6124     1.0000
 -269.7091  -113.7918  -615.5163     1.0000   140.0970 -1458.8308  2642.8435     1.0000  -186.7850  -400.7555    20.0402     1.0000   310.6058  -313.8145   -31.3986     1.0000  -375.5241  -303.8097   -83.3993     1.0000   255.3578  -216.2578  -124.9987     1.0000    -6.0966  -160.7208  -134.2014     1.0000  -243.1964  -130.2097  -181.7563     1.0000   375.2485   -71.7321  -158.5326     1.0000  -316.5188   -40.0893  -206.4115     1.0000   308.2960    28.2239  -147.6124     1.0000  -316.9487    16.1186  -182.9328     1.0000    18.1375     5.7939  -191.4749     1.0000   249.8634   162.2891   -93.2744     1.0000    39.1285    88.2234  -159.5366     1.0000  -548.2113    16.5846  -137.9257     1.0000   634.3380   271.1437   -15.1715     1.0000  -326.6789  -168.1058  -281.4610     1.0000    67.2346   669.0560   339.3482     1.0000     0.0000  -688.5529  -674.1096     1.0000     0.0000  1098.0900   723.4550     1.0000    58.4196  -906.7522  -806.5654     1.0000  -183.3009  1039.3459   723.3709     1.0000   132.5004  -778.9200  -657.1363     1.0000   117.3183  1032.5753   572.5488     1.0000  -190.8530  -861.1220  -528.3018     1.0000    65.9189   924.9359   611.8266     1.0000     0.0000  -779.7831  -718.1828     1.0000     0.0000  1009.8766   863.0982     1.0000     0.0000 -1014.4368  -879.6849     1.0000    60.4329  1110.1190   884.0541     1.0000  -185.4251 -1037.5577  -841.5558     1.0000   189.0804  1071.1678   805.7632     1.0000  -125.3084 -1069.8528  -850.3417     1.0000   186.2440  1094.9200   998.7755     1.0000  -126.5437  -932.6281 -1193.6426     1.0000  -123.4953   670.7026  1150.7794     1.0000   125.5537  -788.3383 -1247.2157     1.0000   124.4935  1008.9611  1187.3458     1.0000  -187.3445 -1188.9519 -1236.6642     1.0000    62.3277  1105.9697   913.8567     1.0000     0.0000 -1149.9844 -1087.6886     1.0000    63.2599  1016.2795  1235.4176     1.0000  -251.6982 -1185.3281 -1839.5314     1.0000   374.9389  1257.7484  1549.6328     1.0000  -184.2594 -1313.2322 -1271.0986     1.0000  -127.2663   974.6240   694.4044     1.0000   186.2766  -956.9449 -1163.9814     1.0000   -61.2794   995.2167  1261.9188     1.0000     0.0000 -1079.9741 -1375.7101     1.0000     0.0000  1084.8776   951.1244     1.0000     0.0000 -1160.1838 -1247.1611     1.0000     0.0000  1309.2031  1736.7456     1.0000   -63.3121 -1159.9902 -2278.3770     1.0000   188.3538  1193.1985  2617.0273     1.0000  -124.3345  -897.0558 -2122.9902     1.0000  -188.2554  1050.7037  1899.7687     1.0000   375.4207  -569.3420  -688.9447     1.0000  -251.0574  1057.5721   840.9205     1.0000    63.2312  -826.3284   198.4655     1.0000     0.0000  1499.1188  1332.8966     1.0000  -120.5893  -715.1537  -567.7174     1.0000   101.2205  1049.2228  2792.7712     1.0000   152.1673  1424.4779  3477.2815     1.0000
  447.4617   -19.7660   216.1651     1.0000  -392.6991   266.6988  -731.1241     1.0000   278.9178    38.7036    24.3435     1.0000  -139.1182   -79.2459    12.9734     1.0000    34.6181    62.7920    25.4055     1.0000    -0.0000   -79.5959     2.4944     1.0000    35.3189    76.4442    28.4394     1.0000  -140.4835   -63.8620     9.2272     1.0000   244.8200    21.2543     7.1379     1.0000  -243.9938    46.6437    43.2237     1.0000   103.5377   -72.0416   -10.3296     1.0000    70.6234    77.6574    41.9052     1.0000  -104.3991   -25.2211     7.7345     1.0000    69.7948    31.3418    50.0819     1.0000  -140.2303   -96.3749   -50.7927     1.0000   209.5382   184.1137   151.2615     1.0000  -104.2064  -120.7065   -79.5538     1.0000  -105.1750    24.2119    51.8802     1.0000   209.5502    23.6583    58.7071     1.0000  -104.7306    11.1106     8.4731     1.0000  -104.6348   -34.1807    -7.4911     1.0000   209.5552    20.6375   105.8607     1.0000  -105.3062    -8.5884   -64.5535     1.0000  -104.0547    11.5510    70.0759     1.0000   244.1326     6.8153    59.8200     1.0000  -279.3212   -63.6035  -103.0078     1.0000   244.8613    67.6563   165.4202     1.0000  -140.6317  -117.5619  -150.8968     1.0000    69.7824   211.7912   256.9572     1.0000  -138.4815  -399.7112  -373.2089     1.0000   209.5274   507.8708   512.0198     1.0000  -141.0086  -506.1102  -590.6436     1.0000    35.6091   382.8579   670.5788     1.0000    -0.0000  -354.6720  -655.7542     1.0000    34.1624   282.6386   499.5919     1.0000  -138.1368  -138.3204  -232.8103     1.0000   209.4788   -58.5415   -19.7346     1.0000  -141.1693   203.8131   234.4724     1.0000    35.6639  -324.2615  -329.0888     1.0000    34.2346   372.2560   349.3766     1.0000  -138.3348  -384.4766  -260.8528     1.0000   209.4245   464.8955   263.8785     1.0000  -106.3243  -394.5782  -169.5401     1.0000   -68.8208   112.5356   279.4990     1.0000   105.0585   338.9988  -158.8338     1.0000   -69.9508  -494.9709    81.4049     1.0000   139.4142   622.1722   525.9095     1.0000  -244.3550  -535.6662  -596.0381     1.0000   244.1330   630.0992   937.3549     1.0000  -103.5574  -420.2968  -394.2498     1.0000  -106.3276   359.5909   406.3300     1.0000   209.2541   170.0731   591.5803     1.0000  -101.5558  -122.9159  -152.4011     1.0000  -108.4344   281.3241   774.5029     1.0000   209.1644   264.4339   442.9963     1.0000  -135.9425  -182.4135   206.7755     1.0000    32.9224   917.4442  1677.3424     1.0000    -0.0000  -339.7920  -138.7660     1.0000    -0.0000   402.8369  1027.1254     1.0000    -0.0000   838.9694  2331.6123     1.0000    -0.0000   -98.9266   318.9023     1.0000   118.4228   930.3857  2184.6226     1.0000   -59.0118   381.5430  1079.3446     1.0000  -113.4024   267.9805   875.9600     1.0000
    6.2745   107.0372   -84.6739     1.0000   252.8506   -88.1804   405.9951     1.0000    56.0797    67.6989    14.2635     1.0000  -392.5170  -129.9210   -18.0361     1.0000   448.6633   151.7693    18.2873     1.0000  -392.8469  -140.1201    -4.7164     1.0000   169.1650    -6.5859   -30.6048     1.0000   167.2236   164.7574    51.3284     1.0000  -392.2050  -193.5478   -55.2929     1.0000   448.6633    98.9658    18.3987     1.0000  -393.0753   -86.1658   -13.0982     1.0000   225.3559   122.1798    13.2475     1.0000   -56.6098  -145.8211   -63.9662     1.0000     0.0000   203.9645   120.6731     1.0000     0.0000  -363.2714  -198.1841     1.0000     0.0000   512.3895   220.6886     1.0000   -55.4888  -524.1396  -250.6432     1.0000   167.6490   362.7660   192.5036     1.0000  -113.3409   -22.1107   -12.5376     1.0000  -110.9847  -324.9397  -212.2339     1.0000   168.8097   342.5376   201.7498     1.0000   -56.6443    -5.4247    65.9927     1.0000   -55.5716  -314.9401  -449.1039     1.0000   167.7328   412.9932   690.3749     1.0000  -113.0577  -316.0877  -681.2427     1.0000  -111.2705   221.8118   527.7479     1.0000   168.6102  -183.1270  -439.0357     1.0000  -112.2168    90.2376   375.6915     1.0000   167.9362    67.5083  -216.3844     1.0000  -168.4469  -102.7000    27.4195     1.0000   112.2298   248.7404   335.1513     1.0000  -224.1327  -569.6086  -815.4028     1.0000   392.5161   686.2148   980.1055     1.0000  -392.4948  -445.7842  -652.0309     1.0000   167.8313   113.0194   235.1059     1.0000   168.8333   407.7088   301.0048     1.0000  -336.4066  -817.8583  -728.0148     1.0000   223.5535   711.1129   808.9514     1.0000   -55.6464  -336.3134  -626.8490     1.0000   -56.7235   149.8360   666.4900     1.0000   225.7140   -35.7520  -636.7209     1.0000  -393.3236    78.6688   697.2794     1.0000   391.6044  -220.6431  -625.8055     1.0000  -165.0920   341.3739   331.2253     1.0000  -114.3337  -345.4519   294.8690     1.0000   109.4714   249.3661  -686.7068     1.0000   114.8281   155.7278   958.7130     1.0000  -108.9335  -389.6416  -631.9130     1.0000  -115.3520   204.6501   287.0479     1.0000   166.3496    34.8227  -114.2857     1.0000   -54.2113   -56.7240   317.9619     1.0000     0.0000   319.5770   287.2275     1.0000     0.0000  -787.0441 -1540.2126     1.0000     0.0000  1272.2822  2922.6899     1.0000   -58.7685 -1175.1333 -2289.0178     1.0000   170.8658   260.2509   175.2375     1.0000  -106.1208  1239.8333  2210.2405     1.0000  -118.0516 -2186.6755 -2897.4971     1.0000   105.4112  2093.1956  2796.6665     1.0000   178.3691  -950.3339 -1541.3387     1.0000  -336.2009  -450.6913   125.1984     1.0000    36.6960  1012.8358  1080.9996     1.0000    73.5246  -253.8415  -284.5752     1.0000    87.3399  -596.6932  -656.0622     1.0000
    0.0000  -210.1875   407.9493     1.0000     0.0000   542.0049 -1383.2678     1.0000     0.0000   -57.0307    48.4178     1.0000     0.0000  -122.3585    27.2863     1.0000     0.0000    -3.2019    33.5617     1.0000    56.7391   -50.1880     3.2229     1.0000  -225.0082   -51.5762    27.5912     1.0000   334.1085    21.7618     5.9605     1.0000  -220.2308   -65.7295    -2.6987     1.0000    54.3899    63.9684    38.0246     1.0000     0.0000   -51.9482   -25.0897     1.0000     0.0000    54.6228    60.4694     1.0000     0.0000   -24.2759   -39.1218     1.0000    57.0834    34.7117    78.0916     1.0000  -225.5202    32.9757    -7.7416     1.0000   334.2604   -12.2105    41.9836     1.0000  -220.3354    20.5710   -12.3910     1.0000    54.5104   158.4643   165.5524     1.0000     0.0000  -247.3090  -150.1882     1.0000    56.6210   368.2992   272.7990     1.0000  -224.5306  -393.7513  -227.5235     1.0000   334.3337   482.0140   338.4956     1.0000  -221.5775  -310.5003  -136.8317     1.0000    55.1522   -31.2443    22.1227     1.0000     0.0000   423.2195   291.6456     1.0000     0.0000  -563.6862  -323.4571     1.0000     0.0000   541.1112   449.0284     1.0000     0.0000  -468.8047  -341.0113     1.0000    55.4321   449.4604   402.1155     1.0000  -166.8352  -527.7234  -314.9822     1.0000   112.4821   526.1549   352.3077     1.0000   165.3641  -404.0765  -284.8245     1.0000  -389.2540    61.4445   271.7578     1.0000   390.8137   224.1874   -52.0603     1.0000  -224.7137  -367.6674   -62.8382     1.0000    56.7079   171.8037    -7.7086     1.0000     0.0000  -213.1302     2.2003     1.0000     0.0000   405.6212   285.6670     1.0000     0.0000  -442.2322  -422.1240     1.0000     0.0000    50.3949   187.4628     1.0000     0.0000   158.9936    -2.3342     1.0000     0.0000  -340.5055  -235.5941     1.0000     0.0000   574.2070   650.2900     1.0000     0.0000  -593.5032  -756.2421     1.0000     0.0000   232.0662   493.5399     1.0000     0.0000   -76.5000  -455.0371     1.0000     0.0000   409.1112   994.0985     1.0000     0.0000  -546.9284 -1100.6252     1.0000     0.0000   441.8096   924.1040     1.0000     0.0000  -230.5224  -504.2940     1.0000     0.0000   508.8145   958.5188     1.0000     0.0000  -435.1785  -723.0883     1.0000     0.0000   508.2394  1016.3590     1.0000     0.0000  -250.6159  -696.6092     1.0000     0.0000   671.1884  1911.6384     1.0000     0.0000  -277.1754 -1196.5735     1.0000     0.0000   457.6135  1448.3503     1.0000     0.0000   182.2083   698.5513     1.0000     0.0000    99.5559  -101.4376     1.0000     0.0000  1020.7899  2471.1804     1.0000     0.0000  -251.6214  -574.7079     1.0000     0.0000   992.8698  2646.3521     1.0000     0.0000   249.7831   103.7511     1.0000     0.0000    85.4655  -523.5106     1.0000
 -888.8541  -865.6766  -901.0237     1.0000   871.3831 -3129.1125  5145.6016     1.0000  -535.9241 -1491.1138   218.0319     1.0000   152.9860 -1293.5029   -39.5151     1.0000    89.2840 -1078.8596  -256.9555     1.0000  -148.9127  -911.1263  -436.7580     1.0000    53.0375  -609.7479  -562.5032     1.0000    42.0551  -475.0069  -653.1100     1.0000  -137.6329  -257.3609  -692.8279     1.0000   151.0038   -30.1168  -716.8636     1.0000   -96.2268    87.7001  -692.9171     1.0000   176.7309   250.1131  -625.2017     1.0000  -287.7231   317.1850  -627.9427     1.0000   208.4258   467.7265  -472.2653     1.0000   -96.6398   580.8727  -397.7206     1.0000   175.2605   360.0289  -482.7995     1.0000  -327.3524   957.8387    38.1876     1.0000   384.1806    62.6821  -518.4996     1.0000  -384.1806  1240.5632   279.7084     1.0000   384.1806   -43.7127  -340.9097     1.0000  -343.8628  1199.3483   386.1228     1.0000   207.9869  -167.7633  -234.2005     1.0000   -96.9047  1196.3792   544.0833     1.0000   177.1517  -192.5669  -230.3708     1.0000  -287.2988   980.7528   652.4064     1.0000   205.8266  -278.4105  -227.9008     1.0000   -96.8380   954.9027   677.6249     1.0000   137.5236  -238.3150  -183.7768     1.0000  -149.4816   597.2246   669.3953     1.0000    53.7771  -235.4561  -296.2745     1.0000    43.3630   613.5164   751.4699     1.0000  -182.9513  -475.7314  -433.2305     1.0000   331.7020   814.2705   819.9036     1.0000  -384.1806  -811.0670  -605.7383     1.0000   339.1842   886.6744   871.8630     1.0000  -197.8141  -737.0765  -755.4294     1.0000    96.5248   493.6641   928.9078     1.0000  -141.8225  -480.8763  -970.6230     1.0000   145.4737   435.6315   944.4767     1.0000   -96.4411  -676.1600 -1029.9059     1.0000   190.3614   649.4503   840.8230     1.0000  -335.4670 -1024.5692 -1012.7028     1.0000   384.1806   949.1317   600.4836     1.0000  -335.9024 -1223.8245  -844.1887     1.0000   191.3057   893.4181   233.0421     1.0000   -47.5106 -1029.0698  -778.9345     1.0000     0.0000   694.4873   628.8618     1.0000   -49.1040  -868.1833 -1568.1829     1.0000   194.3698   655.6796  1045.3938     1.0000  -288.0584  -942.0630 -1519.5615     1.0000   189.5640   868.9287   952.1841     1.0000   -96.0235  -970.8922 -1354.4507     1.0000   194.4662  1037.8958  1139.9403     1.0000  -337.2796  -860.5813 -1318.5933     1.0000   384.1806  1002.1206  1699.3655     1.0000  -335.6580  -611.3283 -1512.8198     1.0000   191.3968  1139.7386  2380.1897     1.0000   -47.8615  -161.2597  -758.5289     1.0000     0.0000   844.1098  2291.3447     1.0000   -46.7527   182.4270    53.2419     1.0000   142.8111  1302.4780  2860.9065     1.0000  -282.9379    64.8818   546.5820     1.0000   160.4531  1537.0593  4838.0225     1.0000   259.7870  1726.4279  5427.5952     1.0000
  331.8293  -336.5914   391.4035     1.0000  -135.4112   336.8340 -1269.1941     1.0000   239.2916  -195.9985    58.4376     1.0000  -176.3645    28.2757    62.7873     1.0000  -182.6005  -233.5955    15.4827     1.0000   358.0569   111.8173    46.4586     1.0000  -235.4044  -228.5102   -11.7567     1.0000    57.8695    58.1462    15.5915     1.0000     0.0000   -47.5448    17.2395     1.0000    62.2602  -124.1562   -65.8060     1.0000  -181.6641    31.2699    43.3652     1.0000   113.7079   -48.7425   -69.5220     1.0000   125.0589    68.2457    50.5153     1.0000  -176.0428  -230.6740  -141.0902     1.0000   119.6333   254.7453   107.5551     1.0000  -245.3684  -287.1565  -116.0914     1.0000   421.3038   192.5887   -35.2371     1.0000  -414.6381   -72.6770    61.6112     1.0000   168.8714   -13.7051  -125.4055     1.0000   126.2155    37.9313    47.8583     1.0000  -175.6581   -52.0692   -32.6027     1.0000    56.3141    39.6492  -117.6588     1.0000     0.0000   151.0007   256.6221     1.0000     0.0000  -335.2179  -431.1122     1.0000    63.1491   352.5155   434.2671     1.0000  -245.6093  -171.3462  -349.9747     1.0000   421.3578   144.5373   246.8621     1.0000  -414.8355   -78.3681  -170.7538     1.0000   169.6888   -34.6616   114.0789     1.0000   125.6184   310.5449    19.4165     1.0000  -176.1907  -505.9021  -123.0363     1.0000   119.4207   848.0669   392.7054     1.0000  -244.4841 -1137.1055  -701.3101     1.0000   420.7827  1391.3441   993.7128     1.0000  -415.5436 -1227.6029  -621.1537     1.0000   171.8715   559.3599  -214.8209     1.0000   124.1785   505.6313  1201.5807     1.0000  -177.0222 -1056.2307 -1409.5618     1.0000   119.3546  1177.0588  1289.8535     1.0000  -242.7665 -1221.1958 -1032.9673     1.0000   419.9280  1316.0911  1074.9492     1.0000  -477.8026 -1142.6497  -956.5525     1.0000   416.6115   855.5468   923.1586     1.0000  -236.1241  -370.0445  -467.5475     1.0000    58.4120  -205.9109   -68.2980     1.0000    60.7812   702.4430   797.2301     1.0000  -180.2225  -904.3341 -1361.8196     1.0000   178.3836   888.4219  1906.8435     1.0000   -58.9376  -815.7342 -1843.1279     1.0000     0.0000   722.6190  1385.5663     1.0000   -60.1513  -586.5881  -557.0741     1.0000   239.6369   372.1266  -229.5420     1.0000  -418.3899   -52.0253   862.9429     1.0000   417.9710  -359.7766  -988.3060     1.0000  -238.7856   608.8913   864.5673     1.0000   119.3649  -595.3255  -641.6992     1.0000  -238.6741   308.4586   603.1153     1.0000   358.4205  -299.8574  -890.4138     1.0000  -179.9568   725.3660  1188.7488     1.0000  -118.8875 -1013.4103  -553.1852     1.0000   179.5481   550.6311  -844.1776     1.0000    -0.7621   138.7538  1489.6104     1.0000   -45.2638  -287.5551  -985.0619     1.0000   -56.1148  -392.2719 -1596.5498     1.0000
   37.2441  -109.2718  -614.7679     1.0000  -141.5180 -1458.5249  2641.1797     1.0000     2.1649  -397.1164    20.3077     1.0000   246.6993  -314.3126   -30.8801     1.0000  -375.5242  -309.4674   -85.1670     1.0000   195.6752  -224.0876  -121.4639     1.0000   178.5096  -126.7806  -136.5198     1.0000  -375.3141  -162.4516  -183.9034     1.0000   198.8224   -95.0607  -152.6557     1.0000   175.5997    74.6441  -207.7793     1.0000  -375.1283  -144.8438  -155.0491     1.0000   258.8481   115.4560  -177.7998     1.0000   -67.0602    68.1585  -175.0025     1.0000   -57.9345    34.2140  -131.0326     1.0000   240.6582   158.6093  -132.8152     1.0000  -432.7873   -19.2234  -130.4141     1.0000   500.0954   350.8888   -37.1506     1.0000  -500.0954  -323.9780  -277.7890     1.0000   442.0600   879.6711   358.5895     1.0000  -317.2112  -879.4327  -706.3502     1.0000   366.5717  1218.0161   774.3802     1.0000  -616.3223 -1027.9192  -880.2808     1.0000   691.5648  1251.7773   799.6132     1.0000  -566.6644  -998.2593  -720.9540     1.0000   441.1242  1128.8799   628.5670     1.0000  -257.0160  -930.7331  -583.7193     1.0000    65.9265  1108.9778   666.5001     1.0000    59.6576  -924.2001  -763.3207     1.0000  -184.6167   898.8440   853.3301     1.0000    69.5575  -828.5375  -803.8260     1.0000   426.2302  1185.6683   837.9332     1.0000  -749.5438 -1293.8488  -862.2629     1.0000   445.9529  1173.8707   796.0941     1.0000    57.7822  -918.5681  -759.5475     1.0000  -188.5624   909.9028   908.3074     1.0000    63.5515 -1024.7472 -1209.2097     1.0000     0.0000  1013.9780  1322.2330     1.0000     0.0000  -969.3711 -1488.4554     1.0000     0.0000   873.1121  1301.0826     1.0000    62.6841  -923.4688 -1157.3407     1.0000  -250.6043   711.9865   738.2258     1.0000   374.8821  -627.6408  -938.0060     1.0000  -185.4936   633.8101  1227.1062     1.0000  -189.8914 -1038.6025 -1958.2712     1.0000   374.9392  1126.6600  1721.0985     1.0000  -247.9222 -1098.4736 -1499.0535     1.0000   125.1081   808.1244   989.5883     1.0000  -252.4682  -896.5048 -1455.8608     1.0000   375.0448  1002.8528  1500.7813     1.0000  -247.5691 -1045.1382 -1555.0262     1.0000   124.9827   949.9410  1047.2821     1.0000  -252.3161 -1172.5499 -1279.6571     1.0000   375.1907  1590.9803  1807.3102     1.0000  -184.9896 -1327.6980 -2372.4077     1.0000  -126.6119  1016.6103  2703.8584     1.0000   124.3587  -725.8879 -2337.4998     1.0000   125.6881  1205.6337  2215.3665     1.0000  -125.6575  -831.6765  -846.7155     1.0000  -186.1742  1002.4476   790.9711     1.0000   375.5155  -439.0251   295.8477     1.0000  -252.8846  1167.9023  1295.9059     1.0000    64.2079  -521.0197  -500.6266     1.0000     0.0000   961.1924  2727.0693     1.0000   -15.8053  1270.0717  3380.9707     1.0000
 -384.2034   -60.7895   216.1849     1.0000   314.2349   299.6208  -731.9019     1.0000  -244.1677    12.5030    24.2018     1.0000   103.9053   -59.6245    12.1576     1.0000   105.6902    50.3545    26.4245     1.0000  -209.4545   -68.6525     2.7222     1.0000   103.5564    52.0314    24.2554     1.0000   105.9674   -16.0157    21.3378     1.0000  -209.4861   -27.4904    -8.3744     1.0000   103.5037    56.9094    50.9561     1.0000   105.9619   -16.9909    -3.0603     1.0000  -209.5123   -23.1021    23.8400     1.0000   103.6910    41.7038    23.7444     1.0000    70.5116    25.0225    42.2372     1.0000  -104.4828   -75.8276   -40.5389     1.0000    34.6563   137.3611   134.2020     1.0000    35.0734  -111.2054   -66.0346     1.0000  -139.9220    49.7926    56.8695     1.0000   209.5505    -7.5465    32.9045     1.0000  -139.6380    36.0635    36.0584     1.0000    34.9354   -43.8808    -9.6610     1.0000    -0.0000    46.9675    79.3087     1.0000    34.7017   -54.8004   -26.5737     1.0000  -104.5308    35.8738    41.2861     1.0000    70.5135   -44.9134    43.4145     1.0000    69.1434    74.4123   -17.2696     1.0000  -105.2087   -69.9858    54.8894     1.0000    35.3796   -82.1305   -80.7388     1.0000    34.3462   248.8716   233.4137     1.0000  -138.4679  -420.9067  -367.4544     1.0000   209.5275   463.8896   503.3961     1.0000  -106.8020  -409.0045  -571.9181     1.0000   -68.4240   262.8544   655.4898     1.0000    71.3264  -261.4857  -683.4979     1.0000    68.3179   243.8208   557.3896     1.0000  -105.5159   -56.9988  -235.4516     1.0000    69.8425  -221.5741   -64.5776     1.0000  -138.1367   293.8477   197.2159     1.0000   209.4584  -321.7576  -203.0444     1.0000  -141.0857   425.1989   225.8315     1.0000    35.6100  -419.4779  -110.5720     1.0000    -0.0000   307.8685    56.9266     1.0000    -0.0000  -189.3081   -11.7990     1.0000    -0.0000   127.3564   205.0347     1.0000    -0.0000   159.4821   -80.5211     1.0000    34.7222  -312.8941    42.9284     1.0000  -104.5439   382.2329   413.1165     1.0000   104.6577  -202.5092  -415.5186     1.0000   -70.0020   235.3015   845.2849     1.0000   105.0023   -19.9746  -462.9053     1.0000   -68.5033   229.2991   698.8360     1.0000  -106.9592  -102.3555   123.4738     1.0000   209.2268   214.4240   211.6356     1.0000  -137.1130   223.1291   831.2809     1.0000    33.5149    88.9333    61.4958     1.0000    36.9661   102.6456   559.1595     1.0000  -106.7158   527.3064  1467.1113     1.0000    64.3046     6.5512    11.5895     1.0000    75.1413   318.0802  1019.4777     1.0000   -62.6410   801.8191  2255.1541     1.0000  -115.6495  -173.6656   247.4535     1.0000   248.2551  1048.7939  2457.5232     1.0000   -82.0433   359.0562   997.0332     1.0000  -179.8552   205.2553   689.0244     1.0000
  274.1926   116.3968   -86.8494     1.0000  -252.5004  -110.8759   404.5404     1.0000   168.3151    70.6019    12.2292     1.0000  -112.0924  -106.8152   -15.0191     1.0000   168.1087   108.7548    16.3625     1.0000  -112.7032   -68.8199    -1.7868     1.0000  -111.6272   -53.2668   -33.1630     1.0000   112.9194    94.3671    46.3353     1.0000   167.0714   -18.3303   -38.7644     1.0000  -336.5364   -74.6182    -0.6164     1.0000   225.2951    17.9319    -3.0843     1.0000   -56.5821    95.8206    16.9846     1.0000     0.0000  -199.4298   -77.2939     1.0000     0.0000   317.9544   142.4356     1.0000     0.0000  -447.9015  -233.5782     1.0000     0.0000   462.2927   262.0974     1.0000   -55.4846  -364.3629  -276.5106     1.0000   223.1302   253.2695   206.2228     1.0000  -391.9799  -101.7996   -27.6130     1.0000   393.1607   -76.9449  -212.2774     1.0000  -225.4818    88.7469   225.6416     1.0000   112.1895   153.8208    57.4879     1.0000  -167.7002  -365.8908  -457.5680     1.0000   113.1428   330.1234   649.5972     1.0000   166.8155  -178.5481  -599.5232     1.0000  -336.4556   142.6328   477.1049     1.0000   225.1145  -182.8577  -396.4072     1.0000   -56.4513   205.5123   309.8663     1.0000   -55.8195  -133.8105  -220.4561     1.0000   223.8607    78.5197   167.8973     1.0000  -336.4337    40.7992   112.8637     1.0000   224.5486  -221.9258  -577.3068     1.0000   -56.1562   204.9729   737.9200     1.0000   -56.1592    58.9156  -426.8420     1.0000   224.5633  -162.3712   177.4217     1.0000  -336.4113   252.1947    92.4002     1.0000   167.3398  -548.4879  -513.6777     1.0000   112.8296   823.6987   875.5060     1.0000  -111.1124  -628.7103  -731.1967     1.0000  -113.2143   164.2843   526.9615     1.0000   167.5122    41.0406  -484.2760     1.0000   -55.3485   293.8887   689.6349     1.0000     0.0000  -646.4541  -650.1587     1.0000     0.0000   623.2407   352.1639     1.0000     0.0000  -327.5280   324.5775     1.0000     0.0000   148.7476  -663.0021     1.0000     0.0000   102.0400   744.1273     1.0000     0.0000  -290.3973  -487.0181     1.0000     0.0000   210.4639   412.6574     1.0000     0.0000    42.9112  -207.6157     1.0000     0.0000  -112.0174    90.9945     1.0000   -58.2851   260.2408   682.8957     1.0000   228.8461  -498.5482 -1631.7559     1.0000  -336.2874   765.1232  2586.5115     1.0000   160.4151  -553.9636 -2008.1195     1.0000   117.4077  -242.3991   291.3117     1.0000  -106.1132  1352.1353  1963.7985     1.0000  -118.0589 -2028.0060 -2869.6279     1.0000   164.8679  2183.5139  3134.1050     1.0000   -52.7945 -1432.6001 -2158.3237     1.0000   -59.8443   -49.7233   669.3849     1.0000   171.8801  1281.1903  1249.4808     1.0000   -74.8372  -480.0468  -498.0333     1.0000  -143.0402  -964.1767  -980.9518     1.0000
 -766.4459  -251.3976   518.6202     1.0000   953.0955   694.4933 -1762.6427     1.0000  -422.8428   -59.3963    60.8810     1.0000     0.0000  -121.5873    33.5347     1.0000     0.0000   -42.9516    44.2256     1.0000     0.0000   -31.2095     6.5285     1.0000  -144.1737   -60.2960    36.4289     1.0000   571.6952    41.8915    19.3936     1.0000  -849.1907  -105.8303   -12.4588     1.0000   415.4926    45.5285    47.2034     1.0000   434.0333    83.6167     7.0413     1.0000  -849.3280  -146.9152    27.1809     1.0000   559.9073   144.8792    -5.5533     1.0000  -138.4285   -81.7054    80.3333     1.0000  -144.5737   155.9517    -5.8987     1.0000   572.1282   -84.5056    84.3514     1.0000  -993.7954   -29.7134   -88.1303     1.0000  1132.5114   346.5935   311.0616     1.0000  -988.6434  -495.4103  -304.6401     1.0000   561.8936   622.7117   438.5317     1.0000  -139.5145  -585.4686  -331.2798     1.0000     0.0000   516.8761   423.5591     1.0000  -142.8041  -180.0235  -172.8658     1.0000   425.9326  -142.2148    66.3225     1.0000  -424.0558   438.1638   301.8980     1.0000   282.8157  -520.5553  -359.0956     1.0000  -425.0104   544.6716   543.2235     1.0000   425.0056  -666.0305  -447.0513     1.0000  -141.8770   774.7504   512.3910     1.0000     0.0000  -730.2061  -350.6878     1.0000     0.0000   555.1259   435.1388     1.0000     0.0000  -494.4089  -436.3125     1.0000     0.0000   291.4044   419.0240     1.0000  -139.5265    11.3073   -58.0350     1.0000   422.6272  -321.1085  -144.1556     1.0000  -427.1879   362.2851   162.4093     1.0000   282.9641  -499.3275  -254.2306     1.0000  -421.9820   563.9485   604.5748     1.0000   289.0500  -782.2169  -797.0990     1.0000   415.6609   764.2446   635.5481     1.0000  -849.4071  -481.8445  -291.0697     1.0000   572.5325  -169.1582  -306.4841     1.0000  -283.1869   569.0765   872.1561     1.0000   560.0771  -266.4590  -636.3110     1.0000  -849.2343  -299.2096    25.5846     1.0000   433.1421     1.0463  -146.6574     1.0000   416.6039  1050.9457  1178.2654     1.0000  -849.0845 -1417.7029 -1415.6748     1.0000   570.4590  1025.8459  1027.1890     1.0000  -143.4879  -554.4965  -451.5038     1.0000     0.0000   861.2726  1075.5121     1.0000     0.0000  -733.1684  -890.2424     1.0000     0.0000   616.0605  1266.9667     1.0000  -142.3242  -381.8346 -1182.4414     1.0000   425.4087  1228.0315  2913.9646     1.0000  -422.3845  -848.7099 -1970.8862     1.0000   284.0689   813.9810  1793.3163     1.0000  -427.8743   -83.2938   677.2206     1.0000   419.3643   236.7112    -7.4405     1.0000  -284.4276  1205.1204  2739.6660     1.0000   431.0542  -232.1039  -717.0723     1.0000  -264.6251   839.0085  3072.1216     1.0000     3.7169   306.2468  -207.4767     1.0000    73.1440   200.2600 -1036.9778     1.0000
 -261.8653  -898.4502 -1183.3241     1.0000   414.3947 -3724.2305  6413.0146     1.0000  -128.4531 -1634.6096   239.7713     1.0000  -236.2658 -1470.1996   -47.1115     1.0000   308.6832 -1174.6649  -284.0347     1.0000   -20.3771  -993.9304  -482.0454     1.0000  -352.7430  -725.8483  -625.2288     1.0000   539.2463  -506.6989  -718.4611     1.0000  -606.7204  -310.4119  -774.2241     1.0000   395.1339   -81.3833  -804.1908     1.0000    88.2702   114.3328  -770.1533     1.0000  -415.9163   123.9243  -709.4792     1.0000   485.3138   535.4407  -710.5792     1.0000  -433.5621   247.2182  -577.5115     1.0000   209.7377   713.2153  -427.7572     1.0000   153.3047   349.3797  -615.2405     1.0000  -414.7971  1039.8739    67.5137     1.0000   382.1679   -39.3041  -719.0963     1.0000   -37.7083  1581.9308   425.0035     1.0000  -344.5248  -480.3752  -616.5638     1.0000   537.2739  1798.9318   588.0679     1.0000  -657.9251  -769.7579  -500.3995     1.0000   623.1259  1887.0454   748.3915     1.0000  -276.2567  -643.5316  -444.9415     1.0000  -210.3412  1286.8579   776.3956     1.0000   643.6996  -288.0458  -266.7808     1.0000  -902.1953   969.5469   630.3438     1.0000   916.5037  -346.3553  -147.7469     1.0000  -686.4639   960.6508   717.6391     1.0000   266.9558  -615.4260  -457.4141     1.0000   164.7829  1116.3363  1057.2477     1.0000  -363.2953  -938.2288  -773.1213     1.0000   195.6806  1025.7167  1146.4108     1.0000   169.1036  -579.4013  -856.1436     1.0000  -363.3922   598.8431  1043.1927     1.0000   306.8243  -672.5486  -886.1229     1.0000  -300.8366   625.7805  1053.6884     1.0000   363.4846  -732.1038 -1074.9771     1.0000  -246.3428   883.6844  1015.9765     1.0000    62.3003 -1277.9186 -1171.5519     1.0000    -0.0000  1226.1576   969.5223     1.0000    -0.0000 -1487.6094 -1200.3680     1.0000    -0.0000  1094.6118   757.2560     1.0000    -0.0000 -1080.6168 -1189.8285     1.0000    -0.0000   742.6810   729.2153     1.0000    -0.0000 -1313.8525 -1518.6876     1.0000    -0.0000  1318.4100  1242.3735     1.0000    61.8450 -1572.4659 -2085.9119     1.0000  -245.1497  1082.8466  1237.9891     1.0000   425.9358  -904.0538 -1573.5286     1.0000  -485.3138   349.5265   846.6252     1.0000   423.3138  -277.0832 -1359.8956     1.0000  -240.0743   555.6133  1183.1272     1.0000    59.4475  -700.8694 -1466.4932     1.0000    -0.0000  1077.8427  1961.4105     1.0000    -0.0000  -618.0984 -1723.8475     1.0000    -0.0000  1262.1151  2782.7112     1.0000    -0.0000  -410.5864 -1184.4929     1.0000    -0.0000  1333.5669  2979.1909     1.0000    -0.0000    -0.1088  -215.5830     1.0000    58.4690  1587.3512  3392.9390     1.0000  -295.1519  -252.7650   621.6219     1.0000   200.7541  2052.8613  5819.6582     1.0000   311.9563  2428.7302  6608.1357     1.0000
 -267.9602  -399.4943   481.7702     1.0000   333.4422   424.1541 -1588.6274     1.0000  -147.8706  -228.8356    66.6338     1.0000     0.0000    44.2670    73.2127     1.0000     0.0000  -249.4049    17.2415     1.0000     0.0000    68.1819    56.4192     1.0000     0.0000  -194.3805   -10.6010     1.0000     0.0000    18.8149    15.4606     1.0000     0.0000    29.4944    16.1048     1.0000     0.0000  -269.4346   -52.1180     1.0000     0.0000   175.2244    17.2683     1.0000     0.0000  -158.6709   -31.8804     1.0000     0.0000   101.8489    29.2264     1.0000     0.0000  -259.5157  -179.4500     1.0000     0.0000   344.6525   182.5172     1.0000     0.0000  -357.7855  -180.8539     1.0000     0.0000   144.2678    -2.5647     1.0000     0.0000    41.0601    62.3454     1.0000     0.0000   -73.2539  -154.7442     1.0000   156.4919    74.1756    89.8223     1.0000  -610.2110  -174.7114   -79.9957     1.0000   891.9814   162.3564  -111.5097     1.0000  -579.3867   227.7193   371.3571     1.0000   297.5248  -501.9776  -586.6872     1.0000  -609.9270   342.9123   476.1319     1.0000   892.0967    80.3198  -293.0998     1.0000  -424.0196   -17.6318   299.0341     1.0000  -467.6863  -442.1653  -437.0187     1.0000   892.1808   831.2111   539.9587     1.0000  -581.0680  -435.6200  -351.5585     1.0000   142.0159  -185.9673   128.2668     1.0000     0.0000   661.2679   176.7948     1.0000   154.8396  -709.1616  -406.0969     1.0000  -606.6996   534.4012   697.0765     1.0000   892.3278   -38.2641  -396.4645     1.0000  -583.9205  -436.5887  -312.2380     1.0000   143.4514  1018.8625  1340.3345     1.0000     0.0000 -1267.4292 -1729.6254     1.0000     0.0000  1174.8153  1729.9672     1.0000     0.0000  -985.7699 -1369.2391     1.0000     0.0000  1153.3184  1405.1840     1.0000   152.2210 -1162.4938 -1340.8475     1.0000  -601.4832   776.1336  1197.0662     1.0000   892.4499  -127.5348  -396.7089     1.0000  -589.3131  -475.2029  -491.7450     1.0000   146.1247   976.9430  1581.3718     1.0000     0.0000 -1117.0200 -2258.5684     1.0000     0.0000  1105.6371  2645.5386     1.0000     0.0000 -1372.6776 -2449.4644     1.0000     0.0000  1628.2144  1946.8529     1.0000     0.0000 -1152.2667  -789.0931     1.0000     0.0000    91.4914  -418.2750     1.0000     0.0000   672.4471  1333.5005     1.0000     0.0000 -1065.0554 -1552.9246     1.0000     0.0000  1261.6057  1300.3076     1.0000     0.0000 -1408.7566  -911.2450     1.0000   148.2330  1813.1847  1138.4708     1.0000  -593.6859 -2532.3535 -2085.3381     1.0000   892.3111  2527.1240  2696.6575     1.0000  -596.4373 -1547.6947 -1443.1418     1.0000   149.5777    79.9287  -887.5360     1.0000     0.0000  1010.7820  1870.7413     1.0000     0.0000  -668.1113 -1219.2943     1.0000     0.0000 -1082.6581 -1982.3345     1.0000
  586.1102   -78.7645  -799.3954     1.0000  -725.6912 -1807.2152  3365.4216     1.0000   324.3426  -441.8247    15.9183     1.0000    -0.0000  -369.3698   -41.5734     1.0000    -0.0000  -339.8384   -99.3724     1.0000    -0.0000  -204.4593  -146.5717     1.0000    -0.0000  -236.8476  -157.3921     1.0000    -0.0000  -140.3636  -216.6654     1.0000    -0.0000   -37.1312  -173.9529     1.0000    -0.0000   -93.2573  -239.9043     1.0000    -0.0000    26.7101  -197.6546     1.0000    -0.0000     0.8424  -183.5069     1.0000    -0.0000   108.2227  -229.9465     1.0000    -0.0000    10.2864  -130.2429     1.0000    -0.0000   199.8888  -192.9118     1.0000    -0.0000    21.9257  -137.7844     1.0000    -0.0000   312.7667   -34.8685     1.0000    -0.0000  -437.2480  -400.1590     1.0000    -0.0000  1178.2804   536.4854     1.0000    -0.0000 -1126.3759  -979.4553     1.0000    -0.0000  1410.1084  1015.0108     1.0000    -0.0000 -1198.2158 -1148.1746     1.0000    -0.0000  1533.3344  1069.4047     1.0000    -0.0000 -1361.8838 -1053.3295     1.0000    -0.0000  1591.9033   980.4296     1.0000    -0.0000 -1428.9507  -987.3728     1.0000    -0.0000  1642.2804  1063.1440     1.0000    -0.0000 -1423.1677 -1153.9412     1.0000    -0.0000  1484.4884  1216.1704     1.0000   155.0506 -1314.9952 -1109.9216     1.0000  -631.3932  1191.3158   959.2894     1.0000   961.6874  -883.4876  -945.9079     1.0000  -649.3224   884.3868  1089.3926     1.0000   163.9842  -897.9687 -1322.9908     1.0000    -0.0000   963.0159  1546.3008     1.0000    -0.0000 -1110.5726 -1891.1647     1.0000    -0.0000  1345.1902  1970.8008     1.0000    -0.0000 -1526.6406 -2064.1653     1.0000    -0.0000  1311.0813  1688.5428     1.0000    -0.0000 -1272.8657 -1444.1652     1.0000    -0.0000  1328.6685  1054.5126     1.0000    -0.0000 -1547.6960 -1483.0725     1.0000    -0.0000  1418.3132  1731.5790     1.0000    -0.0000 -1495.7845 -2341.6399     1.0000    -0.0000  1484.7745  1952.0413     1.0000    -0.0000 -1547.8743 -1777.9764     1.0000    -0.0000  1134.9395  1366.3927     1.0000    -0.0000 -1047.7887 -1958.5330     1.0000    -0.0000  1248.8639  1870.8423     1.0000    -0.0000 -1676.6777 -1913.2203     1.0000    -0.0000  1763.7938  1347.9700     1.0000    -0.0000 -1562.5067 -1483.1406     1.0000    -0.0000  1540.1854  2009.5707     1.0000    -0.0000 -1438.6027 -2961.3850     1.0000    -0.0000  1431.3210  3714.7249     1.0000    -0.0000  -882.0590 -3194.7993     1.0000    -0.0000  1212.6719  2780.8083     1.0000    -0.0000 -1169.1460 -1469.6172     1.0000    -0.0000  1822.0829  1708.9009     1.0000    -0.0000 -1126.4802  -308.0380     1.0000    -0.0000  1779.5310  1716.7915     1.0000   310.4366  -887.7913  -168.9789     1.0000  -257.8592  1215.1914  2988.7917     1.0000  -389.5345  1672.7439  3627.5466     1.0000
  158.2645   -11.3674   271.5315     1.0000  -196.3243   322.5352  -917.9044     1.0000    86.9808    56.6978    30.9877     1.0000     0.0000   -99.0055    16.1341     1.0000     0.0000    83.9342    33.5270     1.0000     0.0000   -94.5195     2.3512     1.0000     0.0000    67.9902    35.8211     1.0000     0.0000   -27.8819    20.2923     1.0000     0.0000   -37.4006    -5.6741     1.0000     0.0000   116.3524    70.2702     1.0000     0.0000  -127.8551   -14.4500     1.0000     0.0000   115.4525    32.4881     1.0000     0.0000   -54.3425    43.0356     1.0000     0.0000    50.9904    27.3524     1.0000     0.0000  -105.1397   -33.6817     1.0000     0.0000   227.9747   175.2180     1.0000     0.0000  -218.2780  -113.5747     1.0000     0.0000   125.2747   104.6274     1.0000     0.0000     8.4783    33.6120     1.0000     0.0000   -83.4991     6.3016     1.0000     0.0000    89.6887    39.1477     1.0000     0.0000   -24.6851    78.0907     1.0000     0.0000   -72.6442   -54.4810     1.0000    43.3595   183.9820   108.8644     1.0000  -173.9949  -290.2451   -14.5034     1.0000   262.1164   266.2588     6.9473     1.0000  -175.6823  -106.8023    92.1370     1.0000    44.2006  -156.7951  -134.4769     1.0000     0.0000   325.4744   315.1658     1.0000     0.0000  -490.0600  -445.9884     1.0000    42.9285   602.2123   598.1273     1.0000  -173.1549  -671.2185  -752.5343     1.0000   262.0756   596.5309  1002.9251     1.0000  -176.3808  -577.2814 -1087.9604     1.0000    44.5308   425.1133   803.9312     1.0000     0.0000   -46.3534  -176.2172     1.0000     0.0000  -330.8141  -340.4092     1.0000     0.0000   392.5205   546.0533     1.0000     0.0000  -456.8784  -556.7433     1.0000     0.0000   605.1154   578.1010     1.0000     0.0000  -647.3481  -397.2650     1.0000    43.0024   700.1006   297.3407     1.0000  -173.4235  -711.6315  -281.5051     1.0000   261.9474   539.5878   525.3014     1.0000  -175.5829   -12.6586  -286.8769     1.0000    44.0559  -362.0312   101.7380     1.0000     0.0000   739.6876   511.6102     1.0000    43.7462  -804.8336  -535.5649     1.0000  -175.0211   837.1691   956.6276     1.0000   305.9837  -408.4581  -481.0591     1.0000  -349.3983   270.4571   530.9230     1.0000   304.7640   255.3954   775.8765     1.0000  -172.5260  -197.7738  -555.8040     1.0000    42.4530   476.8084  1373.2336     1.0000     0.0000    87.4007    32.7778     1.0000     0.0000  -159.3289   281.9109     1.0000     0.0000  1085.7339  2164.6741     1.0000     0.0000  -488.0209  -615.4172     1.0000     0.0000   384.1393  1286.7709     1.0000     0.0000  1205.3866  2761.9058     1.0000     0.0000  -454.0901  -153.0238     1.0000    97.3648  1059.6991  2505.5696     1.0000   -51.2563   385.9313   972.2604     1.0000   -95.8960   240.9806   647.3918     1.0000
  247.3374   146.2625  -103.3732     1.0000  -306.4245  -142.3954   488.7050     1.0000   136.0047    88.1514    15.9208     1.0000    -0.0000  -102.6591   -18.9165     1.0000    -0.0000    81.0294    16.1941     1.0000   135.4504   -54.2590     1.5666     1.0000  -542.8464   -91.1235   -47.1644     1.0000   951.5586   264.9368    77.4631     1.0000 -1088.3138  -368.3734   -89.9452     1.0000  1088.3138   344.6835    65.2760     1.0000  -953.3705  -320.2864   -77.1003     1.0000   411.5486   251.2220    69.4900     1.0000   269.7381  -148.7597  -112.0733     1.0000  -274.6047   228.0326   213.6687     1.0000  -404.2876  -519.2836  -380.8629     1.0000   816.2499   680.6155   431.8599     1.0000  -546.8043  -617.5180  -404.7744     1.0000   137.3682   395.9377   269.8995     1.0000   134.7304    86.2773    13.4703     1.0000  -541.5509  -686.1731  -433.2252     1.0000   816.1953   860.0184   531.0199     1.0000  -546.6263  -408.4413  -120.2312     1.0000   137.2515  -129.3860  -466.9538     1.0000   134.9534   393.8298   801.0183     1.0000  -542.0523  -533.5761  -894.9971     1.0000   816.1450   718.9584   800.0838     1.0000  -545.9139  -843.6222  -580.5214     1.0000   136.8678   764.8973   383.4570     1.0000   135.4374  -300.6785  -260.8648     1.0000  -543.0745  -380.0455    65.0641     1.0000   951.7992   970.8842   468.0471     1.0000 -1088.3137 -1310.0258 -1112.1942     1.0000   952.3079  1402.4036  1275.8656     1.0000  -544.0618 -1027.7875  -766.0760     1.0000   135.9060   287.3715   156.1124     1.0000    -0.0000   509.1985   435.5481     1.0000    -0.0000  -946.2123  -825.1280     1.0000    -0.0000   816.9887   903.2477     1.0000    -0.0000  -282.2719  -770.3931     1.0000    -0.0000   -92.4345   862.4735     1.0000    -0.0000   211.1211  -921.1749     1.0000    -0.0000    22.3524  1040.7344     1.0000   138.0992  -346.1292  -759.2198     1.0000  -410.1558   278.4682    27.5540     1.0000   266.9063    -5.2534   804.3594     1.0000   277.2017    17.0412  -877.4327     1.0000  -404.9704   324.0750   795.3312     1.0000   272.4103  -807.6548  -462.2205     1.0000  -551.3109   546.9343   129.4617     1.0000   815.8712   222.2880    52.5614     1.0000  -535.7678  -457.2426   423.0649     1.0000   131.7190   597.6128    23.0683     1.0000   141.0981 -1065.1173 -1353.9050     1.0000  -413.0739  1646.4586  2649.5774     1.0000   260.5662 -1921.5372 -1992.4268     1.0000   425.5160  1730.7880   219.3860     1.0000  -958.2652  -788.1872  1847.5228     1.0000  1088.3138  -175.3191 -2725.4014     1.0000 -1088.3137   668.4883  3294.0093     1.0000   944.6123  -488.7831 -2564.5354     1.0000  -672.7584  -134.4150  1018.4691     1.0000   833.1772  1048.8258  1073.4358     1.0000  -366.8776  -439.2337  -487.3951     1.0000  -694.9915  -845.5438  -915.7415     1.0000
    0.0000     0.0000     0.0000     0.0000     0.0000     0.0000     0.0000     0.0000     0.0000     0.0000     0.0000     0.0000     0.0000     0.0000     0.0000     0.0000     0.0000     0.0000     0.0000     0.0000     0.0000     0.0000     0.0000     0.0000     0.0000     0.0000     0.0000     0.0000     0.0000     0.0000     0.0000     0.0000     0.0000     0.0000     0.0000     0.0000     0.0000     0.0000     0.0000     0.0000     0.0000     0.0000     0.0000     0.0000     0.0000     0.0000     0.0000     0.0000     0.0000     0.0000     0.0000     0.0000     0.0000     0.0000     0.0000     0.0000     0.0000     0.0000     0.0000     0.0000     0.0000     0.0000     0.0000     0.0000     0.0000     0.0000     0.0000     0.0000     0.0000     0.0000     0.0000     0.0000     0.0000     0.0000     0.0000     0.0000     0.0000     0.0000     0.0000     0.0000     0.0000     0.0000     0.0000     0.0000     0.0000     0.0000     0.0000     0.0000     0.0000     0.0000     0.0000     0.0000     0.0000     0.0000     0.0000     0.0000     0.0000     0.0000     0.0000     0.0000     0.0000     0.0000     0.0000     0.0000     0.0000     0.0000     0.0000     0.0000     0.0000     0.0000     0.0000     0.0000     0.0000     0.0000     0.0000     0.0000     0.0000     0.0000     0.0000     0.0000     0.0000     0.0000     0.0000     0.0000     0.0000     0.0000     0.0000     0.0000     0.0000     0.0000     0.0000     0.0000     0.0000     0.0000     0.0000     0.0000     0.0000     0.0000     0.0000     0.0000     0.0000     0.0000     0.0000     0.0000     0.0000     0.0000     0.0000     0.0000     0.0000     0.0000     0.0000     0.0000     0.0000     0.0000     0.0000     0.0000     0.0000     0.0000     0.0000     0.0000     0.0000     0.0000     0.0000     0.0000     0.0000     0.0000     0.0000     0.0000     0.0000     0.0000     0.0000     0.0000     0.0000     0.0000     0.0000     0.0000     0.0000     0.0000     0.0000     0.0000     0.0000     0.0000     0.0000     0.0000     0.0000     0.0000     0.0000     0.0000     0.0000     0.0000     0.0000     0.0000     0.0000     0.0000     0.0000     0.0000     0.0000     0.0000     0.0000     0.0000     0.0000     0.0000     0.0000     0.0000     0.0000     0.0000     0.0000     0.0000     0.0000     0.0000     0.0000     0.0000     0.0000     0.0000     0.0000     0.0000     0.0000     0.0000     0.0000     0.0000     0.0000     0.0000     0.0000     0.0000     0.0000     0.0000     0.0000     0.0000     0.0000     0.0000     0.0000     0.0000     0.0000     0.0000     0.0000     0.0000     0.0000     0.0000     0.0000     0.0000     0.0000     0.0000     0.0000     0.0000     0.0000     0.0000     0.0000     0.0000     0.0000     0.0000     0.0000     0.0000     0.0000     0.0000     0.0000     0.0000
    0.0000     0.0000     0.0000     0.0000     0.0000     0.0000     0.0000     0.0000     0.0000     0.0000     0.0000     0.0000     0.0000     0.0000     0.0000     0.0000     0.0000     0.0000     0.0000     0.0000     0.0000     0.0000     0.0000     0.0000     0.0000     0.0000     0.0000     0.0000     0.0000     0.0000     0.0000     0.0000     0.0000     0.0000     0.0000     0.0000     0.0000     0.0000     0.0000     0.0000     0.0000     0.0000     0.0000     0.0000     0.0000     0.0000     0.0000     0.0000     0.0000     0.0000     0.0000     0.0000     0.0000     0.0000     0.0000     0.0000     0.0000     0.0000     0.0000     0.0000     0.0000     0.0000     0.0000     0.0000     0.0000     0.0000     0.0000     0.0000     0.0000     0.0000     0.0000     0.0000     0.0000     0.0000     0.0000     0.0000     0.0000     0.0000     0.0000     0.0000     0.0000     0.0000     0.0000     0.0000     0.0000     0.0000     0.0000     0.0000     0.0000     0.0000     0.0000     0.0000     0.0000     0.0000     0.0000     0.0000     0.0000     0.0000     0.0000     0.0000     0.0000     0.0000     0.0000     0.0000     0.0000     0.0000     0.0000     0.0000     0.0000     0.0000     0.0000     0.0000     0.0000     0.0000     0.0000     0.0000     0.0000     0.0000     0.0000     0.0000     0.0000     0.0000     0.0000     0.0000     0.0000     0.0000     0.0000     0.0000     0.0000     0.0000     0.0000     0.0000     0.0000     0.0000     0.0000     0.0000     0.0000     0.0000     0.0000     0.0000     0.0000     0.0000     0.0000     0.0000     0.0000     0.0000     0.0000     0.0000     0.0000     0.0000     0.0000     0.0000     0.0000     0.0000     0.0000     0.0000     0.0000     0.0000     0.0000     0.0000     0.0000     0.0000     0.0000     0.0000     0.0000     0.0000     0.0000     0.0000     0.0000     0.0000     0.0000     0.0000     0.0000     0.0000     0.0000     0.0000     0.0000     0.0000     0.0000     0.0000     0.0000     0.0000     0.0000     0.0000     0.0000     0.0000     0.0000     0.0000     0.0000     0.0000     0.0000     0.0000     0.0000     0.0000     0.0000     0.0000     0.0000     0.0000     0.0000     0.0000     0.0000     0.0000     0.0000     0.0000     0.0000     0.0000     0.0000     0.0000     0.0000     0.0000     0.0000     0.0000     0.0000     0.0000     0.0000     0.0000     0.0000     0.0000     0.0000     0.0000     0.0000     0.0000     0.0000     0.0000     0.0000     0.0000     0.0000     0.0000     0.0000     0.0000     0.0000     0.0000     0.0000     0.0000     0.0000     0.0000     0.0000     0.0000     0.0000     0.0000     0.0000     0.0000     0.0000     0.0000     0.0000     0.0000     0.0000     0.0000     0.0000     0.0000     0.0000     0.0000     0.0000     0.0000     0.0000     0.0000
    0.0000     0.0000     0.0000     0.0000     0.0000     0.0000     0.0000     0.0000     0.0000     0.0000     0.0000     0.0000     0.0000     0.0000     0.0000     0.0000     0.0000     0.0000     0.0000     0.0000     0.0000     0.0000     0.0000     0.0000     0.0000     0.0000     0.0000     0.0000     0.0000     0.0000     0.0000     0.0000     0.0000     0.0000     0.0000     0.0000     0.0000     0.0000     0.0000     0.0000     0.0000     0.0000     0.0000     0.0000     0.0000     0.0000     0.0000     0.0000     0.0000     0.0000     0.0000     0.0000     0.0000     0.0000     0.0000     0.0000     0.0000     0.0000     0.0000     0.0000     0.0000     0.0000     0.0000     0.0000     0.0000     0.0000     0.0000     0.0000     0.0000     0.0000     0.0000     0.0000     0.0000     0.0000     0.0000     0.0000     0.0000     0.0000     0.0000     0.0000     0.0000     0.0000     0.0000     0.0000     0.0000     0.0000     0.0000     0.0000     0.0000     0.0000     0.0000     0.0000     0.0000     0.0000     0.0000     0.0000     0.0000     0.0000     0.0000     0.0000     0.0000     0.0000     0.0000     0.0000     0.0000     0.0000     0.0000     0.0000     0.0000     0.0000     0.0000     0.0000     0.0000     0.0000     0.0000     0.0000     0.0000     0.0000     0.0000     0.0000     0.0000     0.0000     0.0000     0.0000     0.0000     0.0000     0.0000     0.0000     0.0000     0.0000     0.0000     0.0000     0.0000     0.0000     0.0000     0.0000     0.0000     0.0000     0.0000     0.0000     0.0000     0.0000     0.0000     0.0000     0.0000     0.0000     0.0000     0.0000     0.0000     0.0000     0.0000     0.0000     0.0000     0.0000     0.0000     0.0000     0.0000     0.0000     0.0000     0.0000     0.0000     0.0000     0.0000     0.0000     0.0000     0.0000     0.0000     0.0000     0.0000     0.0000     0.0000     0.0000     0.0000     0.0000     0.0000     0.0000     0.0000     0.0000     0.0000     0.0000     0.0000     0.0000     0.0000     0.0000     0.0000     0.0000     0.0000     0.0000     0.0000     0.0000     0.0000     0.0000     0.0000     0.0000     0.0000     0.0000     0.0000     0.0000     0.0000     0.0000     0.0000     0.0000     0.0000     0.0000     0.0000     0.0000     0.0000     0.0000     0.0000     0.0000     0.0000     0.0000     0.0000     0.0000     0.0000     0.0000     0.0000     0.0000     0.0000     0.0000     0.0000     0.0000     0.0000     0.0000     0.0000     0.0000     0.0000     0.0000     0.0000     0.0000     0.0000     0.0000     0.0000     0.0000     0.0000     0.0000     0.0000     0.0000     0.0000     0.0000     0.0000     0.0000     0.0000     0.0000     0.0000     0.0000     0.0000     0.0000     0.0000     0.0000     0.0000     0.0000     0.0000     0.0000     0.0000     0.0000
    0.0000     0.0000     0.0000     0.0000     0.0000     0.0000     0.0000     0.0000     0.0000     0.0000     0.0000     0.0000     0.0000     0.0000     0.0000     0.0000     0.0000     0.0000     0.0000     0.0000     0.0000     0.0000     0.0000     0.0000     0.0000     0.0000     0.0000     0.0000     0.0000     0.0000     0.0000     0.0000     0.0000     0.0000     0.0000     0.0000     0.0000     0.0000     0.0000     0.0000     0.0000     0.0000     0.0000     0.0000     0.0000     0.0000     0.0000     0.0000     0.0000     0.0000     0.0000     0.0000     0.0000     0.0000     0.0000     0.0000     0.0000     0.0000     0.0000     0.0000     0.0000     0.0000     0.0000     0.0000     0.0000     0.0000     0.0000     0.0000     0.0000     0.0000     0.0000     0.0000     0.0000     0.0000     0.0000     0.0000     0.0000     0.0000     0.0000     0.0000     0.0000     0.0000     0.0000     0.0000     0.0000     0.0000     0.0000     0.0000     0.0000     0.0000     0.0000     0.0000     0.0000     0.0000     0.0000     0.0000     0.0000     0.0000     0.0000     0.0000     0.0000     0.0000     0.0000     0.0000     0.0000     0.0000     0.0000     0.0000     0.0000     0.0000     0.0000     0.0000     0.0000     0.0000     0.0000     0.0000     0.0000     0.0000     0.0000     0.0000     0.0000     0.0000     0.0000     0.0000     0.0000     0.0000     0.0000     0.0000     0.0000     0.0000     0.0000     0.0000     0.0000     0.0000     0.0000     0.0000     0.0000     0.0000     0.0000     0.0000     0.0000     0.0000     0.0000     0.0000     0.0000     0.0000     0.0000     0.0000     0.0000     0.0000     0.0000     0.0000     0.0000     0.0000     0.0000     0.0000     0.0000     0.0000     0.0000     0.0000     0.0000     0.0000     0.0000     0.0000     0.0000     0.0000     0.0000     0.0000     0.0000     0.0000     0.0000     0.0000     0.0000     0.0000     0.0000     0.0000     0.0000     0.0000     0.0000     0.0000     0.0000     0.0000     0.0000     0.0000     0.0000     0.0000     0.0000     0.0000     0.0000     0.0000     0.0000     0.0000     0.0000     0.0000     0.0000     0.0000     0.0000     0.0000     0.0000     0.0000     0.0000     0.0000     0.0000     0.0000     0.0000     0.0000     0.0000     0.0000     0.0000     0.0000     0.0000     0.0000     0.0000     0.0000     0.0000     0.0000     0.0000     0.0000     0.0000     0.0000     0.0000     0.0000     0.0000     0.0000     0.0000     0.0000     0.0000     0.0000     0.0000     0.0000     0.0000     0.0000     0.0000     0.0000     0.0000     0.0000     0.0000     0.0000     0.0000     0.0000     0.0000     0.0000     0.0000     0.0000     0.0000     0.0000     0.0000     0.0000     0.0000     0.0000     0.0000     0.0000     0.0000     0.0000     0.0000     0.0000
    0.0000     0.0000     0.0000     0.0000     0.0000     0.0000     0.0000     0.0000     0.0000     0.0000     0.0000     0.0000     0.0000     0.0000     0.0000     0.0000     0.0000     0.0000     0.0000     0.0000     0.0000     0.0000     0.0000     0.0000     0.0000     0.0000     0.0000     0.0000     0.0000     0.0000     0.0000     0.0000     0.0000     0.0000     0.0000     0.0000     0.0000     0.0000     0.0000     0.0000     0.0000     0.0000     0.0000     0.0000     0.0000     0.0000     0.0000     0.0000     0.0000     0.0000     0.0000     0.0000     0.0000     0.0000     0.0000     0.0000     0.0000     0.0000     0.0000     0.0000     0.0000     0.0000     0.0000     0.0000     0.0000     0.0000     0.0000     0.0000     0.0000     0.0000     0.0000     0.0000     0.0000     0.0000     0.0000     0.0000     0.0000     0.0000     0.0000     0.0000     0.0000     0.0000     0.0000     0.0000     0.0000     0.0000     0.0000     0.0000     0.0000     0.0000     0.0000     0.0000     0.0000     0.0000     0.0000     0.0000     0.0000     0.0000     0.0000     0.0000     0.0000     0.0000     0.0000     0.0000     0.0000     0.0000     0.0000     0.0000     0.0000     0.0000     0.0000     0.0000     0.0000     0.0000     0.0000     0.0000     0.0000     0.0000     0.0000     0.0000     0.0000     0.0000     0.0000     0.0000     0.0000     0.0000     0.0000     0.0000     0.0000     0.0000     0.0000     0.0000     0.0000     0.0000     0.0000     0.0000     0.0000     0.0000     0.0000     0.0000     0.0000     0.0000     0.0000     0.0000     0.0000     0.0000     0.0000     0.0000     0.0000     0.0000     0.0000     0.0000     0.0000     0.0000     0.0000     0.0000     0.0000     0.0000     0.0000     0.0000     0.0000     0.0000     0.0000     0.0000     0.0000     0.0000     0.0000     0.0000     0.0000     0.0000     0.0000     0.0000     0.0000     0.0000     0.0000     0.0000     0.0000     0.0000     0.0000     0.0000     0.0000     0.0000     0.0000     0.0000     0.0000     0.0000     0.0000     0.0000     0.0000     0.0000     0.0000     0.0000     0.0000     0.0000     0.0000     0.0000     0.0000     0.0000     0.0000     0.0000     0.0000     0.0000     0.0000     0.0000     0.0000     0.0000     0.0000     0.0000     0.0000     0.0000     0.0000     0.0000     0.0000     0.0000     0.0000     0.0000     0.0000     0.0000     0.0000     0.0000     0.0000     0.0000     0.0000     0.0000     0.0000     0.0000     0.0000     0.0000     0.0000     0.0000     0.0000     0.0000     0.0000     0.0000     0.0000     0.0000     0.0000     0.0000     0.0000     0.0000     0.0000     0.0000     0.0000     0.0000     0.0000     0.0000     0.0000     0.0000     0.0000     0.0000     0.0000     0.0000     0.0000     0.0000     0.0000     0.0000
    0.0000     0.0000     0.0000     0.0000     0.0000     0.0000     0.0000     0.0000     0.0000     0.0000     0.0000     0.0000     0.0000     0.0000     0.0000     0.0000     0.0000     0.0000     0.0000     0.0000     0.0000     0.0000     0.0000     0.0000     0.0000     0.0000     0.0000     0.0000     0.0000     0.0000     0.0000     0.0000     0.0000     0.0000     0.0000     0.0000     0.0000     0.0000     0.0000     0.0000     0.0000     0.0000     0.0000     0.0000     0.0000     0.0000     0.0000     0.0000     0.0000     0.0000     0.0000     0.0000     0.0000     0.0000     0.0000     0.0000     0.0000     0.0000     0.0000     0.0000     0.0000     0.0000     0.0000     0.0000     0.0000     0.0000     0.0000     0.0000     0.0000     0.0000     0.0000     0.0000     0.0000     0.0000     0.0000     0.0000     0.0000     0.0000     0.0000     0.0000     0.0000     0.0000     0.0000     0.0000     0.0000     0.0000     0.0000     0.0000     0.0000     0.0000     0.0000     0.0000     0.0000     0.0000     0.0000     0.0000     0.0000     0.0000     0.0000     0.0000     0.0000     0.0000     0.0000     0.0000     0.0000     0.0000     0.0000     0.0000     0.0000     0.0000     0.0000     0.0000     0.0000     0.0000     0.0000     0.0000     0.0000     0.0000     0.0000     0.0000     0.0000     0.0000     0.0000     0.0000     0.0000     0.0000     0.0000     0.0000     0.0000     0.0000     0.0000     0.0000     0.0000     0.0000     0.0000     0.0000     0.0000     0.0000     0.0000     0.0000     0.0000     0.0000     0.0000     0.0000     0.0000     0.0000     0.0000     0.0000     0.0000     0.0000     0.0000     0.0000     0.0000     0.0000     0.0000     0.0000     0.0000     0.0000     0.0000     0.0000     0.0000     0.0000     0.0000     0.0000     0.0000     0.0000     0.0000     0.0000     0.0000     0.0000     0.0000     0.0000     0.0000     0.0000     0.0000     0.0000     0.0000     0.0000     0.0000     0.0000     0.0000     0.0000     0.0000     0.0000     0.0000     0.0000     0.0000     0.0000     0.0000     0.0000     0.0000     0.0000     0.0000     0.0000     0.0000     0.0000     0.0000     0.0000     0.0000     0.0000     0.0000     0.0000     0.0000     0.0000     0.0000     0.0000     0.0000     0.0000     0.0000     0.0000     0.0000     0.0000     0.0000     0.0000     0.0000     0.0000     0.0000     0.0000     0.0000     0.0000     0.0000     0.0000     0.0000     0.0000     0.0000     0.0000     0.0000     0.0000     0.0000     0.0000     0.0000     0.0000     0.0000     0.0000     0.0000     0.0000     0.0000     0.0000     0.0000     0.0000     0.0000     0.0000     0.0000     0.0000     0.0000     0.0000     0.0000     0.0000     0.0000     0.0000     0.0000     0.0000     0.0000     0.0000     0.0000     0.0000
    0.0000     0.0000     0.0000     0.0000     0.0000     0.0000     0.0000     0.0000     0.0000     0.0000     0.0000     0.0000     0.0000     0.0000     0.0000     0.0000     0.0000     0.0000     0.0000     0.0000     0.0000     0.0000     0.0000     0.0000     0.0000     0.0000     0.0000     0.0000     0.0000     0.0000     0.0000     0.0000     0.0000     0.0000     0.0000     0.0000     0.0000     0.0000     0.0000     0.0000     0.0000     0.0000     0.0000     0.0000     0.0000     0.0000     0.0000     0.0000     0.0000     0.0000     0.0000     0.0000     0.0000     0.0000     0.0000     0.0000     0.0000     0.0000     0.0000     0.0000     0.0000     0.0000     0.0000     0.0000     0.0000     0.0000     0.0000     0.0000     0.0000     0.0000     0.0000     0.0000     0.0000     0.0000     0.0000     0.0000     0.0000     0.0000     0.0000     0.0000     0.0000     0.0000     0.0000     0.0000     0.0000     0.0000     0.0000     0.0000     0.0000     0.0000     0.0000     0.0000     0.0000     0.0000     0.0000     0.0000     0.0000     0.0000     0.0000     0.0000     0.0000     0.0000     0.0000     0.0000     0.0000     0.0000     0.0000     0.0000     0.0000     0.0000     0.0000     0.0000     0.0000     0.0000     0.0000     0.0000     0.0000     0.0000     0.0000     0.0000     0.0000     0.0000     0.0000     0.0000     0.0000     0.0000     0.0000     0.0000     0.0000     0.0000     0.0000     0.0000     0.0000     0.0000     0.0000     0.0000     0.0000     0.0000     0.0000     0.0000     0.0000     0.0000     0.0000     0.0000     0.0000     0.0000     0.0000     0.0000     0.0000     0.0000     0.0000     0.0000     0.0000     0.0000     0.0000     0.0000     0.0000     0.0000     0.0000     0.0000     0.0000     0.0000     0.0000     0.0000     0.0000     0.0000     0.0000     0.0000     0.0000     0.0000     0.0000     0.0000     0.0000     0.0000     0.0000     0.0000     0.0000     0.0000     0.0000     0.0000     0.0000     0.0000     0.0000     0.0000     0.0000     0.0000     0.0000     0.0000     0.0000     0.0000     0.0000     0.0000     0.0000     0.0000     0.0000     0.0000     0.0000     0.0000     0.0000     0.0000     0.0000     0.0000     0.0000     0.0000     0.0000     0.0000     0.0000     0.0000     0.0000     0.0000     0.0000     0.0000     0.0000     0.0000     0.0000     0.0000     0.0000     0.0000     0.0000     0.0000     0.0000     0.0000     0.0000     0.0000     0.0000     0.0000     0.0000     0.0000     0.0000     0.0000     0.0000     0.0000     0.0000     0.0000     0.0000     0.0000     0.0000     0.0000     0.0000     0.0000     0.0000     0.0000     0.0000     0.0000     0.0000     0.0000     0.0000     0.0000     0.0000     0.0000     0.0000     0.0000     0.0000     0.0000     0.0000     0.0000
    0.0000     0.0000     0.0000     0.0000     0.0000     0.0000     0.0000     0.0000     0.0000     0.0000     0.0000     0.0000     0.0000     0.0000     0.0000     0.0000     0.0000     0.0000     0.0000     0.0000     0.0000     0.0000     0.0000     0.0000     0.0000     0.0000     0.0000     0.0000     0.0000     0.0000     0.0000     0.0000     0.0000     0.0000     0.0000     0.0000     0.0000     0.0000     0.0000     0.0000     0.0000     0.0000     0.0000     0.0000     0.0000     0.0000     0.0000     0.0000     0.0000     0.0000     0.0000     0.0000     0.0000     0.0000     0.0000     0.0000     0.0000     0.0000     0.0000     0.0000     0.0000     0.0000     0.0000     0.0000     0.0000     0.0000     0.0000     0.0000     0.0000     0.0000     0.0000     0.0000     0.0000     0.0000     0.0000     0.0000     0.0000     0.0000     0.0000     0.0000     0.0000     0.0000     0.0000     0.0000     0.0000     0.0000     0.0000     0.0000     0.0000     0.0000     0.0000     0.0000     0.0000     0.0000     0.0000     0.0000     0.0000     0.0000     0.0000     0.0000     0.0000     0.0000     0.0000     0.0000     0.0000     0.0000     0.0000     0.0000     0.0000     0.0000     0.0000     0.0000     0.0000     0.0000     0.0000     0.0000     0.0000     0.0000     0.0000     0.0000     0.0000     0.0000     0.0000     0.0000     0.0000     0.0000     0.0000     0.0000     0.0000     0.0000     0.0000     0.0000     0.0000     0.0000     0.0000     0.0000     0.0000     0.0000     0.0000     0.0000     0.0000     0.0000     0.0000     0.0000     0.0000     0.0000     0.0000     0.0000     0.0000     0.0000     0.0000     0.0000     0.0000     0.0000     0.0000     0.0000     0.0000     0.0000     0.0000     0.0000     0.0000     0.0000     0.0000     0.0000     0.0000     0.0000     0.0000     0.0000     0.0000     0.0000     0.0000     0.0000     0.0000     0.0000     0.0000     0.0000     0.0000     0.0000     0.0000     0.0000     0.0000     0.0000     0.0000     0.0000     0.0000     0.0000     0.0000     0.0000     0.0000     0.0000     0.0000     0.0000     0.0000     0.0000     0.0000     0.0000     0.0000     0.0000     0.0000     0.0000     0.0000     0.0000     0.0000     0.0000     0.0000     0.0000     0.0000     0.0000     0.0000     0.0000     0.0000     0.0000     0.0000     0.0000     0.0000     0.0000     0.0000     0.0000     0.0000     0.0000     0.0000     0.0000     0.0000     0.0000     0.0000     0.0000     0.0000     0.0000     0.0000     0.0000     0.0000     0.0000     0.0000     0.0000     0.0000     0.0000     0.0000     0.0000     0.0000     0.0000     0.0000     0.0000     0.0000     0.0000     0.0000     0.0000     0.0000     0.0000     0.0000     0.0000     0.0000     0.0000     0.0000     0.0000     0.0000     0.0000
    0.0000     0.0000     0.0000     0.0000     0.0000     0.0000     0.0000     0.0000     0.0000     0.0000     0.0000     0.0000     0.0000     0.0000     0.0000     0.0000     0.0000     0.0000     0.0000     0.0000     0.0000     0.0000     0.0000     0.0000     0.0000     0.0000     0.0000     0.0000     0.0000     0.0000     0.0000     0.0000     0.0000     0.0000     0.0000     0.0000     0.0000     0.0000     0.0000     0.0000     0.0000     0.0000     0.0000     0.0000     0.0000     0.0000     0.0000     0.0000     0.0000     0.0000     0.0000     0.0000     0.0000     0.0000     0.0000     0.0000     0.0000     0.0000     0.0000     0.0000     0.0000     0.0000     0.0000     0.0000     0.0000     0.0000     0.0000     0.0000     0.0000     0.0000     0.0000     0.0000     0.0000     0.0000     0.0000     0.0000     0.0000     0.0000     0.0000     0.0000     0.0000     0.0000     0.0000     0.0000     0.0000     0.0000     0.0000     0.0000     0.0000     0.0000     0.0000     0.0000     0.0000     0.0000     0.0000     0.0000     0.0000     0.0000     0.0000     0.0000     0.0000     0.0000     0.0000     0.0000     0.0000     0.0000     0.0000     0.0000     0.0000     0.0000     0.0000     0.0000     0.0000     0.0000     0.0000     0.0000     0.0000     0.0000     0.0000     0.0000     0.0000     0.0000     0.0000     0.0000     0.0000     0.0000     0.0000     0.0000     0.0000     0.0000     0.0000     0.0000     0.0000     0.0000     0.0000     0.0000     0.0000     0.0000     0.0000     0.0000     0.0000     0.0000     0.0000     0.0000     0.0000     0.0000     0.0000     0.0000     0.0000     0.0000     0.0000     0.0000     0.0000     0.0000     0.0000     0.0000     0.0000     0.0000     0.0000     0.0000     0.0000     0.0000     0.0000     0.0000     0.0000     0.0000     0.0000     0.0000     0.0000     0.0000     0.0000     0.0000     0.0000     0.0000     0.0000     0.0000     0.0000     0.0000     0.0000     0.0000     0.0000     0.0000     0.0000     0.0000     0.0000     0.0000     0.0000     0.0000     0.0000     0.0000     0.0000     0.0000     0.0000     0.0000     0.0000     0.0000     0.0000     0.0000     0.0000     0.0000     0.0000     0.0000     0.0000     0.0000     0.0000     0.0000     0.0000     0.0000     0.0000     0.0000     0.0000     0.0000     0.0000     0.0000     0.0000     0.0000     0.0000     0.0000     0.0000     0.0000     0.0000     0.0000     0.0000     0.0000     0.0000     0.0000     0.0000     0.0000     0.0000     0.0000     0.0000     0.0000     0.0000     0.0000     0.0000     0.0000     0.0000     0.0000     0.0000     0.0000     0.0000     0.0000     0.0000     0.0000     0.0000     0.0000     0.0000     0.0000     0.0000     0.0000     0.0000     0.0000     0.0000     0.0000     0.0000     0.0000
    0.0000     0.0000     0.0000     0.0000     0.0000     0.0000     0.0000     0.0000     0.0000     0.0000     0.0000     0.0000     0.0000     0.0000     0.0000     0.0000     0.0000     0.0000     0.0000     0.0000     0.0000     0.0000     0.0000     0.0000     0.0000     0.0000     0.0000     0.0000     0.0000     0.0000     0.0000     0.0000     0.0000     0.0000     0.0000     0.0000     0.0000     0.0000     0.0000     0.0000     0.0000     0.0000     0.0000     0.0000     0.0000     0.0000     0.0000     0.0000     0.0000     0.0000     0.0000     0.0000     0.0000     0.0000     0.0000     0.0000     0.0000     0.0000     0.0000     0.0000     0.0000     0.0000     0.0000     0.0000     0.0000     0.0000     0.0000     0.0000     0.0000     0.0000     0.0000     0.0000     0.0000     0.0000     0.0000     0.0000     0.0000     0.0000     0.0000     0.0000     0.0000     0.0000     0.0000     0.0000     0.0000     0.0000     0.0000     0.0000     0.0000     0.0000     0.0000     0.0000     0.0000     0.0000     0.0000     0.0000     0.0000     0.0000     0.0000     0.0000     0.0000     0.0000     0.0000     0.0000     0.0000     0.0000     0.0000     0.0000     0.0000     0.0000     0.0000     0.0000     0.0000     0.0000     0.0000     0.0000     0.0000     0.0000     0.0000     0.0000     0.0000     0.0000     0.0000     0.0000     0.0000     0.0000     0.0000     0.0000     0.0000     0.0000     0.0000     0.0000     0.0000     0.0000     0.0000     0.0000     0.0000     0.0000     0.0000     0.0000     0.0000     0.0000     0.0000     0.0000     0.0000     0.0000     0.0000     0.0000     0.0000     0.0000     0.0000     0.0000     0.0000     0.0000     0.0000     0.0000     0.0000     0.0000     0.0000     0.0000     0.0000     0.0000     0.0000     0.0000     0.0000     0.0000     0.0000     0.0000     0.0000     0.0000     0.0000     0.0000     0.0000     0.0000     0.0000     0.0000     0.0000     0.0000     0.0000     0.0000     0.0000     0.0000     0.0000     0.0000     0.0000     0.0000     0.0000     0.0000     0.0000     0.0000     0.0000     0.0000     0.0000     0.0000     0.0000     0.0000     0.0000     0.0000     0.0000     0.0000     0.0000     0.0000     0.0000     0.0000     0.0000     0.0000     0.0000     0.0000     0.0000     0.0000     0.0000     0.0000     0.0000     0.0000     0.0000     0.0000     0.0000     0.0000     0.0000     0.0000     0.0000     0.0000     0.0000     0.0000     0.0000     0.0000     0.0000     0.0000     0.0000     0.0000     0.0000     0.0000     0.0000     0.0000     0.0000     0.0000     0.0000     0.0000     0.0000     0.0000     0.0000     0.0000     0.0000     0.0000     0.0000     0.0000     0.0000     0.0000     0.0000     0.0000     0.0000     0.0000     0.0000     0.0000     0.0000     0.0000
    0.0000     0.0000     0.0000     0.0000     0.0000     0.0000     0.0000     0.0000     0.0000     0.0000     0.0000     0.0000     0.0000     0.0000     0.0000     0.0000     0.0000     0.0000     0.0000     0.0000     0.0000     0.0000     0.0000     0.0000     0.0000     0.0000     0.0000     0.0000     0.0000     0.0000     0.0000     0.0000     0.0000     0.0000     0.0000     0.0000     0.0000     0.0000     0.0000     0.0000     0.0000     0.0000     0.0000     0.0000     0.0000     0.0000     0.0000     0.0000     0.0000     0.0000     0.0000     0.0000     0.0000     0.0000     0.0000     0.0000     0.0000     0.0000     0.0000     0.0000     0.0000     0.0000     0.0000     0.0000     0.0000     0.0000     0.0000     0.0000     0.0000     0.0000     0.0000     0.0000     0.0000     0.0000     0.0000     0.0000     0.0000     0.0000     0.0000     0.0000     0.0000     0.0000     0.0000     0.0000     0.0000     0.0000     0.0000     0.0000     0.0000     0.0000     0.0000     0.0000     0.0000     0.0000     0.0000     0.0000     0.0000     0.0000     0.0000     0.0000     0.0000     0.0000     0.0000     0.0000     0.0000     0.0000     0.0000     0.0000     0.0000     0.0000     0.0000     0.0000     0.0000     0.0000     0.0000     0.0000     0.0000     0.0000     0.0000     0.0000     0.0000     0.0000     0.0000     0.0000     0.0000     0.0000     0.0000     0.0000     0.0000     0.0000     0.0000     0.0000     0.0000     0.0000     0.0000     0.0000     0.0000     0.0000     0.0000     0.0000     0.0000     0.0000     0.0000     0.0000     0.0000     0.0000     0.0000     0.0000     0.0000     0.0000     0.0000     0.0000     0.0000     0.0000     0.0000     0.0000     0.0000     0.0000     0.0000     0.0000     0.0000     0.0000     0.0000     0.0000     0.0000     0.0000     0.0000     0.0000     0.0000     0.0000     0.0000     0.0000     0.0000     0.0000     0.0000     0.0000     0.0000     0.0000     0.0000     0.0000     0.0000     0.0000     0.0000     0.0000     0.0000     0.0000     0.0000     0.0000     0.0000     0.0000     0.0000     0.0000     0.0000     0.0000     0.0000     0.0000     0.0000     0.0000     0.0000     0.0000     0.0000     0.0000     0.0000     0.0000     0.0000     0.0000     0.0000     0.0000     0.0000     0.0000     0.0000     0.0000     0.0000     0.0000     0.0000     0.0000     0.0000     0.0000     0.0000     0.0000     0.0000     0.0000     0.0000     0.0000     0.0000     0.0000     0.0000     0.0000     0.0000     0.0000     0.0000     0.0000     0.0000     0.0000     0.0000     0.0000     0.0000     0.0000     0.0000     0.0000     0.0000     0.0000     0.0000     0.0000     0.0000     0.0000     0.0000     0.0000     0.0000     0.0000     0.0000     0.0000     0.0000     0.0000     0.0000     0.0000
    0.0000     0.0000     0.0000     0.0000     0.0000     0.0000     0.0000     0.0000     0.0000     0.0000     0.0000     0.0000     0.0000     0.0000     0.0000     0.0000     0.0000     0.0000     0.0000     0.0000     0.0000     0.0000     0.0000     0.0000     0.0000     0.0000     0.0000     0.0000     0.0000     0.0000     0.0000     0.0000     0.0000     0.0000     0.0000     0.0000     0.0000     0.0000     0.0000     0.0000     0.0000     0.0000     0.0000     0.0000     0.0000     0.0000     0.0000     0.0000     0.0000     0.0000     0.0000     0.0000     0.0000     0.0000     0.0000     0.0000     0.0000     0.0000     0.0000     0.0000     0.0000     0.0000     0.0000     0.0000     0.0000     0.0000     0.0000     0.0000     0.0000     0.0000     0.0000     0.0000     0.0000     0.0000     0.0000     0.0000     0.0000     0.0000     0.0000     0.0000     0.0000     0.0000     0.0000     0.0000     0.0000     0.0000     0.0000     0.0000     0.0000     0.0000     0.0000     0.0000     0.0000     0.0000     0.0000     0.0000     0.0000     0.0000     0.0000     0.0000     0.0000     0.0000     0.0000     0.0000     0.0000     0.0000     0.0000     0.0000     0.0000     0.0000     0.0000     0.0000     0.0000     0.0000     0.0000     0.0000     0.0000     0.0000     0.0000     0.0000     0.0000     0.0000     0.0000     0.0000     0.0000     0.0000     0.0000     0.0000     0.0000     0.0000     0.0000     0.0000     0.0000     0.0000     0.0000     0.0000     0.0000     0.0000     0.0000     0.0000     0.0000     0.0000     0.0000     0.0000     0.0000     0.0000     0.0000     0.0000     0.0000     0.0000     0.0000     0.0000     0.0000     0.0000     0.0000     0.0000     0.0000     0.0000     0.0000     0.0000     0.0000     0.0000     0.0000     0.0000     0.0000     0.0000     0.0000     0.0000     0.0000     0.0000     0.0000     0.0000     0.0000     0.0000     0.0000     0.0000     0.0000     0.0000     0.0000     0.0000     0.0000     0.0000     0.0000     0.0000     0.0000     0.0000     0.0000     0.0000     0.0000     0.0000     0.0000     0.0000     0.0000     0.0000     0.0000     0.0000     0.0000     0.0000     0.0000     0.0000     0.0000     0.0000     0.0000     0.0000     0.0000     0.0000     0.0000     0.0000     0.0000     0.0000     0.0000     0.0000     0.0000     0.0000     0.0000     0.0000     0.0000     0.0000     0.0000     0.0000     0.0000     0.0000     0.0000     0.0000     0.0000     0.0000     0.0000     0.0000     0.0000     0.0000     0.0000     0.0000     0.0000     0.0000     0.0000     0.0000     0.0000     0.0000     0.0000     0.0000     0.0000     0.0000     0.0000     0.0000     0.0000     0.0000     0.0000     0.0000     0.0000     0.0000     0.0000     0.0000     0.0000     0.0000     0.0000     0.0000
    0.0000     0.0000     0.0000     0.0000     0.0000     0.0000     0.0000     0.0000     0.0000     0.0000     0.0000     0.0000     0.0000     0.0000     0.0000     0.0000     0.0000     0.0000     0.0000     0.0000     0.0000     0.0000     0.0000     0.0000     0.0000     0.0000     0.0000     0.0000     0.0000     0.0000     0.0000     0.0000     0.0000     0.0000     0.0000     0.0000     0.0000     0.0000     0.0000     0.0000     0.0000     0.0000     0.0000     0.0000     0.0000     0.0000     0.0000     0.0000     0.0000     0.0000     0.0000     0.0000     0.0000     0.0000     0.0000     0.0000     0.0000     0.0000     0.0000     0.0000     0.0000     0.0000     0.0000     0.0000     0.0000     0.0000     0.0000     0.0000     0.0000     0.0000     0.0000     0.0000     0.0000     0.0000     0.0000     0.0000     0.0000     0.0000     0.0000     0.0000     0.0000     0.0000     0.0000     0.0000     0.0000     0.0000     0.0000     0.0000     0.0000     0.0000     0.0000     0.0000     0.0000     0.0000     0.0000     0.0000     0.0000     0.0000     0.0000     0.0000     0.0000     0.0000     0.0000     0.0000     0.0000     0.0000     0.0000     0.0000     0.0000     0.0000     0.0000     0.0000     0.0000     0.0000     0.0000     0.0000     0.0000     0.0000     0.0000     0.0000     0.0000     0.0000     0.0000     0.0000     0.0000     0.0000     0.0000     0.0000     0.0000     0.0000     0.0000     0.0000     0.0000     0.0000     0.0000     0.0000     0.0000     0.0000     0.0000     0.0000     0.0000     0.0000     0.0000     0.0000     0.0000     0.0000     0.0000     0.0000     0.0000     0.0000     0.0000     0.0000     0.0000     0.0000     0.0000     0.0000     0.0000     0.0000     0.0000     0.0000     0.0000     0.0000     0.0000     0.0000     0.0000     0.0000     0.0000     0.0000     0.0000     0.0000     0.0000     0.0000     0.0000     0.0000     0.0000     0.0000     0.0000     0.0000     0.0000     0.0000     0.0000     0.0000     0.0000     0.0000     0.0000     0.0000     0.0000     0.0000     0.0000     0.0000     0.0000     0.0000     0.0000     0.0000     0.0000     0.0000     0.0000     0.0000     0.0000     0.0000     0.0000     0.0000     0.0000     0.0000     0.0000     0.0000     0.0000     0.0000     0.0000     0.0000     0.0000     0.0000     0.0000     0.0000     0.0000     0.0000     0.0000     0.0000     0.0000     0.0000     0.0000     0.0000     0.0000     0.0000     0.0000     0.0000     0.0000     0.0000     0.0000     0.0000     0.0000     0.0000     0.0000     0.0000     0.0000     0.0000     0.0000     0.0000     0.0000     0.0000     0.0000     0.0000     0.0000     0.0000     0.0000     0.0000     0.0000     0.0000     0.0000     0.0000     0.0000     0.0000     0.0000     0.0000     0.0000     0.0000
    0.0000     0.0000     0.0000     0.0000     0.0000     0.0000     0.0000     0.0000     0.0000     0.0000     0.0000     0.0000     0.0000     0.0000     0.0000     0.0000     0.0000     0.0000     0.0000     0.0000     0.0000     0.0000     0.0000     0.0000     0.0000     0.0000     0.0000     0.0000     0.0000     0.0000     0.0000     0.0000     0.0000     0.0000     0.0000     0.0000     0.0000     0.0000     0.0000     0.0000     0.0000     0.0000     0.0000     0.0000     0.0000     0.0000     0.0000     0.0000     0.0000     0.0000     0.0000     0.0000     0.0000     0.0000     0.0000     0.0000     0.0000     0.0000     0.0000     0.0000     0.0000     0.0000     0.0000     0.0000     0.0000     0.0000     0.0000     0.0000     0.0000     0.0000     0.0000     0.0000     0.0000     0.0000     0.0000     0.0000     0.0000     0.0000     0.0000     0.0000     0.0000     0.0000     0.0000     0.0000     0.0000     0.0000     0.0000     0.0000     0.0000     0.0000     0.0000     0.0000     0.0000     0.0000     0.0000     0.0000     0.0000     0.0000     0.0000     0.0000     0.0000     0.0000     0.0000     0.0000     0.0000     0.0000     0.0000     0.0000     0.0000     0.0000     0.0000     0.0000     0.0000     0.0000     0.0000     0.0000     0.0000     0.0000     0.0000     0.0000     0.0000     0.0000     0.0000     0.0000     0.0000     0.0000     0.0000     0.0000     0.0000     0.0000     0.0000     0.0000     0.0000     0.0000     0.0000     0.0000     0.0000     0.0000     0.0000     0.0000     0.0000     0.0000     0.0000     0.0000     0.0000     0.0000     0.0000     0.0000     0.0000     0.0000     0.0000     0.0000     0.0000     0.0000     0.0000     0.0000     0.0000     0.0000     0.0000     0.0000     0.0000     0.0000     0.0000     0.0000     0.0000     0.0000     0.0000     0.0000     0.0000     0.0000     0.0000     0.0000     0.0000     0.0000     0.0000     0.0000     0.0000     0.0000     0.0000     0.0000     0.0000     0.0000     0.0000     0.0000     0.0000     0.0000     0.0000     0.0000     0.0000     0.0000     0.0000     0.0000     0.0000     0.0000     0.0000     0.0000     0.0000     0.0000     0.0000     0.0000     0.0000     0.0000     0.0000     0.0000     0.0000     0.0000     0.0000     0.0000     0.0000     0.0000     0.0000     0.0000     0.0000     0.0000     0.0000     0.0000     0.0000     0.0000     0.0000     0.0000     0.0000     0.0000     0.0000     0.0000     0.0000     0.0000     0.0000     0.0000     0.0000     0.0000     0.0000     0.0000     0.0000     0.0000     0.0000     0.0000     0.0000     0.0000     0.0000     0.0000     0.0000     0.0000     0.0000     0.0000     0.0000     0.0000     0.0000     0.0000     0.0000     0.0000     0.0000     0.0000     0.0000     0.0000     0.0000     0.0000
    0.0000     0.0000     0.0000     0.0000     0.0000     0.0000     0.0000     0.0000     0.0000     0.0000     0.0000     0.0000     0.0000     0.0000     0.0000     0.0000     0.0000     0.0000     0.0000     0.0000     0.0000     0.0000     0.0000     0.0000     0.0000     0.0000     0.0000     0.0000     0.0000     0.0000     0.0000     0.0000     0.0000     0.0000     0.0000     0.0000     0.0000     0.0000     0.0000     0.0000     0.0000     0.0000     0.0000     0.0000     0.0000     0.0000     0.0000     0.0000     0.0000     0.0000     0.0000     0.0000     0.0000     0.0000     0.0000     0.0000     0.0000     0.0000     0.0000     0.0000     0.0000     0.0000     0.0000     0.0000     0.0000     0.0000     0.0000     0.0000     0.0000     0.0000     0.0000     0.0000     0.0000     0.0000     0.0000     0.0000     0.0000     0.0000     0.0000     0.0000     0.0000     0.0000     0.0000     0.0000     0.0000     0.0000     0.0000     0.0000     0.0000     0.0000     0.0000     0.0000     0.0000     0.0000     0.0000     0.0000     0.0000     0.0000     0.0000     0.0000     0.0000     0.0000     0.0000     0.0000     0.0000     0.0000     0.0000     0.0000     0.0000     0.0000     0.0000     0.0000     0.0000     0.0000     0.0000     0.0000     0.0000     0.0000     0.0000     0.0000     0.0000     0.0000     0.0000     0.0000     0.0000     0.0000     0.0000     0.0000     0.0000     0.0000     0.0000     0.0000     0.0000     0.0000     0.0000     0.0000     0.0000     0.0000     0.0000     0.0000     0.0000     0.0000     0.0000     0.0000     0.0000     0.0000     0.0000     0.0000     0.0000     0.0000     0.0000     0.0000     0.0000     0.0000     0.0000     0.0000     0.0000     0.0000     0.0000     0.0000     0.0000     0.0000     0.0000     0.0000     0.0000     0.0000     0.0000     0.0000     0.0000     0.0000     0.0000     0.0000     0.0000     0.0000     0.0000     0.0000     0.0000     0.0000     0.0000     0.0000     0.0000     0.0000     0.0000     0.0000     0.0000     0.0000     0.0000     0.0000     0.0000     0.0000     0.0000     0.0000     0.0000     0.0000     0.0000     0.0000     0.0000     0.0000     0.0000     0.0000     0.0000     0.0000     0.0000     0.0000     0.0000     0.0000     0.0000     0.0000     0.0000     0.0000     0.0000     0.0000     0.0000     0.0000     0.0000     0.0000     0.0000     0.0000     0.0000     0.0000     0.0000     0.0000     0.0000     0.0000     0.0000     0.0000     0.0000     0.0000     0.0000     0.0000     0.0000     0.0000     0.0000     0.0000     0.0000     0.0000     0.0000     0.0000     0.0000     0.0000     0.0000     0.0000     0.0000     0.0000     0.0000     0.0000     0.0000     0.0000     0.0000     0.0000     0.0000     0.0000     0.0000     0.0000     0.0000     0.0000
    0.0000     0.0000     0.0000     0.0000     0.0000     0.0000     0.0000     0.0000     0.0000     0.0000     0.0000     0.0000     0.0000     0.0000     0.0000     0.0000     0.0000     0.0000     0.0000     0.0000     0.0000     0.0000     0.0000     0.0000     0.0000     0.0000     0.0000     0.0000     0.0000     0.0000     0.0000     0.0000     0.0000     0.0000     0.0000     0.0000     0.0000     0.0000     0.0000     0.0000     0.0000     0.0000     0.0000     0.0000     0.0000     0.0000     0.0000     0.0000     0.0000     0.0000     0.0000     0.0000     0.0000     0.0000     0.0000     0.0000     0.0000     0.0000     0.0000     0.0000     0.0000     0.0000     0.0000     0.0000     0.0000     0.0000     0.0000     0.0000     0.0000     0.0000     0.0000     0.0000     0.0000     0.0000     0.0000     0.0000     0.0000     0.0000     0.0000     0.0000     0.0000     0.0000     0.0000     0.0000     0.0000     0.0000     0.0000     0.0000     0.0000     0.0000     0.0000     0.0000     0.0000     0.0000     0.0000     0.0000     0.0000     0.0000     0.0000     0.0000     0.0000     0.0000     0.0000     0.0000     0.0000     0.0000     0.0000     0.0000     0.0000     0.0000     0.0000     0.0000     0.0000     0.0000     0.0000     0.0000     0.0000     0.0000     0.0000     0.0000     0.0000     0.0000     0.0000     0.0000     0.0000     0.0000     0.0000     0.0000     0.0000     0.0000     0.0000     0.0000     0.0000     0.0000     0.0000     0.0000     0.0000     0.0000     0.0000     0.0000     0.0000     0.0000     0.0000     0.0000     0.0000     0.0000     0.0000     0.0000     0.0000     0.0000     0.0000     0.0000     0.0000     0.0000     0.0000     0.0000     0.0000     0.0000     0.0000     0.0000     0.0000     0.0000     0.0000     0.0000     0.0000     0.0000     0.0000     0.0000     0.0000     0.0000     0.0000     0.0000     0.0000     0.0000     0.0000     0.0000     0.0000     0.0000     0.0000     0.0000     0.0000     0.0000     0.0000     0.0000     0.0000     0.0000     0.0000     0.0000     0.0000     0.0000     0.0000     0.0000     0.0000     0.0000     0.0000     0.0000     0.0000     0.0000     0.0000     0.0000     0.0000     0.0000     0.0000     0.0000     0.0000     0.0000     0.0000     0.0000     0.0000     0.0000     0.0000     0.0000     0.0000     0.0000     0.0000     0.0000     0.0000     0.0000     0.0000     0.0000     0.0000     0.0000     0.0000     0.0000     0.0000     0.0000     0.0000     0.0000     0.0000     0.0000     0.0000     0.0000     0.0000     0.0000     0.0000     0.0000     0.0000     0.0000     0.0000     0.0000     0.0000     0.0000     0.0000     0.0000     0.0000     0.0000     0.0000     0.0000     0.0000     0.0000     0.0000     0.0000     0.0000     0.0000     0.0000     0.0000
    0.0000     0.0000     0.0000     0.0000     0.0000     0.0000     0.0000     0.0000     0.0000     0.0000     0.0000     0.0000     0.0000     0.0000     0.0000     0.0000     0.0000     0.0000     0.0000     0.0000     0.0000     0.0000     0.0000     0.0000     0.0000     0.0000     0.0000     0.0000     0.0000     0.0000     0.0000     0.0000     0.0000     0.0000     0.0000     0.0000     0.0000     0.0000     0.0000     0.0000     0.0000     0.0000     0.0000     0.0000     0.0000     0.0000     0.0000     0.0000     0.0000     0.0000     0.0000     0.0000     0.0000     0.0000     0.0000     0.0000     0.0000     0.0000     0.0000     0.0000     0.0000     0.0000     0.0000     0.0000     0.0000     0.0000     0.0000     0.0000     0.0000     0.0000     0.0000     0.0000     0.0000     0.0000     0.0000     0.0000     0.0000     0.0000     0.0000     0.0000     0.0000     0.0000     0.0000     0.0000     0.0000     0.0000     0.0000     0.0000     0.0000     0.0000     0.0000     0.0000     0.0000     0.0000     0.0000     0.0000     0.0000     0.0000     0.0000     0.0000     0.0000     0.0000     0.0000     0.0000     0.0000     0.0000     0.0000     0.0000     0.0000     0.0000     0.0000     0.0000     0.0000     0.0000     0.0000     0.0000     0.0000     0.0000     0.0000     0.0000     0.0000     0.0000     0.0000     0.0000     0.0000     0.0000     0.0000     0.0000     0.0000     0.0000     0.0000     0.0000     0.0000     0.0000     0.0000     0.0000     0.0000     0.0000     0.0000     0.0000     0.0000     0.0000     0.0000     0.0000     0.0000     0.0000     0.0000     0.0000     0.0000     0.0000     0.0000     0.0000     0.0000     0.0000     0.0000     0.0000     0.0000     0.0000     0.0000     0.0000     0.0000     0.0000     0.0000     0.0000     0.0000     0.0000     0.0000     0.0000     0.0000     0.0000     0.0000     0.0000     0.0000     0.0000     0.0000     0.0000     0.0000     0.0000     0.0000     0.0000     0.0000     0.0000     0.0000     0.0000     0.0000     0.0000     0.0000     0.0000     0.0000     0.0000     0.0000     0.0000     0.0000     0.0000     0.0000     0.0000     0.0000     0.0000     0.0000     0.0000     0.0000     0.0000     0.0000     0.0000     0.0000     0.0000     0.0000     0.0000     0.0000     0.0000     0.0000     0.0000     0.0000     0.0000     0.0000     0.0000     0.0000     0.0000     0.0000     0.0000     0.0000     0.0000     0.0000     0.0000     0.0000     0.0000     0.0000     0.0000     0.0000     0.0000     0.0000     0.0000     0.0000     0.0000     0.0000     0.0000     0.0000     0.0000     0.0000     0.0000     0.0000     0.0000     0.0000     0.0000     0.0000     0.0000     0.0000     0.0000     0.0000     0.0000     0.0000     0.0000     0.0000     0.0000     0.0000     0.0000
    0.0000     0.0000     0.0000     0.0000     0.0000     0.0000     0.0000     0.0000     0.0000     0.0000     0.0000     0.0000     0.0000     0.0000     0.0000     0.0000     0.0000     0.0000     0.0000     0.0000     0.0000     0.0000     0.0000     0.0000     0.0000     0.0000     0.0000     0.0000     0.0000     0.0000     0.0000     0.0000     0.0000     0.0000     0.0000     0.0000     0.0000     0.0000     0.0000     0.0000     0.0000     0.0000     0.0000     0.0000     0.0000     0.0000     0.0000     0.0000     0.0000     0.0000     0.0000     0.0000     0.0000     0.0000     0.0000     0.0000     0.0000     0.0000     0.0000     0.0000     0.0000     0.0000     0.0000     0.0000     0.0000     0.0000     0.0000     0.0000     0.0000     0.0000     0.0000     0.0000     0.0000     0.0000     0.0000     0.0000     0.0000     0.0000     0.0000     0.0000     0.0000     0.0000     0.0000     0.0000     0.0000     0.0000     0.0000     0.0000     0.0000     0.0000     0.0000     0.0000     0.0000     0.0000     0.0000     0.0000     0.0000     0.0000     0.0000     0.0000     0.0000     0.0000     0.0000     0.0000     0.0000     0.0000     0.0000     0.0000     0.0000     0.0000     0.0000     0.0000     0.0000     0.0000     0.0000     0.0000     0.0000     0.0000     0.0000     0.0000     0.0000     0.0000     0.0000     0.0000     0.0000     0.0000     0.0000     0.0000     0.0000     0.0000     0.0000     0.0000     0.0000     0.0000     0.0000     0.0000     0.0000     0.0000     0.0000     0.0000     0.0000     0.0000     0.0000     0.0000     0.0000     0.0000     0.0000     0.0000     0.0000     0.0000     0.0000     0.0000     0.0000     0.0000     0.0000     0.0000     0.0000     0.0000     0.0000     0.0000     0.0000     0.0000     0.0000     0.0000     0.0000     0.0000     0.0000     0.0000     0.0000     0.0000     0.0000     0.0000     0.0000     0.0000     0.0000     0.0000     0.0000     0.0000     0.0000     0.0000     0.0000     0.0000     0.0000     0.0000     0.0000     0.0000     0.0000     0.0000     0.0000     0.0000     0.0000     0.0000     0.0000     0.0000     0.0000     0.0000     0.0000     0.0000     0.0000     0.0000     0.0000     0.0000     0.0000     0.0000     0.0000     0.0000     0.0000     0.0000     0.0000     0.0000     0.0000     0.0000     0.0000     0.0000     0.0000     0.0000     0.0000     0.0000     0.0000     0.0000     0.0000     0.0000     0.0000     0.0000     0.0000     0.0000     0.0000     0.0000     0.0000     0.0000     0.0000     0.0000     0.0000     0.0000     0.0000     0.0000     0.0000     0.0000     0.0000     0.0000     0.0000     0.0000     0.0000     0.0000     0.0000     0.0000     0.0000     0.0000     0.0000     0.0000     0.0000     0.0000     0.0000     0.0000     0.0000     0.0000
{"varName":"tauKrylov3Tex","savedAt":"2026-05-18T12:17:10.922Z","value":{"__backupType":"texture2D","w":64,"h":54,"dim":4,"format":[6408,34836,5126],"unit":26,"program":15,"data":[-511.0289611816406,-215.068115234375,405.97650146484375,1,375.44744873046875,545.289306640625,-1382.2987060546875,1,-334.4662780761719,-60.28730392456055,47.030433654785156,1,334.010986328125,-120.52056884765625,28.72984504699707,1,-221.20355224609375,5.042235851287842,31.967937469482422,1,54.822113037109375,-77.50727844238281,4.663278102874756,1,0,-7.948877811431885,28.640729904174805,1,0,-35.992088317871094,0.919388473033905,1,0,11.254266738891602,2.312411069869995,1,0,-26.575435638427734,34.0934944152832,1,0,31.298412322998047,-16.659229278564453,1,0,-10.842085838317871,44.556602478027344,1,57.11021041870117,33.057674407958984,-22.594627380371094,1,-225.58987426757812,-51.046749114990234,62.73463439941406,1,334.2444763183594,175.56942749023438,10.787373542785645,1,-220.2068328857422,-144.78955078125,26.903291702270508,1,54.44045639038086,29.175329208374023,-4.177385330200195,1,0,256.5459899902344,154.57008361816406,1,0,-316.00653076171875,-144.00894165039062,1,56.61897659301758,377.4528503417969,280.1127014160156,1,-224.52621459960938,-414.25274658203125,-230.68695068359375,1,334.3341369628906,500.32958984375,325.6156921386719,1,-221.5833282470703,-313.8060607910156,-119.19092559814453,1,55.15535354614258,31.64368438720703,17.201528549194336,1,0,283.109619140625,279.7667541503906,1,0,-411.7977294921875,-302.39361572265625,1,0,457.60711669921875,406.1946105957031,1,55.56415557861328,-471.4780578613281,-246.67782592773438,1,-222.39443969726562,432.47808837890625,244.3322296142578,1,334.3524169921875,-403.7117919921875,-135.01535034179688,1,-223.77294921875,393.29052734375,246.15518188476562,1,111.28199005126953,-404.5089111328125,-272.87091064453125,1,-221.3416748046875,171.76483154296875,256.5533142089844,1,334.32427978515625,80.06403350830078,11.243917465209961,1,-224.73477172851562,-249.93588256835938,-128.2022705078125,1,56.71894836425781,219.5160675048828,55.025482177734375,1,0,-433.84210205078125,-121.98375701904297,1,0,574.57080078125,478.67327880859375,1,0,-511.2842102050781,-605.8800659179688,1,0,162.3547821044922,316.60015869140625,1,0,97.58883666992188,-80.51325225830078,1,0,-475.5085754394531,-220.7958221435547,1,0,721.4400024414062,641.7258911132812,1,0,-612.5069580078125,-677.7366943359375,1,0,304.6077575683594,356.735595703125,1,0,-322.760009765625,-292.8262939453125,1,0,692.142578125,793.2032470703125,1,0,-754.21923828125,-907.26611328125,1,0,566.0693969726562,748.727783203125,1,0,-290.8713684082031,-346.1383972167969,1,0,513.9158325195312,865.2536010742188,1,0,-407.63714599609375,-743.9380493164062,1,0,489.90167236328125,1103.94873046875,1,0,-330.4132080078125,-808.9955444335938,1,0,880.5501098632812,1937.82177734375,1,0,-558.2774047851562,-1092.5228271484375,1,0,618.7150268554688,1215.108154296875,1,0,242.88421630859375,919.7525024414062,1,0,-21.47840118408203,-296.79217529296875,1,0,1012.715576171875,2622.749267578125,1,0,-202.52572631835938,-701.6570434570312,1,0,724.0172119140625,2437.26025390625,1,0,384.5193786621094,214.1263427734375,1,0,334.050537109375,-322.08941650390625,1,-443.8666687011719,-857.5264282226562,-899.7476196289062,1,547.5392456054688,-3137.59619140625,5144.5830078125,1,-246.79954528808594,-1486.29248046875,218.84295654296875,1,-44.79056167602539,-1284.6876220703125,-40.146915435791016,1,184.62765502929688,-1100.3751220703125,-256.1332702636719,1,-331.93804931640625,-901.2608032226562,-439.856201171875,1,341.5649719238281,-599.6288452148438,-557.455078125,1,-161.80714416503906,-498.419677734375,-656.4849243164062,1,-83.24771881103516,-210.9468994140625,-691.50830078125,1,151.00408935546875,-88.95335388183594,-716.8208618164062,1,-55.419925689697266,131.3148651123047,-696.9627075195312,1,2.2737367544323206e-13,209.05264282226562,-619.5288696289062,1,2.2737367544323206e-13,371.068603515625,-623.5679321289062,1,2.2737367544323206e-13,429.51910400390625,-489.34759521484375,1,2.2737367544323206e-13,583.3763427734375,-379.5132751464844,1,2.2737367544323206e-13,359.81866455078125,-494.6632385253906,1,2.2737367544323206e-13,1004.5206298828125,53.96306228637695,1,-39.97447967529297,-30.29938316345215,-561.1220703125,1,175.3152618408203,1332.19482421875,357.9693298339844,1,-287.29754638671875,-88.2197036743164,-432.6697082519531,1,168.04859924316406,1179.240966796875,450.4683532714844,1,119.78504943847656,-88.53821563720703,-237.33782958984375,1,-287.2757873535156,1091.8983154296875,493.6410827636719,1,207.03585815429688,-145.77310180664062,-176.9205780029297,1,-55.63177490234375,1016.392822265625,618.1133422851562,1,2.2737367544323206e-13,-323.4385986328125,-195.106689453125,1,2.2737367544323206e-13,1022.4093017578125,652.7066650390625,1,2.2737367544323206e-13,-403.31903076171875,-187.3122100830078,1,2.2737367544323206e-13,792.697265625,670.9217529296875,1,2.2737367544323206e-13,-381.84967041015625,-285.6172790527344,1,2.2737367544323206e-13,732.3607788085938,748.7495727539062,1,-43.75533676147461,-527.4808349609375,-399.7367248535156,1,183.78111267089844,786.1328735351562,752.7706298828125,1,-287.56329345703125,-777.381103515625,-549.246337890625,1,198.68955993652344,847.9396362304688,795.3807983398438,1,-96.55432891845703,-700.3858642578125,-648.4204711914062,1,187.18341064453125,513.2388916015625,839.4775390625,1,-287.6850891113281,-575.3917846679688,-899.8800048828125,1,195.36978149414062,595.4744262695312,874.6954345703125,1,-49.479400634765625,-792.3765869140625,-941.7022094726562,1,2.2737367544323206e-13,603.5641479492188,672.7996215820312,1,2.2737367544323206e-13,-832.5398559570312,-749.900390625,1,2.2737367544323206e-13,640.7825317382812,334.1640625,1,2.2737367544323206e-13,-799.9544677734375,-701.8633422851562,1,2.2737367544323206e-13,456.6620788574219,305.5073547363281,1,-48.73680877685547,-695.5380859375,-974.2828979492188,1,193.7191162109375,529.4362182617188,778.2462158203125,1,-337.0520935058594,-893.8037719726562,-1596.996826171875,1,384.1805725097656,789.8113403320312,1026.4315185546875,1,-384.1805725097656,-1026.0865478515625,-1550.7447509765625,1,384.1805725097656,950.8842163085938,1069.0057373046875,1,-384.1805725097656,-1144.72412109375,-1365.051513671875,1,384.1805725097656,1272.3253173828125,1033.332763671875,1,-335.216552734375,-1048.1055908203125,-1166.805419921875,1,141.64590454101562,1012.4907836914062,1384.7960205078125,1,146.0001678466797,-337.9005126953125,-867.7977294921875,1,-336.60845947265625,774.3428344726562,1794.051513671875,1,384.1805725097656,125.27889251708984,-470.3597106933594,1,-336.93499755859375,609.0550537109375,2207.54833984375,1,147.47293090820312,468.98046875,103.95240783691406,1,93.38394165039062,1014.530517578125,2867.921875,1,-282.81329345703125,304.3563537597656,652.786376953125,1,160.7425079345703,1443.833251953125,4750.50830078125,1,259.8685302734375,1553.5823974609375,5287.75537109375,1,-612.3065185546875,-368.5324401855469,391.71417236328125,1,670.1725463867188,356.8216552734375,-1269.11865234375,1,-356.5138854980469,-217.62562561035156,58.70243835449219,1,119.77979278564453,45.44435119628906,60.96357345581055,1,-180.21934509277344,-233.4810028076172,18.985803604125977,1,177.54183959960938,96.1470718383789,41.30961990356445,1,-58.12063980102539,-208.4733428955078,-6.802023887634277,1,-61.847373962402344,32.9484977722168,11.399681091308594,1,243.33116149902344,-3.2156143188476562,19.639923095703125,1,-420.3708801269531,-191.4853515625,-67.90254211425781,1,415.366455078125,98.65206909179688,44.58555603027344,1,-233.3768310546875,-50.06732940673828,-65.01268768310547,1,119.6562271118164,-11.827706336975098,44.566776275634766,1,-182.11427307128906,-189.72975158691406,-150.172607421875,1,175.9409942626953,296.62359619140625,119.5119400024414,1,-119.62129211425781,-310.68701171875,-102.99867248535156,1,182.40725708007812,170.10116577148438,-77.38491821289062,1,-112.56979370117188,-20.451278686523438,120.10065460205078,1,-126.1392822265625,-112.31378173828125,-182.18409729003906,1,112.44625091552734,121.89064025878906,65.061279296875,1,126.25593566894531,-101.1924819946289,3.68170166015625,1,-175.6648406982422,174.44796752929688,-161.2171173095703,1,119.53388977050781,-83.6092758178711,275.0289001464844,1,-245.75601196289062,-164.6400909423828,-466.6874694824219,1,358.2949523925781,346.3810119628906,465.7759094238281,1,-169.1107177734375,-255.1579132080078,-265.05657958984375,1,-189.03884887695312,174.92269897460938,37.696189880371094,1,421.29425048828125,3.0533578395843506,39.36065673828125,1,-477.8026123046875,-145.92691040039062,3.7145071029663086,1,415.0111389160156,394.22845458984375,25.67742919921875,1,-170.24082946777344,-562.4373168945312,-107.58112335205078,1,-125.25210571289062,746.2932739257812,384.1127014160156,1,113.9317398071289,-830.2583618164062,-650.5419311523438,1,124.84495544433594,1027.3603515625,926.0569458007812,1,-176.65084838867188,-835.6653442382812,-576.5946655273438,1,119.37725830078125,304.3286437988281,-190.461181640625,1,-181.5279541015625,326.39324951171875,1040.628173828125,1,115.18148803710938,-690.2717895507812,-1254.4254150390625,1,123.64466094970703,1023.1812133789062,1295.2559814453125,1,-177.31312561035156,-1120.00390625,-1047.279296875,1,57.894073486328125,1034.22705078125,975.0084228515625,1,0,-722.9354248046875,-797.3016967773438,1,0,435.25897216796875,777.6878051757812,1,0,-93.0618896484375,-443.85968017578125,1,60.887977600097656,-324.08154296875,50.29610061645508,1,-180.3278350830078,667.7662963867188,634.114013671875,1,117.66938018798828,-770.1034545898438,-1264.7103271484375,1,121.21834564208984,894.0900268554688,1971.6558837890625,1,-178.54713439941406,-1020.0111083984375,-2020.6690673828125,1,59.09873580932617,924.3641357421875,1616.8675537109375,1,60.11027145385742,-564.67724609375,-820.341796875,1,-239.55262756347656,8.831792831420898,-179.42031860351562,1,358.46063232421875,407.7093200683594,1126.4571533203125,1,-178.90321350097656,-469.26068115234375,-1211.9219970703125,1,-179.24957275390625,259.50750732421875,819.8173217773438,1,418.03900146484375,-196.71002197265625,-561.9938354492188,1,-477.8026123046875,254.4866943359375,671.4642944335938,1,418.35626220703125,-417.93719482421875,-1009.5521850585938,1,-180.14349365234375,660.488037109375,1235.1673583984375,1,-118.76051330566406,-775.4473876953125,-558.630126953125,1,120.32891845703125,310.3931884765625,-849.544677734375,1,118.56891632080078,108.26646423339844,1430.4757080078125,1,-90.68878173828125,-186.23818969726562,-936.5845336914062,1,-142.2379608154297,-258.4169006347656,-1520.2440185546875,1,-192.6155242919922,-117.58663940429688,-615.131591796875,1,140.0970001220703,-1446.8726806640625,2641.656005859375,1,-125.65261840820312,-401.4573669433594,20.11219596862793,1,63.90624237060547,-331.01116943359375,-32.20064163208008,1,60.11135482788086,-277.5365295410156,-82.14824676513672,1,-244.736572265625,-231.6443328857422,-125.3046875,1,434.68988037109375,-172.35311889648438,-132.2534942626953,1,-500.0953369140625,-94.22386932373047,-187.68597412109375,1,441.39422607421875,-116.67311096191406,-150.6767120361328,1,-258.05377197265625,14.465092658996582,-209.9609832763672,1,66.6926498413086,-32.4243278503418,-151.64529418945312,1,0,25.790233612060547,-174.78538513183594,1,58.0101318359375,92.99095916748047,-190.95294189453125,1,-182.84437561035156,43.892189025878906,-105.0494384765625,1,134.2823486328125,103.74554443359375,-165.9939727783203,1,115.4129409790039,115.829345703125,-93.12936401367188,1,-192.1572265625,206.37765502929688,-69.81431579589844,1,67.2950439453125,-226.12623596191406,-249.49749755859375,1,-58.03374099731445,776.5827026367188,318.0256042480469,1,241.01931762695312,-734.9765625,-638.281494140625,1,-374.7862854003906,1033.385009765625,680.0741577148438,1,200.13986206054688,-833.171142578125,-786.1853637695312,1,175.12060546875,1146.4862060546875,739.4884033203125,1,-374.7579040527344,-1047.585205078125,-690.5400390625,1,316.4232482910156,1295.332275390625,611.6614990234375,1,-250.04718017578125,-1120.4794921875,-610.7905883789062,1,131.22142028808594,1188.1392822265625,737.7042846679688,1,178.32220458984375,-902.9273071289062,-812.1139526367188,1,-374.7562561035156,947.0469970703125,876.9207153320312,1,255.06739807128906,-868.09130859375,-857.9215698242188,1,-125.32936096191406,933.643798828125,876.9671630859375,1,246.08868408203125,-802.6256103515625,-824.9630737304688,1,-435.7247009277344,803.6800537109375,756.0796508789062,1,438.8861389160156,-797.2073974609375,-765.8592529296875,1,-252.40061950683594,849.156982421875,877.8661499023438,1,63.561771392822266,-932.4322509765625,-1117.9862060546875,1,61.977779388427734,1046.99267578125,1230.234130859375,1,-249.2247314453125,-1230.0667724609375,-1407.7989501953125,1,437.2904052734375,1203.195556640625,1224.650146484375,1,-500.0953674316406,-1196.026123046875,-1119.869140625,1,437.22265625,1015.20849609375,807.6112670898438,1,-186.07196044921875,-947.0064086914062,-1071.590576171875,1,-126.12397766113281,827.7101440429688,1213.37451171875,1,186.66204833984375,-1119.4283447265625,-1690.0972900390625,1,-61.654109954833984,1245.6378173828125,1349.283203125,1,-63.60010528564453,-1397.9932861328125,-1266.7347412109375,1,188.62777709960938,1266.8218994140625,993.1123657226562,1,-186.31631469726562,-1221.160400390625,-1493.072265625,1,125.0483169555664,1057.270263671875,1450.047607421875,1,-252.46890258789062,-1107.6922607421875,-1597.3492431640625,1,375.1150207519531,1139.1063232421875,1268.3974609375,1,-247.8438720703125,-1119.6451416015625,-1428.07470703125,1,124.90215301513672,1248.8828125,1802.534912109375,1,-251.73388671875,-1208.0672607421875,-2375.71923828125,1,438.32904052734375,1303.605712890625,2716.8984375,1,-500.0953369140625,-1071.126953125,-2159.462158203125,1,437.607666015625,1431.6351318359375,1922.618896484375,1,-188.2855987548828,-921.2639770507812,-593.9361572265625,1,-124.2960205078125,960.2723999023438,589.3692626953125,1,127.45054626464844,-448.6528625488281,454.0633850097656,1,183.3575439453125,1422.962890625,1378.7744140625,1,-435.8330078125,-932.9656982421875,-906.4564819335938,1,200.39923095703125,1137.67041015625,2963.89892578125,1,349.6258239746094,1583.5889892578125,3764.017822265625,1,-194.57008361816406,-53.96107482910156,214.89300537109375,1,78.64612579345703,286.2817687988281,-731.7599487304688,1,-140.07052612304688,15.260855674743652,23.194196701049805,1,244.64366149902344,-41.14451217651367,14.081475257873535,1,-279.3211975097656,7.534969329833984,23.482587814331055,1,279.32122802734375,-14.450501441955566,7.820621013641357,1,-279.3211975097656,11.997472763061523,17.026588439941406,1,279.32122802734375,4.826070308685303,26.258806228637695,1,-279.32122802734375,-58.28373718261719,-12.118935585021973,1,279.32122802734375,117.33023071289062,60.978179931640625,1,-244.01124572753906,-91.85856628417969,-20.001516342163086,1,103.60680389404297,22.76807403564453,35.322547912597656,1,105.8272476196289,79.69353485107422,30.318450927734375,1,-244.74440002441406,-101.23680877685547,15.43526840209961,1,244.14732360839844,67.18121337890625,-4.288215160369873,1,-104.06500244140625,46.92372512817383,112.22972869873047,1,-70.2513427734375,-87.67195129394531,-79.36719512939453,1,69.62875366210938,60.16262435913086,89.84622955322266,1,104.98617553710938,14.688041687011719,19.782869338989258,1,-244.44589233398438,-43.77040481567383,14.819934844970703,1,244.4927215576172,39.46480941772461,27.340211868286133,1,-139.8988037109375,6.064493179321289,49.48188018798828,1,35.0671501159668,-57.166385650634766,-12.063517570495605,1,-2.2737367544323206e-13,66.40790557861328,36.347408294677734,1,34.56947326660156,-25.22955894470215,62.34412384033203,1,-138.9041748046875,-65.64356994628906,-71.21261596679688,1,209.54806518554688,85.05661010742188,120.9569320678711,1,-140.65664672851562,-117.828125,-125.42182922363281,1,35.442657470703125,194.16656494140625,247.2568359375,1,-2.2737367544323206e-13,-345.18389892578125,-336.6982421875,1,-2.2737367544323206e-13,398.82635498046875,445.2330017089844,1,-2.2737367544323206e-13,-416.66259765625,-554.5380859375,1,34.18087387084961,398.7731018066406,720.5386352539062,1,-103.99931335449219,-459.2873229980469,-804.478759765625,1,71.380126953125,330.6233825683594,640.8397827148438,1,68.26294708251953,4.746017932891846,-226.27569580078125,1,-105.52717590332031,-304.2343444824219,-132.5936279296875,1,69.85155487060547,400.63116455078125,332.3547058105469,1,-138.1412811279297,-549.3030395507812,-453.4297790527344,1,209.44847106933594,660.5322265625,488.91912841796875,1,-141.04051208496094,-522.50732421875,-257.9062194824219,1,35.581626892089844,332.58990478515625,124.50497436523438,1,-2.2737367544323206e-13,-183.79461669921875,-107.51969146728516,1,34.47399139404297,77.70199584960938,349.8397216796875,1,-104.29447937011719,142.73861694335938,-260.5589294433594,1,104.97457122802734,-188.8199920654297,135.5340118408203,1,-69.96505737304688,276.0982360839844,477.1980895996094,1,104.64928436279297,-203.82496643066406,-525.7513427734375,1,-104.52152252197266,408.9372253417969,873.6634521484375,1,34.68251419067383,-333.5667724609375,-465.797119140625,1,-2.2737367544323206e-13,361.25482177734375,685.96142578125,1,-2.2737367544323206e-13,102.06710815429688,210.1103515625,1,-2.2737367544323206e-13,-94.29518127441406,4.426578044891357,1,36.29643249511719,421.4453125,943.05517578125,1,-106.08287048339844,-53.27019119262695,123.18268585205078,1,65.85440063476562,87.48973846435547,287.54913330078125,1,73.69329833984375,775.8406982421875,1842.1014404296875,1,-64.42366790771484,-161.10203552246094,-279.8388671875,1,-75.0312271118164,151.0845947265625,924.7727661132812,1,62.774147033691406,883.9408569335938,2400.235595703125,1,76.54093933105469,87.63411712646484,284.4559326171875,1,17.92601776123047,725.71240234375,2306.976806640625,1,-37.888465881347656,413.2898864746094,969.7417602539062,1,-57.30155563354492,366.9877014160156,693.559814453125,1,274.192626953125,136.05953979492188,-87.37145233154297,1,-252.50039672851562,-125.7515869140625,404.3918762207031,1,168.3151092529297,83.32437896728516,11.781551361083984,1,-56.146480560302734,-101.87967681884766,-14.166170120239258,1,2.2737367544323206e-13,77.47893524169922,16.415739059448242,1,-55.81559753417969,-70.42961883544922,-10.206950187683105,1,223.7366485595703,14.115351676940918,-13.17513656616211,1,-392.2552795410156,54.92758560180664,24.189504623413086,1,393.0019226074219,-94.84762573242188,-30.675432205200195,1,-169.5990447998047,70.82669830322266,11.795114517211914,1,-166.82028198242188,-108.43009185791016,-26.738983154296875,1,336.52532958984375,162.05104064941406,38.61069869995117,1,-225.41676330566406,-185.7491455078125,-102.63676452636719,1,56.63800048828125,231.98846435546875,178.98361206054688,1,55.49639892578125,-331.6419372558594,-253.92236328125,1,-167.65652465820312,389.2170104980469,245.08900451660156,1,168.85157775878906,-387.3672180175781,-249.93972778320312,1,-56.68644332885742,316.906982421875,171.77044677734375,1,-55.48886489868164,-127.75520324707031,26.308448791503906,1,223.1485137939453,-91.19377899169922,-230.39773559570312,1,-336.4789733886719,108.88330841064453,175.66944885253906,1,169.91766357421875,103.40872192382812,89.21759796142578,1,166.6227264404297,-214.64016723632812,-391.2237854003906,1,-392.0552062988281,149.25645446777344,536.7348022460938,1,393.03863525390625,-160.46302795410156,-541.62451171875,1,-169.54898071289062,367.4768371582031,518.216552734375,1,-167.03053283691406,-522.9219970703125,-542.1155395507812,1,392.20416259765625,432.8744201660156,506.3866271972656,1,-448.66326904296875,-167.49267578125,-354.7912292480469,1,392.79583740234375,-9.709814071655273,161.11231994628906,1,-224.7028045654297,217.92160034179688,232.1165771484375,1,112.23280334472656,-421.9238586425781,-682.0772705078125,1,-224.22789001464844,262.7718505859375,747.1431274414062,1,392.56524658203125,217.2075958251953,-377.2587585449219,1,-392.4397888183594,-439.44549560546875,29.076627731323242,1,223.968505859375,454.8513488769531,353.7625732421875,1,-55.85834503173828,-472.3694152832031,-736.9241943359375,1,2.2737367544323206e-13,444.3258056640625,952.0541381835938,1,-56.58708190917969,-285.05487060546875,-774.3736572265625,1,225.436767578125,153.39205932617188,683.5201416015625,1,-336.3884582519531,-59.060760498046875,-705.84521484375,1,222.8058319091797,160.72976684570312,877.8078002929688,1,-112.28589630126953,-446.0580749511719,-862.7655029296875,1,169.1736297607422,702.1454467773438,550.4411010742188,1,-109.81656646728516,-505.39794921875,301.8336181640625,1,-114.4905776977539,95.03174591064453,-826.1524658203125,1,166.81915283203125,259.7041320800781,888.3522338867188,1,-112.31832122802734,-456.6148681640625,-598.9528198242188,1,227.5796661376953,537.4503173828125,666.69287109375,1,-336.3295593261719,-389.1981506347656,-574.0309448242188,1,220.52288818359375,205.3850860595703,331.5701599121094,1,-54.12309265136719,154.876953125,687.0599365234375,1,-58.3818359375,-794.8546752929688,-1990.1019287109375,1,170.49652099609375,1502.0562744140625,3023.844970703125,1,-106.93394470214844,-1161.02587890625,-1887.0577392578125,1,-176.14505004882812,-267.2093200683594,-530.3922119140625,1,395.297119140625,1634.552001953125,2916.9423828125,1,-448.66326904296875,-2026.28466796875,-3679.909423828125,1,448.6632995605469,1968.2498779296875,3935.131591796875,1,-389.0968017578125,-1292.886474609375,-2941.267822265625,1,217.29254150390625,36.53452682495117,1198.48779296875,1,-112.46961212158203,831.3310546875,671.9381713867188,1,37.202796936035156,-269.1962585449219,-265.7276306152344,1,78.01414489746094,-569.3566284179688,-524.695068359375,1,-201.23863220214844,-230.08676147460938,408.6268615722656,1,249.99423217773438,554.7520141601562,-1383.6175537109375,1,-110.7022705078125,-69.55622100830078,46.44044494628906,1,0,-103.57756805419922,25.25455665588379,1,0,-17.777576446533203,31.4995174407959,1,0,-56.3537483215332,1.3090814352035522,1,0,-7.051412582397461,28.46312141418457,1,0,-49.48632049560547,1.1295671463012695,1,0,4.420231342315674,1.282709002494812,1,0,15.903679847717285,25.522666931152344,1,0,-23.837703704833984,-8.925707817077637,1,0,45.20133972167969,38.05787658691406,1,0,-35.045326232910156,-21.317493438720703,1,0,56.82719039916992,63.05348587036133,1,0,43.82111358642578,13.309812545776367,1,0,-37.94347381591797,-0.5616042613983154,1,0,-10.034645080566406,44.32130432128906,1,0,225.8504180908203,100.3673095703125,1,0,-279.746337890625,-94.85360717773438,1,0,356.8442077636719,237.7742156982422,1,0,-321.3429260253906,-191.75831604003906,1,0,388.4880065917969,292.1640625,1,0,-312.7537536621094,-121.01321411132812,1,0,125.21953582763672,59.89619827270508,1,56.061973571777344,200.86965942382812,231.6576385498047,1,-223.39076232910156,-411.2449035644531,-281.1609191894531,1,334.35723876953125,486.49755859375,434.8619079589844,1,-222.79238891601562,-412.1707458496094,-326.98101806640625,1,111.26737213134766,394.6331787109375,388.2649841308594,1,-222.2764892578125,-553.524658203125,-327.52764892578125,1,334.34820556640625,662.4061889648438,404.8665771484375,1,-223.87564086914062,-653.2615966796875,-326.6756286621094,1,56.298641204833984,397.4573669433594,260.0048522949219,1,0,-58.15870666503906,0.4671255946159363,1,0,-309.235595703125,-104.90570068359375,1,0,310.7029113769531,33.989463806152344,1,0,-325.4859924316406,-80.60892486572266,1,0,483.3231201171875,432.6895446777344,1,0,-707.5341796875,-606.2783203125,1,0,519.0578002929688,364.7782287597656,1,54.4056396484375,-214.43255615234375,-82.76512145996094,1,-220.18482971191406,-320.1192626953125,-290.78594970703125,1,334.1911926269531,810.5240478515625,768.4713134765625,1,-225.3948211669922,-832.4281005859375,-793.7872924804688,1,56.981109619140625,453.7721862792969,400.96856689453125,1,0,-305.66522216796875,-314.6575622558594,1,0,472.4832763671875,879.0449829101562,1,54.7849235534668,-364.6877746582031,-961.4939575195312,1,-221.10450744628906,175.83534240722656,723.7322998046875,1,334.03582763671875,-66.07793426513672,-315.265625,1,-223.80905151367188,458.7838439941406,868.8880615234375,1,56.0917854309082,-406.58599853515625,-684.9718017578125,1,0,491.0650634765625,941.1626586914062,1,0,-273.18267822265625,-582.4764404296875,1,56.45465850830078,715.0768432617188,1777.354736328125,1,-224.66139221191406,-390.1872863769531,-1088.116455078125,1,333.7966613769531,572.8783569335938,1402.04931640625,1,-219.34136962890625,219.3408966064453,712.9679565429688,1,53.7540283203125,78.59889221191406,-102.5323486328125,1,0,821.8749389648438,2475.318359375,1,0,-25.23261833190918,-677.813720703125,1,0,853.8646240234375,2887.211181640625,1,0,283.099853515625,-3.9284186363220215,1,0,165.4864959716797,-729.7838745117188,1,-88.9050521850586,-834.014404296875,-901.1383056640625,1,109.533935546875,-3136.112060546875,5146.81591796875,1,-49.29039001464844,-1475.186279296875,229.23831176757812,1,-44.85683059692383,-1301.6334228515625,-31.239240646362305,1,184.7648468017578,-1083.5850830078125,-244.87493896484375,1,-288.6891174316406,-905.053955078125,-430.9500732421875,1,159.77230834960938,-622.2066650390625,-547.658203125,1,126.77688598632812,-479.3867492675781,-647.7001953125,1,-288.2353515625,-247.10675048828125,-684.1512451171875,1,205.80752563476562,-55.13166427612305,-710.31005859375,1,-55.34626388549805,74.79399871826172,-684.2401733398438,1,-40.58570861816406,240.88856506347656,-627.3770141601562,1,176.3157501220703,354.00836181640625,-605.3480834960938,1,-287.6373291015625,404.064208984375,-501.89935302734375,1,208.59463500976562,583.814453125,-364.14874267578125,1,-56.680908203125,353.66265869140625,-503.21527099609375,1,2.2737367544323206e-13,977.1439208984375,54.96803665161133,1,-40.03708267211914,38.404991149902344,-553.5767211914062,1,175.45245361328125,1226.8514404296875,349.1894836425781,1,-287.3092956542969,-73.96602630615234,-435.1795654296875,1,167.84854125976562,1222.263427734375,443.21112060546875,1,119.99655151367188,-123.42500305175781,-234.338623046875,1,-287.2867431640625,1108.1824951171875,500.8303527832031,1,206.898681640625,-219.0692138671875,-210.37521362304688,1,-55.5579719543457,1087.57421875,650.812255859375,1,2.2737367544323206e-13,-354.12054443359375,-230.21971130371094,1,2.2737367544323206e-13,1040.1708984375,672.8970336914062,1,2.2737367544323206e-13,-474.7403564453125,-225.1876983642578,1,2.2737367544323206e-13,865.7557983398438,714.530029296875,1,2.2737367544323206e-13,-390.07427978515625,-315.36297607421875,1,2.2737367544323206e-13,662.623291015625,723.7377319335938,1,-43.82083511352539,-454.9923400878906,-354.83245849609375,1,183.9182891845703,759.1777954101562,712.9025268554688,1,-287.5685729980469,-756.0593872070312,-539.3311767578125,1,198.55238342285156,799.744140625,804.104736328125,1,-51.08796691894531,-698.1528930664062,-663.7540283203125,1,2.2737367544323206e-13,560.534912109375,814.4803466796875,1,-46.26690673828125,-630.6729736328125,-873.4264526367188,1,188.94798278808594,762.4356079101562,901.3823852539062,1,-287.7420349121094,-1119.7120361328125,-1014.1448364257812,1,193.71780395507812,871.3143920898438,724.6368408203125,1,-48.66321563720703,-913.4343872070312,-796.6273193359375,1,-48.036651611328125,639.6387939453125,378.56939697265625,1,144.09600830078125,-849.743408203125,-729.8925170898438,1,-143.4940948486328,648.014404296875,276.9684753417969,1,47.466819763183594,-985.486328125,-931.9124145507812,1,48.9942512512207,766.81787109375,749.79833984375,1,-145.04852294921875,-1049.28857421875,-1572.5330810546875,1,142.82028198242188,775.2151489257812,846.8401489257812,1,-46.81119918823242,-805.1470336914062,-1195.889892578125,1,-49.32151794433594,586.5150146484375,614.293701171875,1,194.65744018554688,-585.417724609375,-917.0927124023438,1,-288.21429443359375,511.7492370605469,509.4537353515625,1,189.8988494873047,-480.0815734863281,-642.681640625,1,-95.84236907958984,897.4169311523438,1045.53857421875,1,193.43687438964844,-394.2100524902344,-843.3563232421875,1,-336.67669677734375,675.8740234375,1883.3560791015625,1,384.1805725097656,268.883056640625,-525.009033203125,1,-384.1805725097656,560.9197387695312,2155.41796875,1,337.417724609375,516.8533325195312,244.49700927734375,1,-149.08135986328125,920.6494750976562,2768.766845703125,1,-183.10963439941406,305.3604431152344,538.1796875,1,160.41859436035156,1497.3768310546875,4864.71240234375,1,235.37779235839844,1619.772216796875,5459.9111328125,1,-730.4654541015625,-344.90826416015625,391.1308898925781,1,537.1611938476562,334.57818603515625,-1269.4168701171875,1,-477.8025817871094,-202.8165740966797,56.23786544799805,1,416.9573059082031,36.20124435424805,61.59809112548828,1,-236.36062622070312,-207.59115600585938,16.038249969482422,1,58.31929397583008,57.55428695678711,41.26325988769531,1,0,-173.1581268310547,-8.326337814331055,1,61.924285888671875,21.263051986694336,13.31712532043457,1,-181.34149169921875,-40.3632698059082,9.084586143493652,1,114.2212905883789,-118.81366729736328,-57.29549789428711,1,187.0816650390625,45.939605712890625,41.04256820678711,1,-358.1312255859375,-51.35868453979492,-71.78424835205078,1,170.12831115722656,2.5290465354919434,39.42458724975586,1,125.46868896484375,-129.18899536132812,-129.26673889160156,1,-175.8634490966797,164.22048950195312,101.75341796875,1,119.62541198730469,-191.3190460205078,-99.29227447509766,1,-182.48068237304688,120.64462280273438,-90.35295104980469,1,112.41436767578125,-82.80632781982422,118.8724136352539,1,189.56466674804688,40.02538299560547,-138.6973114013672,1,-421.52789306640625,-23.511220932006836,11.878044128417969,1,414.4909362792969,6.2603936195373535,11.65058708190918,1,-168.5228729248047,64.41995239257812,-146.73785400390625,1,-126.41338348388672,36.20582962036133,267.50775146484375,1,112.37026977539062,-284.52685546875,-467.7822265625,1,189.54940795898438,434.2852478027344,496.49273681640625,1,-358.30377197265625,-251.5926055908203,-373.0203552246094,1,169.05349731445312,52.015682220458984,185.7091827392578,1,189.0757598876953,213.8152313232422,-78.84751892089844,1,-421.30035400390625,-353.0752868652344,76.62394714355469,1,414.93365478515625,479.32952880859375,-18.739452362060547,1,-170.01223754882812,-437.07965087890625,-110.40567779541016,1,-125.39954376220703,476.87542724609375,429.91326904296875,1,113.77704620361328,-625.7928466796875,-680.1593627929688,1,187.43624877929688,1033.437255859375,894.4595947265625,1,-420.7350769042969,-1016.9837036132812,-547.3099975585938,1,477.8026123046875,418.7510681152344,-161.14683532714844,1,-477.8026123046875,474.2234191894531,956.9901733398438,1,477.8026123046875,-832.9449462890625,-1066.77734375,1,-477.8026123046875,789.2259521484375,1001.8585205078125,1,477.8026123046875,-609.0606689453125,-774.3734741210938,1,-416.2798156738281,643.45068359375,773.4956665039062,1,174.08767700195312,-790.5578002929688,-679.653076171875,1,122.72235870361328,978.0243530273438,779.6930541992188,1,-116.69379425048828,-625.6661376953125,-380.19390869140625,1,-183.13998413085938,-317.0466613769531,-347.1304931640625,1,419.3035583496094,1151.5137939453125,1342.101318359375,1,-477.8026123046875,-1217.9453125,-1946.35888671875,1,477.8026123046875,953.4735107421875,2285.619140625,1,-477.8026123046875,-885.9213256835938,-1932.0372314453125,1,477.8026123046875,865.8009033203125,1378.0667724609375,1,-417.61651611328125,-563.8294067382812,-699.7986450195312,1,238.09886169433594,68.8628158569336,1.0788365602493286,1,-119.34229278564453,229.03038024902344,709.7178344726562,1,179.40878295898438,-403.73150634765625,-901.3289794921875,1,-119.37959289550781,655.3057861328125,956.2876586914062,1,-179.19537353515625,-934.303955078125,-1143.8828125,1,358.43243408203125,933.2286987304688,1375.4964599609375,1,-179.71958923339844,-807.2449951171875,-1430.965576171875,1,-119.0379409790039,646.5476684570312,1266.88330078125,1,120.09346008300781,-531.9957275390625,-488.3804931640625,1,118.80585479736328,308.55059814453125,-671.6474609375,1,-60.90799331665039,66.78251647949219,1230.57470703125,1,-45.29956817626953,-245.6526641845703,-918.4868774414062,1,-41.169342041015625,-322.2060241699219,-1449.1669921875,1,-151.86471557617188,-128.69790649414062,-617.0670166015625,1,283.1032409667969,-1430.912109375,2643.333984375,1,-65.19425201416016,-410.4323425292969,24.133583068847656,1,-307.55926513671875,-331.8223876953125,-27.99600601196289,1,621.3692626953125,-271.8182373046875,-77.21996307373047,1,-630.63671875,-230.55096435546875,-121.04895782470703,1,380.71051025390625,-187.85592651367188,-129.6165771484375,1,-368.1493835449219,-114.79769897460938,-187.0738983154297,1,559.216064453125,-46.04662322998047,-139.52957153320312,1,-332.2944641113281,-47.706729888916016,-208.98619079589844,1,-350.3588562011719,-85.06073760986328,-162.98367309570312,1,808.3700561523438,173.84144592285156,-148.61434936523438,1,-642.84619140625,-58.152793884277344,-202.95262145996094,1,143.2908935546875,96.35063171386719,-111.538818359375,1,66.93896484375,119.33223724365234,-147.32264709472656,1,115.59818267822266,125.19924926757812,-100.61320495605469,1,-192.07127380371094,97.9108657836914,-76.39872741699219,1,67.20243072509766,-58.439640045166016,-233.73574829101562,1,58.11980438232422,630.50732421875,324.56195068359375,1,-299.4208984375,-763.7786865234375,-704.5509643554688,1,616.2294921875,1289.6904296875,789.7459716796875,1,-574.6548461914062,-1143.848876953125,-864.7025146484375,1,82.65343475341797,1233.142822265625,741.95361328125,1,367.13555908203125,-878.7908935546875,-651.269775390625,1,-500.0953369140625,1018.5840454101562,550.3241577148438,1,500.0953369140625,-851.3945922851562,-488.07440185546875,1,-500.0953674316406,977.2993774414062,552.81005859375,1,500.0953369140625,-768.373046875,-673.5106811523438,1,-440.1069641113281,858.925048828125,818.9154052734375,1,254.8887939453125,-897.2374267578125,-797.8157348632812,1,-125.32621002197266,1118.1025390625,782.3204956054688,1,185.4989776611328,-1052.25927734375,-791.7866821289062,1,-189.0107421875,1077.6766357421875,841.5621948242188,1,125.30569458007812,-1101.9442138671875,-899.900634765625,1,-186.31405639648438,1093.7633056640625,950.2742919921875,1,188.22659301757812,-1027.046875,-1165.1383056640625,1,-125.27803802490234,857.5906982421875,1303.89599609375,1,187.09475708007812,-751.6015014648438,-1491.466064453125,1,-124.9619369506836,747.256591796875,1361.022216796875,1,-187.84486389160156,-998.1832885742188,-1391.195068359375,1,374.8672180175781,1043.0784912109375,1098.9537353515625,1,-248.95314025878906,-1175.1590576171875,-1222.0152587890625,1,61.87752914428711,1065.1351318359375,1218.2630615234375,1,63.465553283691406,-1003.4244384765625,-1642.5169677734375,1,-252.08343505859375,744.4113159179688,1233.29248046875,1,374.9624328613281,-867.9010620117188,-1086.2738037109375,1,-247.6160125732422,918.8801879882812,803.53857421875,1,125.08019256591797,-996.4137573242188,-1358.82763671875,1,-188.83334350585938,826.8447265625,1229.5384521484375,1,122.43045806884766,-923.6807861328125,-1193.7769775390625,1,127.5922622680664,1093.0009765625,824.3836059570312,1,-122.72119140625,-1123.4014892578125,-1078.0001220703125,1,-190.8300018310547,1107.5482177734375,1366.5703125,1,375.23455810546875,-957.5194702148438,-1909.9158935546875,1,-185.42581176757812,1220.1192626953125,2585.031005859375,1,-126.29419708251953,-1193.78271484375,-2455.75439453125,1,124.86945343017578,1393.4515380859375,2213.52001953125,1,187.40472412109375,-652.9066772460938,-677.8992309570312,1,-375.4711608886719,775.3645629882812,643.5711669921875,1,251.85011291503906,-360.23529052734375,323.698486328125,1,-63.65829086303711,1154.7537841796875,1400.6591796875,1,-60.31780242919922,-425.7553405761719,-730.2855834960938,1,50.589622497558594,903.6090087890625,2860.950927734375,1,76.0816650390625,1177.232666015625,3600.585205078125,1,214.27366638183594,-35.031585693359375,216.1500701904297,1,-157.14901733398438,277.2748718261719,-732.792724609375,1,139.66726684570312,29.14525032043457,22.60893440246582,1,-104.38915252685547,-65.40689086914062,13.346074104309082,1,69.87894439697266,49.82001876831055,22.489370346069336,1,-140.4925994873047,-80.92935943603516,2.7771849632263184,1,209.46502685546875,88.35612487792969,25.768028259277344,1,-138.73622131347656,-52.56953811645508,16.49420738220215,1,34.450927734375,-18.438615798950195,-7.405299663543701,1,-2.2737367544323206e-13,82.83544158935547,52.9280891418457,1,-2.2737367544323206e-13,-56.53996658325195,-7.74662446975708,1,-2.2737367544323206e-13,5.886152744293213,25.422439575195312,1,-2.2737367544323206e-13,44.81462478637695,25.151641845703125,1,35.26937484741211,-2.924760103225708,33.759944915771484,1,-140.32667541503906,-69.7499771118164,-27.81415367126465,1,209.538330078125,170.1102294921875,121.48815155029297,1,-139.18881225585938,-145.56256103515625,-63.015342712402344,1,69.7739028930664,101.19813537597656,71.17427062988281,1,-139.9049530029297,-88.4893569946289,10.099516868591309,1,244.4975128173828,99.87239837646484,52.87482833862305,1,-279.32122802734375,-67.3690414428711,-26.698097229003906,1,279.32122802734375,66.54240417480469,112.47453308105469,1,-244.571533203125,-88.3466796875,-71.20023345947266,1,140.05738830566406,55.903411865234375,78.98416137695312,1,-69.76721954345703,-3.94295597076416,30.950090408325195,1,104.44865417480469,-14.809216499328613,-19.925081253051758,1,-70.66373443603516,1.0524003505706787,63.59324645996094,1,-103.43443298339844,-119.70023345947266,-101.35661315917969,1,243.9306182861328,317.8929138183594,267.0440979003906,1,-244.97894287109375,-519.9227294921875,-371.1601257324219,1,140.8571014404297,522.4730834960938,446.944580078125,1,-69.79879760742188,-455.81591796875,-497.5788879394531,1,104.08283233642578,393.5999755859375,638.7288818359375,1,-105.45584869384766,-400.8818664550781,-685.25,1,35.62870407104492,252.3821563720703,512.3694458007812,1,-2.2737367544323206e-13,24.046165466308594,-182.1811065673828,1,-2.2737367544323206e-13,-338.69232177734375,-86.71092987060547,1,-2.2737367544323206e-13,543.9937744140625,265.7923583984375,1,-2.2737367544323206e-13,-701.8267822265625,-363.8022155761719,1,-2.2737367544323206e-13,752.8976440429688,404.5785827636719,1,34.3061637878418,-576.6817626953125,-210.68368530273438,1,-104.12503814697266,307.534423828125,80.10639953613281,1,105.22868347167969,-104.53535461425781,-55.293121337890625,1,-69.92059326171875,-20.62525749206543,292.9333190917969,1,104.34637451171875,368.4324645996094,-100.84678649902344,1,-104.92313385009766,-483.7538146972656,-55.31334686279297,1,35.08559799194336,445.1455078125,555.6062622070312,1,35.03074645996094,-171.58987426757812,-494.81494140625,1,-104.85145568847656,211.0784454345703,792.4802856445312,1,104.28218078613281,-135.5994110107422,-344.7370910644531,1,-34.44456481933594,332.86444091796875,557.5269775390625,1,-35.825897216796875,-36.76179885864258,284.3568420410156,1,141.70693969726562,148.46966552734375,145.2081298828125,1,-245.54844665527344,112.80651092529297,607.6533203125,1,242.67584228515625,294.1334533691406,505.36529541015625,1,-135.9407958984375,-111.40624237060547,94.59651184082031,1,70.23451232910156,814.6068115234375,1851.980224609375,1,-144.72264099121094,-354.6502380371094,-331.2738342285156,1,208.9856414794922,552.7727661132812,1137.6693115234375,1,-94.54874420166016,694.3427734375,2388.038818359375,1,-115.61084747314453,-115.05188751220703,-25.91420555114746,1,248.24072265625,990.2271118164062,2543.04638671875,1,-82.14779663085938,363.7685852050781,972.6474609375,1,-179.92222595214844,227.5662841796875,633.0671997070312,1,204.39053344726562,136.5080108642578,-87.40038299560547,1,-252.5477752685547,-123.99932861328125,404.6653747558594,1,112.16911315917969,83.89710998535156,12.422591209411621,1,168.171630859375,-107.12981414794922,-13.617552757263184,1,-336.56536865234375,85.32887268066406,15.438835144042969,1,168.8018035888672,-68.68650817871094,-5.239282608032227,1,111.75395202636719,-8.484145164489746,-22.29172134399414,1,-168.56402587890625,87.32077026367188,37.976497650146484,1,56.3962287902832,-111.93342590332031,-40.47788619995117,1,0,55.2237663269043,12.273768424987793,1,0,-66.58578491210938,-17.563669204711914,1,55.61840057373047,140.17039489746094,31.677719116210938,1,-167.77957153320312,-217.98175048828125,-93.83920288085938,1,113.18651580810547,261.4681701660156,155.40191650390625,1,111.14053344726562,-335.929931640625,-227.72232055664062,1,-168.78427124023438,456.1349182128906,248.2315216064453,1,112.16399383544922,-503.85986328125,-265.7691345214844,1,-223.2525634765625,337.9454345703125,162.65296936035156,1,392.0411071777344,15.273985862731934,86.03688049316406,1,-393.10089111328125,-350.030029296875,-354.5887451171875,1,225.362060546875,390.29278564453125,320.0385437011719,1,-112.18840026855469,-114.52930450439453,25.3697452545166,1,223.38275146484375,-102.0089111328125,-432.7296447753906,1,-336.4656982421875,148.73980712890625,635.071533203125,1,225.16055297851562,-216.7486572265625,-653.3723754882812,1,-56.47950744628906,340.15716552734375,574.9910888671875,1,-55.771034240722656,-382.995361328125,-486.2020263671875,1,223.75347900390625,376.068115234375,450.60003662109375,1,-392.3165283203125,-307.1986999511719,-438.32366943359375,1,448.6632995605469,158.59242248535156,357.46661376953125,1,-392.6703186035156,217.91798400878906,8.799964904785156,1,168.38714599609375,-682.0647583007812,-536.8314208984375,1,112.11739349365234,798.1622924804688,754.6312255859375,1,-111.92030334472656,-389.50732421875,-401.3172912597656,1,-112.41104888916016,-72.62506866455078,-47.57234191894531,1,167.9626007080078,363.4755859375,415.3258972167969,1,-55.79518127441406,-472.45465087890625,-623.9034423828125,1,-56.55329895019531,401.9591979980469,611.7774658203125,1,168.71466064453125,-116.19115447998047,-283.423095703125,1,-110.82962036132812,-41.61177444458008,272.81927490234375,1,-113.49402618408203,-118.06625366210938,-582.0261840820312,1,167.36627197265625,513.0314331054688,959.3436279296875,1,-112.28691864013672,-837.7235107421875,-860.0361938476562,1,226.43702697753906,981.4703369140625,495.4172668457031,1,-336.3640441894531,-729.1168823242188,74.86756134033203,1,164.29212951660156,152.64039611816406,-423.7452392578125,1,114.8627700805664,583.5891723632812,804.5910034179688,1,-166.62075805664062,-886.4808959960938,-793.1277465820312,1,112.32769012451172,648.9698486328125,788.24658203125,1,-227.98294067382812,-346.3991394042969,-710.8438720703125,1,394.4610595703125,377.2697448730469,667.6193237304688,1,-448.6632995605469,-229.50479125976562,260.1236877441406,1,390.21685791015625,-351.50897216796875,-1669.9537353515625,1,-219.50042724609375,1111.637939453125,3152.994873046875,1,112.38304138183594,-939.4599609375,-2565.052001953125,1,-229.79568481445312,-321.8294677734375,128.79151916503906,1,395.3588562011719,1753.7510986328125,2825.930908203125,1,-448.6632995605469,-2369.09130859375,-4021.939453125,1,389.2120666503906,2231.534912109375,4190.3740234375,1,-157.88787841796875,-1135.7823486328125,-2746.367431640625,1,-119.03855895996094,-345.3989562988281,884.28857421875,1,-15.675535202026367,946.3995361328125,534.560546875,1,73.59391021728516,-229.9537811279297,-115.23931884765625,1,100.95109558105469,-547.9046020507812,-291.58270263671875,1,-772.8623046875,-192.13331604003906,408.7048645019531,1,875.3441162109375,522.1903686523438,-1383.5604248046875,1,-443.71929931640625,-46.49306869506836,48.92652130126953,1,55.193878173828125,-120.53495025634766,27.04449462890625,1,0,-6.976555824279785,33.76283264160156,1,0,-68.28952026367188,2.6336164474487305,1,0,3.63431715965271,29.482860565185547,1,0,-71.21723937988281,-0.23304077982902527,1,0,21.714946746826172,6.717044353485107,1,0,15.275849342346191,29.879362106323242,1,0,-23.452346801757812,-22.94725799560547,1,0,25.39027976989746,59.26149368286133,1,0,-8.084547996520996,-32.2474479675293,1,0,42.633060455322266,59.96828079223633,1,0,28.282087326049805,13.274962425231934,1,0,-24.16230010986328,35.529273986816406,1,0,-10.74687671661377,-24.97166633605957,1,56.843021392822266,270.6112976074219,171.32164001464844,1,-224.99122619628906,-404.5371398925781,-142.55259704589844,1,334.31298828125,513.3881225585938,261.0121765136719,1,-221.0492401123047,-436.3463134765625,-204.81671142578125,1,54.88323974609375,377.45977783203125,302.55889892578125,1,0,-174.59010314941406,-112.21661376953125,1,0,-51.51185607910156,23.783977508544922,1,0,316.2862243652344,270.6923522949219,1,55.8744010925293,-404.1432800292969,-286.3668212890625,1,-223.015869140625,380.8734130859375,382.0201721191406,1,334.356201171875,-307.9582824707031,-261.9063415527344,1,-223.162353515625,310.60760498046875,357.90899658203125,1,55.946746826171875,-435.0802307128906,-305.7532043457031,1,0,505.4696350097656,358.6338195800781,1,0,-516.7527465820312,-301.75018310546875,1,0,313.3008117675781,286.8807678222656,1,0,-60.003562927246094,-17.193178176879883,1,0,-165.51992797851562,-168.36557006835938,1,0,109.86439514160156,112.18722534179688,1,0,-293.5584411621094,-67.00392150878906,1,0,594.5252685546875,293.90216064453125,1,0,-655.4415893554688,-384.5562438964844,1,54.39914321899414,241.78439331054688,195.39064025878906,1,-220.1559295654297,-78.5574722290039,-103.83108520507812,1,388.57659912109375,39.70772171020508,-115.79035186767578,1,-445.6232604980469,58.131473541259766,547.916259765625,1,391.2110900878906,-127.53700256347656,-625.3087158203125,1,-225.36578369140625,25.25995445251465,357.8788757324219,1,56.95475769042969,-44.87160873413086,-346.1222229003906,1,0,304.1841125488281,906.687744140625,1,0,-348.7102966308594,-992.68212890625,1,0,354.4571533203125,733.1749267578125,1,0,-356.07196044921875,-295.105224609375,1,0,722.9473266601562,870.7120361328125,1,0,-563.0689697265625,-721.0813598632812,1,0,458.3783874511719,993.122314453125,1,0,-72.11627197265625,-632.7086181640625,1,0,537.2645874023438,1812.0928955078125,1,0,-335.0743713378906,-1030.4449462890625,1,0,630.2610473632812,1178.0032958984375,1,0,56.81232833862305,1058.951171875,1,58.16684341430664,336.39044189453125,-478.42962646484375,1,-228.1890106201172,409.7507629394531,2708.62939453125,1,333.5592041015625,495.8642272949219,-625.3836669921875,1,-95.35980224609375,579.3184814453125,2668.614501953125,1,-33.75767135620117,304.8371276855469,77.84024047851562,1,-20.172359466552734,265.5863037109375,-564.1797485351562,1,-324.5738220214844,-858.72998046875,-901.4883422851562,1,328.52044677734375,-3137.6240234375,5143.14404296875,1,-193.77235412597656,-1486.712890625,217.50271606445312,1,186.41152954101562,-1270.778564453125,-38.47604751586914,1,-288.83612060546875,-1127.6431884765625,-259.5093994140625,1,201.1433868408203,-852.277587890625,-434.6247863769531,1,-53.03073501586914,-642.9174194335938,-561.8152465820312,1,2.2737367544323206e-13,-485.0152587890625,-653.6100463867188,1,2.2737367544323206e-13,-187.413818359375,-688.0311279296875,1,2.2737367544323206e-13,-101.9616470336914,-718.1160278320312,1,2.2737367544323206e-13,105.93089294433594,-688.930419921875,1,-40.534610748291016,257.5716857910156,-631.945556640625,1,135.8939971923828,330.2054138183594,-608.0526733398438,1,-151.99012756347656,456.8271789550781,-492.5703430175781,1,56.60453796386719,566.993408203125,-376.326171875,1,39.97257614135742,348.5377502441406,-499.5274353027344,1,-135.2528533935547,1008.5147094726562,53.936702728271484,1,152.11904907226562,10.727487564086914,-538.2711791992188,1,-96.85468292236328,1245.7843017578125,312.94134521484375,1,175.56573486328125,31.52367401123047,-373.8363037109375,1,-287.2842102050781,1052.859619140625,418.6287841796875,1,207.94566345214844,-56.021488189697266,-270.59735107421875,1,-56.15650177001953,1171.3221435546875,579.2879028320312,1,2.2737367544323206e-13,-252.39892578125,-271.4166564941406,1,2.2737367544323206e-13,1083.0604248046875,697.70068359375,1,2.2737367544323206e-13,-352.17742919921875,-257.62030029296875,1,2.2737367544323206e-13,1000.26220703125,689.2113037109375,1,-42.25234603881836,-377.1500549316406,-221.4784393310547,1,180.56069946289062,852.085693359375,735.5445556640625,1,-287.4339599609375,-522.8344116210938,-357.2200012207031,1,202.0132598876953,788.0990600585938,762.1961059570312,1,-52.89258575439453,-415.8971862792969,-377.0068359375,1,-44.19641876220703,546.9561157226562,702.7283935546875,1,184.70782470703125,-460.4542541503906,-425.87420654296875,1,-287.5967102050781,571.1917724609375,629.8304443359375,1,197.76132202148438,-596.7849731445312,-536.8540649414062,1,-50.68292236328125,535.236083984375,766.1839599609375,1,2.2737367544323206e-13,-630.6677856445312,-824.9794921875,1,2.2737367544323206e-13,715.7583618164062,807.2244262695312,1,2.2737367544323206e-13,-1055.5357666015625,-914.1251831054688,1,-47.36182403564453,917.607177734375,669.0086059570312,1,191.1157684326172,-960.9948120117188,-738.6046142578125,1,-287.8198547363281,527.6124877929688,304.34033203125,1,143.50076293945312,-741.2808837890625,-706.8771362304688,1,145.1807861328125,693.391845703125,357.84429931640625,1,-287.906982421875,-1100.892333984375,-1037.56787109375,1,141.38436889648438,772.1382446289062,702.316650390625,1,147.07928466796875,-767.1083374023438,-1323.8251953125,1,-337.249267578125,288.49212646484375,573.133056640625,1,334.88531494140625,-367.77081298828125,-1049.500244140625,1,-140.2161865234375,325.0581970214844,729.6708374023438,1,-147.87762451171875,-621.028076171875,-1328.370849609375,1,337.3882751464844,887.44189453125,1022.8424682617188,1,-335.1575012207031,-856.0875854492188,-1118.87353515625,1,190.27882385253906,945.8529052734375,1540.907470703125,1,-47.24044418334961,-323.787109375,-1376.1148681640625,1,2.2737367544323206e-13,763.0899047851562,2344.66845703125,1,-47.78702163696289,-6.153852939605713,-932.0061645507812,1,191.17552185058594,1014.75048828125,2680.381103515625,1,-288.68048095703125,51.91673278808594,-347.768798828125,1,195.2263641357422,1114.2938232421875,3010.13427734375,1,-186.2617950439453,334.8069763183594,736.2517700195312,1,121.40861511230469,1469.5618896484375,4719.11767578125,1,189.71588134765625,1579.69677734375,5238.87451171875,1,-107.55763244628906,-308.14801025390625,393.0326232910156,1,133.87777709960938,309.9068908691406,-1269.6083984375,1,-59.35327911376953,-178.52003479003906,59.63245391845703,1,2.2737367544323206e-13,1.5072078704833984,60.640480041503906,1,-61.077598571777344,-182.17996215820312,19.13274383544922,1,180.52099609375,39.9752082824707,43.81131362915039,1,-177.27542114257812,-148.3916778564453,-6.061002731323242,1,119.718505859375,13.12792682647705,6.631418704986572,1,-243.35169982910156,-90.54732513427734,17.68793487548828,1,358.109375,-26.832035064697266,-52.499420166015625,1,-233.67726135253906,-44.373817443847656,27.33002281188965,1,119.669677734375,17.39781951904297,-54.245887756347656,1,-244.7442626953125,-57.0695915222168,29.30274772644043,1,358.1559143066406,-85.294921875,-120.834228515625,1,-169.6114501953125,181.37167358398438,99.1233901977539,1,-188.8400421142578,-285.42547607421875,-123.66651153564453,1,358.19091796875,215.4822235107422,-24.974977493286133,1,-232.1248016357422,-101.2166976928711,61.08941650390625,1,119.58744812011719,27.716285705566406,-119.02884674072266,1,-182.58175659179688,-55.45208740234375,4.409419536590576,1,112.37499237060547,34.64689254760742,27.43307113647461,1,126.32316589355469,70.58313751220703,-147.0237579345703,1,-112.41102600097656,78.57096099853516,265.5317687988281,1,-189.50341796875,-382.94305419921875,-494.8321228027344,1,421.46722412109375,514.7928466796875,534.9846801757812,1,-477.8026123046875,-371.7466125488281,-383.7684326171875,1,477.8026123046875,346.0921630859375,191.19981384277344,1,-477.8025817871094,-250.50634765625,-123.98863220214844,1,477.8025817871094,170.26412963867188,185.3235626220703,1,-477.8025817871094,-20.752887725830078,-178.36529541015625,1,477.8026123046875,-116.9459228515625,68.72745513916016,1,-477.8026123046875,449.8146057128906,231.19647216796875,1,477.8026123046875,-638.572509765625,-442.5672607421875,1,-477.8025817871094,793.3671875,646.8359985351562,1,415.51397705078125,-663.8239135742188,-358.02935791015625,1,-171.78372192382812,228.7404022216797,-265.9073486328125,1,-186.27169799804688,444.2594299316406,1067.1217041015625,1,420.34429931640625,-713.8153686523438,-1278.6583251953125,1,-477.8026123046875,731.3822631835938,1239.8458251953125,1,416.1684875488281,-651.0454711914062,-919.6298828125,1,-235.248779296875,703.4357299804688,823.36181640625,1,57.98015594482422,-728.444580078125,-638.8704833984375,1,0,777.3945922851562,686.4186401367188,1,61.080360412597656,-509.2905578613281,-413.5713195800781,1,-241.4595947265625,-194.8874969482422,-136.99258422851562,1,358.47564697265625,925.822265625,1006.2289428710938,1,-176.2083282470703,-1033.240234375,-1382.7130126953125,1,-181.873291015625,685.5855712890625,1553.5029296875,1,358.4739990234375,-436.67279052734375,-1378.00390625,1,-177.3604278564453,499.0734558105469,1170.892822265625,1,-180.7471160888672,-569.5943603515625,-707.0338134765625,1,358.4642028808594,280.9419860839844,10.216743469238281,1,-178.39718627929688,311.0986328125,868.6101684570312,1,-119.8962631225586,-870.3661499023438,-1237.9696044921875,1,179.15135192871094,936.3262329101562,1162.681396484375,1,-59.69719314575195,-766.5714721679688,-927.9700927734375,1,-59.58683395385742,666.5907592773438,899.599609375,1,179.0327606201172,-714.47509765625,-1064.744384765625,1,-179.45127868652344,774.3500366210938,1104.071044921875,1,119.39976501464844,-588.6732788085938,-242.33123779296875,1,-238.2100830078125,-50.98639678955078,-1213.3289794921875,1,358.3808898925781,310.8850402832031,1594.088623046875,1,-135.75733947753906,-202.27639770507812,-931.9315795898438,1,-258.17987060546875,-329.0847473144531,-1556.4874267578125,1,-919.6234741210938,-124.36886596679688,-616.6654052734375,1,846.3292236328125,-1426.0755615234375,2642.029052734375,1,-565.5488891601562,-402.7044982910156,19.06859588623047,1,253.38739013671875,-343.99725341796875,-32.199867248535156,1,-124.57215881347656,-280.7395935058594,-82.47404479980469,1,244.75015258789062,-188.6757354736328,-124.21580505371094,1,-434.6974792480469,-227.01255798339844,-134.2327423095703,1,441.10504150390625,-69.92436981201172,-186.3751678466797,1,-257.5030517578125,-98.64279174804688,-147.67530822753906,1,66.4309310913086,-25.90355110168457,-213.068115234375,1,0,8.090139389038086,-153.66085815429688,1,0,23.27458953857422,-164.6426544189453,1,58.025604248046875,47.96178436279297,-196.7098388671875,1,-240.8115997314453,78.0344467163086,-114.76029205322266,1,317.0291748046875,113.90492248535156,-140.72396850585938,1,-76.71075439453125,118.92178344726562,-110.20880126953125,1,-8.988263130187988,201.31497192382812,-66.25341033935547,1,-298.2505187988281,-315.3860778808594,-256.3480529785156,1,325.9473571777344,903.8291015625,334.0992126464844,1,48.6424674987793,-804.09130859375,-655.590087890625,1,-191.7661895751953,1089.24609375,698.1060180664062,1,66.883056640625,-871.70751953125,-788.9285888671875,1,0,1054.6405029296875,724.5076904296875,1,-58.794185638427734,-821.52978515625,-685.869873046875,1,242.7001495361328,1057.677734375,630.5086059570312,1,-315.5370178222656,-923.4517211914062,-611.4777221679688,1,12.903987884521484,981.4090576171875,702.0504760742188,1,368.7845458984375,-704.911865234375,-798.5811157226562,1,-500.0953369140625,770.5269775390625,902.5178833007812,1,439.9026794433594,-693.8020629882812,-855.9132080078125,1,-194.01089477539062,880.1559448242188,857.7766723632812,1,-181.56277465820312,-990.1163940429688,-888.8731689453125,1,374.7794494628906,1109.984375,890.641357421875,1,-191.59918212890625,-1040.5322265625,-868.3098754882812,1,-183.9942169189453,967.8718872070312,933.5078125,1,374.8054504394531,-929.7578125,-1192.464111328125,1,-189.2521514892578,889.301025390625,1337.1917724609375,1,-186.3150634765625,-980.6697387695312,-1517.796630859375,1,374.8387756347656,1041.4339599609375,1296.8638916015625,1,-187.12908935546875,-1052.95751953125,-1100.8175048828125,1,-125.44380187988281,736.5128784179688,682.5348510742188,1,123.81568908691406,-781.93701171875,-952.34619140625,1,189.50872802734375,906.1119384765625,1199.606689453125,1,-374.9179992675781,-1107.189697265625,-1761.4241943359375,1,248.08053588867188,968.197509765625,1400.50244140625,1,-61.47611999511719,-1024.24169921875,-1237.08251953125,1,-63.73160171508789,890.3180541992188,833.1395874023438,1,188.758056640625,-892.0890502929688,-1245.389404296875,1,-122.44992065429688,875.5814819335938,1193.7835693359375,1,-191.34542846679688,-1179.2659912109375,-1377.6943359375,1,375.1125793457031,1448.5858154296875,1040.07763671875,1,-247.7166290283203,-1498.462158203125,-1201.3355712890625,1,61.40553665161133,1418.9722900390625,1619.1912841796875,1,0,-1067.0494384765625,-2386.791015625,1,0,1051.34619140625,2946.70166015625,1,0,-838.3961181640625,-2441.19775390625,1,62.558128356933594,1180.1396484375,2230.14404296875,1,-187.60647583007812,-921.5118408203125,-1222.9876708984375,1,126.40426635742188,1281.6654052734375,1353.759033203125,1,123.63542175292969,-545.3837280273438,79.9209976196289,1,-189.16629028320312,1011.8677368164062,1233.793701171875,1,-56.424739837646484,-457.5587463378906,-487.1759948730469,1,101.20113372802734,1012.9146118164062,2762.34326171875,1,136.3627166748047,1317.224853515625,3420.982421875,1,126.51689147949219,-36.8160514831543,217.40969848632812,1,-156.92672729492188,275.6283264160156,-733.258544921875,1,69.49696350097656,26.86212730407715,24.87972068786621,1,35.216941833496094,-63.8481559753418,12.434565544128418,1,-140.3167266845703,40.1042366027832,24.89879608154297,1,209.45355224609375,-46.069698333740234,4.802324295043945,1,-103.53813934326172,41.792625427246094,24.5134220123291,1,-105.98735809326172,-42.53616714477539,12.873409271240234,1,209.485107421875,12.463631629943848,4.1511735916137695,1,-103.47769927978516,54.43885803222656,47.09639358520508,1,-70.6693115234375,-59.964378356933594,-14.986010551452637,1,104.35932922363281,14.049924850463867,41.993751525878906,1,-34.53504180908203,53.23065948486328,10.134435653686523,1,0,-22.452220916748047,43.79672622680664,1,-35.18781661987305,-48.57184600830078,-38.5307502746582,1,140.15966796875,166.35800170898438,148.06483459472656,1,-209.54248046875,-162.56431579589844,-101.89061737060547,1,104.33846282958984,61.63784408569336,92.51244354248047,1,70.06440734863281,27.555604934692383,19.051483154296875,1,-104.74851989746094,18.795991897583008,30.890100479125977,1,34.91925811767578,-73.02548217773438,-5.293044567108154,1,34.78373718261719,83.72364807128906,90.31029510498047,1,-139.33299255371094,-104.43243408203125,-61.30428695678711,1,209.55438232421875,120.03894805908203,86.62319946289062,1,-105.6526107788086,-68.78424835205078,35.689815521240234,1,-69.18057250976562,-32.665775299072266,-55.67972183227539,1,105.18962860107422,67.62169647216797,77.89741516113281,1,-35.36039352416992,-152.02809143066406,-63.98734664916992,1,0,247.26577758789062,212.57472229003906,1,-34.31850814819336,-382.6914367675781,-339.0962829589844,1,104.1405258178711,493.4609375,463.07086181640625,1,-71.18302154541016,-546.2413940429688,-536.1483764648438,1,-102.6751708984375,398.90338134765625,614.755126953125,1,209.5060272216797,-272.45758056640625,-631.657958984375,1,-106.96536254882812,147.7289276123047,544.996337890625,1,-102.49687194824219,-28.96404266357422,-290.32965087890625,1,209.4793701171875,-128.56871032714844,-19.59752082824707,1,-141.14642333984375,298.09100341796875,269.6531066894531,1,69.86209106445312,-495.0012512207031,-347.3135681152344,1,-138.2721405029297,510.8581237792969,310.9714660644531,1,209.43695068359375,-342.6261901855469,-116.0445556640625,1,-140.85739135742188,316.6885986328125,64.83800506591797,1,35.482147216796875,-367.0101013183594,-79.86199188232422,1,-2.2737367544323206e-13,320.2812805175781,347.6992492675781,1,-2.2737367544323206e-13,19.403583526611328,-274.454345703125,1,-2.2737367544323206e-13,-238.46786499023438,172.07199096679688,1,-2.2737367544323206e-13,409.9594421386719,468.2068786621094,1,-2.2737367544323206e-13,-272.71209716796875,-592.6752319335938,1,-2.2737367544323206e-13,340.04571533203125,981.5716552734375,1,35.383243560791016,-192.88821411132812,-460.78118896484375,1,-140.7915802001953,187.19285583496094,478.9859619140625,1,209.25479125976562,349.79779052734375,530.7755737304688,1,-137.62066650390625,-339.52783203125,-203.82656860351562,1,70.12274169921875,601.0491333007812,1062.404541015625,1,-106.13150024414062,-155.44515991210938,23.01596450805664,1,102.71434783935547,159.7364044189453,436.9881896972656,1,-70.2354736328125,672.6635131835938,1640.2977294921875,1,107.03894805908203,-96.08167266845703,-67.44212341308594,1,-101.60153198242188,237.6076202392578,890.6199340820312,1,31.880109786987305,819.1669921875,2444.01708984375,1,-2.2737367544323206e-13,57.161502838134766,202.87950134277344,1,39.46768569946289,692.4492797851562,2084.586181640625,1,-19.681467056274414,455.10552978515625,1140.617919921875,1,-37.80854415893555,433.34637451171875,987.7830810546875,1,101.99836730957031,126.6294937133789,-87.51578521728516,1,-126.33810424804688,-122.6837158203125,403.8753967285156,1,56.0649299621582,76.4034423828125,11.575835227966309,1,2.2737367544323206e-13,-99.71319580078125,-12.253819465637207,1,2.2737367544323206e-13,97.55683135986328,11.71259593963623,1,-55.822601318359375,-93.7218017578125,-1.6973378658294678,1,167.98495483398438,-2.511510133743286,-28.82921028137207,1,-112.9011459350586,122.32413482666016,49.44516372680664,1,-111.4281234741211,-167.8932342529297,-60.09180450439453,1,168.70208740234375,97.5174560546875,24.325199127197266,1,-112.13349151611328,-94.34406280517578,-11.141401290893555,1,223.32855224609375,167.11883544921875,16.574115753173828,1,-336.5187683105469,-229.77316284179688,-85.76995086669922,1,225.42984008789062,260.4652099609375,157.8828887939453,1,-56.641387939453125,-307.9089050292969,-241.8520050048828,1,2.2737367544323206e-13,344.5408630371094,254.85244750976562,1,2.2737367544323206e-13,-355.4703369140625,-258.8497619628906,1,2.2737367544323206e-13,278.1778259277344,183.8029022216797,1,2.2737367544323206e-13,-43.78443145751953,-8.099164962768555,1,-55.522682189941406,-226.49717712402344,-211.69471740722656,1,167.68331909179688,289.9181213378906,203.78260803222656,1,-113.21253967285156,-23.9007625579834,87.3571548461914,1,-111.11426544189453,-292.69439697265625,-483.6146545410156,1,113.09786987304688,357.82843017578125,661.9323120117188,1,166.88372802734375,-262.9565734863281,-587.480224609375,1,-392.14959716796875,224.26724243164062,444.5020446777344,1,448.6632995605469,-152.91116333007812,-381.4060974121094,1,-448.6632995605469,55.328556060791016,325.4812927246094,1,392.8197326660156,-10.757827758789062,-170.2116241455078,1,-224.75404357910156,8.0107421875,-17.11011505126953,1,112.22957611083984,248.55494689941406,361.61993408203125,1,-224.16346740722656,-681.8463745117188,-816.718994140625,1,392.5314025878906,854.3900146484375,950.5513305664062,1,-448.6632995605469,-651.9016723632812,-566.5578002929688,1,448.6632995605469,376.5098876953125,167.2875213623047,1,-392.3131408691406,28.321475982666016,230.44354248046875,1,223.71022033691406,-379.8473205566406,-572.3540649414062,1,-112.26122283935547,402.0437316894531,668.5735473632812,1,225.32882690429688,-172.7960662841797,-423.96807861328125,1,-393.1277160644531,25.97287368774414,349.1001281738281,1,448.6632995605469,15.09881591796875,-308.40228271484375,1,-391.7093811035156,214.65615844726562,410.14569091796875,1,165.4146270751953,-570.92578125,-437.2661437988281,1,171.30709838867188,757.3291625976562,329.5232238769531,1,-393.67547607421875,-612.5374145507812,143.47471618652344,1,448.6632995605469,354.7757568359375,-359.54022216796875,1,-391.09161376953125,118.59015655517578,428.9619140625,1,163.5342559814453,-579.2194213867188,-277.6899108886719,1,173.21157836914062,704.2428588867188,503.06207275390625,1,-394.3172607421875,-499.6062316894531,-687.8510131835938,1,390.5249938964844,311.59808349609375,716.6773681640625,1,-161.82119750976562,224.8873291015625,314.3038330078125,1,-116.4896011352539,-1019.8784790039062,-1770.9410400390625,1,165.73245239257812,1548.2381591796875,2968.940673828125,1,-53.616886138916016,-1108.2764892578125,-2237.9404296875,1,-58.93417739868164,-259.23516845703125,279.67041015625,1,171.0233612060547,1857.7491455078125,1996.8177490234375,1,-105.77979278564453,-2390.239501953125,-2666.669921875,1,-118.37450408935547,1967.9320068359375,2902.838134765625,1,164.69979858398438,-1084.0462646484375,-2480.757568359375,1,-52.636192321777344,136.8597869873047,1616.99365234375,1,-180.0398406982422,349.655517578125,-239.0868682861328,1,111.33260345458984,-61.15573501586914,78.82475280761719,1,193.1698760986328,-171.3566131591797,164.0054168701172,1,70.01347351074219,-184.43736267089844,408.5066223144531,1,0,514.090576171875,-1382.0941162109375,1,56.210811614990234,-41.99233627319336,49.101261138916016,1,-224.04312133789062,-121.27753448486328,25.793855667114258,1,334.037109375,-16.31772232055664,34.19446563720703,1,-220.88156127929688,-35.64741516113281,4.579061508178711,1,54.675682067871094,-37.814064025878906,26.45569610595703,1,0,-41.16941452026367,3.879730463027954,1,0,23.072019577026367,3.811330795288086,1,0,-19.411169052124023,28.422119140625,1,0,30.694101333618164,-15.107985496520996,1,0,-35.80471420288086,46.3743782043457,1,0,40.18573760986328,-18.010841369628906,1,0,7.366875171661377,54.217655181884766,1,0,72.95642852783203,15.740381240844727,1,0,-51.49642562866211,22.11164665222168,1,56.91212463378906,-10.608665466308594,0.6255978941917419,1,-225.1392059326172,207.19168090820312,148.20835876464844,1,334.3020324707031,-234.01852416992188,-126.13172149658203,1,-220.86367797851562,341.2310791015625,248.16925048828125,1,111.29905700683594,-350.0607604980469,-183.82708740234375,1,-224.30584716796875,338.453369140625,264.4204406738281,1,334.3409423828125,-141.9237823486328,-78.35026550292969,1,-221.82528686523438,-67.5709457397461,24.2066707611084,1,55.277530670166016,311.50555419921875,235.5290985107422,1,0,-387.81005859375,-231.65847778320312,1,0,384.89862060546875,321.91668701171875,1,0,-379.16156005859375,-196.4070587158203,1,0,395.7905578613281,278.4161376953125,1,0,-449.48419189453125,-236.5295867919922,1,0,473.80426025390625,327.7723388671875,1,55.04970169067383,-461.705322265625,-287.5184631347656,1,-221.37818908691406,173.23265075683594,257.87152099609375,1,334.3233947753906,108.54906463623047,-42.59377670288086,1,-224.69361877441406,-222.5119171142578,-29.44719123840332,1,56.697574615478516,81.75017547607422,-27.852333068847656,1,0,-265.7679748535156,-64.99787902832031,1,0,593.8219604492188,404.8514709472656,1,0,-798.6720581054688,-489.8150939941406,1,0,530.9306030273438,182.02919006347656,1,0,-226.60086059570312,16.02039909362793,1,0,-124.16434478759766,-227.63320922851562,1,0,391.801513671875,631.5046997070312,1,0,-462.4541015625,-735.9324340820312,1,0,304.5599670410156,470.1279296875,1,0,-252.82017517089844,-457.61480712890625,1,0,439.02825927734375,1045.5179443359375,1,0,-456.616455078125,-1154.3482666015625,1,54.89678955078125,453.27459716796875,974.4805908203125,1,-221.35862731933594,-400.0953063964844,-648.1849365234375,1,334.00701904296875,693.9818725585938,1169.07373046875,1,-223.43283081054688,-497.7113342285156,-748.3350830078125,1,55.88690948486328,481.89398193359375,802.2747192382812,1,0,-259.97674560546875,-547.967041015625,1,0,706.8869018554688,1977.2991943359375,1,0,-218.92279052734375,-1296.304443359375,1,0,212.33543395996094,1456.4361572265625,1,0,575.1461791992188,758.9500122070312,1,0,-200.24688720703125,-209.79673767089844,1,0,1094.9927978515625,2567.2099609375,1,59.27528381347656,-215.13873291015625,-554.5084838867188,1,-470.0455017089844,561.5982055664062,2366.62939453125,1,250.0756378173828,489.7514343261719,240.439453125,1,454.1405029296875,516.0311279296875,-269.6185607910156,1,-324.5712890625,-858.5025634765625,-901.290283203125,1,328.52337646484375,-3142.828125,5146.57275390625,1,-193.77569580078125,-1487.995361328125,218.01336669921875,1,186.4043731689453,-1275.64697265625,-38.88986587524414,1,-332.8157958984375,-1118.40869140625,-259.55206298828125,1,384.1805725097656,-857.6231079101562,-433.84185791015625,1,-341.5641784667969,-667.95849609375,-565.8396606445312,1,203.8602294921875,-453.2420959472656,-651.9878540039062,1,-54.38388442993164,-203.94155883789062,-689.4769897460938,1,2.2737367544323206e-13,-112.12956237792969,-722.3549194335938,1,2.2737367544323206e-13,140.44918823242188,-688.1119384765625,1,2.2737367544323206e-13,219.53085327148438,-633.0852661132812,1,2.2737367544323206e-13,347.89697265625,-609.1533813476562,1,-40.1348762512207,434.9794616699219,-499.6396484375,1,135.43362426757812,636.1640625,-367.4512939453125,1,-112.20179748535156,264.99639892578125,-508.78082275390625,1,-118.36151123046875,1050.358642578125,59.58151626586914,1,327.34002685546875,66.2422866821289,-544.8720092773438,1,-384.1805725097656,1097.819091796875,319.558837890625,1,384.1805725097656,175.86761474609375,-377.6765441894531,1,-343.85821533203125,999.46240234375,405.88873291015625,1,167.46612548828125,-40.09941101074219,-245.97952270507812,1,79.74620056152344,1149.8829345703125,577.1332397460938,1,-110.12120056152344,-210.48663330078125,-286.2184143066406,1,-122.11669921875,983.8772583007812,679.0872192382812,1,328.8828125,-198.98313903808594,-193.68984985351562,1,-342.2905578613281,907.31591796875,637.86181640625,1,204.4129180908203,-398.75323486328125,-210.07476806640625,1,-54.179569244384766,886.0489501953125,740.9710083007812,1,-42.97960662841797,-481.498779296875,-369.524169921875,1,182.133056640625,784.4130859375,822.95654296875,1,-287.4979553222656,-531.2794189453125,-450.4102783203125,1,200.3633575439453,717.517333984375,733.2906494140625,1,-96.61693572998047,-660.9693603515625,-491.6341857910156,1,185.53170776367188,831.2435913085938,829.8045654296875,1,-333.04345703125,-861.8751220703125,-801.5118408203125,1,384.1805725097656,726.4970703125,995.921875,1,-337.9567565917969,-672.182861328125,-995.9559936523438,1,148.70635986328125,525.2366943359375,902.6798706054688,1,140.18556213378906,-658.975830078125,-858.9346313476562,1,-335.1124572753906,456.09014892578125,485.4156188964844,1,384.1805725097656,-559.3729858398438,-572.8162231445312,1,-336.180908203125,253.37229919433594,225.5203399658203,1,143.5448760986328,-580.5318603515625,-661.8474731445312,1,145.13760375976562,597.7706298828125,335.527099609375,1,-287.9067077636719,-1052.8743896484375,-1035.674560546875,1,141.42440795898438,762.0841064453125,709.210205078125,1,147.04054260253906,-792.9591064453125,-1379.3839111328125,1,-288.01531982421875,441.1415100097656,780.8316040039062,1,189.62242126464844,-721.94873046875,-1355.15478515625,1,-46.77779769897461,742.5797729492188,875.6288452148438,1,-49.258583068847656,-904.3046264648438,-1264.3909912109375,1,194.4822998046875,990.2224731445312,994.3779296875,1,-288.27294921875,-861.2459106445312,-1127.3677978515625,1,141.4922637939453,957.8449096679688,1319.9039306640625,1,146.15675354003906,-282.3659973144531,-858.6697998046875,1,-288.4726867675781,572.2621459960938,1773.6583251953125,1,144.34762573242188,219.14889526367188,-527.9585571289062,1,142.90231323242188,844.7710571289062,2435.052734375,1,-288.679443359375,180.92640686035156,-278.5206298828125,1,149.0983123779297,967.8755493164062,3051.115966796875,1,137.65643310546875,792.9215087890625,948.3405151367188,1,-119.9489974975586,1145.0242919921875,4501.8544921875,1,-176.2002716064453,1082.3956298828125,4929.453125,1,149.7530517578125,-293.8085632324219,394.7017517089844,1,-0.7544562816619873,304.0336608886719,-1269.1070556640625,1,120.20055389404297,-168.24703979492188,61.1041374206543,1,-117.35318756103516,1.1277713775634766,58.51917266845703,1,-182.60150146484375,-207.8055419921875,19.807004928588867,1,419.4090881347656,97.12001037597656,43.923561096191406,1,-416.1914367675781,-222.57293701171875,-9.983675956726074,1,173.06607055664062,23.628236770629883,11.71402645111084,1,123.62958526611328,26.608491897583008,21.237953186035156,1,-176.6334228515625,-193.61831665039062,-62.26570129394531,1,57.24150848388672,76.9803237915039,32.41039276123047,1,0,-71.79158782958984,-58.922393798828125,1,0,63.38916015625,45.832420349121094,1,62.85572052001953,-200.12709045410156,-137.12857055664062,1,-245.19117736816406,156.8111114501953,82.21685791015625,1,358.18048095703125,-111.11941528320312,-61.85934066772461,1,-232.2755126953125,43.02600860595703,-84.25091552734375,1,56.42913818359375,-17.072385787963867,78.85774230957031,1,0,-16.817426681518555,-127.07462310791016,1,63.23231887817383,47.1714973449707,55.9293098449707,1,-245.8319091796875,-149.6436309814453,-59.001834869384766,1,358.2543640136719,264.7589416503906,-79.49723815917969,1,-231.98251342773438,-101.17681121826172,232.80184936523438,1,119.5223159790039,-172.7039794921875,-428.29541015625,1,-182.55508422851562,310.8860168457031,416.4095153808594,1,175.78851318359375,-250.4520263671875,-288.3861083984375,1,-56.437461853027344,270.8959045410156,147.80970764160156,1,-62.975704193115234,-171.43051147460938,-103.46756744384766,1,182.34652709960938,87.60477447509766,162.74037170410156,1,-176.0858917236328,129.7318572998047,-85.8315200805664,1,56.71898651123047,-359.3805847167969,-144.44659423828125,1,0,757.4361572265625,555.4052124023438,1,62.50350570678711,-1011.499267578125,-812.3739624023438,1,-181.8962860107422,1070.67333984375,973.4746704101562,1,114.35710906982422,-674.0816650390625,-611.7872314453125,1,186.58334350585938,68.1045150756836,-64.50194549560547,1,-358.431884765625,676.535888671875,910.5961303710938,1,172.60098266601562,-1133.4962158203125,-1205.33642578125,1,123.69939422607422,1357.5650634765625,1292.78515625,1,-177.2817840576172,-1234.2703857421875,-1064.9921875,1,57.86367416381836,1012.577392578125,991.3300170898438,1,61.3408088684082,-680.8138427734375,-725.5895385742188,1,-241.97413635253906,408.3381652832031,534.754150390625,1,358.4719543457031,-87.04925537109375,-86.40155792236328,1,-175.44659423828125,-320.3699951171875,-239.90541076660156,1,-182.6234893798828,638.595458984375,746.6785278320312,1,358.4756774902344,-618.078125,-1193.4735107421875,1,-176.64341735839844,682.8567504882812,1720.788818359375,1,-121.04564666748047,-976.2377319335938,-1685.962158203125,1,118.34493255615234,993.9530029296875,1277.0384521484375,1,120.55086517333984,-533.4581909179688,-454.9373779296875,1,-178.85606384277344,-87.47327423095703,-374.47552490234375,1,59.40392303466797,534.730224609375,961.4658203125,1,0,-711.804443359375,-977.9815063476562,1,0,595.1962280273438,897.1951293945312,1,0,-519.8977661132812,-912.0111083984375,1,0,527.6905517578125,1102.06494140625,1,0,-642.9766235351562,-1399.7001953125,1,0,716.8607788085938,1527.1763916015625,1,0,-536.519287109375,-734.484375,1,0,13.072294235229492,-665.3955688476562,1,0,252.0224609375,1294.8623046875,1,0,-215.34402465820312,-922.0346069335938,1,0,-330.6720275878906,-1469.6124267578125,1,-269.7091064453125,-113.79175567626953,-615.5162963867188,1,140.09701538085938,-1458.830810546875,2642.843505859375,1,-186.7850341796875,-400.7554931640625,20.040189743041992,1,310.6058044433594,-313.814453125,-31.39861488342285,1,-375.52410888671875,-303.8096923828125,-83.39930725097656,1,255.35775756835938,-216.25778198242188,-124.99870300292969,1,-6.096581935882568,-160.72080993652344,-134.20138549804688,1,-243.19635009765625,-130.20968627929688,-181.75631713867188,1,375.24847412109375,-71.73207092285156,-158.53256225585938,1,-316.5187683105469,-40.08926010131836,-206.41148376464844,1,308.29595947265625,28.22393226623535,-147.61239624023438,1,-316.9486999511719,16.118576049804688,-182.93283081054688,1,18.137529373168945,5.79386043548584,-191.474853515625,1,249.8633575439453,162.2890625,-93.27442169189453,1,39.12845230102539,88.2233657836914,-159.53662109375,1,-548.2113037109375,16.58457374572754,-137.92572021484375,1,634.3379516601562,271.14373779296875,-15.171515464782715,1,-326.6788635253906,-168.1057586669922,-281.46099853515625,1,67.23457336425781,669.0559692382812,339.3481750488281,1,0,-688.5528564453125,-674.1095581054688,1,0,1098.0899658203125,723.4549560546875,1,58.4195556640625,-906.752197265625,-806.5654296875,1,-183.3009490966797,1039.345947265625,723.3709106445312,1,132.50038146972656,-778.9199829101562,-657.1362915039062,1,117.31829071044922,1032.5753173828125,572.5487670898438,1,-190.8529510498047,-861.1220092773438,-528.3018188476562,1,65.91891479492188,924.9358520507812,611.8265991210938,1,0,-779.7831420898438,-718.1828002929688,1,0,1009.8765869140625,863.0982055664062,1,0,-1014.436767578125,-879.6848754882812,1,60.4328727722168,1110.1190185546875,884.0540771484375,1,-185.42506408691406,-1037.5577392578125,-841.5558471679688,1,189.08041381835938,1071.1678466796875,805.76318359375,1,-125.30840301513672,-1069.852783203125,-850.3416748046875,1,186.24398803710938,1094.9200439453125,998.7755126953125,1,-126.54365539550781,-932.6281127929688,-1193.642578125,1,-123.49533081054688,670.70263671875,1150.7794189453125,1,125.5537338256836,-788.3383178710938,-1247.2156982421875,1,124.49349975585938,1008.9611206054688,1187.3458251953125,1,-187.34449768066406,-1188.951904296875,-1236.6641845703125,1,62.327701568603516,1105.9697265625,913.856689453125,1,0,-1149.984375,-1087.6885986328125,1,63.2598876953125,1016.279541015625,1235.4176025390625,1,-251.6981964111328,-1185.328125,-1839.5313720703125,1,374.93890380859375,1257.7484130859375,1549.6328125,1,-184.2593994140625,-1313.232177734375,-1271.0986328125,1,-127.26631927490234,974.6239624023438,694.4043579101562,1,186.27659606933594,-956.9448852539062,-1163.9814453125,1,-61.279422760009766,995.2167358398438,1261.9188232421875,1,2.2737367544323206e-13,-1079.97412109375,-1375.7100830078125,1,2.2737367544323206e-13,1084.8775634765625,951.1243896484375,1,2.2737367544323206e-13,-1160.183837890625,-1247.1611328125,1,2.2737367544323206e-13,1309.203125,1736.74560546875,1,-63.31209182739258,-1159.990234375,-2278.376953125,1,188.35377502441406,1193.198486328125,2617.02734375,1,-124.33452606201172,-897.0558471679688,-2122.990234375,1,-188.25543212890625,1050.7037353515625,1899.7686767578125,1,375.4206848144531,-569.342041015625,-688.9447021484375,1,-251.057373046875,1057.5721435546875,840.9205322265625,1,63.23122024536133,-826.3284301757812,198.4655303955078,1,0,1499.1187744140625,1332.8966064453125,1,-120.58928680419922,-715.1537475585938,-567.7174072265625,1,101.22051239013672,1049.2227783203125,2792.771240234375,1,152.16732788085938,1424.4779052734375,3477.281494140625,1,447.461669921875,-19.765987396240234,216.16510009765625,1,-392.6990966796875,266.6987609863281,-731.1241455078125,1,278.91778564453125,38.70358657836914,24.343461990356445,1,-139.11817932128906,-79.24591064453125,12.973443031311035,1,34.61806106567383,62.7919807434082,25.405460357666016,1,-2.2737367544323206e-13,-79.59585571289062,2.4943714141845703,1,35.31886291503906,76.44418334960938,28.43939781188965,1,-140.48350524902344,-63.86201858520508,9.227197647094727,1,244.82000732421875,21.254297256469727,7.137935161590576,1,-243.99380493164062,46.64372634887695,43.22370147705078,1,103.53771209716797,-72.04164123535156,-10.329607009887695,1,70.62342071533203,77.65736389160156,41.90522766113281,1,-104.3990707397461,-25.22112464904785,7.7344746589660645,1,69.79475402832031,31.341806411743164,50.081905364990234,1,-140.2302703857422,-96.37493133544922,-50.792728424072266,1,209.5381622314453,184.11370849609375,151.26150512695312,1,-104.20640563964844,-120.70648193359375,-79.55376434326172,1,-105.17499542236328,24.211923599243164,51.88022232055664,1,209.55020141601562,23.658300399780273,58.70713806152344,1,-104.7306137084961,11.110644340515137,8.473057746887207,1,-104.63478088378906,-34.18069839477539,-7.491077423095703,1,209.55517578125,20.637489318847656,105.86070251464844,1,-105.30621337890625,-8.588376998901367,-64.55345153808594,1,-104.0546646118164,11.551008224487305,70.07594299316406,1,244.1326141357422,6.815293788909912,59.819984436035156,1,-279.3211975097656,-63.60348129272461,-103.0078353881836,1,244.86131286621094,67.65634155273438,165.42015075683594,1,-140.63168334960938,-117.56187438964844,-150.8967742919922,1,69.7824478149414,211.79119873046875,256.9571533203125,1,-138.48150634765625,-399.7112121582031,-373.20892333984375,1,209.52740478515625,507.870849609375,512.0198364257812,1,-141.00857543945312,-506.1102294921875,-590.6435546875,1,35.60912322998047,382.8578796386719,670.5787963867188,1,-2.2737367544323206e-13,-354.6719970703125,-655.754150390625,1,34.16239929199219,282.6385803222656,499.5919189453125,1,-138.13677978515625,-138.3204345703125,-232.8102569580078,1,209.4788360595703,-58.54149627685547,-19.7346134185791,1,-141.1692657470703,203.81312561035156,234.47235107421875,1,35.66389465332031,-324.26153564453125,-329.0887756347656,1,34.23456573486328,372.2560119628906,349.3765869140625,1,-138.33482360839844,-384.47662353515625,-260.8527526855469,1,209.42446899414062,464.8954772949219,263.8785095214844,1,-106.32427215576172,-394.5781555175781,-169.54010009765625,1,-68.82080078125,112.53557586669922,279.4989929199219,1,105.05854797363281,338.99884033203125,-158.8338165283203,1,-69.95079040527344,-494.9708557128906,81.40489196777344,1,139.41416931152344,622.1722412109375,525.9095458984375,1,-244.35501098632812,-535.6661987304688,-596.0381469726562,1,244.1330108642578,630.0992431640625,937.3549194335938,1,-103.55741882324219,-420.2967529296875,-394.2497863769531,1,-106.32756042480469,359.5909423828125,406.3300476074219,1,209.2541046142578,170.07305908203125,591.5802612304688,1,-101.55580139160156,-122.91590118408203,-152.40113830566406,1,-108.43438720703125,281.3241271972656,774.5028686523438,1,209.16439819335938,264.4339294433594,442.99627685546875,1,-135.9425048828125,-182.4134979248047,206.77554321289062,1,32.9223747253418,917.4441528320312,1677.3424072265625,1,-2.2737367544323206e-13,-339.7919616699219,-138.7659912109375,1,-2.2737367544323206e-13,402.8369140625,1027.1253662109375,1,-2.2737367544323206e-13,838.9694213867188,2331.6123046875,1,-2.2737367544323206e-13,-98.92660522460938,318.90234375,1,118.42276000976562,930.3857421875,2184.62255859375,1,-59.011837005615234,381.54296875,1079.3446044921875,1,-113.40235900878906,267.98052978515625,875.9599609375,1,6.274467468261719,107.03718566894531,-84.67385864257812,1,252.85061645507812,-88.18038940429688,405.9951171875,1,56.07965087890625,67.69889831542969,14.26353645324707,1,-392.51702880859375,-129.92100524902344,-18.036052703857422,1,448.6632995605469,151.7693328857422,18.28727149963379,1,-392.846923828125,-140.1201171875,-4.716438293457031,1,169.16500854492188,-6.585949420928955,-30.604846954345703,1,167.22360229492188,164.7573699951172,51.3283805847168,1,-392.2049560546875,-193.54782104492188,-55.292945861816406,1,448.663330078125,98.9658203125,18.398696899414062,1,-393.07525634765625,-86.16584014892578,-13.098248481750488,1,225.35594177246094,122.17981719970703,13.247547149658203,1,-56.609806060791016,-145.82107543945312,-63.96615219116211,1,2.2737367544323206e-13,203.96449279785156,120.67306518554688,1,2.2737367544323206e-13,-363.27142333984375,-198.18405151367188,1,2.2737367544323206e-13,512.3894653320312,220.68856811523438,1,-55.488834381103516,-524.1396484375,-250.6432342529297,1,167.6489715576172,362.7660217285156,192.50360107421875,1,-113.34085845947266,-22.110729217529297,-12.53760814666748,1,-110.98467254638672,-324.9397277832031,-212.23387145996094,1,168.80970764160156,342.5376281738281,201.74981689453125,1,-56.64430618286133,-5.424670696258545,65.9926528930664,1,-55.57158279418945,-314.9400634765625,-449.1038513183594,1,167.73280334472656,412.9931945800781,690.3748779296875,1,-113.05765533447266,-316.0877380371094,-681.2427368164062,1,-111.2704849243164,221.81179809570312,527.7478637695312,1,168.61019897460938,-183.12698364257812,-439.03570556640625,1,-112.2167739868164,90.2376480102539,375.6915283203125,1,167.9362335205078,67.50827026367188,-216.38436889648438,1,-168.4468994140625,-102.69998931884766,27.419456481933594,1,112.22977447509766,248.7403564453125,335.1513366699219,1,-224.13267517089844,-569.6085815429688,-815.4027709960938,1,392.51611328125,686.2147827148438,980.10546875,1,-392.4948425292969,-445.78424072265625,-652.0309448242188,1,167.83128356933594,113.01936340332031,235.1059112548828,1,168.83328247070312,407.70880126953125,301.0047912597656,1,-336.40655517578125,-817.8583374023438,-728.0148315429688,1,223.553466796875,711.1129150390625,808.951416015625,1,-55.64641571044922,-336.3133544921875,-626.8489990234375,1,-56.72346115112305,149.83604431152344,666.489990234375,1,225.7139892578125,-35.75202941894531,-636.7208862304688,1,-393.3235778808594,78.66883850097656,697.2793579101562,1,391.60443115234375,-220.64305114746094,-625.8054809570312,1,-165.09197998046875,341.3739318847656,331.2252502441406,1,-114.3337173461914,-345.4518737792969,294.8690185546875,1,109.47138214111328,249.36607360839844,-686.7068481445312,1,114.82809448242188,155.727783203125,958.7129516601562,1,-108.93350219726562,-389.6416015625,-631.9130249023438,1,-115.35200500488281,204.65005493164062,287.04791259765625,1,166.349609375,34.82268524169922,-114.28571319580078,1,-54.21133804321289,-56.72402572631836,317.96185302734375,1,2.2737367544323206e-13,319.57696533203125,287.22747802734375,1,2.2737367544323206e-13,-787.0441284179688,-1540.212646484375,1,2.2737367544323206e-13,1272.2822265625,2922.68994140625,1,-58.768455505371094,-1175.13330078125,-2289.017822265625,1,170.86578369140625,260.2509460449219,175.23753356933594,1,-106.12084197998047,1239.833251953125,2210.240478515625,1,-118.05164337158203,-2186.675537109375,-2897.4970703125,1,105.41122436523438,2093.195556640625,2796.66650390625,1,178.3690948486328,-950.3338623046875,-1541.3387451171875,1,-336.20086669921875,-450.69134521484375,125.19844818115234,1,36.69601058959961,1012.8357543945312,1080.9996337890625,1,73.5246353149414,-253.84146118164062,-284.5751647949219,1,87.33988952636719,-596.6931762695312,-656.0621948242188,1,0,-210.18753051757812,407.94927978515625,1,0,542.0048828125,-1383.267822265625,1,0,-57.03074264526367,48.41778564453125,1,0,-122.35853576660156,27.286279678344727,1,0,-3.2019054889678955,33.56170654296875,1,56.739078521728516,-50.18796157836914,3.2228543758392334,1,-225.00819396972656,-51.57624435424805,27.591205596923828,1,334.10845947265625,21.761789321899414,5.960533142089844,1,-220.23080444335938,-65.72954559326172,-2.6986539363861084,1,54.389869689941406,63.96840286254883,38.024566650390625,1,0,-51.94821548461914,-25.089733123779297,1,0,54.62277603149414,60.46937561035156,1,0,-24.275930404663086,-39.121768951416016,1,57.08338928222656,34.7116813659668,78.09161376953125,1,-225.52024841308594,32.97567367553711,-7.741596698760986,1,334.2603759765625,-12.210468292236328,41.98363494873047,1,-220.33538818359375,20.570960998535156,-12.391039848327637,1,54.51035690307617,158.46434020996094,165.5523681640625,1,0,-247.30902099609375,-150.1881866455078,1,56.62104797363281,368.2992248535156,272.7989501953125,1,-224.53062438964844,-393.75128173828125,-227.5235137939453,1,334.333740234375,482.0140075683594,338.4956359863281,1,-221.57749938964844,-310.5003356933594,-136.8316650390625,1,55.15224838256836,-31.244325637817383,22.122690200805664,1,0,423.2194519042969,291.64556884765625,1,0,-563.6862182617188,-323.4571228027344,1,0,541.1112060546875,449.0284423828125,1,0,-468.8047180175781,-341.01129150390625,1,55.432064056396484,449.46044921875,402.115478515625,1,-166.83522033691406,-527.723388671875,-314.9822082519531,1,112.48208618164062,526.1549072265625,352.30767822265625,1,165.36412048339844,-404.0765075683594,-284.8244934082031,1,-389.25396728515625,61.44445037841797,271.7577819824219,1,390.81365966796875,224.18740844726562,-52.06028366088867,1,-224.71372985839844,-367.66741943359375,-62.83820724487305,1,56.707855224609375,171.80369567871094,-7.708556175231934,1,0,-213.13015747070312,2.200303316116333,1,0,405.6211853027344,285.6669921875,1,0,-442.232177734375,-422.1240234375,1,0,50.39487838745117,187.46278381347656,1,0,158.99362182617188,-2.3341689109802246,1,0,-340.5054626464844,-235.5940704345703,1,0,574.2069702148438,650.2900390625,1,0,-593.5032348632812,-756.2421264648438,1,0,232.0662078857422,493.53985595703125,1,0,-76.5000228881836,-455.0370788574219,1,0,409.1111755371094,994.0985107421875,1,0,-546.9284057617188,-1100.625244140625,1,0,441.8096008300781,924.10400390625,1,0,-230.52235412597656,-504.2940368652344,1,0,508.814453125,958.518798828125,1,0,-435.178466796875,-723.0883178710938,1,0,508.23944091796875,1016.3590087890625,1,0,-250.6158905029297,-696.6091918945312,1,0,671.1884155273438,1911.638427734375,1,0,-277.1754455566406,-1196.573486328125,1,0,457.613525390625,1448.350341796875,1,0,182.20826721191406,698.5513305664062,1,0,99.55594635009766,-101.43761444091797,1,0,1020.7899169921875,2471.180419921875,1,0,-251.62135314941406,-574.7078857421875,1,0,992.8698120117188,2646.35205078125,1,0,249.78305053710938,103.7511215209961,1,0,85.46551513671875,-523.5105590820312,1,-888.8540649414062,-865.6765747070312,-901.0237426757812,1,871.3831176757812,-3129.112548828125,5145.6015625,1,-535.9241333007812,-1491.11376953125,218.0319366455078,1,152.98602294921875,-1293.5029296875,-39.515140533447266,1,89.28395080566406,-1078.859619140625,-256.95550537109375,1,-148.9127197265625,-911.1263427734375,-436.7580261230469,1,53.03749465942383,-609.7479248046875,-562.5032348632812,1,42.05514144897461,-475.0069274902344,-653.1100463867188,1,-137.63291931152344,-257.36090087890625,-692.8279418945312,1,151.00384521484375,-30.116769790649414,-716.8635864257812,1,-96.22676849365234,87.70012664794922,-692.9170532226562,1,176.73086547851562,250.11305236816406,-625.20166015625,1,-287.72314453125,317.1850280761719,-627.9426879882812,1,208.42579650878906,467.7264709472656,-472.2652587890625,1,-96.63983154296875,580.8726806640625,-397.7205505371094,1,175.26052856445312,360.02886962890625,-482.7994689941406,1,-327.3523864746094,957.8386840820312,38.187599182128906,1,384.1805725097656,62.68207550048828,-518.4996337890625,1,-384.1805725097656,1240.563232421875,279.70843505859375,1,384.1805725097656,-43.71270751953125,-340.90972900390625,1,-343.8628234863281,1199.3482666015625,386.122802734375,1,207.9868621826172,-167.76329040527344,-234.20050048828125,1,-96.90471649169922,1196.379150390625,544.0833129882812,1,177.15171813964844,-192.56692504882812,-230.3707733154297,1,-287.29876708984375,980.7528076171875,652.4063720703125,1,205.8265838623047,-278.4104919433594,-227.9008026123047,1,-96.83802795410156,954.9027099609375,677.6249389648438,1,137.5235595703125,-238.3149871826172,-183.77684020996094,1,-149.48158264160156,597.224609375,669.3953247070312,1,53.777103424072266,-235.45608520507812,-296.2745361328125,1,43.363033294677734,613.5164184570312,751.4699096679688,1,-182.95132446289062,-475.73138427734375,-433.23046875,1,331.7019958496094,814.2705078125,819.903564453125,1,-384.1805725097656,-811.0669555664062,-605.73828125,1,339.1842346191406,886.6744384765625,871.8629760742188,1,-197.81405639648438,-737.0764770507812,-755.4293823242188,1,96.52478790283203,493.6640930175781,928.9077758789062,1,-141.82254028320312,-480.87628173828125,-970.623046875,1,145.47369384765625,435.6314697265625,944.4767456054688,1,-96.44112396240234,-676.1599731445312,-1029.9058837890625,1,190.36143493652344,649.4502563476562,840.822998046875,1,-335.4670104980469,-1024.5692138671875,-1012.7027587890625,1,384.1805725097656,949.1317138671875,600.4835815429688,1,-335.90240478515625,-1223.824462890625,-844.1886596679688,1,191.30572509765625,893.4180908203125,233.04209899902344,1,-47.51057434082031,-1029.06982421875,-778.9345092773438,1,2.2737367544323206e-13,694.4873046875,628.86181640625,1,-49.10395812988281,-868.1832885742188,-1568.182861328125,1,194.36978149414062,655.6795654296875,1045.393798828125,1,-288.05841064453125,-942.0630493164062,-1519.5615234375,1,189.56402587890625,868.9287109375,952.1841430664062,1,-96.02352905273438,-970.8922119140625,-1354.45068359375,1,194.46615600585938,1037.895751953125,1139.9403076171875,1,-337.2795715332031,-860.581298828125,-1318.59326171875,1,384.1805725097656,1002.12060546875,1699.365478515625,1,-335.65802001953125,-611.3283081054688,-1512.81982421875,1,191.39675903320312,1139.7386474609375,2380.189697265625,1,-47.86152267456055,-161.2596893310547,-758.5288696289062,1,2.2737367544323206e-13,844.1098022460938,2291.3447265625,1,-46.752685546875,182.427001953125,53.241905212402344,1,142.81105041503906,1302.47802734375,2860.906494140625,1,-282.9378967285156,64.88179016113281,546.5819702148438,1,160.45314025878906,1537.059326171875,4838.0224609375,1,259.7870178222656,1726.4278564453125,5427.59521484375,1,331.8292541503906,-336.5914001464844,391.40350341796875,1,-135.41119384765625,336.8339538574219,-1269.194091796875,1,239.29156494140625,-195.99853515625,58.43761444091797,1,-176.36448669433594,28.275739669799805,62.787322998046875,1,-182.60047912597656,-233.59547424316406,15.482719421386719,1,358.056884765625,111.81726837158203,46.458560943603516,1,-235.40443420410156,-228.51023864746094,-11.756680488586426,1,57.8695182800293,58.14622116088867,15.591501235961914,1,0,-47.544803619384766,17.239450454711914,1,62.26016616821289,-124.15621185302734,-65.80604553222656,1,-181.6641082763672,31.269912719726562,43.36520004272461,1,113.70792388916016,-48.742530822753906,-69.52196502685547,1,125.05886840820312,68.2457275390625,50.51530075073242,1,-176.04281616210938,-230.67398071289062,-141.09024047851562,1,119.63327026367188,254.74533081054688,107.5550765991211,1,-245.36843872070312,-287.1565246582031,-116.09137725830078,1,421.30377197265625,192.5887451171875,-35.23712921142578,1,-414.6380615234375,-72.6769790649414,61.61119079589844,1,168.8714141845703,-13.705068588256836,-125.40553283691406,1,126.21552276611328,37.93132400512695,47.85831832885742,1,-175.65811157226562,-52.069175720214844,-32.60268020629883,1,56.31412887573242,39.64920425415039,-117.65876007080078,1,0,151.0006561279297,256.6220703125,1,0,-335.2178649902344,-431.11224365234375,1,63.14907455444336,352.5155029296875,434.2671203613281,1,-245.6092529296875,-171.34622192382812,-349.9747009277344,1,421.3577575683594,144.53732299804688,246.86212158203125,1,-414.8354797363281,-78.36805725097656,-170.7538299560547,1,169.6887664794922,-34.661563873291016,114.07888793945312,1,125.61844635009766,310.544921875,19.416460037231445,1,-176.1907196044922,-505.9021301269531,-123.0362777709961,1,119.42070770263672,848.06689453125,392.7054138183594,1,-244.4840545654297,-1137.10546875,-701.31005859375,1,420.78265380859375,1391.3441162109375,993.7127685546875,1,-415.5436096191406,-1227.6029052734375,-621.1537475585938,1,171.87152099609375,559.35986328125,-214.82089233398438,1,124.178466796875,505.6313171386719,1201.5806884765625,1,-177.02224731445312,-1056.230712890625,-1409.561767578125,1,119.35459899902344,1177.058837890625,1289.853515625,1,-242.76654052734375,-1221.19580078125,-1032.96728515625,1,419.927978515625,1316.091064453125,1074.94921875,1,-477.8026123046875,-1142.649658203125,-956.552490234375,1,416.6114807128906,855.5467529296875,923.1585693359375,1,-236.1240692138672,-370.0444641113281,-467.5474853515625,1,58.41200637817383,-205.9109344482422,-68.29802703857422,1,60.781185150146484,702.4429931640625,797.2301025390625,1,-180.22250366210938,-904.3341064453125,-1361.819580078125,1,178.38363647460938,888.4219360351562,1906.843505859375,1,-58.93760681152344,-815.7341918945312,-1843.1279296875,1,2.2737367544323206e-13,722.6189575195312,1385.5662841796875,1,-60.151329040527344,-586.5880737304688,-557.0740966796875,1,239.63685607910156,372.1266174316406,-229.54196166992188,1,-418.389892578125,-52.02531051635742,862.94287109375,1,417.9709777832031,-359.776611328125,-988.3060302734375,1,-238.78558349609375,608.8912963867188,864.5673217773438,1,119.36492919921875,-595.3255004882812,-641.69921875,1,-238.67410278320312,308.4586486816406,603.1152954101562,1,358.4205017089844,-299.857421875,-890.413818359375,1,-179.95684814453125,725.365966796875,1188.748779296875,1,-118.88751220703125,-1013.4102783203125,-553.1852416992188,1,179.54812622070312,550.631103515625,-844.1775512695312,1,-0.7620766758918762,138.7538299560547,1489.6103515625,1,-45.263755798339844,-287.5551452636719,-985.0618896484375,1,-56.114845275878906,-392.2719421386719,-1596.5498046875,1,37.24412536621094,-109.27178192138672,-614.7679443359375,1,-141.5179901123047,-1458.52490234375,2641.1796875,1,2.1649415493011475,-397.1164245605469,20.307701110839844,1,246.69931030273438,-314.31256103515625,-30.88007926940918,1,-375.52423095703125,-309.4673767089844,-85.16700744628906,1,195.67515563964844,-224.08758544921875,-121.4638900756836,1,178.5095977783203,-126.78056335449219,-136.51983642578125,1,-375.3141174316406,-162.45164489746094,-183.9033660888672,1,198.8224334716797,-95.06074523925781,-152.6556854248047,1,175.59974670410156,74.64405059814453,-207.77928161621094,1,-375.1282653808594,-144.84384155273438,-155.04913330078125,1,258.8480529785156,115.45602416992188,-177.79977416992188,1,-67.06015014648438,68.15847778320312,-175.00253295898438,1,-57.93449020385742,34.21402359008789,-131.0326385498047,1,240.65818786621094,158.6093292236328,-132.81517028808594,1,-432.7872619628906,-19.22336196899414,-130.41407775878906,1,500.0953674316406,350.8887634277344,-37.15061569213867,1,-500.0953674316406,-323.97796630859375,-277.78900146484375,1,442.0600280761719,879.671142578125,358.5895080566406,1,-317.211181640625,-879.4326782226562,-706.3502197265625,1,366.57171630859375,1218.01611328125,774.3801879882812,1,-616.3223266601562,-1027.919189453125,-880.28076171875,1,691.5647583007812,1251.77734375,799.6131591796875,1,-566.6644287109375,-998.2593383789062,-720.9540405273438,1,441.12420654296875,1128.8798828125,628.5670166015625,1,-257.0159912109375,-930.7330932617188,-583.7192993164062,1,65.92650604248047,1108.977783203125,666.5000610351562,1,59.65760040283203,-924.2001342773438,-763.3206787109375,1,-184.61669921875,898.843994140625,853.330078125,1,69.5575180053711,-828.5375366210938,-803.8259887695312,1,426.23016357421875,1185.6683349609375,837.9331665039062,1,-749.5437622070312,-1293.8487548828125,-862.2628784179688,1,445.9528503417969,1173.8707275390625,796.0941162109375,1,57.78223419189453,-918.5680541992188,-759.5475463867188,1,-188.5623779296875,909.9027709960938,908.3074340820312,1,63.551544189453125,-1024.7471923828125,-1209.209716796875,1,0,1013.97802734375,1322.2330322265625,1,0,-969.37109375,-1488.4554443359375,1,0,873.112060546875,1301.0826416015625,1,62.68408966064453,-923.4688110351562,-1157.3406982421875,1,-250.60433959960938,711.9864501953125,738.225830078125,1,374.88214111328125,-627.6408081054688,-938.0059814453125,1,-185.49356079101562,633.81005859375,1227.106201171875,1,-189.89137268066406,-1038.6025390625,-1958.271240234375,1,374.939208984375,1126.6600341796875,1721.0985107421875,1,-247.92221069335938,-1098.4736328125,-1499.053466796875,1,125.1080551147461,808.1243896484375,989.5882568359375,1,-252.46817016601562,-896.5048217773438,-1455.86083984375,1,375.0448303222656,1002.852783203125,1500.78125,1,-247.56907653808594,-1045.13818359375,-1555.0262451171875,1,124.98271942138672,949.9409790039062,1047.2821044921875,1,-252.31607055664062,-1172.5499267578125,-1279.6571044921875,1,375.190673828125,1590.9803466796875,1807.3101806640625,1,-184.9896240234375,-1327.697998046875,-2372.40771484375,1,-126.61193084716797,1016.6102905273438,2703.8583984375,1,124.35874938964844,-725.887939453125,-2337.499755859375,1,125.68805694580078,1205.6336669921875,2215.366455078125,1,-125.65752410888672,-831.6764526367188,-846.7154541015625,1,-186.17420959472656,1002.4476318359375,790.9711303710938,1,375.5154724121094,-439.025146484375,295.8476867675781,1,-252.88462829589844,1167.90234375,1295.9058837890625,1,64.20789337158203,-521.0196533203125,-500.6265869140625,1,0,961.1923828125,2727.0693359375,1,-15.805289268493652,1270.0716552734375,3380.970703125,1,-384.203369140625,-60.78947448730469,216.1848907470703,1,314.23492431640625,299.62078857421875,-731.9019165039062,1,-244.1676788330078,12.503015518188477,24.201810836791992,1,103.90530395507812,-59.624534606933594,12.157615661621094,1,105.6901626586914,50.354522705078125,26.424488067626953,1,-209.45449829101562,-68.65251159667969,2.722191095352173,1,103.5563735961914,52.03141403198242,24.255395889282227,1,105.96743774414062,-16.015718460083008,21.337825775146484,1,-209.48605346679688,-27.49040412902832,-8.374439239501953,1,103.50371551513672,56.909393310546875,50.956077575683594,1,105.9619140625,-16.990938186645508,-3.0602705478668213,1,-209.51234436035156,-23.10210418701172,23.83999252319336,1,103.69099426269531,41.703819274902344,23.744417190551758,1,70.51155090332031,25.02247428894043,42.23717498779297,1,-104.4827651977539,-75.82762908935547,-40.538944244384766,1,34.65634536743164,137.36109924316406,134.20199584960938,1,35.07343673706055,-111.20539855957031,-66.0345687866211,1,-139.9219512939453,49.792572021484375,56.8695182800293,1,209.55052185058594,-7.546453475952148,32.90454864501953,1,-139.63795471191406,36.06352615356445,36.0583610534668,1,34.93536376953125,-43.88082504272461,-9.661049842834473,1,-2.2737367544323206e-13,46.96745681762695,79.30874633789062,1,34.70174026489258,-54.800445556640625,-26.573665618896484,1,-104.53080749511719,35.87376022338867,41.286109924316406,1,70.51348114013672,-44.91339874267578,43.41450500488281,1,69.14341735839844,74.4122543334961,-17.269556045532227,1,-105.20867156982422,-69.98577117919922,54.88935089111328,1,35.379634857177734,-82.1305160522461,-80.73881530761719,1,34.34619903564453,248.87164306640625,233.41368103027344,1,-138.46792602539062,-420.90667724609375,-367.45440673828125,1,209.52745056152344,463.88958740234375,503.3961486816406,1,-106.80204010009766,-409.0045471191406,-571.9180908203125,1,-68.42396545410156,262.8544006347656,655.4898071289062,1,71.32637786865234,-261.4857177734375,-683.4978637695312,1,68.31786346435547,243.82077026367188,557.3895874023438,1,-105.51589965820312,-56.998775482177734,-235.4516143798828,1,69.84252166748047,-221.57412719726562,-64.57764434814453,1,-138.13665771484375,293.84765625,197.21588134765625,1,209.45835876464844,-321.757568359375,-203.0443572998047,1,-141.085693359375,425.1988525390625,225.83154296875,1,35.61002731323242,-419.4779357910156,-110.572021484375,1,-2.2737367544323206e-13,307.8684997558594,56.926578521728516,1,-2.2737367544323206e-13,-189.30809020996094,-11.798983573913574,1,-2.2737367544323206e-13,127.35641479492188,205.03468322753906,1,-2.2737367544323206e-13,159.4821319580078,-80.52111053466797,1,34.72215270996094,-312.89410400390625,42.92844009399414,1,-104.54386901855469,382.23291015625,413.1165466308594,1,104.65770721435547,-202.50917053222656,-415.5185852050781,1,-70.001953125,235.30152893066406,845.284912109375,1,105.00228118896484,-19.974624633789062,-462.9053039550781,1,-68.50333404541016,229.2991180419922,698.8359985351562,1,-106.95924377441406,-102.35547637939453,123.47381591796875,1,209.22683715820312,214.4239959716797,211.63558959960938,1,-137.11297607421875,223.12911987304688,831.2808837890625,1,33.514888763427734,88.93325805664062,61.4958381652832,1,36.96612548828125,102.6456298828125,559.1595458984375,1,-106.7158432006836,527.306396484375,1467.111328125,1,64.30462646484375,6.551194190979004,11.589527130126953,1,75.14134979248047,318.0802307128906,1019.4777221679688,1,-62.640995025634766,801.819091796875,2255.154052734375,1,-115.64946746826172,-173.66555786132812,247.45347595214844,1,248.25511169433594,1048.7939453125,2457.523193359375,1,-82.04327392578125,359.05621337890625,997.033203125,1,-179.85519409179688,205.2552947998047,689.0243530273438,1,274.192626953125,116.39678192138672,-86.84939575195312,1,-252.50039672851562,-110.87593078613281,404.5403747558594,1,168.31509399414062,70.60188293457031,12.229156494140625,1,-112.09235382080078,-106.8152084350586,-15.019051551818848,1,168.10867309570312,108.75481414794922,16.36252212524414,1,-112.70317840576172,-68.81988525390625,-1.7867790460586548,1,-111.62721252441406,-53.26681900024414,-33.163002014160156,1,112.9194107055664,94.36714172363281,46.33530807495117,1,167.07139587402344,-18.330318450927734,-38.764366149902344,1,-336.5364074707031,-74.61817169189453,-0.6164006590843201,1,225.29510498046875,17.93193817138672,-3.084326982498169,1,-56.58208084106445,95.82063293457031,16.984573364257812,1,2.2737367544323206e-13,-199.4298095703125,-77.29385375976562,1,2.2737367544323206e-13,317.95440673828125,142.43560791015625,1,2.2737367544323206e-13,-447.9014892578125,-233.57815551757812,1,2.2737367544323206e-13,462.2926940917969,262.0973815917969,1,-55.48457336425781,-364.3628845214844,-276.5105895996094,1,223.13023376464844,253.26951599121094,206.22283935546875,1,-391.9798583984375,-101.7995834350586,-27.612987518310547,1,393.1607360839844,-76.94493865966797,-212.27743530273438,1,-225.48178100585938,88.74691772460938,225.64158630371094,1,112.18950653076172,153.8208465576172,57.48787307739258,1,-167.70021057128906,-365.89080810546875,-457.5680236816406,1,113.1427993774414,330.12335205078125,649.5972290039062,1,166.8155059814453,-178.54811096191406,-599.523193359375,1,-336.45556640625,142.63275146484375,477.1049499511719,1,225.1144561767578,-182.857666015625,-396.40716552734375,1,-56.451255798339844,205.5122528076172,309.86627197265625,1,-55.81945037841797,-133.8104705810547,-220.45611572265625,1,223.86073303222656,78.51973724365234,167.89727783203125,1,-336.4336853027344,40.799163818359375,112.86369323730469,1,224.54855346679688,-221.92584228515625,-577.3067626953125,1,-56.1562385559082,204.97293090820312,737.9200439453125,1,-56.15916442871094,58.91563415527344,-426.842041015625,1,224.56332397460938,-162.37115478515625,177.42169189453125,1,-336.41131591796875,252.1947021484375,92.40023803710938,1,167.3397674560547,-548.4878540039062,-513.677734375,1,112.82958221435547,823.6986694335938,875.5059814453125,1,-111.11237335205078,-628.7103271484375,-731.1966552734375,1,-113.21428680419922,164.2843017578125,526.9615478515625,1,167.51219177246094,41.04059982299805,-484.2760314941406,1,-55.34845733642578,293.8887023925781,689.6348876953125,1,2.2737367544323206e-13,-646.4541015625,-650.15869140625,1,2.2737367544323206e-13,623.2406616210938,352.1639404296875,1,2.2737367544323206e-13,-327.52801513671875,324.57745361328125,1,2.2737367544323206e-13,148.7476348876953,-663.0020751953125,1,2.2737367544323206e-13,102.03999328613281,744.1272583007812,1,2.2737367544323206e-13,-290.39727783203125,-487.01806640625,1,2.2737367544323206e-13,210.4638671875,412.65740966796875,1,2.2737367544323206e-13,42.911216735839844,-207.61570739746094,1,2.2737367544323206e-13,-112.0174331665039,90.99453735351562,1,-58.28506088256836,260.24078369140625,682.8956909179688,1,228.8461456298828,-498.5482482910156,-1631.755859375,1,-336.2873840332031,765.1231689453125,2586.511474609375,1,160.4151153564453,-553.963623046875,-2008.1195068359375,1,117.40772247314453,-242.39913940429688,291.31170654296875,1,-106.11316680908203,1352.13525390625,1963.7984619140625,1,-118.05889892578125,-2028.0059814453125,-2869.6279296875,1,164.8678741455078,2183.513916015625,3134.10498046875,1,-52.794490814208984,-1432.60009765625,-2158.32373046875,1,-59.84428024291992,-49.72333526611328,669.3849487304688,1,171.880126953125,1281.1903076171875,1249.4808349609375,1,-74.83717346191406,-480.0467834472656,-498.0332946777344,1,-143.04019165039062,-964.1766967773438,-980.9518432617188,1,-766.4459228515625,-251.39755249023438,518.6202392578125,1,953.0955200195312,694.4932861328125,-1762.6427001953125,1,-422.84283447265625,-59.39627456665039,60.88101577758789,1,1.8189894035458565e-12,-121.58727264404297,33.53465270996094,1,1.8189894035458565e-12,-42.95159912109375,44.225589752197266,1,1.8189894035458565e-12,-31.209518432617188,6.528537273406982,1,-144.17367553710938,-60.296043395996094,36.42893600463867,1,571.6951904296875,41.89154052734375,19.393564224243164,1,-849.1907348632812,-105.83032989501953,-12.458771705627441,1,415.4926452636719,45.52851486206055,47.20341491699219,1,434.03326416015625,83.61666870117188,7.041346549987793,1,-849.3280029296875,-146.91519165039062,27.180910110473633,1,559.9072875976562,144.87924194335938,-5.553285121917725,1,-138.42849731445312,-81.7054214477539,80.33330535888672,1,-144.57366943359375,155.9517364501953,-5.898705959320068,1,572.1282348632812,-84.50556945800781,84.35140228271484,1,-993.79541015625,-29.71344757080078,-88.13031768798828,1,1132.5113525390625,346.593505859375,311.0616455078125,1,-988.6434326171875,-495.4103088378906,-304.6401062011719,1,561.8936157226562,622.7117309570312,438.5317077636719,1,-139.5144805908203,-585.4685668945312,-331.2797546386719,1,1.8189894035458565e-12,516.8760986328125,423.55914306640625,1,-142.80406188964844,-180.0235137939453,-172.8657989501953,1,425.93255615234375,-142.21478271484375,66.32254791259766,1,-424.05584716796875,438.1638488769531,301.89801025390625,1,282.81573486328125,-520.5552978515625,-359.09564208984375,1,-425.01043701171875,544.671630859375,543.2235107421875,1,425.00555419921875,-666.030517578125,-447.0513000488281,1,-141.87701416015625,774.7503662109375,512.3909912109375,1,1.8189894035458565e-12,-730.2061157226562,-350.6878356933594,1,1.8189894035458565e-12,555.1259155273438,435.1387634277344,1,1.8189894035458565e-12,-494.4089050292969,-436.3125305175781,1,1.8189894035458565e-12,291.4044189453125,419.0239562988281,1,-139.52650451660156,11.30727481842041,-58.03497314453125,1,422.6271667480469,-321.10845947265625,-144.15557861328125,1,-427.1878662109375,362.2850646972656,162.40928649902344,1,282.96405029296875,-499.32745361328125,-254.2305908203125,1,-421.9819641113281,563.948486328125,604.5748291015625,1,289.0499572753906,-782.2169189453125,-797.0989990234375,1,415.66094970703125,764.24462890625,635.548095703125,1,-849.4071044921875,-481.8445129394531,-291.0697021484375,1,572.532470703125,-169.1582489013672,-306.48406982421875,1,-283.1869201660156,569.0765380859375,872.1561279296875,1,560.0771484375,-266.458984375,-636.31103515625,1,-849.2342529296875,-299.2095642089844,25.58457374572754,1,433.1421203613281,1.0463213920593262,-146.65736389160156,1,416.60394287109375,1050.9456787109375,1178.265380859375,1,-849.0845336914062,-1417.702880859375,-1415.6748046875,1,570.458984375,1025.845947265625,1027.18896484375,1,-143.4879150390625,-554.4965209960938,-451.5037841796875,1,1.8189894035458565e-12,861.2725830078125,1075.5120849609375,1,1.8189894035458565e-12,-733.1683959960938,-890.2423706054688,1,1.8189894035458565e-12,616.060546875,1266.9666748046875,1,-142.32423400878906,-381.8345642089844,-1182.44140625,1,425.4087219238281,1228.031494140625,2913.964599609375,1,-422.38446044921875,-848.7098999023438,-1970.88623046875,1,284.0688781738281,813.9810180664062,1793.3162841796875,1,-427.8742980957031,-83.29383850097656,677.2205810546875,1,419.36431884765625,236.711181640625,-7.4404683113098145,1,-284.4275817871094,1205.120361328125,2739.666015625,1,431.0542297363281,-232.1038818359375,-717.0723266601562,1,-264.62506103515625,839.0084838867188,3072.12158203125,1,3.7169182300567627,306.24676513671875,-207.47671508789062,1,73.14396667480469,200.26004028320312,-1036.977783203125,1,-261.8653259277344,-898.4501953125,-1183.3240966796875,1,414.3946838378906,-3724.23046875,6413.0146484375,1,-128.45310974121094,-1634.609619140625,239.7713165283203,1,-236.26577758789062,-1470.1995849609375,-47.111515045166016,1,308.68316650390625,-1174.6649169921875,-284.03466796875,1,-20.3770694732666,-993.930419921875,-482.0453796386719,1,-352.7429504394531,-725.8482666015625,-625.228759765625,1,539.246337890625,-506.69891357421875,-718.4611206054688,1,-606.7203979492188,-310.411865234375,-774.22412109375,1,395.1339111328125,-81.38326263427734,-804.1907958984375,1,88.27017211914062,114.33281707763672,-770.1533203125,1,-415.9162902832031,123.92430877685547,-709.4791870117188,1,485.3137512207031,535.4407348632812,-710.5791625976562,1,-433.5621337890625,247.21817016601562,-577.511474609375,1,209.73773193359375,713.21533203125,-427.7572326660156,1,153.30467224121094,349.3797302246094,-615.240478515625,1,-414.797119140625,1039.8739013671875,67.51365661621094,1,382.1679382324219,-39.3040657043457,-719.0963134765625,1,-37.708290100097656,1581.9307861328125,425.0035095214844,1,-344.5248107910156,-480.37518310546875,-616.5638427734375,1,537.2738647460938,1798.9317626953125,588.0679321289062,1,-657.9251098632812,-769.7579345703125,-500.3995056152344,1,623.1259155273438,1887.04541015625,748.3915405273438,1,-276.2567443847656,-643.5316162109375,-444.9415283203125,1,-210.34121704101562,1286.85791015625,776.3955688476562,1,643.6996459960938,-288.0457763671875,-266.7807922363281,1,-902.1952514648438,969.546875,630.3438110351562,1,916.5037231445312,-346.3553466796875,-147.7469024658203,1,-686.4638671875,960.6508178710938,717.6390991210938,1,266.955810546875,-615.4259643554688,-457.4140625,1,164.78292846679688,1116.3363037109375,1057.2476806640625,1,-363.2952575683594,-938.228759765625,-773.121337890625,1,195.68055725097656,1025.7166748046875,1146.4107666015625,1,169.1035614013672,-579.4013061523438,-856.1436157226562,1,-363.3922424316406,598.8431396484375,1043.1927490234375,1,306.82427978515625,-672.548583984375,-886.1228637695312,1,-300.83660888671875,625.7804565429688,1053.6883544921875,1,363.4845886230469,-732.103759765625,-1074.97705078125,1,-246.34283447265625,883.6843872070312,1015.9765014648438,1,62.30027770996094,-1277.9185791015625,-1171.5518798828125,1,-2.2737367544323206e-13,1226.1575927734375,969.5223388671875,1,-2.2737367544323206e-13,-1487.609375,-1200.3680419921875,1,-2.2737367544323206e-13,1094.61181640625,757.2559814453125,1,-2.2737367544323206e-13,-1080.6168212890625,-1189.8284912109375,1,-2.2737367544323206e-13,742.6810302734375,729.2152709960938,1,-2.2737367544323206e-13,-1313.8525390625,-1518.6876220703125,1,-2.2737367544323206e-13,1318.4100341796875,1242.37353515625,1,61.84500503540039,-1572.4659423828125,-2085.911865234375,1,-245.1497039794922,1082.8465576171875,1237.9891357421875,1,425.9357604980469,-904.0537719726562,-1573.528564453125,1,-485.3137512207031,349.5265197753906,846.6251831054688,1,423.3138427734375,-277.0831604003906,-1359.8956298828125,1,-240.07431030273438,555.6133422851562,1183.127197265625,1,59.44750213623047,-700.8694458007812,-1466.4931640625,1,-2.2737367544323206e-13,1077.8426513671875,1961.4105224609375,1,-2.2737367544323206e-13,-618.0984497070312,-1723.8475341796875,1,-2.2737367544323206e-13,1262.1151123046875,2782.711181640625,1,-2.2737367544323206e-13,-410.58636474609375,-1184.492919921875,1,-2.2737367544323206e-13,1333.56689453125,2979.19091796875,1,-2.2737367544323206e-13,-0.10875435173511505,-215.58303833007812,1,58.469017028808594,1587.3511962890625,3392.93896484375,1,-295.1518859863281,-252.7649688720703,621.6218872070312,1,200.7541046142578,2052.861328125,5819.658203125,1,311.9562683105469,2428.730224609375,6608.1357421875,1,-267.9601745605469,-399.49432373046875,481.7702331542969,1,333.4421691894531,424.154052734375,-1588.62744140625,1,-147.8705596923828,-228.8355712890625,66.63380432128906,1,0,44.267024993896484,73.21265411376953,1,0,-249.40493774414062,17.241539001464844,1,0,68.18192291259766,56.41923904418945,1,0,-194.38052368164062,-10.601017951965332,1,0,18.814908981323242,15.460634231567383,1,0,29.494369506835938,16.104761123657227,1,0,-269.4345703125,-52.117977142333984,1,0,175.22442626953125,17.268314361572266,1,0,-158.6708984375,-31.880413055419922,1,0,101.84890747070312,29.226436614990234,1,0,-259.5157470703125,-179.4500274658203,1,0,344.6524963378906,182.51715087890625,1,0,-357.7855224609375,-180.85385131835938,1,0,144.2677764892578,-2.564702272415161,1,0,41.06010055541992,62.34540939331055,1,0,-73.2539291381836,-154.74420166015625,1,156.4918670654297,74.17556762695312,89.82233428955078,1,-610.2109985351562,-174.71142578125,-79.99565887451172,1,891.9813842773438,162.35638427734375,-111.50972747802734,1,-579.38671875,227.71926879882812,371.3570556640625,1,297.5247802734375,-501.97760009765625,-586.6871948242188,1,-609.927001953125,342.9122619628906,476.1318664550781,1,892.0967407226562,80.31975555419922,-293.0997619628906,1,-424.01959228515625,-17.631839752197266,299.0340881347656,1,-467.6863098144531,-442.16534423828125,-437.0187072753906,1,892.1807861328125,831.2110595703125,539.958740234375,1,-581.0679931640625,-435.6200256347656,-351.55853271484375,1,142.01593017578125,-185.96730041503906,128.26681518554688,1,0,661.2678833007812,176.7947998046875,1,154.8396453857422,-709.1615600585938,-406.096923828125,1,-606.6995849609375,534.4012451171875,697.0764770507812,1,892.3278198242188,-38.264068603515625,-396.4644775390625,1,-583.9205322265625,-436.5886535644531,-312.238037109375,1,143.45135498046875,1018.862548828125,1340.33447265625,1,0,-1267.42919921875,-1729.6253662109375,1,0,1174.8153076171875,1729.9671630859375,1,0,-985.7698974609375,-1369.2391357421875,1,0,1153.318359375,1405.1839599609375,1,152.22097778320312,-1162.4937744140625,-1340.8475341796875,1,-601.4832153320312,776.1336059570312,1197.066162109375,1,892.4498901367188,-127.53482818603516,-396.7088928222656,1,-589.3131103515625,-475.20294189453125,-491.7449645996094,1,146.12474060058594,976.9429931640625,1581.371826171875,1,0,-1117.02001953125,-2258.568359375,1,0,1105.6370849609375,2645.53857421875,1,0,-1372.6776123046875,-2449.46435546875,1,0,1628.21435546875,1946.8529052734375,1,0,-1152.2667236328125,-789.0931396484375,1,0,91.49142456054688,-418.2749938964844,1,0,672.4470825195312,1333.50048828125,1,0,-1065.055419921875,-1552.924560546875,1,0,1261.605712890625,1300.3076171875,1,0,-1408.756591796875,-911.2449951171875,1,148.23301696777344,1813.1846923828125,1138.4708251953125,1,-593.6859130859375,-2532.353515625,-2085.338134765625,1,892.3110961914062,2527.1240234375,2696.657470703125,1,-596.4373168945312,-1547.6947021484375,-1443.141845703125,1,149.57774353027344,79.92874908447266,-887.5360107421875,1,0,1010.7820434570312,1870.7413330078125,1,0,-668.1112670898438,-1219.2943115234375,1,0,-1082.6580810546875,-1982.33447265625,1,586.1102294921875,-78.76445770263672,-799.3954467773438,1,-725.691162109375,-1807.2152099609375,3365.421630859375,1,324.34259033203125,-441.8247375488281,15.918267250061035,1,-1.8189894035458565e-12,-369.3698425292969,-41.5733642578125,1,-1.8189894035458565e-12,-339.83843994140625,-99.3724365234375,1,-1.8189894035458565e-12,-204.45928955078125,-146.57174682617188,1,-1.8189894035458565e-12,-236.84756469726562,-157.39212036132812,1,-1.8189894035458565e-12,-140.36355590820312,-216.66543579101562,1,-1.8189894035458565e-12,-37.13121795654297,-173.9529266357422,1,-1.8189894035458565e-12,-93.2573013305664,-239.90432739257812,1,-1.8189894035458565e-12,26.710140228271484,-197.65457153320312,1,-1.8189894035458565e-12,0.8424158096313477,-183.50694274902344,1,-1.8189894035458565e-12,108.22269439697266,-229.94651794433594,1,-1.8189894035458565e-12,10.286397933959961,-130.24290466308594,1,-1.8189894035458565e-12,199.88882446289062,-192.91184997558594,1,-1.8189894035458565e-12,21.925691604614258,-137.784423828125,1,-1.8189894035458565e-12,312.7667236328125,-34.86848831176758,1,-1.8189894035458565e-12,-437.24798583984375,-400.1589660644531,1,-1.8189894035458565e-12,1178.2803955078125,536.4853515625,1,-1.8189894035458565e-12,-1126.3758544921875,-979.455322265625,1,-1.8189894035458565e-12,1410.1083984375,1015.0108032226562,1,-1.8189894035458565e-12,-1198.2158203125,-1148.174560546875,1,-1.8189894035458565e-12,1533.3343505859375,1069.4046630859375,1,-1.8189894035458565e-12,-1361.8837890625,-1053.3294677734375,1,-1.8189894035458565e-12,1591.9033203125,980.4295654296875,1,-1.8189894035458565e-12,-1428.95068359375,-987.372802734375,1,-1.8189894035458565e-12,1642.2803955078125,1063.14404296875,1,-1.8189894035458565e-12,-1423.167724609375,-1153.941162109375,1,-1.8189894035458565e-12,1484.4884033203125,1216.17041015625,1,155.0506134033203,-1314.9952392578125,-1109.921630859375,1,-631.3932495117188,1191.3157958984375,959.2893676757812,1,961.6874389648438,-883.4876098632812,-945.9078979492188,1,-649.3223876953125,884.3868408203125,1089.392578125,1,163.9842071533203,-897.9686889648438,-1322.9908447265625,1,-1.8189894035458565e-12,963.015869140625,1546.30078125,1,-1.8189894035458565e-12,-1110.5726318359375,-1891.1646728515625,1,-1.8189894035458565e-12,1345.190185546875,1970.80078125,1,-1.8189894035458565e-12,-1526.640625,-2064.165283203125,1,-1.8189894035458565e-12,1311.081298828125,1688.5428466796875,1,-1.8189894035458565e-12,-1272.86572265625,-1444.1651611328125,1,-1.8189894035458565e-12,1328.66845703125,1054.5125732421875,1,-1.8189894035458565e-12,-1547.696044921875,-1483.072509765625,1,-1.8189894035458565e-12,1418.313232421875,1731.5789794921875,1,-1.8189894035458565e-12,-1495.7845458984375,-2341.639892578125,1,-1.8189894035458565e-12,1484.7745361328125,1952.041259765625,1,-1.8189894035458565e-12,-1547.874267578125,-1777.9764404296875,1,-1.8189894035458565e-12,1134.939453125,1366.3927001953125,1,-1.8189894035458565e-12,-1047.7886962890625,-1958.532958984375,1,-1.8189894035458565e-12,1248.8638916015625,1870.84228515625,1,-1.8189894035458565e-12,-1676.677734375,-1913.2203369140625,1,-1.8189894035458565e-12,1763.7938232421875,1347.969970703125,1,-1.8189894035458565e-12,-1562.5067138671875,-1483.140625,1,-1.8189894035458565e-12,1540.1854248046875,2009.5706787109375,1,-1.8189894035458565e-12,-1438.6026611328125,-2961.385009765625,1,-1.8189894035458565e-12,1431.321044921875,3714.724853515625,1,-1.8189894035458565e-12,-882.0590209960938,-3194.79931640625,1,-1.8189894035458565e-12,1212.671875,2780.808349609375,1,-1.8189894035458565e-12,-1169.14599609375,-1469.6171875,1,-1.8189894035458565e-12,1822.0828857421875,1708.90087890625,1,-1.8189894035458565e-12,-1126.480224609375,-308.03802490234375,1,-1.8189894035458565e-12,1779.531005859375,1716.79150390625,1,310.43658447265625,-887.7913208007812,-168.97891235351562,1,-257.8591613769531,1215.19140625,2988.791748046875,1,-389.5345458984375,1672.743896484375,3627.546630859375,1,158.26446533203125,-11.36738109588623,271.5315246582031,1,-196.3243408203125,322.53515625,-917.9043579101562,1,86.98084259033203,56.697845458984375,30.987693786621094,1,0,-99.00552368164062,16.134090423583984,1,0,83.93416595458984,33.5269775390625,1,0,-94.5195083618164,2.3511571884155273,1,0,67.99024963378906,35.821075439453125,1,0,-27.881916046142578,20.292253494262695,1,0,-37.40058135986328,-5.674139022827148,1,0,116.35242462158203,70.27017211914062,1,0,-127.8550796508789,-14.450032234191895,1,0,115.45246887207031,32.48807907104492,1,0,-54.342506408691406,43.03564453125,1,0,50.99042892456055,27.35238265991211,1,0,-105.13973999023438,-33.68174362182617,1,0,227.97474670410156,175.218017578125,1,0,-218.27796936035156,-113.57470703125,1,0,125.27470397949219,104.62740325927734,1,0,8.478260040283203,33.612030029296875,1,0,-83.49906158447266,6.301600933074951,1,0,89.688720703125,39.147705078125,1,0,-24.685123443603516,78.09072875976562,1,0,-72.64424896240234,-54.481040954589844,1,43.35945129394531,183.98204040527344,108.8643798828125,1,-173.99490356445312,-290.2451171875,-14.503427505493164,1,262.11639404296875,266.2588195800781,6.947282791137695,1,-175.68226623535156,-106.80231475830078,92.13701629638672,1,44.20063400268555,-156.79510498046875,-134.4768829345703,1,0,325.4743957519531,315.16583251953125,1,0,-490.0599670410156,-445.9883728027344,1,42.928504943847656,602.2123413085938,598.1273193359375,1,-173.15492248535156,-671.218505859375,-752.5343017578125,1,262.07562255859375,596.5309448242188,1002.9251098632812,1,-176.38082885742188,-577.2814331054688,-1087.96044921875,1,44.5307502746582,425.11334228515625,803.93115234375,1,0,-46.35342025756836,-176.2171630859375,1,0,-330.81414794921875,-340.4092102050781,1,0,392.5205078125,546.0532836914062,1,0,-456.87841796875,-556.7433471679688,1,0,605.1154174804688,578.1010131835938,1,0,-647.3480834960938,-397.2649841308594,1,43.00242233276367,700.1006469726562,297.3406677246094,1,-173.4235076904297,-711.6314697265625,-281.505126953125,1,261.9473876953125,539.5877685546875,525.3013916015625,1,-175.58294677734375,-12.658567428588867,-286.8768615722656,1,44.055912017822266,-362.0312194824219,101.73800659179688,1,0,739.6875610351562,511.6102294921875,1,43.74620819091797,-804.8335571289062,-535.56494140625,1,-175.02105712890625,837.1691284179688,956.6276245117188,1,305.9837341308594,-408.45806884765625,-481.05908203125,1,-349.3983154296875,270.45709228515625,530.9229736328125,1,304.7640075683594,255.3954315185547,775.8765258789062,1,-172.5260467529297,-197.77383422851562,-555.8040161132812,1,42.452964782714844,476.80841064453125,1373.233642578125,1,0,87.40065002441406,32.77779769897461,1,0,-159.328857421875,281.910888671875,1,0,1085.73388671875,2164.674072265625,1,0,-488.0209045410156,-615.417236328125,1,0,384.1392517089844,1286.7708740234375,1,0,1205.3865966796875,2761.90576171875,1,0,-454.0901184082031,-153.0238037109375,1,97.36478424072266,1059.6990966796875,2505.569580078125,1,-51.25633239746094,385.93133544921875,972.2603759765625,1,-95.89602661132812,240.98060607910156,647.3917846679688,1,247.33741760253906,146.262451171875,-103.37324523925781,1,-306.4244689941406,-142.39541625976562,488.70501708984375,1,136.00474548339844,88.1513900756836,15.920809745788574,1,-1.8189894035458565e-12,-102.65914154052734,-18.916534423828125,1,-1.8189894035458565e-12,81.02936553955078,16.194082260131836,1,135.4503631591797,-54.259002685546875,1.5666018724441528,1,-542.8463745117188,-91.12353515625,-47.16442108154297,1,951.55859375,264.9367980957031,77.46305084228516,1,-1088.3138427734375,-368.3733825683594,-89.94520568847656,1,1088.3138427734375,344.6835021972656,65.27595520019531,1,-953.3704833984375,-320.2864074707031,-77.10025024414062,1,411.5485534667969,251.22201538085938,69.48999786376953,1,269.7381286621094,-148.7596893310547,-112.07330322265625,1,-274.6047058105469,228.03256225585938,213.6687469482422,1,-404.2876281738281,-519.2835693359375,-380.8629455566406,1,816.2499389648438,680.615478515625,431.85992431640625,1,-546.8043212890625,-617.5180053710938,-404.7744445800781,1,137.3682098388672,395.93768310546875,269.8995056152344,1,134.73043823242188,86.27725982666016,13.470314979553223,1,-541.5509033203125,-686.173095703125,-433.2251892089844,1,816.1953125,860.0183715820312,531.0198974609375,1,-546.6262817382812,-408.4413146972656,-120.23121643066406,1,137.25146484375,-129.385986328125,-466.9538269042969,1,134.9534149169922,393.8298034667969,801.018310546875,1,-542.0523071289062,-533.5761108398438,-894.9970703125,1,816.14501953125,718.9584350585938,800.0838012695312,1,-545.9138793945312,-843.6221923828125,-580.5213623046875,1,136.86778259277344,764.8973388671875,383.4570007324219,1,135.43739318847656,-300.67852783203125,-260.86480712890625,1,-543.074462890625,-380.04547119140625,65.06409454345703,1,951.7991943359375,970.8841552734375,468.0471496582031,1,-1088.313720703125,-1310.0257568359375,-1112.1942138671875,1,952.3079223632812,1402.403564453125,1275.8656005859375,1,-544.061767578125,-1027.7874755859375,-766.0759887695312,1,135.9059600830078,287.37152099609375,156.11244201660156,1,-1.8189894035458565e-12,509.198486328125,435.5480651855469,1,-1.8189894035458565e-12,-946.2122802734375,-825.1279907226562,1,-1.8189894035458565e-12,816.9887084960938,903.2476806640625,1,-1.8189894035458565e-12,-282.2718505859375,-770.39306640625,1,-1.8189894035458565e-12,-92.43446350097656,862.4735107421875,1,-1.8189894035458565e-12,211.12106323242188,-921.1749267578125,1,-1.8189894035458565e-12,22.35238265991211,1040.734375,1,138.0991973876953,-346.129150390625,-759.2197875976562,1,-410.1557922363281,278.46820068359375,27.553985595703125,1,266.90625,-5.253376007080078,804.3594360351562,1,277.20166015625,17.041196823120117,-877.4327392578125,1,-404.9704284667969,324.074951171875,795.3312377929688,1,272.4102783203125,-807.6548461914062,-462.220458984375,1,-551.3109130859375,546.934326171875,129.46165466308594,1,815.8711547851562,222.28799438476562,52.56138229370117,1,-535.767822265625,-457.24261474609375,423.06488037109375,1,131.71900939941406,597.61279296875,23.068273544311523,1,141.0980987548828,-1065.1173095703125,-1353.905029296875,1,-413.07391357421875,1646.4586181640625,2649.577392578125,1,260.56622314453125,-1921.5372314453125,-1992.4267578125,1,425.5159606933594,1730.7879638671875,219.38595581054688,1,-958.2651977539062,-788.1871948242188,1847.5228271484375,1,1088.3138427734375,-175.31910705566406,-2725.4013671875,1,-1088.313720703125,668.48828125,3294.00927734375,1,944.6123046875,-488.7831115722656,-2564.535400390625,1,-672.7584228515625,-134.4149627685547,1018.4691162109375,1,833.17724609375,1048.8258056640625,1073.435791015625,1,-366.8775939941406,-439.2337341308594,-487.3951110839844,1,-694.991455078125,-845.5438232421875,-915.7415161132812,1,0,0,0,0,0,0,0,0,0,0,0,0,0,0,0,0,0,0,0,0,0,0,0,0,0,0,0,0,0,0,0,0,0,0,0,0,0,0,0,0,0,0,0,0,0,0,0,0,0,0,0,0,0,0,0,0,0,0,0,0,0,0,0,0,0,0,0,0,0,0,0,0,0,0,0,0,0,0,0,0,0,0,0,0,0,0,0,0,0,0,0,0,0,0,0,0,0,0,0,0,0,0,0,0,0,0,0,0,0,0,0,0,0,0,0,0,0,0,0,0,0,0,0,0,0,0,0,0,0,0,0,0,0,0,0,0,0,0,0,0,0,0,0,0,0,0,0,0,0,0,0,0,0,0,0,0,0,0,0,0,0,0,0,0,0,0,0,0,0,0,0,0,0,0,0,0,0,0,0,0,0,0,0,0,0,0,0,0,0,0,0,0,0,0,0,0,0,0,0,0,0,0,0,0,0,0,0,0,0,0,0,0,0,0,0,0,0,0,0,0,0,0,0,0,0,0,0,0,0,0,0,0,0,0,0,0,0,0,0,0,0,0,0,0,0,0,0,0,0,0,0,0,0,0,0,0,0,0,0,0,0,0,0,0,0,0,0,0,0,0,0,0,0,0,0,0,0,0,0,0,0,0,0,0,0,0,0,0,0,0,0,0,0,0,0,0,0,0,0,0,0,0,0,0,0,0,0,0,0,0,0,0,0,0,0,0,0,0,0,0,0,0,0,0,0,0,0,0,0,0,0,0,0,0,0,0,0,0,0,0,0,0,0,0,0,0,0,0,0,0,0,0,0,0,0,0,0,0,0,0,0,0,0,0,0,0,0,0,0,0,0,0,0,0,0,0,0,0,0,0,0,0,0,0,0,0,0,0,0,0,0,0,0,0,0,0,0,0,0,0,0,0,0,0,0,0,0,0,0,0,0,0,0,0,0,0,0,0,0,0,0,0,0,0,0,0,0,0,0,0,0,0,0,0,0,0,0,0,0,0,0,0,0,0,0,0,0,0,0,0,0,0,0,0,0,0,0,0,0,0,0,0,0,0,0,0,0,0,0,0,0,0,0,0,0,0,0,0,0,0,0,0,0,0,0,0,0,0,0,0,0,0,0,0,0,0,0,0,0,0,0,0,0,0,0,0,0,0,0,0,0,0,0,0,0,0,0,0,0,0,0,0,0,0,0,0,0,0,0,0,0,0,0,0,0,0,0,0,0,0,0,0,0,0,0,0,0,0,0,0,0,0,0,0,0,0,0,0,0,0,0,0,0,0,0,0,0,0,0,0,0,0,0,0,0,0,0,0,0,0,0,0,0,0,0,0,0,0,0,0,0,0,0,0,0,0,0,0,0,0,0,0,0,0,0,0,0,0,0,0,0,0,0,0,0,0,0,0,0,0,0,0,0,0,0,0,0,0,0,0,0,0,0,0,0,0,0,0,0,0,0,0,0,0,0,0,0,0,0,0,0,0,0,0,0,0,0,0,0,0,0,0,0,0,0,0,0,0,0,0,0,0,0,0,0,0,0,0,0,0,0,0,0,0,0,0,0,0,0,0,0,0,0,0,0,0,0,0,0,0,0,0,0,0,0,0,0,0,0,0,0,0,0,0,0,0,0,0,0,0,0,0,0,0,0,0,0,0,0,0,0,0,0,0,0,0,0,0,0,0,0,0,0,0,0,0,0,0,0,0,0,0,0,0,0,0,0,0,0,0,0,0,0,0,0,0,0,0,0,0,0,0,0,0,0,0,0,0,0,0,0,0,0,0,0,0,0,0,0,0,0,0,0,0,0,0,0,0,0,0,0,0,0,0,0,0,0,0,0,0,0,0,0,0,0,0,0,0,0,0,0,0,0,0,0,0,0,0,0,0,0,0,0,0,0,0,0,0,0,0,0,0,0,0,0,0,0,0,0,0,0,0,0,0,0,0,0,0,0,0,0,0,0,0,0,0,0,0,0,0,0,0,0,0,0,0,0,0,0,0,0,0,0,0,0,0,0,0,0,0,0,0,0,0,0,0,0,0,0,0,0,0,0,0,0,0,0,0,0,0,0,0,0,0,0,0,0,0,0,0,0,0,0,0,0,0,0,0,0,0,0,0,0,0,0,0,0,0,0,0,0,0,0,0,0,0,0,0,0,0,0,0,0,0,0,0,0,0,0,0,0,0,0,0,0,0,0,0,0,0,0,0,0,0,0,0,0,0,0,0,0,0,0,0,0,0,0,0,0,0,0,0,0,0,0,0,0,0,0,0,0,0,0,0,0,0,0,0,0,0,0,0,0,0,0,0,0,0,0,0,0,0,0,0,0,0,0,0,0,0,0,0,0,0,0,0,0,0,0,0,0,0,0,0,0,0,0,0,0,0,0,0,0,0,0,0,0,0,0,0,0,0,0,0,0,0,0,0,0,0,0,0,0,0,0,0,0,0,0,0,0,0,0,0,0,0,0,0,0,0,0,0,0,0,0,0,0,0,0,0,0,0,0,0,0,0,0,0,0,0,0,0,0,0,0,0,0,0,0,0,0,0,0,0,0,0,0,0,0,0,0,0,0,0,0,0,0,0,0,0,0,0,0,0,0,0,0,0,0,0,0,0,0,0,0,0,0,0,0,0,0,0,0,0,0,0,0,0,0,0,0,0,0,0,0,0,0,0,0,0,0,0,0,0,0,0,0,0,0,0,0,0,0,0,0,0,0,0,0,0,0,0,0,0,0,0,0,0,0,0,0,0,0,0,0,0,0,0,0,0,0,0,0,0,0,0,0,0,0,0,0,0,0,0,0,0,0,0,0,0,0,0,0,0,0,0,0,0,0,0,0,0,0,0,0,0,0,0,0,0,0,0,0,0,0,0,0,0,0,0,0,0,0,0,0,0,0,0,0,0,0,0,0,0,0,0,0,0,0,0,0,0,0,0,0,0,0,0,0,0,0,0,0,0,0,0,0,0,0,0,0,0,0,0,0,0,0,0,0,0,0,0,0,0,0,0,0,0,0,0,0,0,0,0,0,0,0,0,0,0,0,0,0,0,0,0,0,0,0,0,0,0,0,0,0,0,0,0,0,0,0,0,0,0,0,0,0,0,0,0,0,0,0,0,0,0,0,0,0,0,0,0,0,0,0,0,0,0,0,0,0,0,0,0,0,0,0,0,0,0,0,0,0,0,0,0,0,0,0,0,0,0,0,0,0,0,0,0,0,0,0,0,0,0,0,0,0,0,0,0,0,0,0,0,0,0,0,0,0,0,0,0,0,0,0,0,0,0,0,0,0,0,0,0,0,0,0,0,0,0,0,0,0,0,0,0,0,0,0,0,0,0,0,0,0,0,0,0,0,0,0,0,0,0,0,0,0,0,0,0,0,0,0,0,0,0,0,0,0,0,0,0,0,0,0,0,0,0,0,0,0,0,0,0,0,0,0,0,0,0,0,0,0,0,0,0,0,0,0,0,0,0,0,0,0,0,0,0,0,0,0,0,0,0,0,0,0,0,0,0,0,0,0,0,0,0,0,0,0,0,0,0,0,0,0,0,0,0,0,0,0,0,0,0,0,0,0,0,0,0,0,0,0,0,0,0,0,0,0,0,0,0,0,0,0,0,0,0,0,0,0,0,0,0,0,0,0,0,0,0,0,0,0,0,0,0,0,0,0,0,0,0,0,0,0,0,0,0,0,0,0,0,0,0,0,0,0,0,0,0,0,0,0,0,0,0,0,0,0,0,0,0,0,0,0,0,0,0,0,0,0,0,0,0,0,0,0,0,0,0,0,0,0,0,0,0,0,0,0,0,0,0,0,0,0,0,0,0,0,0,0,0,0,0,0,0,0,0,0,0,0,0,0,0,0,0,0,0,0,0,0,0,0,0,0,0,0,0,0,0,0,0,0,0,0,0,0,0,0,0,0,0,0,0,0,0,0,0,0,0,0,0,0,0,0,0,0,0,0,0,0,0,0,0,0,0,0,0,0,0,0,0,0,0,0,0,0,0,0,0,0,0,0,0,0,0,0,0,0,0,0,0,0,0,0,0,0,0,0,0,0,0,0,0,0,0,0,0,0,0,0,0,0,0,0,0,0,0,0,0,0,0,0,0,0,0,0,0,0,0,0,0,0,0,0,0,0,0,0,0,0,0,0,0,0,0,0,0,0,0,0,0,0,0,0,0,0,0,0,0,0,0,0,0,0,0,0,0,0,0,0,0,0,0,0,0,0,0,0,0,0,0,0,0,0,0,0,0,0,0,0,0,0,0,0,0,0,0,0,0,0,0,0,0,0,0,0,0,0,0,0,0,0,0,0,0,0,0,0,0,0,0,0,0,0,0,0,0,0,0,0,0,0,0,0,0,0,0,0,0,0,0,0,0,0,0,0,0,0,0,0,0,0,0,0,0,0,0,0,0,0,0,0,0,0,0,0,0,0,0,0,0,0,0,0,0,0,0,0,0,0,0,0,0,0,0,0,0,0,0,0,0,0,0,0,0,0,0,0,0,0,0,0,0,0,0,0,0,0,0,0,0,0,0,0,0,0,0,0,0,0,0,0,0,0,0,0,0,0,0,0,0,0,0,0,0,0,0,0,0,0,0,0,0,0,0,0,0,0,0,0,0,0,0,0,0,0,0,0,0,0,0,0,0,0,0,0,0,0,0,0,0,0,0,0,0,0,0,0,0,0,0,0,0,0,0,0,0,0,0,0,0,0,0,0,0,0,0,0,0,0,0,0,0,0,0,0,0,0,0,0,0,0,0,0,0,0,0,0,0,0,0,0,0,0,0,0,0,0,0,0,0,0,0,0,0,0,0,0,0,0,0,0,0,0,0,0,0,0,0,0,0,0,0,0,0,0,0,0,0,0,0,0,0,0,0,0,0,0,0,0,0,0,0,0,0,0,0,0,0,0,0,0,0,0,0,0,0,0,0,0,0,0,0,0,0,0,0,0,0,0,0,0,0,0,0,0,0,0,0,0,0,0,0,0,0,0,0,0,0,0,0,0,0,0,0,0,0,0,0,0,0,0,0,0,0,0,0,0,0,0,0,0,0,0,0,0,0,0,0,0,0,0,0,0,0,0,0,0,0,0,0,0,0,0,0,0,0,0,0,0,0,0,0,0,0,0,0,0,0,0,0,0,0,0,0,0,0,0,0,0,0,0,0,0,0,0,0,0,0,0,0,0,0,0,0,0,0,0,0,0,0,0,0,0,0,0,0,0,0,0,0,0,0,0,0,0,0,0,0,0,0,0,0,0,0,0,0,0,0,0,0,0,0,0,0,0,0,0,0,0,0,0,0,0,0,0,0,0,0,0,0,0,0,0,0,0,0,0,0,0,0,0,0,0,0,0,0,0,0,0,0,0,0,0,0,0,0,0,0,0,0,0,0,0,0,0,0,0,0,0,0,0,0,0,0,0,0,0,0,0,0,0,0,0,0,0,0,0,0,0,0,0,0,0,0,0,0,0,0,0,0,0,0,0,0,0,0,0,0,0,0,0,0,0,0,0,0,0,0,0,0,0,0,0,0,0,0,0,0,0,0,0,0,0,0,0,0,0,0,0,0,0,0,0,0,0,0,0,0,0,0,0,0,0,0,0,0,0,0,0,0,0,0,0,0,0,0,0,0,0,0,0,0,0,0,0,0,0,0,0,0,0,0,0,0,0,0,0,0,0,0,0,0,0,0,0,0,0,0,0,0,0,0,0,0,0,0,0,0,0,0,0,0,0,0,0,0,0,0,0,0,0,0,0,0,0,0,0,0,0,0,0,0,0,0,0,0,0,0,0,0,0,0,0,0,0,0,0,0,0,0,0,0,0,0,0,0,0,0,0,0,0,0,0,0,0,0,0,0,0,0,0,0,0,0,0,0,0,0,0,0,0,0,0,0,0,0,0,0,0,0,0,0,0,0,0,0,0,0,0,0,0,0,0,0,0,0,0,0,0,0,0,0,0,0,0,0,0,0,0,0,0,0,0,0,0,0,0,0,0,0,0,0,0,0,0,0,0,0,0,0,0,0,0,0,0,0,0,0,0,0,0,0,0,0,0,0,0,0,0,0,0,0,0,0,0,0,0,0,0,0,0,0,0,0,0,0,0,0,0,0,0,0,0,0,0,0,0,0,0,0,0,0,0,0,0,0,0,0,0,0,0,0,0,0,0,0,0,0,0,0,0,0,0,0,0,0,0,0,0,0,0,0,0,0,0,0,0,0,0,0,0,0,0,0,0,0,0,0,0,0,0,0,0,0,0,0,0,0,0,0,0,0,0,0,0,0,0,0,0,0,0,0,0,0,0,0,0,0,0,0,0,0,0,0,0,0,0,0,0,0,0,0,0,0,0,0,0,0,0,0,0,0,0,0,0,0,0,0,0,0,0,0,0,0,0,0,0,0,0,0,0,0,0,0,0,0,0,0,0,0,0,0,0,0,0,0,0,0,0,0,0,0,0,0,0,0,0,0,0,0,0,0,0,0,0,0,0,0,0,0,0,0,0,0,0,0,0,0,0,0,0,0,0,0,0,0,0,0,0,0,0,0,0,0,0,0,0,0,0,0,0,0,0,0,0,0,0,0,0,0,0,0,0,0,0,0,0,0,0,0,0,0,0,0,0,0,0,0,0,0,0,0,0,0,0,0,0,0,0,0,0,0,0,0,0,0,0,0,0,0,0,0,0,0,0,0,0,0,0,0,0,0,0,0,0,0,0,0,0,0,0,0,0,0,0,0,0,0,0,0,0,0,0,0,0,0,0,0,0,0,0,0,0,0,0,0,0,0,0,0,0,0,0,0,0,0,0,0,0,0,0,0,0,0,0,0,0,0,0,0,0,0,0,0,0,0,0,0,0,0,0,0,0,0,0,0,0,0,0,0,0,0,0,0,0,0,0,0,0,0,0,0,0,0,0,0,0,0,0,0,0,0,0,0,0,0,0,0,0,0,0,0,0,0,0,0,0,0,0,0,0,0,0,0,0,0,0,0,0,0,0,0,0,0,0,0,0,0,0,0,0,0,0,0,0,0,0,0,0,0,0,0,0,0,0,0,0,0,0,0,0,0,0,0,0,0,0,0,0,0,0,0,0,0,0,0,0,0,0,0,0,0,0,0,0,0,0,0,0,0,0,0,0,0,0,0,0,0,0,0,0,0,0,0,0,0,0,0,0,0,0,0,0,0,0,0,0,0,0,0,0,0,0,0,0,0,0,0,0,0,0,0,0,0,0,0,0,0,0,0,0,0,0,0,0,0,0,0,0,0,0,0,0,0,0,0,0,0,0,0,0,0,0,0,0,0,0,0,0,0,0,0,0,0,0,0,0,0,0,0,0,0,0,0,0,0,0,0,0,0,0,0,0,0,0,0,0,0,0,0,0,0,0,0,0,0,0,0,0,0,0,0,0,0,0,0,0,0,0,0,0,0,0,0,0,0,0,0,0,0,0,0,0,0,0,0,0,0,0,0,0,0,0,0,0,0,0,0,0,0,0,0,0,0,0,0,0,0,0,0,0,0,0,0,0,0,0,0,0,0,0,0,0,0,0,0,0,0,0,0,0,0,0,0,0,0,0,0,0,0,0,0,0,0,0,0,0,0,0,0,0,0,0,0,0,0,0,0,0,0,0,0,0,0,0,0,0,0,0,0,0,0,0,0,0,0,0,0,0,0,0,0,0,0,0,0,0,0,0,0,0,0,0,0,0,0,0,0,0,0,0,0,0,0,0,0,0,0,0,0,0,0,0,0,0,0,0,0,0,0,0,0,0,0,0,0,0,0,0,0,0,0,0,0,0,0,0,0,0,0,0,0,0,0,0,0,0,0,0,0,0,0,0,0,0,0,0,0,0,0,0,0,0,0,0,0,0,0,0,0,0,0,0,0,0,0,0,0,0,0,0,0,0,0,0,0,0,0,0,0,0,0,0,0,0,0,0,0,0,0,0,0,0,0,0,0,0,0,0,0,0,0,0,0,0,0,0,0,0,0,0,0,0,0,0,0,0,0,0,0,0,0,0,0,0,0,0,0,0,0,0,0,0,0,0,0,0,0,0,0,0,0,0,0,0,0,0,0,0,0,0,0,0,0,0,0,0,0,0,0,0,0,0,0,0,0,0,0,0,0,0,0,0,0,0,0,0,0,0,0,0,0,0,0,0,0,0,0,0,0,0,0,0,0,0,0,0,0,0,0,0,0,0,0,0,0,0,0,0,0,0,0,0,0,0,0,0,0,0,0,0,0,0,0,0,0,0,0,0,0,0,0,0,0,0,0,0,0,0,0,0,0,0,0,0,0,0,0,0,0,0,0,0,0,0,0,0,0,0,0,0,0,0,0,0,0,0,0,0,0,0,0,0,0,0,0,0,0,0,0,0,0,0,0,0,0,0,0,0,0,0,0,0,0,0,0,0,0,0,0,0,0,0,0,0,0,0,0,0,0,0,0,0,0,0,0,0,0,0,0,0,0,0,0,0,0,0,0,0,0,0,0,0,0,0,0,0,0,0,0,0,0,0,0,0,0,0,0,0,0,0,0,0,0,0,0,0,0,0,0,0,0,0,0,0,0,0,0,0,0,0,0,0,0,0,0,0,0,0,0,0,0,0,0,0,0,0,0,0,0,0,0,0,0,0,0,0,0,0,0,0,0,0,0,0,0,0,0,0,0,0,0,0,0,0,0,0,0,0,0,0,0,0,0,0,0,0,0,0,0,0,0,0,0,0,0,0,0,0,0,0,0,0,0,0,0,0,0,0,0,0,0,0,0,0,0,0,0,0,0,0,0,0,0,0,0,0,0,0,0,0,0,0,0,0,0,0,0,0,0,0,0,0,0,0,0,0,0,0,0,0,0,0,0,0,0,0,0,0,0,0,0,0,0,0,0,0,0,0,0,0,0,0,0,0,0,0,0,0,0,0,0,0,0,0,0,0,0,0,0,0,0,0,0,0,0,0,0,0,0,0,0,0,0,0,0,0,0,0,0,0,0,0,0,0,0,0,0,0,0,0,0,0,0,0,0,0,0,0,0,0,0,0,0,0,0,0,0,0,0,0,0,0,0,0,0,0,0,0,0,0,0,0,0,0,0,0,0,0,0,0,0,0,0,0,0,0,0,0,0,0,0,0,0,0,0,0,0,0,0,0,0,0,0,0,0,0,0,0,0,0,0,0,0,0,0,0,0,0,0,0,0,0,0,0,0,0,0,0,0,0,0,0,0,0,0,0,0,0,0,0,0,0,0,0,0,0,0,0,0,0,0,0,0,0,0,0,0,0,0,0,0,0,0,0,0,0,0,0,0,0,0,0,0,0,0,0,0,0,0,0,0,0,0,0,0,0,0,0,0,0,0,0,0,0,0,0,0,0,0,0,0,0,0,0,0,0,0,0,0,0,0,0,0,0,0,0,0,0,0,0,0,0,0,0,0,0,0,0,0,0,0,0,0,0,0,0,0,0,0,0,0,0,0,0,0,0,0,0,0,0,0,0,0,0,0,0,0,0,0,0,0,0,0,0,0,0,0,0,0,0,0,0,0,0,0,0,0,0,0,0,0,0,0,0,0,0,0,0,0,0,0,0,0,0,0,0,0,0,0,0,0,0,0,0,0,0,0,0,0,0,0,0,0,0,0,0,0,0,0,0,0,0,0,0,0,0,0,0,0,0,0,0,0,0,0,0,0,0,0,0,0,0,0,0,0,0,0,0,0,0,0,0,0,0,0,0,0,0,0,0,0,0,0,0,0,0,0,0,0,0,0,0,0,0,0,0,0,0,0,0,0,0,0,0,0,0,0,0,0,0,0,0,0,0,0,0,0,0,0,0,0,0,0,0,0,0,0,0,0,0,0,0,0,0,0,0,0,0,0,0,0,0,0,0,0,0,0,0,0,0,0,0,0,0,0,0,0,0,0,0,0,0,0,0,0,0,0,0,0,0,0,0,0,0,0,0,0,0,0,0,0,0,0,0,0,0,0,0,0,0,0,0,0,0,0,0,0,0,0,0,0,0,0,0,0,0,0,0,0,0,0,0,0,0,0,0,0,0,0,0,0,0,0,0,0,0,0,0,0,0,0,0,0,0,0,0,0,0,0,0,0,0,0,0,0,0,0,0,0,0,0,0,0,0,0,0,0,0,0,0,0,0,0,0,0,0,0,0,0,0,0,0,0,0,0,0,0,0,0,0,0,0,0,0,0,0,0,0,0,0,0,0,0,0,0,0,0,0,0,0,0,0,0,0,0,0,0,0,0,0,0,0,0,0,0,0,0,0,0,0,0,0,0,0,0,0,0,0,0,0,0,0,0,0,0,0,0,0,0,0,0,0,0,0,0,0,0,0,0,0,0,0,0,0,0,0,0,0,0,0,0,0,0,0,0,0,0,0,0,0,0,0,0,0,0,0,0,0,0,0,0,0,0,0,0]}}