tauKrylov4Tex [64 x 54] 15
-1754860.3750 224131.0000 -1168379.7500     1.0000 1017862.7500 -473948.7188 1440393.6250     1.0000 -1201169.1250 84861.6875 -647720.0625     1.0000 1434892.0000 215967.8125  4636.7031     1.0000 -1060403.2500 -81741.4844 14746.3906     1.0000 748672.6250 -83650.7813 -19352.8965     1.0000 -998443.0000 154301.6406  1243.9651     1.0000 1248046.7500 -134743.0313 26791.0508     1.0000 -936227.6875 94751.4609 -41196.3281     1.0000 374703.1563 -102932.3516 13856.4160     1.0000 -124631.4297 243674.4219 68610.5703     1.0000 373083.7500 -442540.2188 -139961.3750     1.0000 -934173.9375 416955.6875 107592.7891     1.0000 1186489.8750 -134241.7813  3705.3662     1.0000 -628815.4375 -125034.9766 -112630.3828     1.0000 -184278.7969 277115.6563 225957.5469     1.0000 253365.9531 -433904.4375 -367069.9063     1.0000 307577.7813 530561.4375 436501.9063     1.0000 -563023.8750 -463663.0625 -366220.6250     1.0000 315524.3438 283407.9688 286644.0313     1.0000 -124523.6172 -83715.3516 -305597.7188     1.0000 368045.3125 -76824.8516 248021.0625     1.0000 -927743.1875 213773.6719 75749.2891     1.0000 1187918.2500 -341050.0938 -517097.2500     1.0000 -579436.8125 365057.3125 725651.0625     1.0000 -543093.9375 -259093.9688 -553410.8750     1.0000 1123759.2500 102640.6484 119730.6172     1.0000 -583148.6250 115368.9063 369272.6563     1.0000 -599161.0000 -392141.7813 -673760.4375     1.0000 1547000.7500 625330.5000 694953.4375     1.0000 -1871971.0000 -840911.3750 -822666.5000     1.0000 1574327.5000 1098025.7500 1541288.8750     1.0000 -713082.1250 -1058816.8750 -2429273.5000     1.0000 -231365.0469 483759.6875 2411354.7500     1.0000 624029.9375 62203.5547 -1306073.1250     1.0000 -623906.3125 -169534.2969 202572.5313     1.0000 683017.5000 246141.3594 -10534.2900     1.0000 -630623.0000 -342131.4063 510464.5313     1.0000 322165.5938 150141.8906 -990839.6250     1.0000 -124873.7109  -800.7187 1074581.6250     1.0000 360781.0625 275756.4375 -656827.0000     1.0000 -918702.0000 -725812.0625 -146500.6094     1.0000 1188418.7500 914910.1875 826902.5000     1.0000 -650653.9375 -548401.9375 -955520.5625     1.0000 -229228.2188 -170600.7500 902974.9375     1.0000 623692.1250 522985.7813 -1140951.7500     1.0000 -624257.5625 -458712.7813 1223981.1250     1.0000 683112.4375 750116.2500 -653971.8125     1.0000 -689042.0000 -1348901.5000 -166684.3281     1.0000 684270.4375 1572715.8750 1052595.2500     1.0000 -988155.0625 -1603145.3750 -2290308.5000     1.0000 1246868.7500 1633366.6250 3494696.5000     1.0000 -946063.5625 -927292.6250 -3822543.5000     1.0000 321330.4063 -562817.8750 3034738.0000     1.0000 304672.0000 1662177.6250 -1244094.8750     1.0000 -991035.6875 -1730265.2500 -1361813.5000     1.0000 1618074.1250 1288700.0000 4043467.5000     1.0000 -1933351.6250 -1000295.7500 -5354282.0000     1.0000 1996604.3750 1095402.7500 4497285.0000     1.0000 -1933362.2500 -1365680.2500 -2163376.2500     1.0000 1426616.6250 1205692.1250 -372647.9063     1.0000 -458235.7500 -543412.2500 1187517.5000     1.0000 -21425.7363 62197.1094 -317334.5000     1.0000 88165.9922 215904.5469 -702252.5000     1.0000
-1735709.8750 481236.6875 -588895.1875     1.0000 2408859.0000 -520752.5000 726493.2500     1.0000 -909800.7500 281398.9375 -326668.5625     1.0000 -1641328.1250 -168068.0781   925.4619     1.0000 3128524.7500 138502.8750  -526.7068     1.0000 -2638830.2500 262242.3125 48831.6250     1.0000 1975046.1250 -953660.0000 -169114.4688     1.0000 -2791414.0000 1653178.6250 332528.5000     1.0000 4274583.5000 -2052504.8750 -502654.9375     1.0000 -5102602.0000 2006921.2500 662771.3125     1.0000 5106732.0000 -1791826.8750 -798691.6250     1.0000 -4291130.0000 1925964.5000 905635.0625     1.0000 2812143.2500 -2465295.0000 -1029444.7500     1.0000 -1813437.5000 2900697.2500 1229983.3750     1.0000 1646972.6250 -3024514.7500 -1500753.2500     1.0000 -679491.6875 3236190.7500 1727100.3750     1.0000 -1618409.0000 -3745232.7500 -1756303.0000     1.0000 2964967.2500 4075327.0000 1494806.3750     1.0000 -1518577.8750 -3548742.2500 -971619.6250     1.0000 -1604641.8750 2244189.2500 395609.5313     1.0000 3934666.7500 -1163223.5000 -71698.3984     1.0000 -3970869.7500 1102937.8750 157359.6563     1.0000 1695055.5000 -1985056.6250 -664245.2500     1.0000 1437249.5000 3194394.0000 1575952.0000     1.0000 -2964452.5000 -3909175.2500 -2602387.0000     1.0000 1530108.8750 3677512.2500 3011418.2500     1.0000 1432917.8750 -2656373.7500 -2216864.0000     1.0000 -3123162.2500 941610.3125 450823.1250     1.0000 2657348.0000 1407254.3750 1554218.8750     1.0000 -1975802.3750 -3545705.2500 -3189214.7500     1.0000 2769758.5000 4400693.0000 4162419.2500     1.0000 -4098527.5000 -4242610.0000 -4835487.0000     1.0000 4134170.2500 4190016.2500 5773032.0000     1.0000 -2829163.0000 -4252045.0000 -6235664.5000     1.0000 1976234.8750 3970700.7500 5298140.0000     1.0000 -2610668.0000 -4169064.0000 -4405576.0000     1.0000 3133647.5000 5408606.5000 5065668.5000     1.0000 -1533725.7500 -5877796.5000 -5048626.5000     1.0000 -1430000.5000 3878003.0000 1833684.5000     1.0000 3121850.0000 -1294149.8750 1807773.1250     1.0000 -2656152.5000 999632.1250 -1191923.8750     1.0000 1976931.1250 -2166181.2500 -2809850.7500     1.0000 -2614517.5000 2155221.5000 5409851.5000     1.0000 3291840.0000 -1318084.5000 -5305178.5000     1.0000 -2652277.5000 1626618.2500 4738984.0000     1.0000 1816435.7500 -2303818.5000 -4233332.5000     1.0000 -1645675.3750 1740908.3750 3353674.0000     1.0000 838732.1875 -1429617.5000 -4194818.0000     1.0000 807270.5625 2929894.7500 8236395.0000     1.0000 -1482874.0000 -4450356.0000 -12172842.0000     1.0000 829593.6250 4330540.5000 11906406.0000     1.0000 -330474.5938 -4027439.0000 -8731133.0000     1.0000 986129.0000 5503539.5000 7724333.0000     1.0000 -2633723.0000 -8199364.0000 -10059489.0000     1.0000 4281901.5000 9993436.0000 11164874.0000     1.0000 -5104904.0000 -10001782.0000 -8114855.5000     1.0000 5268990.5000 9334233.0000 4939194.5000     1.0000 -5268990.5000 -9823314.0000 -8051486.0000     1.0000 5268990.5000 12141174.0000 18370608.0000     1.0000 -5268990.5000 -14329388.0000 -28158668.0000     1.0000 5097538.0000 13614201.0000 27799364.0000     1.0000 -3952237.0000 -9305789.0000 -17675346.0000     1.0000 1080873.1250 2305801.7500 4059599.2500     1.0000 2385535.0000 5310671.5000 9677312.0000     1.0000
-230301.6875 843814.0000 -3330200.2500     1.0000 -7248.5679 -1088175.0000 4082340.0000     1.0000 -187909.8906 457922.6250 -1849560.8750     1.0000 420199.6250 98460.9531 22255.1133     1.0000 -341414.4688 -84377.5938 -1237.8634     1.0000 132698.3594 -11106.9980 -10683.9102     1.0000 -21359.5078 108463.6172 47882.6719     1.0000     0.0000 -166338.9063 -49451.7578     1.0000     0.0000 106410.9531 22096.2188     1.0000     0.0000 60150.9727 42268.1133     1.0000     0.0000 -237591.9688 -85872.7656     1.0000     0.0000 361070.5313 123031.9375     1.0000     0.0000 -457322.3125 -137731.3594     1.0000 -27216.9258 505294.5000 136901.2969     1.0000 155259.0781 -376861.8125 -85080.2109     1.0000 -368617.0625 130666.7656 71024.5391     1.0000 466464.6250  1201.6326 -126457.6328     1.0000 -331985.4063 32782.6094 202138.3281     1.0000 126053.1250   789.4259 -134275.6250     1.0000 -46882.9570 -262475.8125 -41072.1641     1.0000 127057.2344 559174.1875 154861.6563     1.0000 -240113.0000 -540938.1875 -23329.1582     1.0000 227249.6719 134177.5313 -295751.4375     1.0000 -81445.2188 317217.9063 561047.9375     1.0000 -104758.4766 -501737.7188 -558246.4375     1.0000 239076.3438 350077.9688 293831.5313     1.0000 -228808.4219 51090.3984 135577.0313     1.0000 109818.7031 -550170.3125 -677271.9375     1.0000 -21151.2168 860920.8125 1132088.5000     1.0000     0.0000 -825692.3750 -1244790.3750     1.0000     0.0000 539165.9375 956469.8125     1.0000     0.0000 -264447.5313 -575738.2500     1.0000     0.0000 200639.5938 424538.7188     1.0000     0.0000 -382529.7500 -618787.9375     1.0000 -23963.6152 555672.1875 863111.8750     1.0000 142145.5313 -379437.6875 -782769.9375     1.0000 -352542.2813 -84243.4688 329872.7188     1.0000 444520.0625 357580.9688 126306.4375     1.0000 -210574.6094 -211810.0313 -368507.2813     1.0000 -209328.0313 49784.9023 585119.6875     1.0000 421352.1563 -308795.3438 -921216.8750     1.0000 -237580.7031 864523.6875 1057801.5000     1.0000 -67663.9688 -1148581.8750 -603495.5000     1.0000 74153.7734 822437.2500 -101007.1641     1.0000 249709.0469 -68254.8906 315678.5313     1.0000 -557259.7500 -523344.2500 229607.9063     1.0000 586852.7500 494799.6875 -1001673.5625     1.0000 -401961.3438 -13138.2021 1282658.1250     1.0000 280367.6250 -259886.6406 -654809.6875     1.0000 -369827.9688 180003.7813 -283452.4063     1.0000 466844.6875 -234629.0000 635858.1875     1.0000 -354450.7813 601521.5000 -465664.8750     1.0000 143287.6563 -859497.5000 727285.3125     1.0000 -24080.3379 816884.8125 -1450467.6250     1.0000 -23177.4551 -661006.5625 2027216.7500     1.0000 139876.2344 642303.6250 -1975934.7500     1.0000 -374084.1875 -782982.4375 1553726.5000     1.0000 584045.9375 990338.8750 -1013638.8125     1.0000 -580789.1250 -951125.1875 785661.0000     1.0000 392231.1250 630220.8125 -348299.3125     1.0000 -332927.7500 -260891.4063 -198094.8906     1.0000 415215.5000  9543.1367 -470608.6250     1.0000 -149826.4375 42265.8320 440336.8438     1.0000 -304869.5000 53843.7461 704194.3125     1.0000
-1286634.8750 1744565.5000 -6425305.5000     1.0000 1330458.8750 -2137391.7500 7891203.0000     1.0000 -768023.3750 974286.1875 -3578090.0000     1.0000 177559.2500 28722.6621 22177.2383     1.0000 -50971.8672 -132638.8125 -15537.3271     1.0000 245760.1250 319683.2188 90985.2422     1.0000 -417676.0000 -660491.1875 -178792.4531     1.0000 143188.0938 897702.7500 288020.0938     1.0000 514420.5625 -974215.0625 -323172.1875     1.0000 -879149.9375 997811.1875 319433.9375     1.0000 706193.6875 -1097430.5000 -339431.7813     1.0000 -501671.8125 1204405.3750 424636.3125     1.0000 515205.1563 -1214762.8750 -508392.2813     1.0000 -441480.9063 1186759.1250 581339.1875     1.0000 147458.7344 -1135992.3750 -608606.5625     1.0000 278563.7500 1144798.8750 641936.4375     1.0000 -795275.2500 -1254120.6250 -667307.6250     1.0000 1179818.8750 1426116.0000 728706.0000     1.0000 -1065869.8750 -1399086.7500 -726745.5000     1.0000 364166.5000 1107183.5000 710524.4375     1.0000 499031.2188 -790740.4375 -668519.5000     1.0000 -883243.8125 760486.8125 713386.7500     1.0000 645286.0625 -925172.1875 -830487.0625     1.0000 -185960.4219 1074148.8750 1174375.3750     1.0000 -274786.0000 -1198199.7500 -1714726.2500     1.0000 734267.6875 1330888.8750 2200116.2500     1.0000 -921744.6875 -1293090.7500 -2137681.0000     1.0000 706251.1250 782897.7500 1411790.3750     1.0000 -553729.3750 41512.9375 -338107.3438     1.0000 820179.4375 -505281.5000 -493819.5625     1.0000 -1173723.8750 245809.9688 766246.0000     1.0000 1134099.5000 -39027.9414 -884571.3125     1.0000 -701819.3125 652561.6250 1439671.7500     1.0000 253947.8438 -1611825.0000 -2192086.0000     1.0000 -40736.5156 1906549.0000 2261435.0000     1.0000 -50603.8789 -1708939.3750 -1759414.8750     1.0000 293510.7813 1844682.7500 1690911.5000     1.0000 -711777.3125 -2218737.0000 -2350465.0000     1.0000 923775.9375 1930871.5000 2643394.7500     1.0000 -725595.8750 -1129488.1250 -2033866.2500     1.0000 552122.6875 1032464.6875 1387155.1250     1.0000 -795294.3125 -1887736.1250 -1589279.0000     1.0000 1207632.0000 2613608.5000 2292692.2500     1.0000 -1431749.6250 -2756026.0000 -2981107.0000     1.0000 1475958.8750 2843262.2500 3706471.0000     1.0000 -1429150.0000 -2694348.5000 -4218056.5000     1.0000 1150458.8750 1764654.8750 3651164.5000     1.0000 -457408.3438 -618022.4375 -1950078.1250     1.0000 -463777.2188 252554.9844 486807.9375     1.0000 1107768.6250 -513048.7188 -94710.5547     1.0000 -1153771.3750 820699.3125 339808.1250     1.0000 785090.6250 -1006752.0625 -823992.5000     1.0000 -507490.6875 1068229.8750 1979008.6250     1.0000 506998.8125 -945836.9375 -3283054.0000     1.0000 -507601.8438 742889.3750 3414034.0000     1.0000 507634.5938 -379057.5313 -2194624.0000     1.0000 -784318.8750 -42768.9883 1542994.6250     1.0000 1199683.2500 383424.0313 -2332568.5000     1.0000 -1430075.3750 -819010.7500 3431623.2500     1.0000 1475958.7500 1514555.7500 -3286169.5000     1.0000 -1332399.8750 -1903574.2500 2541471.0000     1.0000 852301.4375 1177024.1250 -3507678.5000     1.0000 -188427.3750 -182369.8594 1636240.5000     1.0000 -457436.1875 -531750.6875 2986897.0000     1.0000
1326339.0000 536939.4375 -638839.5625     1.0000 -1357483.0000 -462996.4688 812731.5000     1.0000 787465.7500 336351.9688 -347045.0313     1.0000 -184788.0469 -389549.9688 -48264.8398     1.0000     0.0000 686398.0000 91744.3047     1.0000 -62585.8867 -1001727.5625 -132092.3750     1.0000 374320.7500 1233447.3750 176219.2656     1.0000 -932391.4375 -1319755.0000 -236532.6406     1.0000 1175371.5000 1202059.1250 276123.5000     1.0000 -549478.5625 -876136.4375 -234712.4688     1.0000 -628045.3125 539276.9375 134373.5781     1.0000 1552527.7500 -430201.9688 -53593.0313     1.0000 -1857494.8750 459951.6563 -5974.3032     1.0000 1605803.5000 -279796.2500 126945.1328     1.0000 -984502.1875 -247200.7656 -335761.3438     1.0000 304344.7813 781024.7500 517944.4063     1.0000 251974.4063 -849315.3125 -522022.5938     1.0000 -558309.1875 589441.6250 423817.8750     1.0000 304039.6250 -687841.8125 -476563.8438     1.0000 315103.9063 1127316.5000 617455.9375     1.0000 -556122.6875 -1038656.0625 -509575.3125     1.0000 243211.3594 348763.9063 244552.3438     1.0000 252142.5000  8163.2012 -270589.7188     1.0000 -558377.5625 278518.8750 538670.9375     1.0000 304027.9375 -710583.3125 -534691.9375     1.0000 315127.9688 1096569.1250 302300.3125     1.0000 -556168.3750 -1701817.3750 -665407.5625     1.0000 306310.7813 2566118.0000 1982413.0000     1.0000 -60830.8359 -3060164.0000 -3202285.5000     1.0000 -62999.7461 2315127.5000 2809636.5000     1.0000 312817.9688 -300356.5313 -685768.1250     1.0000 -621326.1250 -1683795.8750 -1373877.6250     1.0000 680048.4375 2023253.5000 1450531.0000     1.0000 -619196.0625 -508126.6250 417526.5938     1.0000 682159.3125 -1523643.8750 -2632875.7500     1.0000 -680053.3750 2641373.5000 3919704.7500     1.0000 619207.5625 -2148726.7500 -3948722.7500     1.0000 -682154.4375 264286.2500 2811785.0000     1.0000 680036.6875 1877129.8750 -828192.9375     1.0000 -619225.0625 -2953556.7500 -1110545.2500     1.0000 682170.6250 2185876.5000 1780937.1250     1.0000 -616939.7500 66086.9688 -834397.9375     1.0000 243181.3125 -2225720.0000 -957372.7500     1.0000 252268.6875 3089499.7500 2891474.7500     1.0000 -558323.3750 -2615690.5000 -4324425.0000     1.0000 303419.0625 860966.5000 3849836.7500     1.0000 315684.0313 1692901.0000 -760376.6250     1.0000 -619094.3125 -3400833.0000 -2803393.7500     1.0000 682648.1875 2991747.7500 3468999.5000     1.0000 -996292.8750 -837677.8750 -641165.6250     1.0000 1238072.0000 -1766507.1250 -3076380.5000     1.0000 -984591.8125 3475433.7500 5520731.0000     1.0000 743406.3750 -3374165.5000 -6468629.5000     1.0000 -1061183.2500 1505637.5000 5712640.5000     1.0000 1616816.2500 1016377.3750 -2929249.5000     1.0000 -1857327.7500 -2599351.0000 -393985.3125     1.0000 1601655.0000 2329140.2500 1783490.3750     1.0000 -1042240.2500 -969389.9375 -968122.6250     1.0000 679337.0000 510877.3125 519478.9063     1.0000 -683286.9375 -1962645.7500 -2095168.3750     1.0000 355305.5000 3539177.5000 3561597.5000     1.0000 387239.7813 -2979302.5000 -2892732.0000     1.0000 -265607.5625 737901.4375 733770.3125     1.0000 -437697.4375 1698803.1250 1671563.5000     1.0000
    0.0000     0.0000     0.0000     0.0000     0.0000     0.0000     0.0000     0.0000     0.0000     0.0000     0.0000     0.0000     0.0000     0.0000     0.0000     0.0000     0.0000     0.0000     0.0000     0.0000     0.0000     0.0000     0.0000     0.0000     0.0000     0.0000     0.0000     0.0000     0.0000     0.0000     0.0000     0.0000     0.0000     0.0000     0.0000     0.0000     0.0000     0.0000     0.0000     0.0000     0.0000     0.0000     0.0000     0.0000     0.0000     0.0000     0.0000     0.0000     0.0000     0.0000     0.0000     0.0000     0.0000     0.0000     0.0000     0.0000     0.0000     0.0000     0.0000     0.0000     0.0000     0.0000     0.0000     0.0000     0.0000     0.0000     0.0000     0.0000     0.0000     0.0000     0.0000     0.0000     0.0000     0.0000     0.0000     0.0000     0.0000     0.0000     0.0000     0.0000     0.0000     0.0000     0.0000     0.0000     0.0000     0.0000     0.0000     0.0000     0.0000     0.0000     0.0000     0.0000     0.0000     0.0000     0.0000     0.0000     0.0000     0.0000     0.0000     0.0000     0.0000     0.0000     0.0000     0.0000     0.0000     0.0000     0.0000     0.0000     0.0000     0.0000     0.0000     0.0000     0.0000     0.0000     0.0000     0.0000     0.0000     0.0000     0.0000     0.0000     0.0000     0.0000     0.0000     0.0000     0.0000     0.0000     0.0000     0.0000     0.0000     0.0000     0.0000     0.0000     0.0000     0.0000     0.0000     0.0000     0.0000     0.0000     0.0000     0.0000     0.0000     0.0000     0.0000     0.0000     0.0000     0.0000     0.0000     0.0000     0.0000     0.0000     0.0000     0.0000     0.0000     0.0000     0.0000     0.0000     0.0000     0.0000     0.0000     0.0000     0.0000     0.0000     0.0000     0.0000     0.0000     0.0000     0.0000     0.0000     0.0000     0.0000     0.0000     0.0000     0.0000     0.0000     0.0000     0.0000     0.0000     0.0000     0.0000     0.0000     0.0000     0.0000     0.0000     0.0000     0.0000     0.0000     0.0000     0.0000     0.0000     0.0000     0.0000     0.0000     0.0000     0.0000     0.0000     0.0000     0.0000     0.0000     0.0000     0.0000     0.0000     0.0000     0.0000     0.0000     0.0000     0.0000     0.0000     0.0000     0.0000     0.0000     0.0000     0.0000     0.0000     0.0000     0.0000     0.0000     0.0000     0.0000     0.0000     0.0000     0.0000     0.0000     0.0000     0.0000     0.0000     0.0000     0.0000     0.0000     0.0000     0.0000     0.0000     0.0000     0.0000     0.0000     0.0000     0.0000     0.0000     0.0000     0.0000     0.0000     0.0000     0.0000     0.0000     0.0000     0.0000     0.0000     0.0000     0.0000     0.0000     0.0000     0.0000     0.0000     0.0000     0.0000     0.0000     0.0000
445413.2188 130525.3594 -1167364.8750     1.0000 -456073.7188 -386187.0313 1438213.6250     1.0000 264868.4688 26823.8008 -645325.3125     1.0000 -62257.8867 238335.0469  4943.5405     1.0000     0.0000 -77577.8906 11742.3672     1.0000     0.0000 -115085.8125 -10568.0049     1.0000     0.0000 185524.2031 -22028.2559     1.0000     0.0000 -87798.7813 72815.2031     1.0000     0.0000 -53554.1055 -107329.3906     1.0000     0.0000 37425.7852 85461.4766     1.0000     0.0000 259439.1719 18537.7090     1.0000     0.0000 -676527.4375 -145979.5469     1.0000     0.0000 791166.5000 177399.2031     1.0000     0.0000 -446609.2188 -83505.2656     1.0000 -61815.6094 -46018.4102 -73927.6797     1.0000 310114.3438 413851.2500 259634.8750     1.0000 -561223.0625 -634865.1250 -432077.1563     1.0000 316521.5000 643643.6875 475562.0313     1.0000 307524.8750 -391185.4688 -373351.2188     1.0000 -624204.3125 -45183.3086 289462.3125     1.0000 684681.7500 654749.6875 -295058.0938     1.0000 -992732.0000 -1359604.8750 170649.7500     1.0000 1248405.7500 1753194.2500 234518.0000     1.0000 -944445.5000 -1466602.5000 -661250.3750     1.0000 381408.4375 667321.5625 713887.9375     1.0000 -64236.2266 147223.5469 -322418.4375     1.0000 -60178.2383 -674523.3125 -269452.3125     1.0000 365180.6563 898896.3125 776619.9375     1.0000 -924122.0000 -868334.9375 -988337.5000     1.0000 1248240.2500 634913.6250 854674.6875     1.0000 -949115.8125 -381595.1875 -751125.3125     1.0000 385164.8125 381443.9375 1249680.5000     1.0000 -65169.6641 -577610.8750 -2115515.0000     1.0000     0.0000 593249.7500 2250529.5000     1.0000 -59341.2773 -433226.9375 -1301809.6250     1.0000 361906.1250 503477.2188 361698.4375     1.0000 -979264.5625 -941471.9375 -370289.5313     1.0000 1609328.8750 1654855.6250 960253.0625     1.0000 -1930931.5000 -2352099.7500 -1361915.7500     1.0000 1996604.5000 2411835.2500 1362089.6250     1.0000 -1937450.1250 -1697999.7500 -1014572.5625     1.0000 1576120.6250 840532.5625 403445.0000     1.0000 -656563.6250 -124769.1641 230950.9063     1.0000 -532049.5625 -580488.5625 -645027.6250     1.0000 1122367.0000 925582.9375 876444.3750     1.0000 -589120.5000 -494492.6875 -950152.3750     1.0000 -533957.8750 -353181.2813 641995.3125     1.0000 1181735.0000 946675.5000 -83374.2266     1.0000 -949512.4375 -993068.3125 -184095.8125     1.0000 325122.9063 597055.0000 400911.7500     1.0000 300187.1250 -64168.7656 -1116715.8750     1.0000 -924659.3125 -369683.8750 1884777.1250     1.0000 1186078.6250 614600.3750 -1981876.0000     1.0000 -575948.4375 -409810.5000 1374513.6250     1.0000 -547933.1250 -316519.7813 -118505.9219     1.0000 1182717.0000 913940.1875 -1677154.2500     1.0000 -939269.9375 -894443.2500 3360989.2500     1.0000 376583.5938 696433.4375 -3895268.7500     1.0000 -62749.5742 -642644.5000 2952580.7500     1.0000 -63365.5078 507172.0625 -1286139.1250     1.0000 315335.7188 -284188.3438 120048.8359     1.0000 -529554.8125 74969.9766 -470619.2500     1.0000 202533.4844 11586.4229 392969.8125     1.0000 391046.6250 -4127.7148 618453.9375     1.0000
4855939.0000 616238.9375 -583326.0625     1.0000 -3983869.2500 -702275.1250 719986.4375     1.0000 3087606.7500 352576.8750 -322726.7188     1.0000 -2962571.0000 -89022.1250  6511.6226     1.0000 3130070.2500 -44628.5078 -26287.2207     1.0000 -1653655.1250 601934.5625 103418.7656     1.0000 -489791.5938 -1520033.3750 -242405.5625     1.0000 664496.5625 2316252.2500 392346.0313     1.0000 816554.1875 -2689546.2500 -536142.4375     1.0000 -1646996.2500 2722434.2500 700917.8750     1.0000 1808619.2500 -2431994.2500 -850557.3125     1.0000 -2625854.0000 1902943.6250 933678.6875     1.0000 3131961.5000 -1707946.2500 -1067757.3750     1.0000 -1506197.2500 2285082.0000 1414442.7500     1.0000 -1618402.5000 -3269524.7500 -1869602.2500     1.0000 3940227.2500 3996480.5000 2083119.7500     1.0000 -4126970.2500 -4191117.5000 -1844228.6250     1.0000 2816682.7500 4103409.7500 1376371.5000     1.0000 -1975117.3750 -4201012.0000 -1150802.6250     1.0000 2618563.5000 4453430.5000 1287836.1250     1.0000 -3293789.7500 -4207744.0000 -1414098.6250     1.0000 2652054.5000 3315237.5000 1313337.6250     1.0000 -1975302.3750 -2715708.5000 -1332859.6250     1.0000 2775243.2500 3177114.7500 1911749.1250     1.0000 -4261607.0000 -4220044.5000 -2964557.7500     1.0000 5099367.5000 4926204.5000 3835148.7500     1.0000 -5268990.5000 -4794602.0000 -3738589.2500     1.0000 5268990.5000 3638189.5000 2372351.2500     1.0000 -5268990.5000 -1864721.7500 -358565.2188     1.0000 5109892.5000 542885.9375 -1099808.6250     1.0000 -4303552.0000 -126802.5234 1566226.1250     1.0000 2827606.0000 -190022.9688 -2062242.1250     1.0000 -1976031.1250 1064046.1250 3390139.5000     1.0000 2770514.5000 -1817143.8750 -4292311.5000     1.0000 -4098955.7500 1582091.5000 3331887.0000     1.0000 4133170.7500 -1122361.6250 -1899110.7500     1.0000 -2668359.0000 1990840.7500 2179378.0000     1.0000 1010483.4375 -3660884.2500 -2862005.5000     1.0000 -170274.5156 4058634.2500 1178530.5000     1.0000 -159561.9531 -3233282.5000 1425997.5000     1.0000 808045.6250 3214911.5000 -542860.0000     1.0000 -1636097.7500 -4203318.0000 -4221092.5000     1.0000 1815704.3750 4409597.0000 8516087.0000     1.0000 -1647189.3750 -3788553.0000 -9821380.0000     1.0000 1806642.7500 3997948.7500 9559969.0000     1.0000 -1653554.6250 -4744049.5000 -8646077.0000     1.0000 672594.7500 4249216.0000 6523038.5000     1.0000 808261.7500 -2456328.5000 -4288626.0000     1.0000 -2618508.2500 704650.7500 4254137.0000     1.0000 4108316.0000 656320.5625 -6040234.5000     1.0000 -3956249.5000 -1755307.7500 6874172.5000     1.0000 1656561.0000 1145124.8750 -6693302.5000     1.0000 1640141.5000 2455624.5000 8378763.5000     1.0000 -4115078.7500 -6965152.5000 -11542983.0000     1.0000 5104467.0000 9003342.0000 11987253.0000     1.0000 -5101996.0000 -8174620.0000 -7919488.0000     1.0000 4270127.0000 6626254.0000 2971327.2500     1.0000 -2615655.5000 -6169293.0000 -3202681.0000     1.0000 973689.6250 7358002.5000 10934510.0000     1.0000 -160660.2969 -8772157.0000 -19655108.0000     1.0000 -515124.0313 7359862.0000 19048210.0000     1.0000 1371553.1250 -3221035.7500 -9948357.0000     1.0000 -612937.1875 343741.1875 1685464.7500     1.0000 -1133108.3750 1257198.5000 4682150.0000     1.0000
    0.0000 910726.9375 -3333587.2500     1.0000     0.0000 -1128535.1250 4082787.7500     1.0000     0.0000 501949.4063 -1845877.2500     1.0000 -25137.3750 36141.9023 19017.9316     1.0000 147997.1875 -5129.3423  2617.2297     1.0000 -360552.8750 -104436.8516 -11534.4307     1.0000 439394.0000 210893.6250 40737.8984     1.0000 -184511.3281 -267271.9063 -33747.4648     1.0000 -235960.3594 189316.6563  1044.3544     1.0000 445291.3125  9567.8320 65240.7734     1.0000 -333234.7500 -222765.4844 -110075.4922     1.0000 126751.9844 380340.7500 145960.8125     1.0000 -47261.3047 -493421.2188 -156659.7656     1.0000 155344.3125 557501.1250 162604.0313     1.0000 -368755.2500 -508174.7500 -141918.8125     1.0000 466336.4375 376343.5313 162291.3750     1.0000 -358769.2813 -266425.2500 -222671.5313     1.0000 280877.0625 220731.9063 291294.6250     1.0000 -388294.5625 -125071.4219 -229672.2656     1.0000 466784.0313 -132790.1250 45202.5391     1.0000 -333000.1875 416641.4375 102232.3984     1.0000 126880.4922 -442275.0313 13414.5488     1.0000 -20179.9180 132238.9375 -338549.5000     1.0000 -26362.8789 243875.6563 606928.4375     1.0000 151572.6250 -378213.1250 -580178.9375     1.0000 -364016.6250 161308.5313 249139.1875     1.0000 467543.2500 234609.7969 238431.5156     1.0000 -338804.5938 -608761.5625 -766575.8750     1.0000 106030.1953 798860.8750 1153637.6250     1.0000 126209.6875 -676513.3125 -1164773.8750     1.0000 -383977.4375 227671.6406 755662.7500     1.0000 613629.1250 252714.7500 -305949.2813     1.0000 -701096.3750 -423508.6563 162880.8125     1.0000 603411.0000 195929.5938 -386971.7188     1.0000 -368571.8125 151230.2188 680326.4375     1.0000 137145.0469 -256243.4063 -712014.0625     1.0000 -22711.1367 125221.8047 402078.5313     1.0000     0.0000 -29004.1387 -1592.6888     1.0000     0.0000 10363.4414 -357775.3750     1.0000     0.0000 120162.2656 784352.8750     1.0000     0.0000 -358657.2813 -1214768.5000     1.0000     0.0000 519226.4688 1212187.6250     1.0000     0.0000 -494702.2500 -568530.4375     1.0000     0.0000 370120.5625 -25500.7285     1.0000     0.0000 -174516.2344 -201609.2344     1.0000     0.0000  9722.5830 1115440.2500     1.0000     0.0000 -69243.2578 -1870043.7500     1.0000     0.0000 248074.8438 1908489.2500     1.0000     0.0000 -159907.0156 -1188311.3750     1.0000 -22513.3301 -70744.3906 356692.1563     1.0000 136862.2031 36965.4023 54376.7656     1.0000 -346311.7500 218908.7969 -271686.3438     1.0000 466614.0313 -359000.0313 910185.8750     1.0000 -352876.5000 317701.6875 -1678429.8750     1.0000 141927.8750 -120854.1797 2036456.6250     1.0000 -23702.6152 -104647.9375 -1814329.1250     1.0000     0.0000 197716.9063 1555117.0000     1.0000 -24112.6973 -131248.7813 -1411908.0000     1.0000 119353.9844 240602.5313 1439278.3750     1.0000 -209982.3438 -460091.1875 -973915.9375     1.0000 31483.3652 430954.2813 248732.9844     1.0000 282119.0938 -217701.3906 -701296.3125     1.0000 -133962.9844 57239.5977 482724.3125     1.0000 -249907.9063 132201.9844 820366.7500     1.0000
-60546.1641 1853087.0000 -6426460.5000     1.0000     0.0000 -2221139.5000 7884382.0000     1.0000 -49092.6055 1041847.5625 -3569511.5000     1.0000 290621.5938 -21283.9453 23385.4453     1.0000 -761448.2500 -109423.3594 -20178.7910     1.0000 1164455.1250 323090.5313 93286.8047     1.0000 -1080575.2500 -699824.3125 -178016.7500     1.0000 449415.9688 1006024.9375 289987.5625     1.0000 168449.0000 -1173005.6250 -339558.0000     1.0000 -150567.4688 1254972.1250 348912.5000     1.0000 -268026.8750 -1355171.7500 -371500.2500     1.0000 459447.3125 1482246.8750 468445.0625     1.0000 -518857.6250 -1591875.6250 -589855.0000     1.0000 830548.5000 1703755.0000 700586.8750     1.0000 -1234948.5000 -1792802.3750 -750908.5000     1.0000 1438557.0000 1842271.7500 804819.8750     1.0000 -1419448.1250 -1743411.3750 -825163.1250     1.0000 1102466.3750 1555316.6250 809081.1875     1.0000 -419270.3750 -1336159.0000 -687879.7500     1.0000 -183694.7656 1206804.5000 625783.6875     1.0000 143805.8594 -1258802.3750 -665641.5000     1.0000 276497.4063 1424708.0000 841309.5000     1.0000 -460245.5000 -1419902.3750 -1044249.8750     1.0000 462006.6250 1258162.5000 1403950.6250     1.0000 -460718.7188 -1149522.3750 -1869453.2500     1.0000 131801.0156 1025182.1250 2194750.7500     1.0000 582030.0000 -657484.1250 -1959339.2500     1.0000 -1192607.7500 -77484.7266 1098596.1250     1.0000 1383571.1250 1023290.8750 34701.7070     1.0000 -1116666.0000 -1614856.5000 -744763.8750     1.0000 445162.7500 1305660.3750 759638.6250     1.0000 171484.0469 -725062.9375 -765396.0000     1.0000 -160517.7031 907963.8125 1443310.6250     1.0000 -208102.0313 -1601172.5000 -2283806.0000     1.0000 113045.4922 1608038.7500 2197998.5000     1.0000 500620.0625 -941330.3750 -1420836.1250     1.0000 -882167.6250 693878.0625 1206451.5000     1.0000 672098.6875 -1168474.5000 -1902584.5000     1.0000 -212372.5781 1434681.5000 2295970.5000     1.0000 -197203.3906 -1066969.6250 -1803829.2500     1.0000 418913.2188 699992.1250 1204679.5000     1.0000 -171471.5156 -648534.6875 -1158859.0000     1.0000 -525919.0625 450233.0313 1334862.8750     1.0000 1114950.5000 -116911.7891 -1579454.7500     1.0000 -1149968.5000 290787.7188 2265328.2500     1.0000 731738.4375 -778626.6875 -3185092.2500     1.0000 -273154.1563 803583.2500 3287575.2500     1.0000 45356.6758 -576015.9375 -2321692.7500     1.0000     0.0000 947035.8750 1502812.7500     1.0000 46117.4297 -1625471.6250 -1301995.7500     1.0000 -230444.7344 1811249.7500 979841.6875     1.0000 415157.9375 -1693964.1250 -718659.3125     1.0000 -231607.5781 2113403.0000 1947675.3750     1.0000 -183632.2969 -2784542.7500 -3826543.7500     1.0000 184856.4531 2563587.7500 3872532.2500     1.0000 183747.7188 -1425069.0000 -2163002.5000     1.0000 -136996.9375 928051.4375 1822192.3750     1.0000 -509938.8125 -1666625.3750 -3706411.5000     1.0000 1155192.7500 2539959.5000 5667574.5000     1.0000 -1430431.3750 -2583246.7500 -5664599.5000     1.0000 1475958.7500 2101878.2500 4537083.0000     1.0000 -1234461.3750 -1700013.7500 -4777976.0000     1.0000 358494.6250 549991.6875 1933131.0000     1.0000 772946.1875 1136837.0000 3692335.5000     1.0000
1327646.3750 506605.8125 -635506.1875     1.0000 -1357742.3750 -429803.6250 810758.5625     1.0000 786876.1250 318316.4063 -343755.3750     1.0000 -184467.8125 -406120.1563 -54609.0859     1.0000     0.0000 713763.6250 100459.2813     1.0000     0.0000 -944585.6250 -137960.5469     1.0000     0.0000 1024642.0000 180928.2813     1.0000     0.0000 -1028263.5000 -253844.4063     1.0000     0.0000 1014043.3750 324661.4375     1.0000     0.0000 -961303.9375 -319174.0313     1.0000 -62968.7266 912803.4375 224544.7969     1.0000 375782.9063 -935021.6875 -106609.9531     1.0000 -934160.5625 922486.1875 13685.7715     1.0000 1238238.0000 -684391.6250 109838.9922     1.0000 -923046.0625 152280.8281 -341414.5938     1.0000 303810.0938 489582.0938 568611.9375     1.0000 252403.1719 -852682.0625 -563466.5625     1.0000 -558412.3750 869465.3750 414711.0000     1.0000 303499.7188 -996361.4375 -468626.9063     1.0000 315635.7813 1311953.1250 695510.7500     1.0000 -556011.4375 -1224948.3750 -718707.6250     1.0000 305933.4063 718291.0625 557460.0625     1.0000 -123853.0469 -622737.7500 -611907.8750     1.0000 376413.9063 1154299.3750 840042.5625     1.0000 -934879.0000 -1563025.2500 -755819.1875     1.0000 1238372.0000 1467812.7500 449098.0938     1.0000 -922742.0625 -1363974.3750 -799974.6875     1.0000 366709.2188 1661711.5000 2198375.5000     1.0000 -60724.9688 -1977528.2500 -3560210.0000     1.0000 -63108.2305 1513473.2500 3209842.0000     1.0000 313140.7813 38603.6563 -865574.0625     1.0000 -621537.8750 -1682982.5000 -1563555.3750     1.0000 679940.0000 1709280.8750 1819269.5000     1.0000 -619198.6250 115830.6563 239337.8125     1.0000 682265.1875 -2142767.5000 -2856406.2500     1.0000 -616855.1250 2991519.0000 4509087.0000     1.0000 243023.5625 -2465181.0000 -4771627.5000     1.0000 252343.0469 962297.1875 3673047.7500     1.0000 -558394.3750 722091.8750 -1458316.1250     1.0000 303636.5313 -1766755.8750 -871583.3125     1.0000 315496.3125 1693805.6250 1890829.1250     1.0000 -555990.9375 -518554.8750 -1241710.2500     1.0000 242752.5469 -1050030.5000 -180284.8906     1.0000 252697.4375 2230663.2500 1713582.1250     1.0000 -558426.2500 -2625149.5000 -2901219.0000     1.0000 302878.8438 1796586.1250 2363383.7500     1.0000 316215.3750 143853.1406 665541.6875     1.0000 -555708.6875 -1802208.5000 -3928481.2500     1.0000 305308.6563 1673475.8750 3908184.7500     1.0000 -60478.2656 362039.8438 -141566.5938     1.0000     0.0000 -2929237.2500 -4182522.5000     1.0000 -63652.8164 4294412.0000 6242375.5000     1.0000 314838.6563 -3697638.0000 -6001841.5000     1.0000 -622572.3750 1620997.6250 4331042.5000     1.0000 679121.0625 766995.2500 -1507211.3750     1.0000 -619441.0000 -2293095.2500 -1701860.3750     1.0000 683054.8125 2336990.5000 3660837.7500     1.0000 -678768.1250 -1279880.8750 -3705843.0000     1.0000 683940.0625 824035.3125 3434079.0000     1.0000 -1065162.8750 -2436222.7500 -4304383.5000     1.0000 1425803.6250 4735384.0000 4928650.0000     1.0000 -1081584.0000 -4669163.0000 -3755221.2500     1.0000 251958.2500 1341726.7500 978678.9375     1.0000 596794.2500 2901290.0000 2204938.2500     1.0000
    0.0000     0.0000     0.0000     0.0000     0.0000     0.0000     0.0000     0.0000     0.0000     0.0000     0.0000     0.0000     0.0000     0.0000     0.0000     0.0000     0.0000     0.0000     0.0000     0.0000     0.0000     0.0000     0.0000     0.0000     0.0000     0.0000     0.0000     0.0000     0.0000     0.0000     0.0000     0.0000     0.0000     0.0000     0.0000     0.0000     0.0000     0.0000     0.0000     0.0000     0.0000     0.0000     0.0000     0.0000     0.0000     0.0000     0.0000     0.0000     0.0000     0.0000     0.0000     0.0000     0.0000     0.0000     0.0000     0.0000     0.0000     0.0000     0.0000     0.0000     0.0000     0.0000     0.0000     0.0000     0.0000     0.0000     0.0000     0.0000     0.0000     0.0000     0.0000     0.0000     0.0000     0.0000     0.0000     0.0000     0.0000     0.0000     0.0000     0.0000     0.0000     0.0000     0.0000     0.0000     0.0000     0.0000     0.0000     0.0000     0.0000     0.0000     0.0000     0.0000     0.0000     0.0000     0.0000     0.0000     0.0000     0.0000     0.0000     0.0000     0.0000     0.0000     0.0000     0.0000     0.0000     0.0000     0.0000     0.0000     0.0000     0.0000     0.0000     0.0000     0.0000     0.0000     0.0000     0.0000     0.0000     0.0000     0.0000     0.0000     0.0000     0.0000     0.0000     0.0000     0.0000     0.0000     0.0000     0.0000     0.0000     0.0000     0.0000     0.0000     0.0000     0.0000     0.0000     0.0000     0.0000     0.0000     0.0000     0.0000     0.0000     0.0000     0.0000     0.0000     0.0000     0.0000     0.0000     0.0000     0.0000     0.0000     0.0000     0.0000     0.0000     0.0000     0.0000     0.0000     0.0000     0.0000     0.0000     0.0000     0.0000     0.0000     0.0000     0.0000     0.0000     0.0000     0.0000     0.0000     0.0000     0.0000     0.0000     0.0000     0.0000     0.0000     0.0000     0.0000     0.0000     0.0000     0.0000     0.0000     0.0000     0.0000     0.0000     0.0000     0.0000     0.0000     0.0000     0.0000     0.0000     0.0000     0.0000     0.0000     0.0000     0.0000     0.0000     0.0000     0.0000     0.0000     0.0000     0.0000     0.0000     0.0000     0.0000     0.0000     0.0000     0.0000     0.0000     0.0000     0.0000     0.0000     0.0000     0.0000     0.0000     0.0000     0.0000     0.0000     0.0000     0.0000     0.0000     0.0000     0.0000     0.0000     0.0000     0.0000     0.0000     0.0000     0.0000     0.0000     0.0000     0.0000     0.0000     0.0000     0.0000     0.0000     0.0000     0.0000     0.0000     0.0000     0.0000     0.0000     0.0000     0.0000     0.0000     0.0000     0.0000     0.0000     0.0000     0.0000     0.0000     0.0000     0.0000     0.0000     0.0000     0.0000     0.0000     0.0000
2727645.7500 508300.8438 -1157986.8750     1.0000 -2420282.5000 -650986.1250 1434405.3750     1.0000 1699933.2500 276923.5313 -640570.1875     1.0000 -1248040.8750 -35074.4492 -6323.1558     1.0000 1247861.6250 175362.2500 25959.3477     1.0000 -935603.1875 -308750.2813 -21346.4609     1.0000 311756.6250 351395.0000 -16829.1270     1.0000 311948.0625 -234026.2813 72555.0703     1.0000 -935776.0000 14435.7295 -112321.6563     1.0000 1248139.8750 53596.8711 93006.2422     1.0000 -998966.1250 212956.0625  5733.0449     1.0000 748379.1875 -589290.3750 -107990.8438     1.0000 -1058884.7500 635278.5625 100127.2969     1.0000 1620661.2500 -290279.3438 19499.8223     1.0000 -1872038.7500 -94342.6250 -187390.2813     1.0000 1625166.2500 275933.6875 381352.2500     1.0000 -1003069.5000 -343563.2500 -556001.2500     1.0000 316462.4688 406229.9688 592989.1875     1.0000 306556.8750 -302943.0938 -462779.3750     1.0000 -930074.7500 -160861.3125 317821.4063     1.0000 1187471.2500 761290.8750 -299618.9375     1.0000 -635993.6875 -1071255.3750 273036.8125     1.0000 -179739.6406 1086501.8750 -3213.5762     1.0000 257123.4531 -1123867.1250 -405408.2188     1.0000 302824.1875 1165747.2500 532489.6250     1.0000 -624187.4375 -915904.5000 -217352.1875     1.0000 683825.3750 462303.6250 -228650.1094     1.0000 -989031.3125 -236077.2969 454909.6563     1.0000 1248261.2500 369010.0625 -389267.4688     1.0000 -948852.7500 -553425.0625 181722.3906     1.0000 384957.0313 404507.9688 -235798.6250     1.0000 -65119.8633 194370.1563 975996.0000     1.0000 -59442.9414 -916513.8750 -2024137.3750     1.0000 362282.4688 1412899.0000 2255533.7500     1.0000 -920491.0000 -1758554.8750 -1317394.7500     1.0000 1188718.8750 1977967.2500 205708.2813     1.0000 -590597.4375 -1789408.8750 209315.3594     1.0000 -591134.7500 1320669.8750 -139519.3750     1.0000 1543199.7500 -1022660.3125 101722.0938     1.0000 -1871732.3750 899020.8750 -205922.6406     1.0000 1694635.1250 -742318.6875 434662.4063     1.0000 -1438652.0000 360662.2813 -822998.5625     1.0000 1668272.8750 647963.3750 1273276.1250     1.0000 -2232592.2500 -1931200.0000 -1481674.6250     1.0000 2199306.7500 2178714.2500 1403358.7500     1.0000 -1338739.0000 -1124219.1250 -1461328.0000     1.0000 452452.7500 -15242.6084 1760183.3750     1.0000 -65486.9961 484926.1250 -1737874.2500     1.0000     0.0000 -525036.8750 1206582.2500     1.0000     0.0000 360174.9688 -464615.6250     1.0000     0.0000 -76545.5313 -517673.7188     1.0000     0.0000 -54721.9180 1703737.5000     1.0000     0.0000 -1135.7959 -2331507.7500     1.0000 -60984.0430 -60549.2266 1846553.0000     1.0000 369301.4375 431898.1250 -367032.1875     1.0000 -930008.0000 -971555.4375 -1690564.3750     1.0000 1246408.1250 1087040.1250 3471532.7500     1.0000 -999863.5625 -312173.0625 -3791259.2500     1.0000 687554.1875 -482363.3438 2522806.2500     1.0000 -622936.3750 234297.7813 -580821.6250     1.0000 114160.2188 223255.0781 -1238644.1250     1.0000 737823.8750 -28901.1504 1445255.8750     1.0000 -393185.5313 -69984.5313 -322400.5625     1.0000 -685994.6875 -81700.7891 -774180.6250     1.0000
-6009462.0000 294612.7813 -620001.8125     1.0000 3888175.0000 -482479.3438 741511.5625     1.0000 -4032054.5000 139830.7813 -348538.8125     1.0000 4774862.0000 173895.7500 43238.6914     1.0000 -4284910.5000 -242150.7344 -61069.5117     1.0000 2804260.5000 494007.1563 119178.3047     1.0000 -1811877.0000 -1178040.2500 -256345.8750     1.0000 1809958.0000 2184839.7500 453508.3438     1.0000 -1650354.8750 -2981419.5000 -655125.0625     1.0000 666252.6875 3184680.7500 812711.8125     1.0000 650099.0625 -2910122.0000 -890827.6250     1.0000 -1642276.2500 2612980.2500 919070.1250     1.0000 1814020.7500 -2611787.0000 -1016103.0625     1.0000 -1807764.7500 2619145.2500 1206856.6250     1.0000 2783721.7500 -2206539.7500 -1329072.7500     1.0000 -4107199.5000 1605144.6250 1219858.8750     1.0000 3966505.2500 -1497487.8750 -950973.3125     1.0000 -1684083.6250 2329075.7500 793076.6250     1.0000 -1607623.3750 -3769499.0000 -884955.6250     1.0000 3935875.5000 4779656.5000 1071297.8750     1.0000 -4129908.7500 -4662916.0000 -1176889.8750     1.0000 2821701.0000 3863503.2500 1247452.3750     1.0000 -1975331.5000 -3494027.0000 -1534888.6250     1.0000 2614881.2500 4003176.7500 2221473.5000     1.0000 -3134038.0000 -4527161.0000 -2978696.2500     1.0000 1529076.8750 4133059.2500 3078354.2500     1.0000 1593227.6250 -2785221.7500 -2055353.8750     1.0000 -3930087.5000 579094.1250 45070.8398     1.0000 3974181.2500 2134040.0000 2155788.0000     1.0000 -1703254.3750 -3733272.5000 -3283797.0000     1.0000 -1589171.0000 2895126.0000 2836546.2500     1.0000 4087395.0000 -933004.0625 -2063917.0000     1.0000 -5098480.0000 95319.7813 2382778.5000     1.0000 5110084.0000 -437533.6250 -3096840.7500     1.0000 -4145210.0000 891388.8750 2946910.2500     1.0000 1704204.5000 -1947490.8750 -3132045.2500     1.0000 1429919.7500 4356799.0000 5007080.5000     1.0000 -2962829.2500 -6207821.0000 -5790406.0000     1.0000 1531132.7500 4774206.0000 2136304.0000     1.0000 1592226.2500 -1010281.3125 3006531.7500     1.0000 -3929911.2500 -1385025.8750 -3522280.7500     1.0000 3970759.2500 926931.6250 -1063070.2500     1.0000 -1854072.6250 896205.1875 5956579.0000     1.0000 -469684.4063 -2449364.2500 -8011858.5000     1.0000 674213.5000 2989024.7500 7581043.0000     1.0000 802592.8750 -2377599.5000 -5972603.5000     1.0000 -1484260.5000 1168029.7500 4390163.0000     1.0000 833132.0000 -381229.2813 -4264447.0000     1.0000 -167802.2656 766995.3125 6461301.0000     1.0000     0.0000 -1716245.2500 -9085544.0000     1.0000 -163532.2500 1703512.2500 8702698.0000     1.0000 984582.6250 -531518.2500 -5512998.5000     1.0000 -2631283.5000 -613732.3750 3546815.0000     1.0000 4280195.5000 1292030.8750 -3916584.2500     1.0000 -5104457.5000 -1852838.5000 3028739.2500     1.0000 5268990.5000 2255609.2500 1101322.5000     1.0000 -5101153.0000 -2192995.2500 -4799021.5000     1.0000 4266665.0000 973561.1875 2035539.2500     1.0000 -2610335.7500 2250583.5000 8762973.0000     1.0000 799388.5625 -6195391.5000 -19880038.0000     1.0000 682420.4375 7891578.0000 21145740.0000     1.0000 -1400404.7500 -6091427.5000 -13325414.0000     1.0000 525035.3750 1582367.0000 2997366.5000     1.0000 1027887.2500 3572310.0000 7219889.0000     1.0000
1343005.6250 969700.3125 -3322668.0000     1.0000 -1059338.8750 -1161406.5000 4078043.2500     1.0000 867507.3125 544613.5625 -1844244.6250     1.0000 -744892.8125 -23287.6387 14402.2754     1.0000 599621.8750 37297.4375  5713.4824     1.0000 -361272.3125 -87335.6563 -11089.7227     1.0000 131324.2813 125128.3047 40381.2266     1.0000 -21046.7520 -149784.4375 -38898.6797     1.0000     0.0000 96641.6484  9720.7656     1.0000     0.0000 48720.8516 64292.1055     1.0000     0.0000 -219262.0000 -119056.5625     1.0000     0.0000 343050.1563 150270.7969     1.0000     0.0000 -423723.7500 -142194.0625     1.0000     0.0000 462252.3125 127454.1641     1.0000     0.0000 -400584.0000 -93910.7578     1.0000     0.0000 317945.2500 119006.2188     1.0000 -27205.2363 -357444.9688 -201124.9375     1.0000 127910.6016 460128.5938 285031.6563     1.0000 -213507.3281 -355442.0313 -208987.9531     1.0000 98883.9453 -72362.5469 -12245.9854     1.0000 133753.0313 530499.0000 182031.5000     1.0000 -233447.2344 -624675.1250 -61235.6406     1.0000 260086.5000 356030.7188 -253245.2188     1.0000 -412188.6563 -112439.2969 461860.8438     1.0000 618816.5000 125906.2578 -385672.4063     1.0000 -726817.5625 -345896.7813 85916.6172     1.0000 747431.2500 645935.8750 343794.8750     1.0000 -721905.3750 -971866.6875 -876661.3750     1.0000 599159.6875 1132536.8750 1307858.5000     1.0000 -362317.1250 -956993.3750 -1373607.3750     1.0000 108191.2656 512012.9688 1048847.1250     1.0000 123966.5000 -36350.1250 -619180.8125     1.0000 -356868.8125 -244027.6875 333793.2188     1.0000 467927.4063 134622.4219 -389682.9375     1.0000 -346353.4375 195616.7969 653050.3750     1.0000 137211.3281 -310932.5313 -731645.0000     1.0000 -22727.1055 165190.7656 442116.1875     1.0000     0.0000 -81817.3984 -54996.2148     1.0000     0.0000 124929.3750 -277308.3438     1.0000 -23084.5156 -23133.5547 697771.4375     1.0000 115799.7031 -307456.5313 -1157586.7500     1.0000 -232983.2969 629205.1250 1250848.8750     1.0000 257636.2969 -654736.7500 -760555.0625     1.0000 -233372.7344 394659.8750 157097.9531     1.0000 256204.5625 -107834.9219 -76511.5391     1.0000 -235389.2031 99358.3438 688173.5000     1.0000 119449.5469 -333034.0313 -1437893.6250     1.0000 -46702.5508 458023.0313 1594654.7500     1.0000 136465.0000 -236384.4531 -848198.1250     1.0000 -345722.1563 -45220.2617 -83162.9766     1.0000 466845.7188 -4076.5525 419602.1563     1.0000 -376900.8438 282457.3438 -382881.9063     1.0000 280821.0313 -263352.2500 876489.2500     1.0000 -394561.2188 -212025.2188 -1790555.5000     1.0000 605509.7500 822518.5000 2458447.2500     1.0000 -700246.6875 -1132187.5000 -2473983.2500     1.0000 606246.7500 970369.9375 2221893.0000     1.0000 -371265.0000 -428439.1250 -1854268.7500     1.0000 137860.1875 15741.0967 1511117.5000     1.0000 -47553.8359 20862.1699 -629472.1250     1.0000 71009.2813 233586.8281 -299722.6563     1.0000 -67675.1719 -469392.8125 -318304.0000     1.0000 15510.8848 194002.5469 405877.4688     1.0000 37956.2344 378059.2813 620209.2500     1.0000
-904491.0625 1838122.3750 -6426967.0000     1.0000 997830.7500 -2186685.0000 7890859.5000     1.0000 -526989.0000 1039884.8125 -3579337.5000     1.0000 -107090.4063 -84016.3359 24652.0918     1.0000 466830.3125 28494.8496 -16252.9717     1.0000 -449772.9688 118693.1172 92139.0313     1.0000 162381.7344 -473048.4375 -189329.7969     1.0000 262861.0313 867431.8125 320145.6250     1.0000 -725390.6875 -1210133.3750 -384459.8750     1.0000 864189.2500 1348438.6250 390278.8438     1.0000 -340648.3750 -1280026.5000 -376870.0938     1.0000 -543387.2500 1181463.1250 417263.6563     1.0000 1194238.0000 -1139098.5000 -490073.1875     1.0000 -1438035.1250 1077828.0000 570560.1875     1.0000 1419730.0000 -922795.4375 -596859.6250     1.0000 -1103447.2500 853800.0625 634912.5625     1.0000 363997.0313 -969525.8750 -679815.1875     1.0000 556190.8125 1249234.3750 753624.2500     1.0000 -1199334.5000 -1487521.7500 -751805.8750     1.0000 1438822.6250 1581750.3750 753323.4375     1.0000 -1419770.3750 -1534866.0000 -757879.5000     1.0000 1160584.2500 1406117.5000 846792.2500     1.0000 -738228.8750 -1186155.5000 -1011487.3125     1.0000 554991.9375 1032060.8125 1446595.6250     1.0000 -773358.3750 -1074174.3750 -2059783.2500     1.0000 866576.6250 1130399.5000 2474347.2500     1.0000 -394661.5313 -941464.8125 -2197144.2500     1.0000 -231696.6719 389710.1250 1269387.6250     1.0000 407212.6250 448422.4375 -188354.9219     1.0000 -155536.4219 -1230632.7500 -416069.4375     1.0000 -211944.0938 1420248.3750 443227.2188     1.0000 474428.6563 -1120547.6250 -592808.6250     1.0000 -501352.4688 899307.5000 1434637.5000     1.0000 512433.5000 -912994.9375 -2385831.7500     1.0000 -759015.3125 838434.8750 2349827.0000     1.0000 872833.1875 -900234.5625 -1571948.3750     1.0000 -376385.5313 1563336.7500 1327909.5000     1.0000 -451809.8438 -2386173.7500 -2000730.2500     1.0000 832149.0000 2151861.5000 2338333.2500     1.0000 -387744.4375 -818823.0625 -1677292.6250     1.0000 -440901.9375 -146665.8750 943185.3750     1.0000 880397.5000 -11266.8730 -1120107.6250     1.0000 -682186.0625 392096.8750 1880427.6250     1.0000 269491.2500 -457851.2188 -2624937.5000     1.0000 -44486.0938 846400.4375 3299983.0000     1.0000 -46880.3203 -1464125.2500 -3788552.2500     1.0000 232593.1875 1551061.6250 3634091.2500     1.0000 -462665.5625 -1377619.1250 -2877376.7500     1.0000 507324.7500 1741531.7500 2321858.2500     1.0000 -507024.0313 -2429024.0000 -2274007.0000     1.0000 783803.1250 2816150.0000 2355120.0000     1.0000 -1198891.7500 -2844854.5000 -2527050.5000     1.0000 1429719.7500 3055118.0000 3566058.7500     1.0000 -1475958.8750 -3460005.0000 -4906603.0000     1.0000 1429868.5000 3358137.5000 4864700.0000     1.0000 -1152880.1250 -2405666.2500 -3204180.2500     1.0000 459810.4688 1360597.8750 1998867.6250     1.0000 463915.7813 -760395.3125 -2129890.7500     1.0000 -1108124.8750 324482.7188 2720446.0000     1.0000 1101763.3750 94698.3359 -2945392.7500     1.0000 -447147.8125 52523.5742 3678706.2500     1.0000 -248421.3906 -773839.3125 -5627878.0000     1.0000 170592.1406 411900.0313 2404171.7500     1.0000 281968.3750 725003.0625 4512650.0000     1.0000
2711399.7500 691904.1250 -628536.4375     1.0000 -2402176.5000 -548574.5000 804434.5000     1.0000 1685432.3750 443169.5313 -340455.3438     1.0000 -1238799.1250 -575625.3125 -53869.7188     1.0000 1175508.2500 915256.5625 92566.3203     1.0000 -551605.1250 -1126145.7500 -118129.5078     1.0000 -563152.7500 1128144.8750 146343.6250     1.0000 1176863.5000 -1044117.8125 -206673.3438     1.0000 -924673.2500 1011811.0000 268676.5313     1.0000 368171.8750 -999835.7500 -272514.8750     1.0000 -61059.5898 942860.6875 225457.7500     1.0000 -62921.1758 -904269.4375 -171414.4063     1.0000 375586.8125 864812.9375 112354.3828     1.0000 -996897.0625 -597753.2500  6200.5156     1.0000 1614071.8750 49008.8125 -218776.4844     1.0000 -1920546.6250 407832.2188 408503.2500     1.0000 1918365.1250 -416219.7188 -396633.8125     1.0000 -1542307.3750 219194.1875 298638.1250     1.0000 670874.5000 -402836.1875 -455086.2188     1.0000 254485.6406 906594.4375 827468.9375     1.0000 -556077.9375 -1029867.9375 -980227.7500     1.0000 306136.6875 706093.8125 863441.5000     1.0000 -123855.0625 -612975.1875 -911560.0625     1.0000 376161.0313 926098.8750 1175124.8750     1.0000 -997648.6875 -1190559.7500 -1190635.5000     1.0000 1614505.8750 1313049.7500 956886.8750     1.0000 -1857568.1250 -1731126.8750 -1221718.1250     1.0000 1605310.6250 2519682.5000 2368801.0000     1.0000 -983862.1875 -2896848.0000 -3489545.2500     1.0000 366976.3750 1970390.3750 3086066.7500     1.0000 -60790.4688 103079.0625 -916174.8750     1.0000     0.0000 -1867183.3750 -1219445.0000     1.0000 -63046.5742 1794085.5000 1299615.2500     1.0000 376007.0938 123715.1250 666678.4375     1.0000 -934375.3125 -2470263.2500 -3030255.5000     1.0000 1175298.6250 3769262.7500 4435907.5000     1.0000 -547132.5000 -3140817.0000 -4498077.5000     1.0000 -567386.2500 728415.2500 3202667.0000     1.0000 1177520.0000 1896878.2500 -825173.0000     1.0000 -986122.6875 -2972566.7500 -1569547.6250     1.0000 743123.1875 2169976.0000 2698058.0000     1.0000 -995417.5000 -294345.0000 -2312784.0000     1.0000 1238255.5000 -1772299.8750 1021758.3125     1.0000 -922616.5000 3330016.0000 884452.7500     1.0000 366560.8438 -3789875.5000 -3018073.2500     1.0000 -60668.0391 2795812.2500 3705664.5000     1.0000     0.0000 -614687.8750 -1561991.3750     1.0000 -63364.9102 -1538708.5000 -1703027.8750     1.0000 377384.6875 2128574.7500 2582322.0000     1.0000 -999653.0625 -659795.6875 -96309.6563     1.0000 1552402.3750 -1730845.1250 -3308395.2500     1.0000 -1479186.7500 3403061.2500 5427747.5000     1.0000 601932.8125 -3670072.2500 -6426304.0000     1.0000 573073.4375 2556286.7500 6575220.5000     1.0000 -1113844.3750 -228052.0000 -4823198.0000     1.0000 603056.5000 -2292133.0000 1236286.3750     1.0000 259701.5469 3355117.7500 1660687.2500     1.0000 -554629.9375 -2644303.0000 -1905145.5000     1.0000 302732.0938 1730687.3750 1118819.3750     1.0000 -59604.3906 -1748023.7500 -1848054.5000     1.0000 -323719.0625 1388680.8750 2838298.0000     1.0000 861734.6250 15373.6133 -2088590.5000     1.0000 -385967.4688 -287631.1875 459774.8125     1.0000 -712461.5625 -371856.7500 1118257.2500     1.0000
    0.0000     0.0000     0.0000     0.0000     0.0000     0.0000     0.0000     0.0000     0.0000     0.0000     0.0000     0.0000     0.0000     0.0000     0.0000     0.0000     0.0000     0.0000     0.0000     0.0000     0.0000     0.0000     0.0000     0.0000     0.0000     0.0000     0.0000     0.0000     0.0000     0.0000     0.0000     0.0000     0.0000     0.0000     0.0000     0.0000     0.0000     0.0000     0.0000     0.0000     0.0000     0.0000     0.0000     0.0000     0.0000     0.0000     0.0000     0.0000     0.0000     0.0000     0.0000     0.0000     0.0000     0.0000     0.0000     0.0000     0.0000     0.0000     0.0000     0.0000     0.0000     0.0000     0.0000     0.0000     0.0000     0.0000     0.0000     0.0000     0.0000     0.0000     0.0000     0.0000     0.0000     0.0000     0.0000     0.0000     0.0000     0.0000     0.0000     0.0000     0.0000     0.0000     0.0000     0.0000     0.0000     0.0000     0.0000     0.0000     0.0000     0.0000     0.0000     0.0000     0.0000     0.0000     0.0000     0.0000     0.0000     0.0000     0.0000     0.0000     0.0000     0.0000     0.0000     0.0000     0.0000     0.0000     0.0000     0.0000     0.0000     0.0000     0.0000     0.0000     0.0000     0.0000     0.0000     0.0000     0.0000     0.0000     0.0000     0.0000     0.0000     0.0000     0.0000     0.0000     0.0000     0.0000     0.0000     0.0000     0.0000     0.0000     0.0000     0.0000     0.0000     0.0000     0.0000     0.0000     0.0000     0.0000     0.0000     0.0000     0.0000     0.0000     0.0000     0.0000     0.0000     0.0000     0.0000     0.0000     0.0000     0.0000     0.0000     0.0000     0.0000     0.0000     0.0000     0.0000     0.0000     0.0000     0.0000     0.0000     0.0000     0.0000     0.0000     0.0000     0.0000     0.0000     0.0000     0.0000     0.0000     0.0000     0.0000     0.0000     0.0000     0.0000     0.0000     0.0000     0.0000     0.0000     0.0000     0.0000     0.0000     0.0000     0.0000     0.0000     0.0000     0.0000     0.0000     0.0000     0.0000     0.0000     0.0000     0.0000     0.0000     0.0000     0.0000     0.0000     0.0000     0.0000     0.0000     0.0000     0.0000     0.0000     0.0000     0.0000     0.0000     0.0000     0.0000     0.0000     0.0000     0.0000     0.0000     0.0000     0.0000     0.0000     0.0000     0.0000     0.0000     0.0000     0.0000     0.0000     0.0000     0.0000     0.0000     0.0000     0.0000     0.0000     0.0000     0.0000     0.0000     0.0000     0.0000     0.0000     0.0000     0.0000     0.0000     0.0000     0.0000     0.0000     0.0000     0.0000     0.0000     0.0000     0.0000     0.0000     0.0000     0.0000     0.0000     0.0000     0.0000     0.0000     0.0000     0.0000     0.0000     0.0000     0.0000     0.0000
1256715.6250 318819.3438 -1161368.1250     1.0000 -1367923.3750 -532377.0000 1433255.8750     1.0000 732839.8750 148974.8125 -643532.1875     1.0000 124989.0313 158679.1406  6231.9082     1.0000 -624060.8750 -89003.9453  4622.8525     1.0000 623850.3750 -12011.3340 -3035.6675     1.0000 -249462.9063 103839.1406 -15670.1826     1.0000 -249547.3750 -215280.3281 44682.4727     1.0000 623952.6250 328711.2500 -63724.8047     1.0000 -686495.8125 -373206.4375 33681.4766     1.0000 685903.9375 476519.5625 82593.9922     1.0000 -1059266.1250 -773745.8125 -224053.9688     1.0000 1620975.7500 979338.8125 253221.2344     1.0000 -1872026.5000 -766948.7500 -146477.4219     1.0000 1624774.3750 266918.5313 -2613.8818     1.0000 -1002463.6250 174770.1250 155408.0938     1.0000 377390.2500 -391062.4375 -317402.0000     1.0000 -63216.4648 457658.5625 414487.7813     1.0000     0.0000 -485395.1875 -391927.5000     1.0000     0.0000 360420.0313 331240.0625     1.0000 -60904.6523  9935.6807 -301032.4375     1.0000 368099.6250 -387931.7500 141173.9375     1.0000 -988437.3125 562953.6875 295856.9063     1.0000 1554862.2500 -575420.0625 -754899.6875     1.0000 -1505656.3750 452075.5313 809721.2500     1.0000 644877.0000 -289326.1250 -417628.7188     1.0000 541992.8125 330904.2813 -145886.5781     1.0000 -1123710.2500 -563845.5625 617069.5625     1.0000 643935.2500 719029.8750 -760566.7500     1.0000 234319.6250 -696063.8125 516457.3750     1.0000 -564510.4375 530222.2500 -347376.5313     1.0000 260893.0469 -250150.4688 838405.4375     1.0000 297253.7188 144673.3906 -1667139.6250     1.0000 -920780.9375 -390029.8438 1791321.3750     1.0000 1188735.7500 434311.0625 -971753.6250     1.0000 -590330.6875 162072.0469 191258.9844     1.0000 -473086.6875 -933792.0625 -214040.6875     1.0000 820955.1250 1350272.7500 606669.8125     1.0000 -92585.3516 -1291039.5000 -612427.8125     1.0000 -557879.2500 808518.8125 253982.7188     1.0000 328984.1563 -198654.9375 157873.0000     1.0000 -59371.9570 -305550.0938 -651493.0000     1.0000 360747.1875 802130.1875 1118010.0000     1.0000 -564555.4375 -1167950.8750 -1214635.0000     1.0000 321850.9688 1005711.3750 1082677.5000     1.0000 -65697.2891 -387211.5000 -1073086.5000     1.0000     0.0000 -188322.4375 1054613.6250     1.0000     0.0000 619344.0625 -808325.8125     1.0000     0.0000 -996859.8750 483243.3125     1.0000     0.0000 959279.0000 -28301.2930     1.0000 -60183.4336 -358581.6875 -922660.4375     1.0000 365908.0000 -128258.6328 2403600.2500     1.0000 -925595.5625 36399.2188 -3565520.5000     1.0000 1246695.3750 237288.5156 3208530.5000     1.0000 -942834.3750 -370315.2188 -1049694.0000     1.0000 317894.2188 508422.3438 -1861071.5000     1.0000 246501.7031 -678836.5000 4224492.0000     1.0000 -559915.8750 1012711.8750 -4944043.0000     1.0000 310615.9688 -1557098.3750 3490368.7500     1.0000 249527.2031 1519294.8750 -806265.5000     1.0000 -499343.6875 -579711.2500 -1188650.3750     1.0000 467147.7188 -218147.5313 973547.5000     1.0000 -157228.3750 146437.1875 -79261.6563     1.0000 -317669.3438 241239.8594 -346065.2500     1.0000
3526750.0000 660949.8750 -581206.7500     1.0000 -3613202.7500 -756273.8125 709202.0625     1.0000 2102484.5000 378350.1563 -323950.0625     1.0000 -495545.1875 -67932.6016 25838.0234     1.0000     0.0000 -9317.4141 -54490.4023     1.0000 -163368.1875 234877.7813 122546.8281     1.0000 819206.5625 -654826.1875 -246706.6563     1.0000 -1481040.3750 1267189.8750 416551.3438     1.0000 669798.4375 -2057800.6250 -635042.1250     1.0000 1793952.1250 2796445.7500 896831.5000     1.0000 -4106208.7500 -3134324.2500 -1131670.7500     1.0000 5102155.5000 3073970.0000 1270548.0000     1.0000 -5268990.5000 -2991693.7500 -1402101.8750     1.0000 5107406.0000 3130598.7500 1676800.3750     1.0000 -4132478.5000 -3265554.7500 -1973466.1250     1.0000 1841304.2500 3004657.5000 1942280.6250     1.0000 477222.8750 -2567740.2500 -1582075.0000     1.0000 -674477.1875 2771589.5000 1309097.7500     1.0000 -643392.2500 -3569879.7500 -1238820.1250     1.0000 676117.5625 3757032.7500 1049432.1250     1.0000 641642.8750 -3055073.0000 -762883.6875     1.0000 -517701.3125 2678293.5000 867020.8125     1.0000 -1608556.6250 -3197889.2500 -1526158.3750     1.0000 2964527.5000 3671746.5000 2299396.2500     1.0000 -1687759.5000 -3257209.0000 -2653116.7500     1.0000 -627335.4375 2575889.0000 2417615.7500     1.0000 1487555.5000 -2427573.0000 -1656306.0000     1.0000 -680743.6250 1967450.3750 354885.2813     1.0000 -636077.3125 -315043.2500 1307716.1250     1.0000 1635112.2500 -1387562.8750 -2669829.0000     1.0000 -1658165.5000 1843132.8750 3250620.5000     1.0000 682020.3750 -1824444.7500 -3586497.2500     1.0000 793937.4375 2967550.5000 4595449.5000     1.0000 -2599124.0000 -5125215.5000 -5699368.0000     1.0000 4098467.7500 6277210.5000 5318372.0000     1.0000 -3974642.2500 -5469704.0000 -3770654.0000     1.0000 1863147.7500 4092499.2500 2678761.0000     1.0000 623765.1250 -3511834.0000 -1624546.0000     1.0000 -1486954.5000 3374261.2500 -581510.0000     1.0000 839827.6250 -3013009.0000 2172701.7500     1.0000 -170151.8750 2726092.0000 -178073.2500     1.0000     0.0000 -2703337.2500 -4640210.5000     1.0000     0.0000 2510611.0000 8408593.0000     1.0000 -160426.2344 -2386371.5000 -9374620.0000     1.0000 810804.1875 3193934.0000 9144934.0000     1.0000 -1476769.3750 -4310192.5000 -8690695.0000     1.0000 678415.7500 3609414.7500 7108802.5000     1.0000 1620299.3750 -1014385.9375 -5310743.5000     1.0000 -3123373.0000 -584439.8750 6266140.0000     1.0000 2480562.5000 -167862.0313 -9353055.0000     1.0000 -832367.6250 1383428.0000 10292464.0000     1.0000 -818151.7500 -2150033.5000 -8841180.0000     1.0000 2631202.7500 3776759.5000 9452584.0000     1.0000 -4114685.0000 -5646718.5000 -12448364.0000     1.0000 3945647.5000 4704393.0000 12209053.0000     1.0000 -1629628.7500 -213939.2969 -5431126.0000     1.0000 -1668181.0000 -4503370.5000 -3153294.5000     1.0000 4129639.7500 5809647.5000 4980143.0000     1.0000 -5107485.0000 -3505652.5000 2494496.2500     1.0000 5098290.5000 803002.3750 -11325186.0000     1.0000 -4598522.5000 -552005.1250 11982166.0000     1.0000 3464532.7500 1474976.6250 -6276286.0000     1.0000 -961945.0000 -626768.6250 1112911.3750     1.0000 -2111345.5000 -1177251.3750 3017895.2500     1.0000
1120363.5000 922771.3125 -3322440.0000     1.0000 -1005564.8750 -1153805.1250 4075097.5000     1.0000 698452.6250 508230.2813 -1844777.0000     1.0000 -242368.1250 76030.5859 20996.3125     1.0000 -224211.8125 -101070.8125 -4541.9326     1.0000 443798.9063 22920.6758 -3238.4321     1.0000 -337979.1250 97999.8984 39261.2539     1.0000 130159.4297 -203522.5156 -43723.4648     1.0000 -20785.5488 188902.2969 23283.1621     1.0000     0.0000 -43882.0391 37531.8750     1.0000     0.0000 -155719.9688 -90522.8438     1.0000     0.0000 332013.8125 142823.0469     1.0000 -27171.0000 -460059.0000 -165903.0781     1.0000 127925.5859 519149.8438 178323.8125     1.0000 -213250.1719 -432706.7500 -157699.6406     1.0000 97715.7031 239890.2188 165199.9844     1.0000 134701.8125 -111145.8594 -204620.9844     1.0000 -206100.2500 112017.2578 251212.1875     1.0000 106130.0469 -70563.6719 -172004.1875     1.0000 -19951.7793 -156195.6719 -5376.3062     1.0000     0.0000 417223.7188 119367.4688     1.0000     0.0000 -419641.8750  8606.1338     1.0000     0.0000 91892.0313 -291984.7813     1.0000     0.0000 291104.9063 495704.9375     1.0000 -26131.6309 -480493.7813 -462774.7500     1.0000 150662.2188 452845.3750 236757.4531     1.0000 -362921.7813 -293088.1563 112360.1250     1.0000 467634.5625 -16070.6436 -604622.8125     1.0000 -340014.5313 349299.2813 1055388.7500     1.0000 107218.3047 -468359.8438 -1150953.6250     1.0000 124975.5938 359903.7500 868838.1250     1.0000 -357870.5000 -295809.7188 -590134.2500     1.0000 467907.0313 401018.8750 519935.7813     1.0000 -345356.3438 -574616.9375 -616135.7500     1.0000 112446.7891 576613.4375 656888.0000     1.0000 95920.0547 -247067.1094 -477769.6250     1.0000 -234802.6094 -136188.1563 135616.4531     1.0000 233491.3125 92441.9531 119589.5391     1.0000 -93230.4922 319458.9688 -287326.0625     1.0000 -92934.6563 -518978.2188 570708.0000     1.0000 233292.8750 220351.1094 -940490.9375     1.0000 -234725.3750 296431.0313 1019274.5000     1.0000 95670.7344 -568438.0000 -567111.6250     1.0000 113326.0391 530019.6875 102205.7578     1.0000 -346545.2500 -416658.0938 -260955.1875     1.0000 467361.7188 412474.5313 937188.0000     1.0000 -354924.1875 -509282.5625 -1492845.3750     1.0000 143846.0469 546115.9375 1583257.8750     1.0000 -46756.3711 -364224.6250 -1123183.6250     1.0000 136594.9375 319744.5313 584490.3750     1.0000 -345930.6875 -790584.8125 -423304.4688     1.0000 466726.5000 1377813.8750 345913.1875     1.0000 -353618.0000 -1385242.3750 338135.8125     1.0000 119549.3672 841646.0000 -1342412.7500     1.0000 115288.7891 -167081.9531 2159696.2500     1.0000 -349424.8125 -303069.1250 -2519383.0000     1.0000 466048.6563 404104.5938 2581745.0000     1.0000 -348006.4063 -145076.1719 -2285353.7500     1.0000 137836.2188 -68629.7969 1825519.8750     1.0000 -22604.2285 122368.3516 -728261.1875     1.0000 -50890.6172 -49542.0703 -423354.7500     1.0000 130330.9922 -129517.6250 -128163.3984     1.0000 -53511.3711 92972.6250 349656.8438     1.0000 -104407.9844 156864.1875 496968.9688     1.0000
1941771.2500 1886558.1250 -6417388.5000     1.0000 -1424472.6250 -2237234.5000 7883051.0000     1.0000 1279451.0000 1068737.6250 -3573352.5000     1.0000 -1091285.2500 -63978.7539 21409.0566     1.0000 420946.4688 -63664.5391 -19671.2207     1.0000 506345.3125 252939.3906 104058.3516     1.0000 -1125106.1250 -558567.5625 -203909.3594     1.0000 1078129.5000 791442.1250 326925.0000     1.0000 -390448.4063 -883913.1875 -370274.9688     1.0000 -533955.8125 836660.8750 353449.1875     1.0000 1190131.7500 -804061.0000 -339636.9375     1.0000 -1381916.2500 887665.3125 399013.8438     1.0000 1162497.6250 -1049826.5000 -479982.2188     1.0000 -739788.7500 1223450.8750 557980.8125     1.0000 500565.6875 -1256731.5000 -598276.8750     1.0000 -516017.9375 1185130.2500 657767.8125     1.0000 440616.3125 -1131857.0000 -686588.9375     1.0000 -146034.3125 1165922.3750 707164.8125     1.0000 -223014.7813 -1170728.1250 -682910.0625     1.0000 422936.9063 1162550.2500 713747.6875     1.0000 -125174.3047 -1134410.7500 -726011.0000     1.0000 -591426.1250 1067039.0000 756064.5625     1.0000 1142135.1250 -929498.6250 -810098.9375     1.0000 -1069374.0000 864115.8750 1108810.2500     1.0000 427819.6875 -1068976.7500 -1655082.5000     1.0000 179870.1406 1381091.1250 2178544.2500     1.0000 -96163.0391 -1290199.3750 -2126415.7500     1.0000 -524468.6250 503784.7500 1361883.0000     1.0000 883571.6875 596520.3125 -273028.5625     1.0000 -655663.1250 -1241240.8750 -527854.0000     1.0000 249289.0313 995977.4375 827733.0000     1.0000 -92053.1172 -587903.3750 -1062270.7500     1.0000 300632.5313 1039285.0625 1738390.0000     1.0000 -720280.8750 -2157439.7500 -2568582.7500     1.0000 923370.6875 2717291.5000 2589185.7500     1.0000 -718727.8750 -2477349.0000 -1825523.2500     1.0000 502154.7813 2188342.5000 1455166.8750     1.0000 -511660.4063 -1967452.2500 -2010527.5000     1.0000 504116.5313 1277459.1250 2371400.2500     1.0000 -460569.7500 -489865.2188 -1889148.6250     1.0000 510442.7813 461178.0625 1254374.1250     1.0000 -457208.4063 -975888.5000 -1060716.5000     1.0000 224338.7969 1128242.5000 1107158.1250     1.0000 -91613.6641 -951369.0625 -1547424.2500     1.0000 281378.7813 1311336.0000 2696108.7500     1.0000 -697141.8125 -2097207.7500 -3803545.7500     1.0000 876879.6250 2220760.5000 3582054.0000     1.0000 -411429.0313 -1433303.5000 -2107883.7500     1.0000 -418149.4688 751026.6875 836884.5000     1.0000 877260.6875 -728388.7500 -376732.9688     1.0000 -692208.0625 964747.8750 296159.4063     1.0000 277107.6875 -1055547.5000 -596543.9375     1.0000 -92191.8828 1194957.6250 1958641.6250     1.0000 230053.8281 -1371400.5000 -3490586.2500     1.0000 -460755.0000 1280246.3750 3472112.7500     1.0000 461137.5938 -954197.5000 -2004509.7500     1.0000 -184051.1875 975190.3125 1409111.1250     1.0000 -185777.4688 -1463043.8750 -2516273.2500     1.0000 461735.1875 1829871.0000 3929149.5000     1.0000 -458715.5000 -1479938.3750 -3978038.2500     1.0000 323022.7188 837941.0625 3508481.5000     1.0000 -300006.6563 -742920.7500 -4595463.5000     1.0000 113649.2422 311016.6563 1995663.8750     1.0000 221926.5938 587666.5625 3726842.2500     1.0000
-345265.1250 439205.6250 -626254.1875     1.0000 139763.6563 -399562.1563 801857.6875     1.0000 -248335.5469 270900.0000 -339165.1875     1.0000 558617.5000 -320498.0313 -55281.4023     1.0000 -992764.4375 635151.0000 96635.2422     1.0000 1238063.6250 -974573.9375 -126580.1250     1.0000 -925370.5625 1242096.8750 156634.6719     1.0000 305996.4375 -1405092.8750 -215594.5000     1.0000 313627.6563 1458870.1250 285372.8750     1.0000 -932988.2500 -1408603.1250 -292972.0000     1.0000 1175317.2500 1285432.5000 212395.0000     1.0000 -548656.4375 -1146096.7500 -105330.1328     1.0000 -565970.7500 976001.5625 17577.8359     1.0000 1114329.0000 -625866.1875 99853.9531     1.0000 -610799.3750 28354.1289 -297893.3438     1.0000 -253951.8281 536691.0625 495866.7500     1.0000 619135.2500 -689573.0625 -529964.9375     1.0000 -619232.2500 551016.6250 432766.8125     1.0000 682209.7500 -715220.5000 -483516.5625     1.0000 -679970.6875 1214522.0000 723896.5000     1.0000 619215.0000 -1246855.2500 -795884.0000     1.0000 -619177.1250 725079.7500 646367.1250     1.0000 303906.2813 -613392.7500 -714213.8750     1.0000 252186.8281 967760.3125 999303.3125     1.0000 -180079.6875 -830924.1875 -912583.6875     1.0000 -628208.1875 263176.3750 451319.8438     1.0000 1177574.8750 -320151.3438 -536258.0625     1.0000 -986229.6875 1250501.5000 1715127.7500     1.0000 743035.8125 -1972576.6250 -3041955.2500     1.0000 -1058170.5000 1234880.6250 2796838.0000     1.0000 1614309.5000 884165.6875 -564602.2500     1.0000 -1857568.5000 -2710374.7500 -1790128.8750     1.0000 1542483.8750 2482030.2500 1916331.6250     1.0000 -608238.9375 -189749.3906 396114.8125     1.0000 -630114.1250 -2470182.5000 -3187630.0000     1.0000 1490404.5000 3958166.0000 4716286.5000     1.0000 -1544651.0000 -3800130.0000 -4690908.0000     1.0000 1047122.3125 2179453.2500 3350401.2500     1.0000 -743096.5625 41162.0273 -1036040.5625     1.0000 995196.3750 -1530738.7500 -1060287.2500     1.0000 -1175202.1250 1407524.5000 1468500.5000     1.0000 609877.1250 186015.9063 -233212.9688     1.0000 254629.6250 -2191491.0000 -1451320.7500     1.0000 -555961.0000 3377085.7500 3173072.5000     1.0000 305920.5000 -3068179.5000 -4801421.0000     1.0000 -60686.8828 1388106.5000 4964819.5000     1.0000 -63295.8672 649284.6250 -2591354.0000     1.0000 377100.9688 -1505999.1250 -448783.3750     1.0000 -935805.3750 339641.0938 712691.0625     1.0000 1238084.6250 2046183.3750 2345889.7500     1.0000 -984544.1875 -3999499.0000 -5770700.0000     1.0000 743391.2500 4779749.5000 7525302.0000     1.0000 -997477.0000 -4631550.5000 -7980292.0000     1.0000 1174130.1250 3380222.7500 6973073.0000     1.0000 -603933.3125 -857373.3750 -3781092.5000     1.0000 -195015.3438 -1316250.1250 -46920.0391     1.0000 238764.5781 1011905.8125 1842576.2500     1.0000 320200.0313 831379.4375 -1601997.3750     1.0000 -554460.8750 -748157.9375 1792951.3750     1.0000 302328.8750 -2076199.6250 -3499200.2500     1.0000 -124219.4531 4123717.5000 4930478.5000     1.0000 172349.9688 -3049742.7500 -4320146.0000     1.0000 -77179.2500 649579.0625 1237284.5000     1.0000 -142484.2500 1605102.8750 2679430.0000     1.0000
    0.0000     0.0000     0.0000     0.0000     0.0000     0.0000     0.0000     0.0000     0.0000     0.0000     0.0000     0.0000     0.0000     0.0000     0.0000     0.0000     0.0000     0.0000     0.0000     0.0000     0.0000     0.0000     0.0000     0.0000     0.0000     0.0000     0.0000     0.0000     0.0000     0.0000     0.0000     0.0000     0.0000     0.0000     0.0000     0.0000     0.0000     0.0000     0.0000     0.0000     0.0000     0.0000     0.0000     0.0000     0.0000     0.0000     0.0000     0.0000     0.0000     0.0000     0.0000     0.0000     0.0000     0.0000     0.0000     0.0000     0.0000     0.0000     0.0000     0.0000     0.0000     0.0000     0.0000     0.0000     0.0000     0.0000     0.0000     0.0000     0.0000     0.0000     0.0000     0.0000     0.0000     0.0000     0.0000     0.0000     0.0000     0.0000     0.0000     0.0000     0.0000     0.0000     0.0000     0.0000     0.0000     0.0000     0.0000     0.0000     0.0000     0.0000     0.0000     0.0000     0.0000     0.0000     0.0000     0.0000     0.0000     0.0000     0.0000     0.0000     0.0000     0.0000     0.0000     0.0000     0.0000     0.0000     0.0000     0.0000     0.0000     0.0000     0.0000     0.0000     0.0000     0.0000     0.0000     0.0000     0.0000     0.0000     0.0000     0.0000     0.0000     0.0000     0.0000     0.0000     0.0000     0.0000     0.0000     0.0000     0.0000     0.0000     0.0000     0.0000     0.0000     0.0000     0.0000     0.0000     0.0000     0.0000     0.0000     0.0000     0.0000     0.0000     0.0000     0.0000     0.0000     0.0000     0.0000     0.0000     0.0000     0.0000     0.0000     0.0000     0.0000     0.0000     0.0000     0.0000     0.0000     0.0000     0.0000     0.0000     0.0000     0.0000     0.0000     0.0000     0.0000     0.0000     0.0000     0.0000     0.0000     0.0000     0.0000     0.0000     0.0000     0.0000     0.0000     0.0000     0.0000     0.0000     0.0000     0.0000     0.0000     0.0000     0.0000     0.0000     0.0000     0.0000     0.0000     0.0000     0.0000     0.0000     0.0000     0.0000     0.0000     0.0000     0.0000     0.0000     0.0000     0.0000     0.0000     0.0000     0.0000     0.0000     0.0000     0.0000     0.0000     0.0000     0.0000     0.0000     0.0000     0.0000     0.0000     0.0000     0.0000     0.0000     0.0000     0.0000     0.0000     0.0000     0.0000     0.0000     0.0000     0.0000     0.0000     0.0000     0.0000     0.0000     0.0000     0.0000     0.0000     0.0000     0.0000     0.0000     0.0000     0.0000     0.0000     0.0000     0.0000     0.0000     0.0000     0.0000     0.0000     0.0000     0.0000     0.0000     0.0000     0.0000     0.0000     0.0000     0.0000     0.0000     0.0000     0.0000     0.0000     0.0000     0.0000     0.0000
-347006.7188 274054.3438 -1168978.2500     1.0000 140514.2656 -486896.7188 1440231.5000     1.0000 -249629.2813 122223.9531 -648231.3125     1.0000 499216.1250 148085.5000  7401.3052     1.0000 -686412.5625 -24792.0391 10962.6025     1.0000 623852.3750 -120412.9063 -21307.3984     1.0000 -311851.6875 179948.6094 12785.5664     1.0000 124703.9922 -141042.2813 16555.2715     1.0000 -311750.2188 98901.1797 -53367.4258     1.0000 623850.3750 -159301.9219 53483.8008     1.0000 -624465.6250 404584.3438 33143.3711     1.0000 312699.7188 -757812.3125 -152243.2656     1.0000 -124593.2109 882605.0000 166384.7969     1.0000 372267.4375 -572399.6250 -46113.2148     1.0000 -933122.6875 92882.9141 -117017.8203     1.0000 1248352.8750 187296.0313 274238.9063     1.0000 -1001589.0000 -344458.4063 -431197.0938     1.0000 748217.0000 678868.7500 519681.2500     1.0000 -1055129.0000 -1108350.0000 -476305.9688     1.0000 1617600.2500 1238122.7500 391431.6250     1.0000 -1872079.7500 -935423.7500 -353132.0000     1.0000 1567786.1250 331913.8125 163189.0469     1.0000 -640730.8125 469621.4688 385649.1250     1.0000 -545746.0000 -1140305.6250 -982226.6875     1.0000 1123823.0000 1115556.3750 1028479.0000     1.0000 -580635.9375 -365964.0313 -431818.7500     1.0000 -541887.1250 -398741.2500 -316742.5938     1.0000 1183652.1250 584175.1250 749193.8750     1.0000 -948449.9375 -294793.9688 -745530.0625     1.0000 384637.4063 -25048.2930 493347.8438     1.0000 -65042.5781 109473.9219 -478174.6563     1.0000     0.0000 137387.2969 1146240.0000     1.0000 -59398.3789 -581502.3750 -2152709.0000     1.0000 302785.5000 736492.6250 2497265.2500     1.0000 -558476.4375 -321872.1250 -1798261.1250     1.0000 328074.3750 -253052.4063 827686.7500     1.0000 236461.2969 318276.1250 -520051.9063     1.0000 -262848.8438 304983.5000 959172.0000     1.0000 -295047.2813 -948301.6250 -1462348.5000     1.0000 682946.3125 996038.3750 1456597.6250     1.0000 -984956.3125 -965512.6875 -973921.0625     1.0000 1542605.6250 1362676.5000 339133.8125     1.0000 -1516935.0000 -1222684.6250 298379.3750     1.0000 296199.4063 -191662.1875 -901064.9375     1.0000 1155459.8750 1622096.5000 1507033.8750     1.0000 -1805814.5000 -1697494.7500 -2094013.7500     1.0000 1634276.3750 853639.0625 2212066.2500     1.0000 -1016133.7500 -156537.2500 -1540438.0000     1.0000 326287.3125 -122799.5547 658101.8750     1.0000 298891.5313 360681.3750 42368.4023     1.0000 -923287.4375 -811729.6250 -999584.4375     1.0000 1246860.8750 1078085.0000 2146597.2500     1.0000 -945750.1250 -655616.4375 -2487633.5000     1.0000 381955.7500 -32549.5664 1694671.6250     1.0000 -125427.4453 124526.0859 -471244.7188     1.0000 370519.5938 546312.0000 -543221.8125     1.0000 -931588.0625 -1506695.8750 1246469.7500     1.0000 1246285.5000 2183861.0000 -1524287.3750     1.0000 -998317.3125 -2143512.7500 1059668.7500     1.0000 750575.5000 1615861.6250 441566.9375     1.0000 -1193533.1250 -1465541.3750 -2316478.2500     1.0000 1650020.8750 1480415.7500 2246266.0000     1.0000 -607722.0625 -495607.4375 -503768.4375     1.0000 -1188622.2500 -1003275.8125 -1206603.6250     1.0000
2799529.5000 736694.0000 -584275.2500     1.0000 -1944070.0000 -794914.5625 718891.8125     1.0000 1852051.7500 431225.4063 -324482.5938     1.0000 -1648316.8750 -142264.9844 11037.8516     1.0000 662184.1250 76066.5859 -27456.1152     1.0000 654272.2500 198034.8125 99969.3984     1.0000 -1644391.8750 -834910.9375 -258342.9063     1.0000 1812925.7500 1695147.7500 467900.6875     1.0000 -1646127.3750 -2450420.2500 -680273.1875     1.0000 1809488.2500 2825660.7500 862635.1875     1.0000 -1813611.6250 -2848477.5000 -991339.9375     1.0000 1808150.2500 2957377.5000 1110061.6250     1.0000 -2785736.5000 -3383001.5000 -1333437.7500     1.0000 4108430.7500 3812336.2500 1665592.7500     1.0000 -3965000.5000 -3924136.7500 -1884624.2500     1.0000 1680310.0000 3521237.0000 1718933.7500     1.0000 1611347.0000 -2576209.2500 -1182904.1250     1.0000 -3937376.0000 1669937.1250 587065.7500     1.0000 4128961.0000 -1475247.6250 -209913.8750     1.0000 -2820071.7500 1769186.6250 94019.2422     1.0000 1975224.7500 -1774610.1250 -101287.5078     1.0000 -2775895.5000 1290006.5000 100913.6563     1.0000 4102385.0000 -976826.1250 -195470.6094     1.0000 -3972149.5000 1604621.0000 727962.3750     1.0000 1698249.6250 -3148344.5000 -1897291.1250     1.0000 1593732.3750 4652010.0000 3271329.0000     1.0000 -4089438.5000 -4947712.5000 -3858967.0000     1.0000 5098838.0000 3478058.0000 2896433.5000     1.0000 -5110025.5000 -763876.5625 -624354.7500     1.0000 4304118.5000 -1610942.3750 -1733051.5000     1.0000 -2669505.2500 2255969.7500 3114764.0000     1.0000 852713.3750 -1815147.5000 -3884770.0000     1.0000 793761.3125 2317255.2500 5114353.5000     1.0000 -2440095.0000 -3997383.2500 -6275797.5000     1.0000 3292740.5000 4895166.5000 5770758.5000     1.0000 -2499156.0000 -4417389.0000 -4247906.5000     1.0000 852499.5625 4098710.7500 3626154.2500     1.0000 635697.6875 -3995705.7500 -2751909.7500     1.0000 -1634912.7500 2674668.2500 -346060.3438     1.0000 1816516.5000 -814130.5625 3153293.5000     1.0000 -1806656.2500 43328.4766 -2020097.3750     1.0000 2773866.0000 244991.1719 -1725680.1250     1.0000 -4100884.5000 -1129157.1250 4348761.5000     1.0000 3968849.5000 1499536.5000 -5223354.0000     1.0000 -1849632.3750 230152.1563 6095462.0000     1.0000 -472156.7813 -2835429.0000 -6890240.5000     1.0000 509927.4063 3387944.5000 6041762.5000     1.0000 1620081.2500 -1834583.0000 -4684306.0000     1.0000 -2960922.0000 1119850.0000 6074937.5000     1.0000 1500730.5000 -2396456.5000 -9863984.0000     1.0000 1464601.7500 3747029.5000 11809144.0000     1.0000 -2960259.0000 -3525146.7500 -10027098.0000     1.0000 1649819.0000 2173493.0000 7150227.5000     1.0000 656472.8750 -1056573.8750 -5651869.5000     1.0000 -1645228.8750 454618.0938 4606443.0000     1.0000 1648101.7500 737271.3750 -1877561.3750     1.0000 -1812626.0000 -2277403.0000 -829911.1250     1.0000 1638510.1250 1843626.7500 -2153059.7500     1.0000 -812064.0000 1379123.3750 12449599.0000     1.0000 331347.1250 -4428062.5000 -21802110.0000     1.0000 -1185908.8750 3240705.5000 19983342.0000     1.0000 2314865.7500 580700.3125 -9890256.0000     1.0000 -933073.8750 -828068.7500 1604573.6250     1.0000 -1782974.3750 -1208565.3750 4564885.5000     1.0000
-264440.1250 910943.8125 -3329738.7500     1.0000 222741.4063 -1135894.8750 4082244.7500     1.0000 -167881.7969 502369.3438 -1849207.0000     1.0000 90835.1875 63404.1484 20369.4785     1.0000 -22106.5762 -80661.5469  2698.8618     1.0000     0.0000 18016.2246 -12477.6797     1.0000     0.0000 61858.4258 41268.7109     1.0000     0.0000 -117165.7734 -34362.6602     1.0000     0.0000 68617.5078  4012.6279     1.0000     0.0000 84996.8672 62044.7734     1.0000 -26968.7949 -280112.6250 -112130.2578     1.0000 154508.4219 461355.4375 159047.6094     1.0000 -367869.4063 -601420.1875 -176935.3594     1.0000 466157.6875 628571.8125 165503.3906     1.0000 -331760.5000 -461098.6250 -102019.3125     1.0000 125797.1094 238604.6563 89706.1875     1.0000 -19864.5957 -189012.7031 -147731.5625     1.0000     0.0000 277064.5625 218837.5781     1.0000     0.0000 -187234.3281 -157682.4688     1.0000     0.0000 -218176.5469  4818.2554     1.0000     0.0000 628445.8125 83731.6719     1.0000 -26653.1758 -654149.8125 49011.2383     1.0000 126252.9375 279587.4688 -307083.9688     1.0000 -213347.5781 182028.1563 495899.7188     1.0000 102713.5703 -491858.6250 -510741.3438     1.0000 130381.7500 511355.9375 333098.8750     1.0000 -208001.0938 -195678.1094 66947.9531     1.0000 109798.0078 -343721.0625 -650821.8125     1.0000 -21144.3457 751074.6875 1136239.6250     1.0000     0.0000 -746524.0000 -1243140.6250     1.0000     0.0000 388374.4375 955860.6250     1.0000     0.0000 -28332.8965 -590232.1875     1.0000 -24404.1250 -99364.5391 397643.3750     1.0000 143871.5000 44967.6328 -424457.2500     1.0000 -354663.3438 -23830.8008 455704.1250     1.0000 467934.1875 103043.7969 -353560.4063     1.0000 -348476.0313 -138695.0625 149944.5313     1.0000 138869.7500 62188.0234 70657.7422     1.0000 -46359.9453 -32903.8125 -376878.4063     1.0000 139289.6719 288397.5625 868426.3125     1.0000 -349032.0625 -776876.3125 -1403471.0000     1.0000 467689.1875 1131837.3750 1534011.7500     1.0000 -353345.0625 -1083015.7500 -1020593.1250     1.0000 142669.5781 749947.5625 425001.9375     1.0000 -46562.0352 -339761.1563 -427012.6875     1.0000 136635.3594 171355.7031 1042168.5000     1.0000 -368269.2188 -494503.7188 -1708334.5000     1.0000 603568.3750 988320.8125 1946850.5000     1.0000 -700673.3125 -1039642.7500 -1518871.0000     1.0000 610844.4375 750159.7500 869544.6875     1.0000 -378921.9063 -645167.3750 -509870.3750     1.0000 143478.6875 766757.6875 283040.5313     1.0000 -24143.7910 -704297.8750 412690.3750     1.0000     0.0000 376319.3438 -1310131.6250     1.0000     0.0000 -20524.7148 1864761.8750     1.0000     0.0000 -102189.1094 -1832934.8750     1.0000     0.0000 -31862.1875 1660026.5000     1.0000     0.0000 300653.8750 -1513796.2500     1.0000     0.0000 -337475.3750 1507259.6250     1.0000     0.0000 69524.1016 -1008753.3750     1.0000 -25458.2344 334829.6875 498332.6250     1.0000 65172.1680 -566505.6875 -1253196.2500     1.0000 -26735.7227 216362.7969 697889.1875     1.0000 -52193.3906 432878.9688 1248083.1250     1.0000
715606.3125 1880766.2500 -6419317.5000     1.0000 -94013.5859 -2223876.5000 7885702.5000     1.0000 560427.5625 1066801.2500 -3574372.5000     1.0000 -1203984.5000 -77950.9219 20446.4219     1.0000 1130893.7500 -49081.0195 -15546.5938     1.0000 -463946.3750 276256.8750 94292.7188     1.0000 -161037.7813 -642148.5625 -187162.1875     1.0000 102344.6953 886072.5000 301515.4063     1.0000 568390.1875 -934203.0000 -335261.8125     1.0000 -1187591.8750 844912.3125 307742.0313     1.0000 1381879.7500 -796949.3750 -288422.0313     1.0000 -1108493.2500 936025.3125 372970.5000     1.0000 372115.9063 -1245190.1250 -524928.2500     1.0000 549836.6250 1553533.0000 686491.4375     1.0000 -1196938.7500 -1623864.8750 -769864.8750     1.0000 1438480.6250 1513576.6250 827314.5000     1.0000 -1475958.8750 -1411788.3750 -854894.1875     1.0000 1419532.2500 1441482.6250 891858.8750     1.0000 -1103024.7500 -1399610.0000 -850318.3125     1.0000 420427.5000 1248235.1250 811956.6875     1.0000 183199.6563 -1228311.8750 -798983.3750     1.0000 -144904.8281 1447461.1250 925348.8125     1.0000 -275479.5938 -1548654.6250 -1105682.6250     1.0000 460380.1875 1380679.2500 1413782.0000     1.0000 -517045.6875 -1251288.5000 -1857966.6250     1.0000 827039.6250 1342014.6250 2301802.2500     1.0000 -1231754.1250 -1407988.6250 -2284084.5000     1.0000 1383467.7500 1015140.7500 1619165.7500     1.0000 -1115100.1250 -40152.4648 -521561.0625     1.0000 389095.6250 -999845.4375 -488416.5313     1.0000 476808.3438 1288899.2500 1029081.9375     1.0000 -883250.6250 -942854.7500 -1340142.6250     1.0000 713737.3125 816942.3125 1966769.6250     1.0000 -501202.5313 -1216791.0000 -2755966.0000     1.0000 461780.5000 1445393.3750 2768180.0000     1.0000 -156806.8281 -1102653.6250 -1939282.0000     1.0000 -496735.3125 640499.6875 1391138.7500     1.0000 881804.1875 -584676.4375 -1787636.3750     1.0000 -723845.9375 680620.1875 2108469.7500     1.0000 552154.6875 -475135.3438 -1491555.7500     1.0000 -797378.3125 173249.2344 554763.3125     1.0000 1209239.0000 -211261.0313 -242832.0938     1.0000 -1384368.0000 338895.8750 373838.9063     1.0000 1145922.2500 -396900.6250 -653137.5000     1.0000 -496013.1250 970614.7500 1383218.3750     1.0000 -144721.7656 -1760974.6250 -2247564.7500     1.0000 182687.6406 1657282.6250 2124599.5000     1.0000 187246.7031 -1038473.1250 -1067314.8750     1.0000 -184271.6719 1322086.2500 584411.7500     1.0000 -185407.9375 -2133871.7500 -985436.0000     1.0000 185224.7188 2069655.6250 1185869.1250     1.0000 230077.7344 -1263212.8750 -1067257.2500     1.0000 -415465.6563 1038071.8750 1971546.5000     1.0000 185258.7031 -1575412.1250 -3625133.2500     1.0000 229993.1094 2110293.2500 4259740.5000     1.0000 -691398.6250 -2251664.7500 -3449729.7500     1.0000 875295.7500 2200007.0000 2939505.5000     1.0000 -411616.3750 -1863064.1250 -3229017.0000     1.0000 -466476.5313 1063402.6250 3275679.7500     1.0000 1156659.1250 -45844.0352 -2254715.7500     1.0000 -1286889.2500 -397654.6250 1461388.5000     1.0000 851560.1250 -152967.0156 -3011431.5000     1.0000 -187877.0469 219956.0313 1578100.2500     1.0000 -456980.2188 321327.5938 2789601.5000     1.0000
349285.0000 605206.8125 -639768.8750     1.0000 -625499.6875 -492481.9688 812504.3750     1.0000 152988.6250 385078.4375 -347835.8125     1.0000 122408.5000 -483751.8750 -47699.9102     1.0000 249387.0938 750698.7500 96011.9531     1.0000 -244978.5469 -908134.5000 -142205.5625     1.0000 -312714.2500 1023477.6250 186050.1719     1.0000 556329.4375 -1212963.8750 -243147.6719     1.0000 -244504.8750 1359047.1250 298042.7500     1.0000 -313882.9063 -1309202.5000 -302608.2813     1.0000 933222.8750 1143548.7500 248605.6719     1.0000 -1238204.3750 -992923.6875 -180911.0000     1.0000 986794.8125 779130.2500 120931.3516     1.0000 -680211.2500 -295346.2188 -2378.1379     1.0000 682121.4375 -490084.5625 -244192.7188     1.0000 -617016.9375 1223160.7500 519099.4688     1.0000 306385.8750 -1446404.5000 -616519.5625     1.0000 -60848.7383 1244853.8750 558766.5000     1.0000     0.0000 -1189227.3750 -587334.3750     1.0000     0.0000 1379038.1250 723774.3750     1.0000 -63047.4648 -1321416.8750 -751590.5625     1.0000 312970.9375 995112.6875 721548.7500     1.0000 -558377.6250 -890844.3125 -911749.4375     1.0000 303967.5313 964639.3750 1170310.2500     1.0000 315185.2188 -809610.5000 -1027395.1875     1.0000 -556146.8125 584179.6875 629070.7500     1.0000 306262.5625 -862528.9375 -799677.3125     1.0000 -123840.7656 1746729.7500 1901870.6250     1.0000 312898.5938 -2376394.5000 -3011304.5000     1.0000 -558363.8125 1775907.8750 2639115.5000     1.0000 304142.7813 -216035.5469 -564749.1250     1.0000 315014.5625 -1079535.8750 -1483970.3750     1.0000 -556182.9375 1098845.0000 1605253.0000     1.0000 306363.1250 392880.3438 237996.5938     1.0000 -60845.9531 -2482278.7500 -2520974.0000     1.0000     0.0000 3678084.2500 3995480.0000     1.0000     0.0000 -3295940.0000 -4360257.5000     1.0000 -63022.9922 1618503.5000 3410326.2500     1.0000 312901.5313 734974.8125 -1100888.6250     1.0000 -558314.5000 -2604037.5000 -1246224.0000     1.0000 303911.4063 2540604.0000 1717139.3750     1.0000 315219.1250 -524780.9375 -218767.0156     1.0000 -556017.1250 -1764254.8750 -1709971.2500     1.0000 306055.6563 3010855.5000 3240762.7500     1.0000 -123923.8359 -3086552.0000 -4370617.0000     1.0000 313428.4688 2094355.5000 4364830.5000     1.0000 -558402.6875 -108172.8125 -2258633.0000     1.0000 302658.4375 -2099838.5000 -849480.9375     1.0000 316416.8750 2817510.5000 1801775.6250     1.0000 -555592.4375 -995358.2500 764116.3125     1.0000 305078.7188 -2017313.1250 -4305720.0000     1.0000 -124021.3516 3840862.2500 6124099.5000     1.0000 378475.0000 -3454692.5000 -6132922.0000     1.0000 -1001366.1875 1227374.3750 4600834.5000     1.0000 1553239.1250 1731684.1250 -1446956.3750     1.0000 -1477619.3750 -3561308.5000 -1696634.7500     1.0000 597992.3750 2661279.0000 2418978.7500     1.0000 641021.8125 314284.6563 -684853.0625     1.0000 -1494782.5000 -2307368.2500 -697696.2500     1.0000 1539990.7500 1076702.5000 -251477.4531     1.0000 -1298694.7500 1511957.3750 1469164.0000     1.0000 1222504.1250 -2090928.2500 -1038457.6250     1.0000 -429478.4688 577543.6875 170146.9688     1.0000 -859800.6875 1269671.8750 481279.5313     1.0000
    0.0000     0.0000     0.0000     0.0000     0.0000     0.0000     0.0000     0.0000     0.0000     0.0000     0.0000     0.0000     0.0000     0.0000     0.0000     0.0000     0.0000     0.0000     0.0000     0.0000     0.0000     0.0000     0.0000     0.0000     0.0000     0.0000     0.0000     0.0000     0.0000     0.0000     0.0000     0.0000     0.0000     0.0000     0.0000     0.0000     0.0000     0.0000     0.0000     0.0000     0.0000     0.0000     0.0000     0.0000     0.0000     0.0000     0.0000     0.0000     0.0000     0.0000     0.0000     0.0000     0.0000     0.0000     0.0000     0.0000     0.0000     0.0000     0.0000     0.0000     0.0000     0.0000     0.0000     0.0000     0.0000     0.0000     0.0000     0.0000     0.0000     0.0000     0.0000     0.0000     0.0000     0.0000     0.0000     0.0000     0.0000     0.0000     0.0000     0.0000     0.0000     0.0000     0.0000     0.0000     0.0000     0.0000     0.0000     0.0000     0.0000     0.0000     0.0000     0.0000     0.0000     0.0000     0.0000     0.0000     0.0000     0.0000     0.0000     0.0000     0.0000     0.0000     0.0000     0.0000     0.0000     0.0000     0.0000     0.0000     0.0000     0.0000     0.0000     0.0000     0.0000     0.0000     0.0000     0.0000     0.0000     0.0000     0.0000     0.0000     0.0000     0.0000     0.0000     0.0000     0.0000     0.0000     0.0000     0.0000     0.0000     0.0000     0.0000     0.0000     0.0000     0.0000     0.0000     0.0000     0.0000     0.0000     0.0000     0.0000     0.0000     0.0000     0.0000     0.0000     0.0000     0.0000     0.0000     0.0000     0.0000     0.0000     0.0000     0.0000     0.0000     0.0000     0.0000     0.0000     0.0000     0.0000     0.0000     0.0000     0.0000     0.0000     0.0000     0.0000     0.0000     0.0000     0.0000     0.0000     0.0000     0.0000     0.0000     0.0000     0.0000     0.0000     0.0000     0.0000     0.0000     0.0000     0.0000     0.0000     0.0000     0.0000     0.0000     0.0000     0.0000     0.0000     0.0000     0.0000     0.0000     0.0000     0.0000     0.0000     0.0000     0.0000     0.0000     0.0000     0.0000     0.0000     0.0000     0.0000     0.0000     0.0000     0.0000     0.0000     0.0000     0.0000     0.0000     0.0000     0.0000     0.0000     0.0000     0.0000     0.0000     0.0000     0.0000     0.0000     0.0000     0.0000     0.0000     0.0000     0.0000     0.0000     0.0000     0.0000     0.0000     0.0000     0.0000     0.0000     0.0000     0.0000     0.0000     0.0000     0.0000     0.0000     0.0000     0.0000     0.0000     0.0000     0.0000     0.0000     0.0000     0.0000     0.0000     0.0000     0.0000     0.0000     0.0000     0.0000     0.0000     0.0000     0.0000     0.0000     0.0000     0.0000     0.0000     0.0000
-4774804.0000 94672.1484 -1642169.7500     1.0000 3752092.5000 -430949.3125 2030844.1250     1.0000 -3072102.5000 -10179.1934 -908944.5000     1.0000 1579083.5000 203965.9844 -8517.6357     1.0000 527415.8125 252286.5156 42098.7109     1.0000 -526204.2500 -570088.0000 -37269.7148     1.0000 -1931981.3750 450365.5938 -22201.4531     1.0000 4213953.0000 -38293.9609 116400.6797     1.0000 -4390011.5000 -198042.0469 -192786.5938     1.0000 2985914.2500 -66710.1563 176892.9688     1.0000 -2106018.7500 578104.1250 -35463.4453     1.0000 2806365.2500 -779227.6250 -135902.0313     1.0000 -3337947.5000 625484.4375 211295.1250     1.0000 1765647.8750 -576932.7500 -191099.3281     1.0000 694639.1250 761877.5000 95099.6172     1.0000 -1582741.8750 -922980.2500 115789.8672     1.0000 710564.5000 831334.7500 -367883.5313     1.0000 692663.4375 -353875.3438 459820.4063     1.0000 -1750858.8750 -243690.9688 -335992.4375     1.0000 1762512.0000 424803.3438 170737.0313     1.0000 -887825.5625 -203282.0781 -124081.4141     1.0000 350468.1250 -121885.1016 31747.8066     1.0000 -865011.1875 592803.3750 345063.8125     1.0000 1576532.5000 -1173664.1250 -818777.8750     1.0000 -732862.1250 1529479.1250 975702.2500     1.0000 -1884322.5000 -1436968.7500 -749490.1875     1.0000 4362082.5000 1123013.2500 399402.5625     1.0000 -5267559.0000 -1190198.2500 -136872.5000     1.0000 4590324.0000 1794755.1250 -33213.8398     1.0000 -3017391.7500 -2129505.7500 84225.5234     1.0000 1937499.2500 1385197.3750 -25882.2383     1.0000 -1924193.8750 192129.3906 427773.9063     1.0000 1770894.6250 -1353224.5000 -1629301.2500     1.0000 -900794.8125 1058310.2500 2542736.7500     1.0000 350957.1250 116473.9297 -2191939.0000     1.0000 -1020885.5000 -940060.0000 1272415.7500     1.0000 2759430.5000 1399176.2500 -587275.2500     1.0000 -4531109.5000 -1796471.3750 95783.1250     1.0000 5434051.5000 1912080.6250 296002.2813     1.0000 -5618153.5000 -1949777.8750 -836495.8750     1.0000 5451034.0000 2080815.8750 1894591.1250     1.0000 -4431598.5000 -1586736.5000 -2787163.5000     1.0000 1840677.0000  2667.2070 2145113.7500     1.0000 1503294.3750 1800013.7500 -96095.1094     1.0000 -3326016.0000 -2411222.2500 -1187838.6250     1.0000 2673780.5000 1509183.0000 415478.5313     1.0000 -1085639.0000 -108406.0156 781429.3125     1.0000 351997.3125 -663619.2500 -307925.4375     1.0000 -856628.5000 430554.4063 -1534692.7500     1.0000 1740945.6250 41738.9609 3308277.2500     1.0000 -1937090.6250 420812.3750 -4805734.5000     1.0000 1927330.6250 -1099158.0000 6693409.0000     1.0000 -2959134.7500 37395.5469 -8341770.5000     1.0000 4545044.5000 2618967.5000 8223824.0000     1.0000 -5265433.5000 -4861132.0000 -6050898.0000     1.0000 4401732.5000 5267945.5000 2546902.0000     1.0000 -1775467.8750 -3404398.0000 1710922.0000     1.0000 -1741546.8750 170043.4531 -5297678.5000     1.0000 4385134.0000 2591389.7500 6379519.0000     1.0000 -5442415.0000 -4522645.0000 -4608785.0000     1.0000 5260189.0000 6397081.5000 1703224.5000     1.0000 -3750457.5000 -6591694.5000 -711456.1875     1.0000 957788.1875 2130074.5000 390845.5313     1.0000 2158640.5000 4360620.0000 674833.4375     1.0000
10841071.0000 1082643.0000 -773430.6250     1.0000 -9415197.0000 -1145044.7500 944035.7500     1.0000 6797396.5000 638209.1250 -430939.1250     1.0000 -3917489.7500 -221353.0625 31791.2441     1.0000 2391583.2500 98785.5469 -62143.3047     1.0000 -2174317.7500 370541.6875 167313.2656     1.0000 879854.5625 -1627282.0000 -424273.9063     1.0000 2375144.2500 3466580.7500 785577.7500     1.0000 -5209893.0000 -4921483.5000 -1100727.6250     1.0000 5442371.5000 5380200.0000 1282868.5000     1.0000 -3493832.5000 -5062187.0000 -1353413.5000     1.0000 1315352.8750 4382160.0000 1354225.2500     1.0000 -220294.2188 -3641669.2500 -1404214.3750     1.0000 -213662.9375 3063973.2500 1671589.6250     1.0000 1288816.1250 -2586371.7500 -2059234.2500     1.0000 -3240875.5000 2098592.5000 2200255.0000     1.0000 4348612.5000 -1936812.6250 -1962119.7500     1.0000 -3283794.0000 2426577.0000 1550671.2500     1.0000 1323149.2500 -3304675.5000 -1209682.3750     1.0000 -222245.4531 4093928.5000 1111574.6250     1.0000     0.0000 -4495576.5000 -1213759.7500     1.0000 -211631.9375 4292891.5000 1173872.1250     1.0000 1280744.2500 -3353079.7500 -878714.0625     1.0000 -3230762.0000 2199268.7500 989442.7500     1.0000 4137134.7500 -2166034.7500 -2311618.0000     1.0000 -2014466.5000 3845313.2500 4368310.0000     1.0000 -1897501.7500 -5618363.0000 -5198222.0000     1.0000 4123905.2500 4964478.0000 3132493.0000     1.0000 -3295126.0000 -1457942.5000 1134380.3750     1.0000 1332134.2500 -2376383.2500 -4695252.0000     1.0000 -224430.3125 3918651.2500 5665057.0000     1.0000     0.0000 -3423978.0000 -5584533.0000     1.0000     0.0000 3000691.2500 6650532.0000     1.0000     0.0000 -3231567.2500 -7639588.0000     1.0000 -210309.7813 2829649.7500 5970797.0000     1.0000 1275938.6250 -1617797.1250 -2832826.2500     1.0000 -3225085.0000 1135969.8750 1788319.8750     1.0000 4136283.2500 -1901736.7500 -2692805.2500     1.0000 -2017567.7500 2930183.5000 2187774.2500     1.0000 -1895366.7500 -4017875.2500 -199529.6250     1.0000 4122366.7500 5463927.5000 298824.0938     1.0000 -3291787.0000 -6177312.5000 -3255226.0000     1.0000 1117197.7500 5028042.0000 5716892.0000     1.0000 1058898.6250 -2807352.5000 -5483362.0000     1.0000 -3233597.2500 1171250.6250 4118028.7500     1.0000 4345829.5000 -466531.3750 -3639757.0000     1.0000 -3496202.7500 -865466.1875 3738228.0000     1.0000 2396779.5000 3388591.5000 -4536738.0000     1.0000 -2172591.7500 -3993538.0000 8552082.0000     1.0000 1099789.5000 432440.2813 -15232971.0000     1.0000 857588.2500 3351478.7500 18565466.0000     1.0000 -656920.0000 -2689837.7500 -15294172.0000     1.0000 -2164871.0000 -7665.9219 9875393.0000     1.0000 4126144.7500 194398.1094 -7001154.5000     1.0000 -3475514.2500 431464.8438 5304753.5000     1.0000 2612226.0000 2115682.7500 -1701988.8750     1.0000 -3487946.2500 -6150807.0000 -1270045.0000     1.0000 4343468.0000 6387720.0000 -4035084.5000     1.0000 -3237015.7500 -1364262.7500 20441970.0000     1.0000 1284033.6250 -4448691.0000 -36789984.0000     1.0000 -437320.7813 5756755.0000 36945252.0000     1.0000 602851.3750 -2971884.5000 -21987736.0000     1.0000 -271505.1563 417677.0938 4606316.0000     1.0000 -499473.7188 1285919.7500 11450852.0000     1.0000
451833.4688 1338147.6250 -4600799.5000     1.0000 -465866.4375 -1627548.7500 5647144.5000     1.0000 269088.0625 746179.3750 -2553456.2500     1.0000 -62401.4414 27318.3770 26334.5313     1.0000     0.0000 -45036.9180  3539.5713     1.0000     0.0000 -21038.4063 -20705.1914     1.0000     0.0000 89936.6875 68805.3906     1.0000     0.0000 -124569.3281 -69295.5078     1.0000     0.0000 42723.2109 30797.6934     1.0000 36461.8242 135756.2031 72843.0391     1.0000 -210304.6406 -303611.5313 -169623.4531     1.0000 540793.8750 410299.0938 262485.8125     1.0000 -854118.1250 -530598.5625 -314930.0313     1.0000 965383.3125 646227.3125 332892.7813     1.0000 -781501.0000 -569557.3750 -266668.0625     1.0000 275884.1250 321760.1875 225488.5000     1.0000 330224.0313 -195964.6875 -270652.5000     1.0000 -578653.6250 299065.3125 358407.4063     1.0000 249469.8750 -354765.9063 -270312.5938     1.0000 328604.5938 139696.9063 25176.0195     1.0000 -615714.0625 159285.4063 129019.1875     1.0000 462576.8438 -213503.6875 59097.4805     1.0000 -177560.9844 -34734.0820 -450777.3750     1.0000 28454.0156 262222.7188 709149.0000     1.0000     0.0000 -231788.6094 -664778.5000     1.0000     0.0000 20863.1953 373955.6875     1.0000     0.0000 214193.6719 145740.9531     1.0000 34840.3398 -488963.7813 -917481.8125     1.0000 -203100.1406 618160.0625 1576476.6250     1.0000 529077.4375 -374059.0313 -1617201.0000     1.0000 -845801.9375 -55765.7461 1038089.8125     1.0000 966406.6875 230660.2344 -488267.5000     1.0000 -831540.1875 -65246.7617 401247.3125     1.0000 507605.8750 -232527.6719 -686934.9375     1.0000 -188695.7344 420389.7188 889517.2500     1.0000 31207.5273 -405720.8125 -743958.0000     1.0000     0.0000 330241.5313 332617.4375     1.0000     0.0000 -368537.3438 95681.6016     1.0000     0.0000 493882.2500 -561542.7500     1.0000 31812.1816 -460904.0625 1296962.2500     1.0000 -191253.5781 -3663.1426 -2207150.5000     1.0000 480246.2500 826853.2500 2541808.0000     1.0000 -613228.8750 -1267335.8750 -1702272.6250     1.0000 298111.3125 812551.6875 446775.4375     1.0000 281035.5938  9259.4316 -100067.7109     1.0000 -611035.2500 -237315.0625 1002968.0625     1.0000 488876.7188 -284367.5000 -2145911.5000     1.0000 -197976.2969 841941.3125 2330647.7500     1.0000 33411.9570 -754860.8750 -1162253.1250     1.0000 31090.3945 364423.1875 -198808.1563     1.0000 -188874.7188 -533356.1875 491137.9375     1.0000 477646.6875 1303001.2500 -70202.6250     1.0000 -643304.6250 -1658740.3750 521435.0000     1.0000 486403.8438 1098014.3750 -1925251.8750     1.0000 -195650.4375 -234906.5313 3043675.7500     1.0000 32688.9512 -148750.9531 -2996686.0000     1.0000     0.0000 23349.4258 2571485.5000     1.0000     0.0000 317087.5938 -2469387.5000     1.0000     0.0000 -495860.9375 2707113.7500     1.0000     0.0000 488128.6875 -2003743.8750     1.0000     0.0000 -288922.9688 776048.1875     1.0000     0.0000 -102771.8359 -1409353.3750     1.0000     0.0000 122756.0938 838307.3125     1.0000     0.0000 188141.3906 1464324.3750     1.0000
4635437.0000 2681952.0000 -8872012.0000     1.0000 -3010187.0000 -3159094.7500 10914180.0000     1.0000 3131957.0000 1522237.2500 -4934573.0000     1.0000 -3824183.7500 -123513.8438 18648.5742     1.0000 4069954.5000 18802.8320 -13947.9746     1.0000 -3928664.2500 131279.0000 125934.0078     1.0000 3247408.0000 -555876.0000 -273209.2813     1.0000 -1942197.2500 1145090.8750 476921.4688     1.0000 699395.9375 -1691623.6250 -573692.5000     1.0000 -110918.2578 1946334.3750 580783.1250     1.0000     0.0000 -1955487.6250 -587799.0000     1.0000 -150039.1094 1852194.0000 702945.2500     1.0000 853755.8125 -1674053.8750 -815258.5000     1.0000 -2017701.5000 1534840.0000 902918.9375     1.0000 2536207.2500 -1531376.1250 -957659.2500     1.0000 -1941433.6250 1653413.2500 1000790.5000     1.0000 1532981.5000 -1699262.0000 -886218.0000     1.0000 -2130334.7500 1626410.5000 715854.4375     1.0000 2537886.2500 -1441660.5000 -580502.2500     1.0000 -1787611.7500 1243937.3750 639650.6875     1.0000 671359.6875 -1181750.2500 -800609.8750     1.0000 -105070.3047 1399687.6250 1085489.8750     1.0000     0.0000 -1743148.6250 -1433066.0000     1.0000     0.0000 2039975.7500 1996466.7500     1.0000 -149478.8750 -2451248.7500 -2756632.2500     1.0000 997102.5625 3134608.2500 3485433.0000     1.0000 -2854746.0000 -3616724.0000 -3561043.0000     1.0000 4548685.0000 2900207.0000 2592550.5000     1.0000 -4357416.0000 -903234.0000 -890965.3750     1.0000 2510138.2500 -925277.8125 -488092.5938     1.0000 -805301.0000 1275034.1250 894146.3125     1.0000 111016.0391 -1076725.7500 -1141509.3750     1.0000 -141599.9375 1807083.1250 2281069.0000     1.0000 817595.6250 -2754639.0000 -3549072.2500     1.0000 -2112145.5000 2143610.2500 3092709.0000     1.0000 3355391.2500 -498048.4375 -1245859.2500     1.0000 -3954218.7500 -164353.2969 250534.9375     1.0000 4069954.5000 -609136.1250 -925035.0625     1.0000 -3934948.0000 1435558.7500 1655318.1250     1.0000 3411901.0000 -1602845.0000 -1544117.1250     1.0000 -2916030.2500 1584543.8750 1225487.1250     1.0000 3460027.0000 -1357045.3750 -1131682.8750     1.0000 -4601187.5000 562236.5625 1222779.0000     1.0000 4370741.5000 63189.4648 -2050816.3750     1.0000 -2255105.7500 507960.2188 3777028.0000     1.0000 -83798.4922 -1871453.0000 -5262955.0000     1.0000 1084187.2500 2758077.5000 5259054.5000     1.0000 -568435.8125 -2741946.0000 -4084010.0000     1.0000 -575429.5625 2630967.5000 3479739.0000     1.0000 1209333.1250 -2702951.2500 -3821862.2500     1.0000 -954744.4375 2469314.5000 3617814.7500     1.0000 382344.9063 -2120164.2500 -2597719.7500     1.0000 -63833.0703 2450948.0000 3002689.0000     1.0000     0.0000 -2916757.5000 -4997313.5000     1.0000 -63447.4297 2329378.5000 5803876.5000     1.0000 381253.7500 -944952.8125 -4172317.0000     1.0000 -1017610.1875 195477.3906 2755470.5000     1.0000 1653997.2500 -301252.3750 -3393049.0000     1.0000 -1907040.6250 625748.3750 5205416.0000     1.0000 1518071.6250 -1055591.8750 -6410128.5000     1.0000 -99380.8359 2074316.3750 7409230.5000     1.0000 -1407989.2500 -3141584.0000 -9359760.0000     1.0000 677968.3750 1237248.1250 3755260.2500     1.0000 1223304.3750 2377173.2500 7170595.0000     1.0000
-1355252.7500 560229.6250 -873747.8125     1.0000 378109.5938 -558926.0625 1106853.3750     1.0000 -1009301.6250 335631.7500 -475809.7188     1.0000 2519032.0000 -295709.9063 -62177.3594     1.0000 -3351259.5000 666800.0000 130427.2578     1.0000 2675858.2500 -1120380.3750 -197129.9688     1.0000 -2011972.1250 1306995.2500 258785.1250     1.0000 2688883.0000 -1169815.0000 -329217.5000     1.0000 -3351513.5000 1084892.6250 382035.2813     1.0000 2503562.0000 -1282657.0000 -360977.3125     1.0000 -997113.5000 1492948.7500 284462.4375     1.0000 165426.6563 -1495302.3750 -222241.0469     1.0000     0.0000 1407460.3750 158489.0781     1.0000     0.0000 -999669.5625 34541.4922     1.0000     0.0000 -185648.2188 -411534.2813     1.0000     0.0000 1538677.6250 745674.3750     1.0000     0.0000 -1753156.0000 -749021.6875     1.0000     0.0000 854627.7500 608898.6250     1.0000     0.0000 -185603.1875 -787145.0000     1.0000 170344.6719 423464.5625 1238285.6250     1.0000 -1016580.1250 -1215308.1250 -1568771.1250     1.0000 2698078.0000 2297170.0000 1850467.2500     1.0000 -4198289.0000 -3463056.0000 -2370374.0000     1.0000 4011576.2500 3859197.0000 2681674.7500     1.0000 -1819166.0000 -2911611.0000 -2015078.1250     1.0000 -516354.2813 1878330.7500 947544.3750     1.0000 659639.6250 -2467573.2500 -1233769.6250     1.0000 681147.6875 3868291.2500 3149977.2500     1.0000 -659782.0625 -3637790.7500 -4547413.0000     1.0000 -681013.0625 1273048.6250 3431633.0000     1.0000 489683.3438 1455285.3750 -437069.2500     1.0000 1696959.5000 -2717207.2500 -1721929.0000     1.0000 -3016883.0000 1753702.1250 1066337.8750     1.0000 1485123.7500 510929.8125 1627631.5000     1.0000 1531667.1250 -2152342.2500 -4139291.2500     1.0000 -3187016.0000 2780027.5000 5386913.5000     1.0000 2671359.5000 -3081664.0000 -5313683.5000     1.0000 -2011361.8750 1985214.6250 3413691.7500     1.0000 2862346.0000 1726451.0000 343158.7500     1.0000 -4368175.5000 -5941955.0000 -4037696.5000     1.0000 5198377.0000 7060573.0000 5411303.0000     1.0000 -5363365.0000 -4447877.5000 -4445917.5000     1.0000 5192934.0000 762169.1875 2693756.7500     1.0000 -4346335.0000 1812397.5000 -473130.3125     1.0000 2835002.5000 -3145577.7500 -2336023.5000     1.0000 -1841003.8750 2860713.2500 3087333.7500     1.0000 1675775.2500 -655526.6875 683101.5625     1.0000 -821810.1875 -1242825.6250 -5434931.5000     1.0000 -853993.0000 531314.1875 4976059.0000     1.0000 1504542.1250 1962795.0000 1235174.8750     1.0000 -827476.5000 -4387213.5000 -8063577.0000     1.0000 335624.5938 6187050.5000 11440519.0000     1.0000 -1021847.3125 -7133323.5000 -11254806.0000     1.0000 2534517.5000 6465042.0000 8568670.0000     1.0000 -3178752.7500 -3877560.0000 -3766574.7500     1.0000 1466072.0000 424525.5313 -1675878.5000     1.0000 1724164.7500 2333102.0000 5092625.5000     1.0000 -4041784.2500 -3624758.0000 -5863387.5000     1.0000 3999125.2500 3778193.7500 6108569.0000     1.0000 -1791095.5000 -3771771.7500 -7131091.5000     1.0000 -879768.3125 3948885.2500 7331781.5000     1.0000 1923302.7500 -3297811.5000 -5359227.0000     1.0000 -659208.0000 935329.8125 1401463.3750     1.0000 -1327883.6250 2028187.5000 3144810.2500     1.0000
    0.0000     0.0000     0.0000     0.0000     0.0000     0.0000     0.0000     0.0000     0.0000     0.0000     0.0000     0.0000     0.0000     0.0000     0.0000     0.0000     0.0000     0.0000     0.0000     0.0000     0.0000     0.0000     0.0000     0.0000     0.0000     0.0000     0.0000     0.0000     0.0000     0.0000     0.0000     0.0000     0.0000     0.0000     0.0000     0.0000     0.0000     0.0000     0.0000     0.0000     0.0000     0.0000     0.0000     0.0000     0.0000     0.0000     0.0000     0.0000     0.0000     0.0000     0.0000     0.0000     0.0000     0.0000     0.0000     0.0000     0.0000     0.0000     0.0000     0.0000     0.0000     0.0000     0.0000     0.0000     0.0000     0.0000     0.0000     0.0000     0.0000     0.0000     0.0000     0.0000     0.0000     0.0000     0.0000     0.0000     0.0000     0.0000     0.0000     0.0000     0.0000     0.0000     0.0000     0.0000     0.0000     0.0000     0.0000     0.0000     0.0000     0.0000     0.0000     0.0000     0.0000     0.0000     0.0000     0.0000     0.0000     0.0000     0.0000     0.0000     0.0000     0.0000     0.0000     0.0000     0.0000     0.0000     0.0000     0.0000     0.0000     0.0000     0.0000     0.0000     0.0000     0.0000     0.0000     0.0000     0.0000     0.0000     0.0000     0.0000     0.0000     0.0000     0.0000     0.0000     0.0000     0.0000     0.0000     0.0000     0.0000     0.0000     0.0000     0.0000     0.0000     0.0000     0.0000     0.0000     0.0000     0.0000     0.0000     0.0000     0.0000     0.0000     0.0000     0.0000     0.0000     0.0000     0.0000     0.0000     0.0000     0.0000     0.0000     0.0000     0.0000     0.0000     0.0000     0.0000     0.0000     0.0000     0.0000     0.0000     0.0000     0.0000     0.0000     0.0000     0.0000     0.0000     0.0000     0.0000     0.0000     0.0000     0.0000     0.0000     0.0000     0.0000     0.0000     0.0000     0.0000     0.0000     0.0000     0.0000     0.0000     0.0000     0.0000     0.0000     0.0000     0.0000     0.0000     0.0000     0.0000     0.0000     0.0000     0.0000     0.0000     0.0000     0.0000     0.0000     0.0000     0.0000     0.0000     0.0000     0.0000     0.0000     0.0000     0.0000     0.0000     0.0000     0.0000     0.0000     0.0000     0.0000     0.0000     0.0000     0.0000     0.0000     0.0000     0.0000     0.0000     0.0000     0.0000     0.0000     0.0000     0.0000     0.0000     0.0000     0.0000     0.0000     0.0000     0.0000     0.0000     0.0000     0.0000     0.0000     0.0000     0.0000     0.0000     0.0000     0.0000     0.0000     0.0000     0.0000     0.0000     0.0000     0.0000     0.0000     0.0000     0.0000     0.0000     0.0000     0.0000     0.0000     0.0000     0.0000     0.0000     0.0000     0.0000     0.0000
    0.0000     0.0000     0.0000     0.0000     0.0000     0.0000     0.0000     0.0000     0.0000     0.0000     0.0000     0.0000     0.0000     0.0000     0.0000     0.0000     0.0000     0.0000     0.0000     0.0000     0.0000     0.0000     0.0000     0.0000     0.0000     0.0000     0.0000     0.0000     0.0000     0.0000     0.0000     0.0000     0.0000     0.0000     0.0000     0.0000     0.0000     0.0000     0.0000     0.0000     0.0000     0.0000     0.0000     0.0000     0.0000     0.0000     0.0000     0.0000     0.0000     0.0000     0.0000     0.0000     0.0000     0.0000     0.0000     0.0000     0.0000     0.0000     0.0000     0.0000     0.0000     0.0000     0.0000     0.0000     0.0000     0.0000     0.0000     0.0000     0.0000     0.0000     0.0000     0.0000     0.0000     0.0000     0.0000     0.0000     0.0000     0.0000     0.0000     0.0000     0.0000     0.0000     0.0000     0.0000     0.0000     0.0000     0.0000     0.0000     0.0000     0.0000     0.0000     0.0000     0.0000     0.0000     0.0000     0.0000     0.0000     0.0000     0.0000     0.0000     0.0000     0.0000     0.0000     0.0000     0.0000     0.0000     0.0000     0.0000     0.0000     0.0000     0.0000     0.0000     0.0000     0.0000     0.0000     0.0000     0.0000     0.0000     0.0000     0.0000     0.0000     0.0000     0.0000     0.0000     0.0000     0.0000     0.0000     0.0000     0.0000     0.0000     0.0000     0.0000     0.0000     0.0000     0.0000     0.0000     0.0000     0.0000     0.0000     0.0000     0.0000     0.0000     0.0000     0.0000     0.0000     0.0000     0.0000     0.0000     0.0000     0.0000     0.0000     0.0000     0.0000     0.0000     0.0000     0.0000     0.0000     0.0000     0.0000     0.0000     0.0000     0.0000     0.0000     0.0000     0.0000     0.0000     0.0000     0.0000     0.0000     0.0000     0.0000     0.0000     0.0000     0.0000     0.0000     0.0000     0.0000     0.0000     0.0000     0.0000     0.0000     0.0000     0.0000     0.0000     0.0000     0.0000     0.0000     0.0000     0.0000     0.0000     0.0000     0.0000     0.0000     0.0000     0.0000     0.0000     0.0000     0.0000     0.0000     0.0000     0.0000     0.0000     0.0000     0.0000     0.0000     0.0000     0.0000     0.0000     0.0000     0.0000     0.0000     0.0000     0.0000     0.0000     0.0000     0.0000     0.0000     0.0000     0.0000     0.0000     0.0000     0.0000     0.0000     0.0000     0.0000     0.0000     0.0000     0.0000     0.0000     0.0000     0.0000     0.0000     0.0000     0.0000     0.0000     0.0000     0.0000     0.0000     0.0000     0.0000     0.0000     0.0000     0.0000     0.0000     0.0000     0.0000     0.0000     0.0000     0.0000     0.0000     0.0000     0.0000     0.0000     0.0000     0.0000     0.0000
    0.0000     0.0000     0.0000     0.0000     0.0000     0.0000     0.0000     0.0000     0.0000     0.0000     0.0000     0.0000     0.0000     0.0000     0.0000     0.0000     0.0000     0.0000     0.0000     0.0000     0.0000     0.0000     0.0000     0.0000     0.0000     0.0000     0.0000     0.0000     0.0000     0.0000     0.0000     0.0000     0.0000     0.0000     0.0000     0.0000     0.0000     0.0000     0.0000     0.0000     0.0000     0.0000     0.0000     0.0000     0.0000     0.0000     0.0000     0.0000     0.0000     0.0000     0.0000     0.0000     0.0000     0.0000     0.0000     0.0000     0.0000     0.0000     0.0000     0.0000     0.0000     0.0000     0.0000     0.0000     0.0000     0.0000     0.0000     0.0000     0.0000     0.0000     0.0000     0.0000     0.0000     0.0000     0.0000     0.0000     0.0000     0.0000     0.0000     0.0000     0.0000     0.0000     0.0000     0.0000     0.0000     0.0000     0.0000     0.0000     0.0000     0.0000     0.0000     0.0000     0.0000     0.0000     0.0000     0.0000     0.0000     0.0000     0.0000     0.0000     0.0000     0.0000     0.0000     0.0000     0.0000     0.0000     0.0000     0.0000     0.0000     0.0000     0.0000     0.0000     0.0000     0.0000     0.0000     0.0000     0.0000     0.0000     0.0000     0.0000     0.0000     0.0000     0.0000     0.0000     0.0000     0.0000     0.0000     0.0000     0.0000     0.0000     0.0000     0.0000     0.0000     0.0000     0.0000     0.0000     0.0000     0.0000     0.0000     0.0000     0.0000     0.0000     0.0000     0.0000     0.0000     0.0000     0.0000     0.0000     0.0000     0.0000     0.0000     0.0000     0.0000     0.0000     0.0000     0.0000     0.0000     0.0000     0.0000     0.0000     0.0000     0.0000     0.0000     0.0000     0.0000     0.0000     0.0000     0.0000     0.0000     0.0000     0.0000     0.0000     0.0000     0.0000     0.0000     0.0000     0.0000     0.0000     0.0000     0.0000     0.0000     0.0000     0.0000     0.0000     0.0000     0.0000     0.0000     0.0000     0.0000     0.0000     0.0000     0.0000     0.0000     0.0000     0.0000     0.0000     0.0000     0.0000     0.0000     0.0000     0.0000     0.0000     0.0000     0.0000     0.0000     0.0000     0.0000     0.0000     0.0000     0.0000     0.0000     0.0000     0.0000     0.0000     0.0000     0.0000     0.0000     0.0000     0.0000     0.0000     0.0000     0.0000     0.0000     0.0000     0.0000     0.0000     0.0000     0.0000     0.0000     0.0000     0.0000     0.0000     0.0000     0.0000     0.0000     0.0000     0.0000     0.0000     0.0000     0.0000     0.0000     0.0000     0.0000     0.0000     0.0000     0.0000     0.0000     0.0000     0.0000     0.0000     0.0000     0.0000     0.0000     0.0000     0.0000     0.0000
    0.0000     0.0000     0.0000     0.0000     0.0000     0.0000     0.0000     0.0000     0.0000     0.0000     0.0000     0.0000     0.0000     0.0000     0.0000     0.0000     0.0000     0.0000     0.0000     0.0000     0.0000     0.0000     0.0000     0.0000     0.0000     0.0000     0.0000     0.0000     0.0000     0.0000     0.0000     0.0000     0.0000     0.0000     0.0000     0.0000     0.0000     0.0000     0.0000     0.0000     0.0000     0.0000     0.0000     0.0000     0.0000     0.0000     0.0000     0.0000     0.0000     0.0000     0.0000     0.0000     0.0000     0.0000     0.0000     0.0000     0.0000     0.0000     0.0000     0.0000     0.0000     0.0000     0.0000     0.0000     0.0000     0.0000     0.0000     0.0000     0.0000     0.0000     0.0000     0.0000     0.0000     0.0000     0.0000     0.0000     0.0000     0.0000     0.0000     0.0000     0.0000     0.0000     0.0000     0.0000     0.0000     0.0000     0.0000     0.0000     0.0000     0.0000     0.0000     0.0000     0.0000     0.0000     0.0000     0.0000     0.0000     0.0000     0.0000     0.0000     0.0000     0.0000     0.0000     0.0000     0.0000     0.0000     0.0000     0.0000     0.0000     0.0000     0.0000     0.0000     0.0000     0.0000     0.0000     0.0000     0.0000     0.0000     0.0000     0.0000     0.0000     0.0000     0.0000     0.0000     0.0000     0.0000     0.0000     0.0000     0.0000     0.0000     0.0000     0.0000     0.0000     0.0000     0.0000     0.0000     0.0000     0.0000     0.0000     0.0000     0.0000     0.0000     0.0000     0.0000     0.0000     0.0000     0.0000     0.0000     0.0000     0.0000     0.0000     0.0000     0.0000     0.0000     0.0000     0.0000     0.0000     0.0000     0.0000     0.0000     0.0000     0.0000     0.0000     0.0000     0.0000     0.0000     0.0000     0.0000     0.0000     0.0000     0.0000     0.0000     0.0000     0.0000     0.0000     0.0000     0.0000     0.0000     0.0000     0.0000     0.0000     0.0000     0.0000     0.0000     0.0000     0.0000     0.0000     0.0000     0.0000     0.0000     0.0000     0.0000     0.0000     0.0000     0.0000     0.0000     0.0000     0.0000     0.0000     0.0000     0.0000     0.0000     0.0000     0.0000     0.0000     0.0000     0.0000     0.0000     0.0000     0.0000     0.0000     0.0000     0.0000     0.0000     0.0000     0.0000     0.0000     0.0000     0.0000     0.0000     0.0000     0.0000     0.0000     0.0000     0.0000     0.0000     0.0000     0.0000     0.0000     0.0000     0.0000     0.0000     0.0000     0.0000     0.0000     0.0000     0.0000     0.0000     0.0000     0.0000     0.0000     0.0000     0.0000     0.0000     0.0000     0.0000     0.0000     0.0000     0.0000     0.0000     0.0000     0.0000     0.0000     0.0000     0.0000     0.0000
    0.0000     0.0000     0.0000     0.0000     0.0000     0.0000     0.0000     0.0000     0.0000     0.0000     0.0000     0.0000     0.0000     0.0000     0.0000     0.0000     0.0000     0.0000     0.0000     0.0000     0.0000     0.0000     0.0000     0.0000     0.0000     0.0000     0.0000     0.0000     0.0000     0.0000     0.0000     0.0000     0.0000     0.0000     0.0000     0.0000     0.0000     0.0000     0.0000     0.0000     0.0000     0.0000     0.0000     0.0000     0.0000     0.0000     0.0000     0.0000     0.0000     0.0000     0.0000     0.0000     0.0000     0.0000     0.0000     0.0000     0.0000     0.0000     0.0000     0.0000     0.0000     0.0000     0.0000     0.0000     0.0000     0.0000     0.0000     0.0000     0.0000     0.0000     0.0000     0.0000     0.0000     0.0000     0.0000     0.0000     0.0000     0.0000     0.0000     0.0000     0.0000     0.0000     0.0000     0.0000     0.0000     0.0000     0.0000     0.0000     0.0000     0.0000     0.0000     0.0000     0.0000     0.0000     0.0000     0.0000     0.0000     0.0000     0.0000     0.0000     0.0000     0.0000     0.0000     0.0000     0.0000     0.0000     0.0000     0.0000     0.0000     0.0000     0.0000     0.0000     0.0000     0.0000     0.0000     0.0000     0.0000     0.0000     0.0000     0.0000     0.0000     0.0000     0.0000     0.0000     0.0000     0.0000     0.0000     0.0000     0.0000     0.0000     0.0000     0.0000     0.0000     0.0000     0.0000     0.0000     0.0000     0.0000     0.0000     0.0000     0.0000     0.0000     0.0000     0.0000     0.0000     0.0000     0.0000     0.0000     0.0000     0.0000     0.0000     0.0000     0.0000     0.0000     0.0000     0.0000     0.0000     0.0000     0.0000     0.0000     0.0000     0.0000     0.0000     0.0000     0.0000     0.0000     0.0000     0.0000     0.0000     0.0000     0.0000     0.0000     0.0000     0.0000     0.0000     0.0000     0.0000     0.0000     0.0000     0.0000     0.0000     0.0000     0.0000     0.0000     0.0000     0.0000     0.0000     0.0000     0.0000     0.0000     0.0000     0.0000     0.0000     0.0000     0.0000     0.0000     0.0000     0.0000     0.0000     0.0000     0.0000     0.0000     0.0000     0.0000     0.0000     0.0000     0.0000     0.0000     0.0000     0.0000     0.0000     0.0000     0.0000     0.0000     0.0000     0.0000     0.0000     0.0000     0.0000     0.0000     0.0000     0.0000     0.0000     0.0000     0.0000     0.0000     0.0000     0.0000     0.0000     0.0000     0.0000     0.0000     0.0000     0.0000     0.0000     0.0000     0.0000     0.0000     0.0000     0.0000     0.0000     0.0000     0.0000     0.0000     0.0000     0.0000     0.0000     0.0000     0.0000     0.0000     0.0000     0.0000     0.0000     0.0000     0.0000     0.0000
    0.0000     0.0000     0.0000     0.0000     0.0000     0.0000     0.0000     0.0000     0.0000     0.0000     0.0000     0.0000     0.0000     0.0000     0.0000     0.0000     0.0000     0.0000     0.0000     0.0000     0.0000     0.0000     0.0000     0.0000     0.0000     0.0000     0.0000     0.0000     0.0000     0.0000     0.0000     0.0000     0.0000     0.0000     0.0000     0.0000     0.0000     0.0000     0.0000     0.0000     0.0000     0.0000     0.0000     0.0000     0.0000     0.0000     0.0000     0.0000     0.0000     0.0000     0.0000     0.0000     0.0000     0.0000     0.0000     0.0000     0.0000     0.0000     0.0000     0.0000     0.0000     0.0000     0.0000     0.0000     0.0000     0.0000     0.0000     0.0000     0.0000     0.0000     0.0000     0.0000     0.0000     0.0000     0.0000     0.0000     0.0000     0.0000     0.0000     0.0000     0.0000     0.0000     0.0000     0.0000     0.0000     0.0000     0.0000     0.0000     0.0000     0.0000     0.0000     0.0000     0.0000     0.0000     0.0000     0.0000     0.0000     0.0000     0.0000     0.0000     0.0000     0.0000     0.0000     0.0000     0.0000     0.0000     0.0000     0.0000     0.0000     0.0000     0.0000     0.0000     0.0000     0.0000     0.0000     0.0000     0.0000     0.0000     0.0000     0.0000     0.0000     0.0000     0.0000     0.0000     0.0000     0.0000     0.0000     0.0000     0.0000     0.0000     0.0000     0.0000     0.0000     0.0000     0.0000     0.0000     0.0000     0.0000     0.0000     0.0000     0.0000     0.0000     0.0000     0.0000     0.0000     0.0000     0.0000     0.0000     0.0000     0.0000     0.0000     0.0000     0.0000     0.0000     0.0000     0.0000     0.0000     0.0000     0.0000     0.0000     0.0000     0.0000     0.0000     0.0000     0.0000     0.0000     0.0000     0.0000     0.0000     0.0000     0.0000     0.0000     0.0000     0.0000     0.0000     0.0000     0.0000     0.0000     0.0000     0.0000     0.0000     0.0000     0.0000     0.0000     0.0000     0.0000     0.0000     0.0000     0.0000     0.0000     0.0000     0.0000     0.0000     0.0000     0.0000     0.0000     0.0000     0.0000     0.0000     0.0000     0.0000     0.0000     0.0000     0.0000     0.0000     0.0000     0.0000     0.0000     0.0000     0.0000     0.0000     0.0000     0.0000     0.0000     0.0000     0.0000     0.0000     0.0000     0.0000     0.0000     0.0000     0.0000     0.0000     0.0000     0.0000     0.0000     0.0000     0.0000     0.0000     0.0000     0.0000     0.0000     0.0000     0.0000     0.0000     0.0000     0.0000     0.0000     0.0000     0.0000     0.0000     0.0000     0.0000     0.0000     0.0000     0.0000     0.0000     0.0000     0.0000     0.0000     0.0000     0.0000     0.0000     0.0000     0.0000     0.0000
    0.0000     0.0000     0.0000     0.0000     0.0000     0.0000     0.0000     0.0000     0.0000     0.0000     0.0000     0.0000     0.0000     0.0000     0.0000     0.0000     0.0000     0.0000     0.0000     0.0000     0.0000     0.0000     0.0000     0.0000     0.0000     0.0000     0.0000     0.0000     0.0000     0.0000     0.0000     0.0000     0.0000     0.0000     0.0000     0.0000     0.0000     0.0000     0.0000     0.0000     0.0000     0.0000     0.0000     0.0000     0.0000     0.0000     0.0000     0.0000     0.0000     0.0000     0.0000     0.0000     0.0000     0.0000     0.0000     0.0000     0.0000     0.0000     0.0000     0.0000     0.0000     0.0000     0.0000     0.0000     0.0000     0.0000     0.0000     0.0000     0.0000     0.0000     0.0000     0.0000     0.0000     0.0000     0.0000     0.0000     0.0000     0.0000     0.0000     0.0000     0.0000     0.0000     0.0000     0.0000     0.0000     0.0000     0.0000     0.0000     0.0000     0.0000     0.0000     0.0000     0.0000     0.0000     0.0000     0.0000     0.0000     0.0000     0.0000     0.0000     0.0000     0.0000     0.0000     0.0000     0.0000     0.0000     0.0000     0.0000     0.0000     0.0000     0.0000     0.0000     0.0000     0.0000     0.0000     0.0000     0.0000     0.0000     0.0000     0.0000     0.0000     0.0000     0.0000     0.0000     0.0000     0.0000     0.0000     0.0000     0.0000     0.0000     0.0000     0.0000     0.0000     0.0000     0.0000     0.0000     0.0000     0.0000     0.0000     0.0000     0.0000     0.0000     0.0000     0.0000     0.0000     0.0000     0.0000     0.0000     0.0000     0.0000     0.0000     0.0000     0.0000     0.0000     0.0000     0.0000     0.0000     0.0000     0.0000     0.0000     0.0000     0.0000     0.0000     0.0000     0.0000     0.0000     0.0000     0.0000     0.0000     0.0000     0.0000     0.0000     0.0000     0.0000     0.0000     0.0000     0.0000     0.0000     0.0000     0.0000     0.0000     0.0000     0.0000     0.0000     0.0000     0.0000     0.0000     0.0000     0.0000     0.0000     0.0000     0.0000     0.0000     0.0000     0.0000     0.0000     0.0000     0.0000     0.0000     0.0000     0.0000     0.0000     0.0000     0.0000     0.0000     0.0000     0.0000     0.0000     0.0000     0.0000     0.0000     0.0000     0.0000     0.0000     0.0000     0.0000     0.0000     0.0000     0.0000     0.0000     0.0000     0.0000     0.0000     0.0000     0.0000     0.0000     0.0000     0.0000     0.0000     0.0000     0.0000     0.0000     0.0000     0.0000     0.0000     0.0000     0.0000     0.0000     0.0000     0.0000     0.0000     0.0000     0.0000     0.0000     0.0000     0.0000     0.0000     0.0000     0.0000     0.0000     0.0000     0.0000     0.0000     0.0000     0.0000     0.0000
    0.0000     0.0000     0.0000     0.0000     0.0000     0.0000     0.0000     0.0000     0.0000     0.0000     0.0000     0.0000     0.0000     0.0000     0.0000     0.0000     0.0000     0.0000     0.0000     0.0000     0.0000     0.0000     0.0000     0.0000     0.0000     0.0000     0.0000     0.0000     0.0000     0.0000     0.0000     0.0000     0.0000     0.0000     0.0000     0.0000     0.0000     0.0000     0.0000     0.0000     0.0000     0.0000     0.0000     0.0000     0.0000     0.0000     0.0000     0.0000     0.0000     0.0000     0.0000     0.0000     0.0000     0.0000     0.0000     0.0000     0.0000     0.0000     0.0000     0.0000     0.0000     0.0000     0.0000     0.0000     0.0000     0.0000     0.0000     0.0000     0.0000     0.0000     0.0000     0.0000     0.0000     0.0000     0.0000     0.0000     0.0000     0.0000     0.0000     0.0000     0.0000     0.0000     0.0000     0.0000     0.0000     0.0000     0.0000     0.0000     0.0000     0.0000     0.0000     0.0000     0.0000     0.0000     0.0000     0.0000     0.0000     0.0000     0.0000     0.0000     0.0000     0.0000     0.0000     0.0000     0.0000     0.0000     0.0000     0.0000     0.0000     0.0000     0.0000     0.0000     0.0000     0.0000     0.0000     0.0000     0.0000     0.0000     0.0000     0.0000     0.0000     0.0000     0.0000     0.0000     0.0000     0.0000     0.0000     0.0000     0.0000     0.0000     0.0000     0.0000     0.0000     0.0000     0.0000     0.0000     0.0000     0.0000     0.0000     0.0000     0.0000     0.0000     0.0000     0.0000     0.0000     0.0000     0.0000     0.0000     0.0000     0.0000     0.0000     0.0000     0.0000     0.0000     0.0000     0.0000     0.0000     0.0000     0.0000     0.0000     0.0000     0.0000     0.0000     0.0000     0.0000     0.0000     0.0000     0.0000     0.0000     0.0000     0.0000     0.0000     0.0000     0.0000     0.0000     0.0000     0.0000     0.0000     0.0000     0.0000     0.0000     0.0000     0.0000     0.0000     0.0000     0.0000     0.0000     0.0000     0.0000     0.0000     0.0000     0.0000     0.0000     0.0000     0.0000     0.0000     0.0000     0.0000     0.0000     0.0000     0.0000     0.0000     0.0000     0.0000     0.0000     0.0000     0.0000     0.0000     0.0000     0.0000     0.0000     0.0000     0.0000     0.0000     0.0000     0.0000     0.0000     0.0000     0.0000     0.0000     0.0000     0.0000     0.0000     0.0000     0.0000     0.0000     0.0000     0.0000     0.0000     0.0000     0.0000     0.0000     0.0000     0.0000     0.0000     0.0000     0.0000     0.0000     0.0000     0.0000     0.0000     0.0000     0.0000     0.0000     0.0000     0.0000     0.0000     0.0000     0.0000     0.0000     0.0000     0.0000     0.0000     0.0000     0.0000     0.0000
    0.0000     0.0000     0.0000     0.0000     0.0000     0.0000     0.0000     0.0000     0.0000     0.0000     0.0000     0.0000     0.0000     0.0000     0.0000     0.0000     0.0000     0.0000     0.0000     0.0000     0.0000     0.0000     0.0000     0.0000     0.0000     0.0000     0.0000     0.0000     0.0000     0.0000     0.0000     0.0000     0.0000     0.0000     0.0000     0.0000     0.0000     0.0000     0.0000     0.0000     0.0000     0.0000     0.0000     0.0000     0.0000     0.0000     0.0000     0.0000     0.0000     0.0000     0.0000     0.0000     0.0000     0.0000     0.0000     0.0000     0.0000     0.0000     0.0000     0.0000     0.0000     0.0000     0.0000     0.0000     0.0000     0.0000     0.0000     0.0000     0.0000     0.0000     0.0000     0.0000     0.0000     0.0000     0.0000     0.0000     0.0000     0.0000     0.0000     0.0000     0.0000     0.0000     0.0000     0.0000     0.0000     0.0000     0.0000     0.0000     0.0000     0.0000     0.0000     0.0000     0.0000     0.0000     0.0000     0.0000     0.0000     0.0000     0.0000     0.0000     0.0000     0.0000     0.0000     0.0000     0.0000     0.0000     0.0000     0.0000     0.0000     0.0000     0.0000     0.0000     0.0000     0.0000     0.0000     0.0000     0.0000     0.0000     0.0000     0.0000     0.0000     0.0000     0.0000     0.0000     0.0000     0.0000     0.0000     0.0000     0.0000     0.0000     0.0000     0.0000     0.0000     0.0000     0.0000     0.0000     0.0000     0.0000     0.0000     0.0000     0.0000     0.0000     0.0000     0.0000     0.0000     0.0000     0.0000     0.0000     0.0000     0.0000     0.0000     0.0000     0.0000     0.0000     0.0000     0.0000     0.0000     0.0000     0.0000     0.0000     0.0000     0.0000     0.0000     0.0000     0.0000     0.0000     0.0000     0.0000     0.0000     0.0000     0.0000     0.0000     0.0000     0.0000     0.0000     0.0000     0.0000     0.0000     0.0000     0.0000     0.0000     0.0000     0.0000     0.0000     0.0000     0.0000     0.0000     0.0000     0.0000     0.0000     0.0000     0.0000     0.0000     0.0000     0.0000     0.0000     0.0000     0.0000     0.0000     0.0000     0.0000     0.0000     0.0000     0.0000     0.0000     0.0000     0.0000     0.0000     0.0000     0.0000     0.0000     0.0000     0.0000     0.0000     0.0000     0.0000     0.0000     0.0000     0.0000     0.0000     0.0000     0.0000     0.0000     0.0000     0.0000     0.0000     0.0000     0.0000     0.0000     0.0000     0.0000     0.0000     0.0000     0.0000     0.0000     0.0000     0.0000     0.0000     0.0000     0.0000     0.0000     0.0000     0.0000     0.0000     0.0000     0.0000     0.0000     0.0000     0.0000     0.0000     0.0000     0.0000     0.0000     0.0000     0.0000     0.0000
    0.0000     0.0000     0.0000     0.0000     0.0000     0.0000     0.0000     0.0000     0.0000     0.0000     0.0000     0.0000     0.0000     0.0000     0.0000     0.0000     0.0000     0.0000     0.0000     0.0000     0.0000     0.0000     0.0000     0.0000     0.0000     0.0000     0.0000     0.0000     0.0000     0.0000     0.0000     0.0000     0.0000     0.0000     0.0000     0.0000     0.0000     0.0000     0.0000     0.0000     0.0000     0.0000     0.0000     0.0000     0.0000     0.0000     0.0000     0.0000     0.0000     0.0000     0.0000     0.0000     0.0000     0.0000     0.0000     0.0000     0.0000     0.0000     0.0000     0.0000     0.0000     0.0000     0.0000     0.0000     0.0000     0.0000     0.0000     0.0000     0.0000     0.0000     0.0000     0.0000     0.0000     0.0000     0.0000     0.0000     0.0000     0.0000     0.0000     0.0000     0.0000     0.0000     0.0000     0.0000     0.0000     0.0000     0.0000     0.0000     0.0000     0.0000     0.0000     0.0000     0.0000     0.0000     0.0000     0.0000     0.0000     0.0000     0.0000     0.0000     0.0000     0.0000     0.0000     0.0000     0.0000     0.0000     0.0000     0.0000     0.0000     0.0000     0.0000     0.0000     0.0000     0.0000     0.0000     0.0000     0.0000     0.0000     0.0000     0.0000     0.0000     0.0000     0.0000     0.0000     0.0000     0.0000     0.0000     0.0000     0.0000     0.0000     0.0000     0.0000     0.0000     0.0000     0.0000     0.0000     0.0000     0.0000     0.0000     0.0000     0.0000     0.0000     0.0000     0.0000     0.0000     0.0000     0.0000     0.0000     0.0000     0.0000     0.0000     0.0000     0.0000     0.0000     0.0000     0.0000     0.0000     0.0000     0.0000     0.0000     0.0000     0.0000     0.0000     0.0000     0.0000     0.0000     0.0000     0.0000     0.0000     0.0000     0.0000     0.0000     0.0000     0.0000     0.0000     0.0000     0.0000     0.0000     0.0000     0.0000     0.0000     0.0000     0.0000     0.0000     0.0000     0.0000     0.0000     0.0000     0.0000     0.0000     0.0000     0.0000     0.0000     0.0000     0.0000     0.0000     0.0000     0.0000     0.0000     0.0000     0.0000     0.0000     0.0000     0.0000     0.0000     0.0000     0.0000     0.0000     0.0000     0.0000     0.0000     0.0000     0.0000     0.0000     0.0000     0.0000     0.0000     0.0000     0.0000     0.0000     0.0000     0.0000     0.0000     0.0000     0.0000     0.0000     0.0000     0.0000     0.0000     0.0000     0.0000     0.0000     0.0000     0.0000     0.0000     0.0000     0.0000     0.0000     0.0000     0.0000     0.0000     0.0000     0.0000     0.0000     0.0000     0.0000     0.0000     0.0000     0.0000     0.0000     0.0000     0.0000     0.0000     0.0000     0.0000     0.0000
    0.0000     0.0000     0.0000     0.0000     0.0000     0.0000     0.0000     0.0000     0.0000     0.0000     0.0000     0.0000     0.0000     0.0000     0.0000     0.0000     0.0000     0.0000     0.0000     0.0000     0.0000     0.0000     0.0000     0.0000     0.0000     0.0000     0.0000     0.0000     0.0000     0.0000     0.0000     0.0000     0.0000     0.0000     0.0000     0.0000     0.0000     0.0000     0.0000     0.0000     0.0000     0.0000     0.0000     0.0000     0.0000     0.0000     0.0000     0.0000     0.0000     0.0000     0.0000     0.0000     0.0000     0.0000     0.0000     0.0000     0.0000     0.0000     0.0000     0.0000     0.0000     0.0000     0.0000     0.0000     0.0000     0.0000     0.0000     0.0000     0.0000     0.0000     0.0000     0.0000     0.0000     0.0000     0.0000     0.0000     0.0000     0.0000     0.0000     0.0000     0.0000     0.0000     0.0000     0.0000     0.0000     0.0000     0.0000     0.0000     0.0000     0.0000     0.0000     0.0000     0.0000     0.0000     0.0000     0.0000     0.0000     0.0000     0.0000     0.0000     0.0000     0.0000     0.0000     0.0000     0.0000     0.0000     0.0000     0.0000     0.0000     0.0000     0.0000     0.0000     0.0000     0.0000     0.0000     0.0000     0.0000     0.0000     0.0000     0.0000     0.0000     0.0000     0.0000     0.0000     0.0000     0.0000     0.0000     0.0000     0.0000     0.0000     0.0000     0.0000     0.0000     0.0000     0.0000     0.0000     0.0000     0.0000     0.0000     0.0000     0.0000     0.0000     0.0000     0.0000     0.0000     0.0000     0.0000     0.0000     0.0000     0.0000     0.0000     0.0000     0.0000     0.0000     0.0000     0.0000     0.0000     0.0000     0.0000     0.0000     0.0000     0.0000     0.0000     0.0000     0.0000     0.0000     0.0000     0.0000     0.0000     0.0000     0.0000     0.0000     0.0000     0.0000     0.0000     0.0000     0.0000     0.0000     0.0000     0.0000     0.0000     0.0000     0.0000     0.0000     0.0000     0.0000     0.0000     0.0000     0.0000     0.0000     0.0000     0.0000     0.0000     0.0000     0.0000     0.0000     0.0000     0.0000     0.0000     0.0000     0.0000     0.0000     0.0000     0.0000     0.0000     0.0000     0.0000     0.0000     0.0000     0.0000     0.0000     0.0000     0.0000     0.0000     0.0000     0.0000     0.0000     0.0000     0.0000     0.0000     0.0000     0.0000     0.0000     0.0000     0.0000     0.0000     0.0000     0.0000     0.0000     0.0000     0.0000     0.0000     0.0000     0.0000     0.0000     0.0000     0.0000     0.0000     0.0000     0.0000     0.0000     0.0000     0.0000     0.0000     0.0000     0.0000     0.0000     0.0000     0.0000     0.0000     0.0000     0.0000     0.0000     0.0000     0.0000     0.0000
    0.0000     0.0000     0.0000     0.0000     0.0000     0.0000     0.0000     0.0000     0.0000     0.0000     0.0000     0.0000     0.0000     0.0000     0.0000     0.0000     0.0000     0.0000     0.0000     0.0000     0.0000     0.0000     0.0000     0.0000     0.0000     0.0000     0.0000     0.0000     0.0000     0.0000     0.0000     0.0000     0.0000     0.0000     0.0000     0.0000     0.0000     0.0000     0.0000     0.0000     0.0000     0.0000     0.0000     0.0000     0.0000     0.0000     0.0000     0.0000     0.0000     0.0000     0.0000     0.0000     0.0000     0.0000     0.0000     0.0000     0.0000     0.0000     0.0000     0.0000     0.0000     0.0000     0.0000     0.0000     0.0000     0.0000     0.0000     0.0000     0.0000     0.0000     0.0000     0.0000     0.0000     0.0000     0.0000     0.0000     0.0000     0.0000     0.0000     0.0000     0.0000     0.0000     0.0000     0.0000     0.0000     0.0000     0.0000     0.0000     0.0000     0.0000     0.0000     0.0000     0.0000     0.0000     0.0000     0.0000     0.0000     0.0000     0.0000     0.0000     0.0000     0.0000     0.0000     0.0000     0.0000     0.0000     0.0000     0.0000     0.0000     0.0000     0.0000     0.0000     0.0000     0.0000     0.0000     0.0000     0.0000     0.0000     0.0000     0.0000     0.0000     0.0000     0.0000     0.0000     0.0000     0.0000     0.0000     0.0000     0.0000     0.0000     0.0000     0.0000     0.0000     0.0000     0.0000     0.0000     0.0000     0.0000     0.0000     0.0000     0.0000     0.0000     0.0000     0.0000     0.0000     0.0000     0.0000     0.0000     0.0000     0.0000     0.0000     0.0000     0.0000     0.0000     0.0000     0.0000     0.0000     0.0000     0.0000     0.0000     0.0000     0.0000     0.0000     0.0000     0.0000     0.0000     0.0000     0.0000     0.0000     0.0000     0.0000     0.0000     0.0000     0.0000     0.0000     0.0000     0.0000     0.0000     0.0000     0.0000     0.0000     0.0000     0.0000     0.0000     0.0000     0.0000     0.0000     0.0000     0.0000     0.0000     0.0000     0.0000     0.0000     0.0000     0.0000     0.0000     0.0000     0.0000     0.0000     0.0000     0.0000     0.0000     0.0000     0.0000     0.0000     0.0000     0.0000     0.0000     0.0000     0.0000     0.0000     0.0000     0.0000     0.0000     0.0000     0.0000     0.0000     0.0000     0.0000     0.0000     0.0000     0.0000     0.0000     0.0000     0.0000     0.0000     0.0000     0.0000     0.0000     0.0000     0.0000     0.0000     0.0000     0.0000     0.0000     0.0000     0.0000     0.0000     0.0000     0.0000     0.0000     0.0000     0.0000     0.0000     0.0000     0.0000     0.0000     0.0000     0.0000     0.0000     0.0000     0.0000     0.0000     0.0000     0.0000     0.0000
    0.0000     0.0000     0.0000     0.0000     0.0000     0.0000     0.0000     0.0000     0.0000     0.0000     0.0000     0.0000     0.0000     0.0000     0.0000     0.0000     0.0000     0.0000     0.0000     0.0000     0.0000     0.0000     0.0000     0.0000     0.0000     0.0000     0.0000     0.0000     0.0000     0.0000     0.0000     0.0000     0.0000     0.0000     0.0000     0.0000     0.0000     0.0000     0.0000     0.0000     0.0000     0.0000     0.0000     0.0000     0.0000     0.0000     0.0000     0.0000     0.0000     0.0000     0.0000     0.0000     0.0000     0.0000     0.0000     0.0000     0.0000     0.0000     0.0000     0.0000     0.0000     0.0000     0.0000     0.0000     0.0000     0.0000     0.0000     0.0000     0.0000     0.0000     0.0000     0.0000     0.0000     0.0000     0.0000     0.0000     0.0000     0.0000     0.0000     0.0000     0.0000     0.0000     0.0000     0.0000     0.0000     0.0000     0.0000     0.0000     0.0000     0.0000     0.0000     0.0000     0.0000     0.0000     0.0000     0.0000     0.0000     0.0000     0.0000     0.0000     0.0000     0.0000     0.0000     0.0000     0.0000     0.0000     0.0000     0.0000     0.0000     0.0000     0.0000     0.0000     0.0000     0.0000     0.0000     0.0000     0.0000     0.0000     0.0000     0.0000     0.0000     0.0000     0.0000     0.0000     0.0000     0.0000     0.0000     0.0000     0.0000     0.0000     0.0000     0.0000     0.0000     0.0000     0.0000     0.0000     0.0000     0.0000     0.0000     0.0000     0.0000     0.0000     0.0000     0.0000     0.0000     0.0000     0.0000     0.0000     0.0000     0.0000     0.0000     0.0000     0.0000     0.0000     0.0000     0.0000     0.0000     0.0000     0.0000     0.0000     0.0000     0.0000     0.0000     0.0000     0.0000     0.0000     0.0000     0.0000     0.0000     0.0000     0.0000     0.0000     0.0000     0.0000     0.0000     0.0000     0.0000     0.0000     0.0000     0.0000     0.0000     0.0000     0.0000     0.0000     0.0000     0.0000     0.0000     0.0000     0.0000     0.0000     0.0000     0.0000     0.0000     0.0000     0.0000     0.0000     0.0000     0.0000     0.0000     0.0000     0.0000     0.0000     0.0000     0.0000     0.0000     0.0000     0.0000     0.0000     0.0000     0.0000     0.0000     0.0000     0.0000     0.0000     0.0000     0.0000     0.0000     0.0000     0.0000     0.0000     0.0000     0.0000     0.0000     0.0000     0.0000     0.0000     0.0000     0.0000     0.0000     0.0000     0.0000     0.0000     0.0000     0.0000     0.0000     0.0000     0.0000     0.0000     0.0000     0.0000     0.0000     0.0000     0.0000     0.0000     0.0000     0.0000     0.0000     0.0000     0.0000     0.0000     0.0000     0.0000     0.0000     0.0000     0.0000     0.0000
    0.0000     0.0000     0.0000     0.0000     0.0000     0.0000     0.0000     0.0000     0.0000     0.0000     0.0000     0.0000     0.0000     0.0000     0.0000     0.0000     0.0000     0.0000     0.0000     0.0000     0.0000     0.0000     0.0000     0.0000     0.0000     0.0000     0.0000     0.0000     0.0000     0.0000     0.0000     0.0000     0.0000     0.0000     0.0000     0.0000     0.0000     0.0000     0.0000     0.0000     0.0000     0.0000     0.0000     0.0000     0.0000     0.0000     0.0000     0.0000     0.0000     0.0000     0.0000     0.0000     0.0000     0.0000     0.0000     0.0000     0.0000     0.0000     0.0000     0.0000     0.0000     0.0000     0.0000     0.0000     0.0000     0.0000     0.0000     0.0000     0.0000     0.0000     0.0000     0.0000     0.0000     0.0000     0.0000     0.0000     0.0000     0.0000     0.0000     0.0000     0.0000     0.0000     0.0000     0.0000     0.0000     0.0000     0.0000     0.0000     0.0000     0.0000     0.0000     0.0000     0.0000     0.0000     0.0000     0.0000     0.0000     0.0000     0.0000     0.0000     0.0000     0.0000     0.0000     0.0000     0.0000     0.0000     0.0000     0.0000     0.0000     0.0000     0.0000     0.0000     0.0000     0.0000     0.0000     0.0000     0.0000     0.0000     0.0000     0.0000     0.0000     0.0000     0.0000     0.0000     0.0000     0.0000     0.0000     0.0000     0.0000     0.0000     0.0000     0.0000     0.0000     0.0000     0.0000     0.0000     0.0000     0.0000     0.0000     0.0000     0.0000     0.0000     0.0000     0.0000     0.0000     0.0000     0.0000     0.0000     0.0000     0.0000     0.0000     0.0000     0.0000     0.0000     0.0000     0.0000     0.0000     0.0000     0.0000     0.0000     0.0000     0.0000     0.0000     0.0000     0.0000     0.0000     0.0000     0.0000     0.0000     0.0000     0.0000     0.0000     0.0000     0.0000     0.0000     0.0000     0.0000     0.0000     0.0000     0.0000     0.0000     0.0000     0.0000     0.0000     0.0000     0.0000     0.0000     0.0000     0.0000     0.0000     0.0000     0.0000     0.0000     0.0000     0.0000     0.0000     0.0000     0.0000     0.0000     0.0000     0.0000     0.0000     0.0000     0.0000     0.0000     0.0000     0.0000     0.0000     0.0000     0.0000     0.0000     0.0000     0.0000     0.0000     0.0000     0.0000     0.0000     0.0000     0.0000     0.0000     0.0000     0.0000     0.0000     0.0000     0.0000     0.0000     0.0000     0.0000     0.0000     0.0000     0.0000     0.0000     0.0000     0.0000     0.0000     0.0000     0.0000     0.0000     0.0000     0.0000     0.0000     0.0000     0.0000     0.0000     0.0000     0.0000     0.0000     0.0000     0.0000     0.0000     0.0000     0.0000     0.0000     0.0000     0.0000     0.0000
    0.0000     0.0000     0.0000     0.0000     0.0000     0.0000     0.0000     0.0000     0.0000     0.0000     0.0000     0.0000     0.0000     0.0000     0.0000     0.0000     0.0000     0.0000     0.0000     0.0000     0.0000     0.0000     0.0000     0.0000     0.0000     0.0000     0.0000     0.0000     0.0000     0.0000     0.0000     0.0000     0.0000     0.0000     0.0000     0.0000     0.0000     0.0000     0.0000     0.0000     0.0000     0.0000     0.0000     0.0000     0.0000     0.0000     0.0000     0.0000     0.0000     0.0000     0.0000     0.0000     0.0000     0.0000     0.0000     0.0000     0.0000     0.0000     0.0000     0.0000     0.0000     0.0000     0.0000     0.0000     0.0000     0.0000     0.0000     0.0000     0.0000     0.0000     0.0000     0.0000     0.0000     0.0000     0.0000     0.0000     0.0000     0.0000     0.0000     0.0000     0.0000     0.0000     0.0000     0.0000     0.0000     0.0000     0.0000     0.0000     0.0000     0.0000     0.0000     0.0000     0.0000     0.0000     0.0000     0.0000     0.0000     0.0000     0.0000     0.0000     0.0000     0.0000     0.0000     0.0000     0.0000     0.0000     0.0000     0.0000     0.0000     0.0000     0.0000     0.0000     0.0000     0.0000     0.0000     0.0000     0.0000     0.0000     0.0000     0.0000     0.0000     0.0000     0.0000     0.0000     0.0000     0.0000     0.0000     0.0000     0.0000     0.0000     0.0000     0.0000     0.0000     0.0000     0.0000     0.0000     0.0000     0.0000     0.0000     0.0000     0.0000     0.0000     0.0000     0.0000     0.0000     0.0000     0.0000     0.0000     0.0000     0.0000     0.0000     0.0000     0.0000     0.0000     0.0000     0.0000     0.0000     0.0000     0.0000     0.0000     0.0000     0.0000     0.0000     0.0000     0.0000     0.0000     0.0000     0.0000     0.0000     0.0000     0.0000     0.0000     0.0000     0.0000     0.0000     0.0000     0.0000     0.0000     0.0000     0.0000     0.0000     0.0000     0.0000     0.0000     0.0000     0.0000     0.0000     0.0000     0.0000     0.0000     0.0000     0.0000     0.0000     0.0000     0.0000     0.0000     0.0000     0.0000     0.0000     0.0000     0.0000     0.0000     0.0000     0.0000     0.0000     0.0000     0.0000     0.0000     0.0000     0.0000     0.0000     0.0000     0.0000     0.0000     0.0000     0.0000     0.0000     0.0000     0.0000     0.0000     0.0000     0.0000     0.0000     0.0000     0.0000     0.0000     0.0000     0.0000     0.0000     0.0000     0.0000     0.0000     0.0000     0.0000     0.0000     0.0000     0.0000     0.0000     0.0000     0.0000     0.0000     0.0000     0.0000     0.0000     0.0000     0.0000     0.0000     0.0000     0.0000     0.0000     0.0000     0.0000     0.0000     0.0000     0.0000     0.0000
    0.0000     0.0000     0.0000     0.0000     0.0000     0.0000     0.0000     0.0000     0.0000     0.0000     0.0000     0.0000     0.0000     0.0000     0.0000     0.0000     0.0000     0.0000     0.0000     0.0000     0.0000     0.0000     0.0000     0.0000     0.0000     0.0000     0.0000     0.0000     0.0000     0.0000     0.0000     0.0000     0.0000     0.0000     0.0000     0.0000     0.0000     0.0000     0.0000     0.0000     0.0000     0.0000     0.0000     0.0000     0.0000     0.0000     0.0000     0.0000     0.0000     0.0000     0.0000     0.0000     0.0000     0.0000     0.0000     0.0000     0.0000     0.0000     0.0000     0.0000     0.0000     0.0000     0.0000     0.0000     0.0000     0.0000     0.0000     0.0000     0.0000     0.0000     0.0000     0.0000     0.0000     0.0000     0.0000     0.0000     0.0000     0.0000     0.0000     0.0000     0.0000     0.0000     0.0000     0.0000     0.0000     0.0000     0.0000     0.0000     0.0000     0.0000     0.0000     0.0000     0.0000     0.0000     0.0000     0.0000     0.0000     0.0000     0.0000     0.0000     0.0000     0.0000     0.0000     0.0000     0.0000     0.0000     0.0000     0.0000     0.0000     0.0000     0.0000     0.0000     0.0000     0.0000     0.0000     0.0000     0.0000     0.0000     0.0000     0.0000     0.0000     0.0000     0.0000     0.0000     0.0000     0.0000     0.0000     0.0000     0.0000     0.0000     0.0000     0.0000     0.0000     0.0000     0.0000     0.0000     0.0000     0.0000     0.0000     0.0000     0.0000     0.0000     0.0000     0.0000     0.0000     0.0000     0.0000     0.0000     0.0000     0.0000     0.0000     0.0000     0.0000     0.0000     0.0000     0.0000     0.0000     0.0000     0.0000     0.0000     0.0000     0.0000     0.0000     0.0000     0.0000     0.0000     0.0000     0.0000     0.0000     0.0000     0.0000     0.0000     0.0000     0.0000     0.0000     0.0000     0.0000     0.0000     0.0000     0.0000     0.0000     0.0000     0.0000     0.0000     0.0000     0.0000     0.0000     0.0000     0.0000     0.0000     0.0000     0.0000     0.0000     0.0000     0.0000     0.0000     0.0000     0.0000     0.0000     0.0000     0.0000     0.0000     0.0000     0.0000     0.0000     0.0000     0.0000     0.0000     0.0000     0.0000     0.0000     0.0000     0.0000     0.0000     0.0000     0.0000     0.0000     0.0000     0.0000     0.0000     0.0000     0.0000     0.0000     0.0000     0.0000     0.0000     0.0000     0.0000     0.0000     0.0000     0.0000     0.0000     0.0000     0.0000     0.0000     0.0000     0.0000     0.0000     0.0000     0.0000     0.0000     0.0000     0.0000     0.0000     0.0000     0.0000     0.0000     0.0000     0.0000     0.0000     0.0000     0.0000     0.0000     0.0000     0.0000     0.0000
    0.0000     0.0000     0.0000     0.0000     0.0000     0.0000     0.0000     0.0000     0.0000     0.0000     0.0000     0.0000     0.0000     0.0000     0.0000     0.0000     0.0000     0.0000     0.0000     0.0000     0.0000     0.0000     0.0000     0.0000     0.0000     0.0000     0.0000     0.0000     0.0000     0.0000     0.0000     0.0000     0.0000     0.0000     0.0000     0.0000     0.0000     0.0000     0.0000     0.0000     0.0000     0.0000     0.0000     0.0000     0.0000     0.0000     0.0000     0.0000     0.0000     0.0000     0.0000     0.0000     0.0000     0.0000     0.0000     0.0000     0.0000     0.0000     0.0000     0.0000     0.0000     0.0000     0.0000     0.0000     0.0000     0.0000     0.0000     0.0000     0.0000     0.0000     0.0000     0.0000     0.0000     0.0000     0.0000     0.0000     0.0000     0.0000     0.0000     0.0000     0.0000     0.0000     0.0000     0.0000     0.0000     0.0000     0.0000     0.0000     0.0000     0.0000     0.0000     0.0000     0.0000     0.0000     0.0000     0.0000     0.0000     0.0000     0.0000     0.0000     0.0000     0.0000     0.0000     0.0000     0.0000     0.0000     0.0000     0.0000     0.0000     0.0000     0.0000     0.0000     0.0000     0.0000     0.0000     0.0000     0.0000     0.0000     0.0000     0.0000     0.0000     0.0000     0.0000     0.0000     0.0000     0.0000     0.0000     0.0000     0.0000     0.0000     0.0000     0.0000     0.0000     0.0000     0.0000     0.0000     0.0000     0.0000     0.0000     0.0000     0.0000     0.0000     0.0000     0.0000     0.0000     0.0000     0.0000     0.0000     0.0000     0.0000     0.0000     0.0000     0.0000     0.0000     0.0000     0.0000     0.0000     0.0000     0.0000     0.0000     0.0000     0.0000     0.0000     0.0000     0.0000     0.0000     0.0000     0.0000     0.0000     0.0000     0.0000     0.0000     0.0000     0.0000     0.0000     0.0000     0.0000     0.0000     0.0000     0.0000     0.0000     0.0000     0.0000     0.0000     0.0000     0.0000     0.0000     0.0000     0.0000     0.0000     0.0000     0.0000     0.0000     0.0000     0.0000     0.0000     0.0000     0.0000     0.0000     0.0000     0.0000     0.0000     0.0000     0.0000     0.0000     0.0000     0.0000     0.0000     0.0000     0.0000     0.0000     0.0000     0.0000     0.0000     0.0000     0.0000     0.0000     0.0000     0.0000     0.0000     0.0000     0.0000     0.0000     0.0000     0.0000     0.0000     0.0000     0.0000     0.0000     0.0000     0.0000     0.0000     0.0000     0.0000     0.0000     0.0000     0.0000     0.0000     0.0000     0.0000     0.0000     0.0000     0.0000     0.0000     0.0000     0.0000     0.0000     0.0000     0.0000     0.0000     0.0000     0.0000     0.0000     0.0000     0.0000     0.0000
    0.0000     0.0000     0.0000     0.0000     0.0000     0.0000     0.0000     0.0000     0.0000     0.0000     0.0000     0.0000     0.0000     0.0000     0.0000     0.0000     0.0000     0.0000     0.0000     0.0000     0.0000     0.0000     0.0000     0.0000     0.0000     0.0000     0.0000     0.0000     0.0000     0.0000     0.0000     0.0000     0.0000     0.0000     0.0000     0.0000     0.0000     0.0000     0.0000     0.0000     0.0000     0.0000     0.0000     0.0000     0.0000     0.0000     0.0000     0.0000     0.0000     0.0000     0.0000     0.0000     0.0000     0.0000     0.0000     0.0000     0.0000     0.0000     0.0000     0.0000     0.0000     0.0000     0.0000     0.0000     0.0000     0.0000     0.0000     0.0000     0.0000     0.0000     0.0000     0.0000     0.0000     0.0000     0.0000     0.0000     0.0000     0.0000     0.0000     0.0000     0.0000     0.0000     0.0000     0.0000     0.0000     0.0000     0.0000     0.0000     0.0000     0.0000     0.0000     0.0000     0.0000     0.0000     0.0000     0.0000     0.0000     0.0000     0.0000     0.0000     0.0000     0.0000     0.0000     0.0000     0.0000     0.0000     0.0000     0.0000     0.0000     0.0000     0.0000     0.0000     0.0000     0.0000     0.0000     0.0000     0.0000     0.0000     0.0000     0.0000     0.0000     0.0000     0.0000     0.0000     0.0000     0.0000     0.0000     0.0000     0.0000     0.0000     0.0000     0.0000     0.0000     0.0000     0.0000     0.0000     0.0000     0.0000     0.0000     0.0000     0.0000     0.0000     0.0000     0.0000     0.0000     0.0000     0.0000     0.0000     0.0000     0.0000     0.0000     0.0000     0.0000     0.0000     0.0000     0.0000     0.0000     0.0000     0.0000     0.0000     0.0000     0.0000     0.0000     0.0000     0.0000     0.0000     0.0000     0.0000     0.0000     0.0000     0.0000     0.0000     0.0000     0.0000     0.0000     0.0000     0.0000     0.0000     0.0000     0.0000     0.0000     0.0000     0.0000     0.0000     0.0000     0.0000     0.0000     0.0000     0.0000     0.0000     0.0000     0.0000     0.0000     0.0000     0.0000     0.0000     0.0000     0.0000     0.0000     0.0000     0.0000     0.0000     0.0000     0.0000     0.0000     0.0000     0.0000     0.0000     0.0000     0.0000     0.0000     0.0000     0.0000     0.0000     0.0000     0.0000     0.0000     0.0000     0.0000     0.0000     0.0000     0.0000     0.0000     0.0000     0.0000     0.0000     0.0000     0.0000     0.0000     0.0000     0.0000     0.0000     0.0000     0.0000     0.0000     0.0000     0.0000     0.0000     0.0000     0.0000     0.0000     0.0000     0.0000     0.0000     0.0000     0.0000     0.0000     0.0000     0.0000     0.0000     0.0000     0.0000     0.0000     0.0000     0.0000     0.0000
    0.0000     0.0000     0.0000     0.0000     0.0000     0.0000     0.0000     0.0000     0.0000     0.0000     0.0000     0.0000     0.0000     0.0000     0.0000     0.0000     0.0000     0.0000     0.0000     0.0000     0.0000     0.0000     0.0000     0.0000     0.0000     0.0000     0.0000     0.0000     0.0000     0.0000     0.0000     0.0000     0.0000     0.0000     0.0000     0.0000     0.0000     0.0000     0.0000     0.0000     0.0000     0.0000     0.0000     0.0000     0.0000     0.0000     0.0000     0.0000     0.0000     0.0000     0.0000     0.0000     0.0000     0.0000     0.0000     0.0000     0.0000     0.0000     0.0000     0.0000     0.0000     0.0000     0.0000     0.0000     0.0000     0.0000     0.0000     0.0000     0.0000     0.0000     0.0000     0.0000     0.0000     0.0000     0.0000     0.0000     0.0000     0.0000     0.0000     0.0000     0.0000     0.0000     0.0000     0.0000     0.0000     0.0000     0.0000     0.0000     0.0000     0.0000     0.0000     0.0000     0.0000     0.0000     0.0000     0.0000     0.0000     0.0000     0.0000     0.0000     0.0000     0.0000     0.0000     0.0000     0.0000     0.0000     0.0000     0.0000     0.0000     0.0000     0.0000     0.0000     0.0000     0.0000     0.0000     0.0000     0.0000     0.0000     0.0000     0.0000     0.0000     0.0000     0.0000     0.0000     0.0000     0.0000     0.0000     0.0000     0.0000     0.0000     0.0000     0.0000     0.0000     0.0000     0.0000     0.0000     0.0000     0.0000     0.0000     0.0000     0.0000     0.0000     0.0000     0.0000     0.0000     0.0000     0.0000     0.0000     0.0000     0.0000     0.0000     0.0000     0.0000     0.0000     0.0000     0.0000     0.0000     0.0000     0.0000     0.0000     0.0000     0.0000     0.0000     0.0000     0.0000     0.0000     0.0000     0.0000     0.0000     0.0000     0.0000     0.0000     0.0000     0.0000     0.0000     0.0000     0.0000     0.0000     0.0000     0.0000     0.0000     0.0000     0.0000     0.0000     0.0000     0.0000     0.0000     0.0000     0.0000     0.0000     0.0000     0.0000     0.0000     0.0000     0.0000     0.0000     0.0000     0.0000     0.0000     0.0000     0.0000     0.0000     0.0000     0.0000     0.0000     0.0000     0.0000     0.0000     0.0000     0.0000     0.0000     0.0000     0.0000     0.0000     0.0000     0.0000     0.0000     0.0000     0.0000     0.0000     0.0000     0.0000     0.0000     0.0000     0.0000     0.0000     0.0000     0.0000     0.0000     0.0000     0.0000     0.0000     0.0000     0.0000     0.0000     0.0000     0.0000     0.0000     0.0000     0.0000     0.0000     0.0000     0.0000     0.0000     0.0000     0.0000     0.0000     0.0000     0.0000     0.0000     0.0000     0.0000     0.0000     0.0000     0.0000     0.0000
{"varName":"tauKrylov4Tex","savedAt":"2026-05-18T12:17:10.271Z","value":{"__backupType":"texture2D","w":64,"h":54,"dim":4,"format":[6408,34836,5126],"unit":2,"program":15,"data":[-1754860.375,224131,-1168379.75,1,1017862.75,-473948.71875,1440393.625,1,-1201169.125,84861.6875,-647720.0625,1,1434892,215967.8125,4636.703125,1,-1060403.25,-81741.484375,14746.390625,1,748672.625,-83650.78125,-19352.896484375,1,-998443,154301.640625,1243.965087890625,1,1248046.75,-134743.03125,26791.05078125,1,-936227.6875,94751.4609375,-41196.328125,1,374703.15625,-102932.3515625,13856.416015625,1,-124631.4296875,243674.421875,68610.5703125,1,373083.75,-442540.21875,-139961.375,1,-934173.9375,416955.6875,107592.7890625,1,1186489.875,-134241.78125,3705.3662109375,1,-628815.4375,-125034.9765625,-112630.3828125,1,-184278.796875,277115.65625,225957.546875,1,253365.953125,-433904.4375,-367069.90625,1,307577.78125,530561.4375,436501.90625,1,-563023.875,-463663.0625,-366220.625,1,315524.34375,283407.96875,286644.03125,1,-124523.6171875,-83715.3515625,-305597.71875,1,368045.3125,-76824.8515625,248021.0625,1,-927743.1875,213773.671875,75749.2890625,1,1187918.25,-341050.09375,-517097.25,1,-579436.8125,365057.3125,725651.0625,1,-543093.9375,-259093.96875,-553410.875,1,1123759.25,102640.6484375,119730.6171875,1,-583148.625,115368.90625,369272.65625,1,-599161,-392141.78125,-673760.4375,1,1547000.75,625330.5,694953.4375,1,-1871971,-840911.375,-822666.5,1,1574327.5,1098025.75,1541288.875,1,-713082.125,-1058816.875,-2429273.5,1,-231365.046875,483759.6875,2411354.75,1,624029.9375,62203.5546875,-1306073.125,1,-623906.3125,-169534.296875,202572.53125,1,683017.5,246141.359375,-10534.2900390625,1,-630623,-342131.40625,510464.53125,1,322165.59375,150141.890625,-990839.625,1,-124873.7109375,-800.7186889648438,1074581.625,1,360781.0625,275756.4375,-656827,1,-918702,-725812.0625,-146500.609375,1,1188418.75,914910.1875,826902.5,1,-650653.9375,-548401.9375,-955520.5625,1,-229228.21875,-170600.75,902974.9375,1,623692.125,522985.78125,-1140951.75,1,-624257.5625,-458712.78125,1223981.125,1,683112.4375,750116.25,-653971.8125,1,-689042,-1348901.5,-166684.328125,1,684270.4375,1572715.875,1052595.25,1,-988155.0625,-1603145.375,-2290308.5,1,1246868.75,1633366.625,3494696.5,1,-946063.5625,-927292.625,-3822543.5,1,321330.40625,-562817.875,3034738,1,304672,1662177.625,-1244094.875,1,-991035.6875,-1730265.25,-1361813.5,1,1618074.125,1288700,4043467.5,1,-1933351.625,-1000295.75,-5354282,1,1996604.375,1095402.75,4497285,1,-1933362.25,-1365680.25,-2163376.25,1,1426616.625,1205692.125,-372647.90625,1,-458235.75,-543412.25,1187517.5,1,-21425.736328125,62197.109375,-317334.5,1,88165.9921875,215904.546875,-702252.5,1,-1735709.875,481236.6875,-588895.1875,1,2408859,-520752.5,726493.25,1,-909800.75,281398.9375,-326668.5625,1,-1641328.125,-168068.078125,925.4618530273438,1,3128524.75,138502.875,-526.706787109375,1,-2638830.25,262242.3125,48831.625,1,1975046.125,-953660,-169114.46875,1,-2791414,1653178.625,332528.5,1,4274583.5,-2052504.875,-502654.9375,1,-5102602,2006921.25,662771.3125,1,5106732,-1791826.875,-798691.625,1,-4291130,1925964.5,905635.0625,1,2812143.25,-2465295,-1029444.75,1,-1813437.5,2900697.25,1229983.375,1,1646972.625,-3024514.75,-1500753.25,1,-679491.6875,3236190.75,1727100.375,1,-1618409,-3745232.75,-1756303,1,2964967.25,4075327,1494806.375,1,-1518577.875,-3548742.25,-971619.625,1,-1604641.875,2244189.25,395609.53125,1,3934666.75,-1163223.5,-71698.3984375,1,-3970869.75,1102937.875,157359.65625,1,1695055.5,-1985056.625,-664245.25,1,1437249.5,3194394,1575952,1,-2964452.5,-3909175.25,-2602387,1,1530108.875,3677512.25,3011418.25,1,1432917.875,-2656373.75,-2216864,1,-3123162.25,941610.3125,450823.125,1,2657348,1407254.375,1554218.875,1,-1975802.375,-3545705.25,-3189214.75,1,2769758.5,4400693,4162419.25,1,-4098527.5,-4242610,-4835487,1,4134170.25,4190016.25,5773032,1,-2829163,-4252045,-6235664.5,1,1976234.875,3970700.75,5298140,1,-2610668,-4169064,-4405576,1,3133647.5,5408606.5,5065668.5,1,-1533725.75,-5877796.5,-5048626.5,1,-1430000.5,3878003,1833684.5,1,3121850,-1294149.875,1807773.125,1,-2656152.5,999632.125,-1191923.875,1,1976931.125,-2166181.25,-2809850.75,1,-2614517.5,2155221.5,5409851.5,1,3291840,-1318084.5,-5305178.5,1,-2652277.5,1626618.25,4738984,1,1816435.75,-2303818.5,-4233332.5,1,-1645675.375,1740908.375,3353674,1,838732.1875,-1429617.5,-4194818,1,807270.5625,2929894.75,8236395,1,-1482874,-4450356,-12172842,1,829593.625,4330540.5,11906406,1,-330474.59375,-4027439,-8731133,1,986129,5503539.5,7724333,1,-2633723,-8199364,-10059489,1,4281901.5,9993436,11164874,1,-5104904,-10001782,-8114855.5,1,5268990.5,9334233,4939194.5,1,-5268990.5,-9823314,-8051486,1,5268990.5,12141174,18370608,1,-5268990.5,-14329388,-28158668,1,5097538,13614201,27799364,1,-3952237,-9305789,-17675346,1,1080873.125,2305801.75,4059599.25,1,2385535,5310671.5,9677312,1,-230301.6875,843814,-3330200.25,1,-7248.56787109375,-1088175,4082340,1,-187909.890625,457922.625,-1849560.875,1,420199.625,98460.953125,22255.11328125,1,-341414.46875,-84377.59375,-1237.8634033203125,1,132698.359375,-11106.998046875,-10683.91015625,1,-21359.5078125,108463.6171875,47882.671875,1,1.3877787807814457e-17,-166338.90625,-49451.7578125,1,1.3877787807814457e-17,106410.953125,22096.21875,1,1.3877787807814457e-17,60150.97265625,42268.11328125,1,1.3877787807814457e-17,-237591.96875,-85872.765625,1,1.3877787807814457e-17,361070.53125,123031.9375,1,1.3877787807814457e-17,-457322.3125,-137731.359375,1,-27216.92578125,505294.5,136901.296875,1,155259.078125,-376861.8125,-85080.2109375,1,-368617.0625,130666.765625,71024.5390625,1,466464.625,1201.632568359375,-126457.6328125,1,-331985.40625,32782.609375,202138.328125,1,126053.125,789.4259033203125,-134275.625,1,-46882.95703125,-262475.8125,-41072.1640625,1,127057.234375,559174.1875,154861.65625,1,-240113,-540938.1875,-23329.158203125,1,227249.671875,134177.53125,-295751.4375,1,-81445.21875,317217.90625,561047.9375,1,-104758.4765625,-501737.71875,-558246.4375,1,239076.34375,350077.96875,293831.53125,1,-228808.421875,51090.3984375,135577.03125,1,109818.703125,-550170.3125,-677271.9375,1,-21151.216796875,860920.8125,1132088.5,1,1.3877787807814457e-17,-825692.375,-1244790.375,1,1.3877787807814457e-17,539165.9375,956469.8125,1,1.3877787807814457e-17,-264447.53125,-575738.25,1,1.3877787807814457e-17,200639.59375,424538.71875,1,1.3877787807814457e-17,-382529.75,-618787.9375,1,-23963.615234375,555672.1875,863111.875,1,142145.53125,-379437.6875,-782769.9375,1,-352542.28125,-84243.46875,329872.71875,1,444520.0625,357580.96875,126306.4375,1,-210574.609375,-211810.03125,-368507.28125,1,-209328.03125,49784.90234375,585119.6875,1,421352.15625,-308795.34375,-921216.875,1,-237580.703125,864523.6875,1057801.5,1,-67663.96875,-1148581.875,-603495.5,1,74153.7734375,822437.25,-101007.1640625,1,249709.046875,-68254.890625,315678.53125,1,-557259.75,-523344.25,229607.90625,1,586852.75,494799.6875,-1001673.5625,1,-401961.34375,-13138.2021484375,1282658.125,1,280367.625,-259886.640625,-654809.6875,1,-369827.96875,180003.78125,-283452.40625,1,466844.6875,-234629,635858.1875,1,-354450.78125,601521.5,-465664.875,1,143287.65625,-859497.5,727285.3125,1,-24080.337890625,816884.8125,-1450467.625,1,-23177.455078125,-661006.5625,2027216.75,1,139876.234375,642303.625,-1975934.75,1,-374084.1875,-782982.4375,1553726.5,1,584045.9375,990338.875,-1013638.8125,1,-580789.125,-951125.1875,785661,1,392231.125,630220.8125,-348299.3125,1,-332927.75,-260891.40625,-198094.890625,1,415215.5,9543.13671875,-470608.625,1,-149826.4375,42265.83203125,440336.84375,1,-304869.5,53843.74609375,704194.3125,1,-1286634.875,1744565.5,-6425305.5,1,1330458.875,-2137391.75,7891203,1,-768023.375,974286.1875,-3578090,1,177559.25,28722.662109375,22177.23828125,1,-50971.8671875,-132638.8125,-15537.3271484375,1,245760.125,319683.21875,90985.2421875,1,-417676,-660491.1875,-178792.453125,1,143188.09375,897702.75,288020.09375,1,514420.5625,-974215.0625,-323172.1875,1,-879149.9375,997811.1875,319433.9375,1,706193.6875,-1097430.5,-339431.78125,1,-501671.8125,1204405.375,424636.3125,1,515205.15625,-1214762.875,-508392.28125,1,-441480.90625,1186759.125,581339.1875,1,147458.734375,-1135992.375,-608606.5625,1,278563.75,1144798.875,641936.4375,1,-795275.25,-1254120.625,-667307.625,1,1179818.875,1426116,728706,1,-1065869.875,-1399086.75,-726745.5,1,364166.5,1107183.5,710524.4375,1,499031.21875,-790740.4375,-668519.5,1,-883243.8125,760486.8125,713386.75,1,645286.0625,-925172.1875,-830487.0625,1,-185960.421875,1074148.875,1174375.375,1,-274786,-1198199.75,-1714726.25,1,734267.6875,1330888.875,2200116.25,1,-921744.6875,-1293090.75,-2137681,1,706251.125,782897.75,1411790.375,1,-553729.375,41512.9375,-338107.34375,1,820179.4375,-505281.5,-493819.5625,1,-1173723.875,245809.96875,766246,1,1134099.5,-39027.94140625,-884571.3125,1,-701819.3125,652561.625,1439671.75,1,253947.84375,-1611825,-2192086,1,-40736.515625,1906549,2261435,1,-50603.87890625,-1708939.375,-1759414.875,1,293510.78125,1844682.75,1690911.5,1,-711777.3125,-2218737,-2350465,1,923775.9375,1930871.5,2643394.75,1,-725595.875,-1129488.125,-2033866.25,1,552122.6875,1032464.6875,1387155.125,1,-795294.3125,-1887736.125,-1589279,1,1207632,2613608.5,2292692.25,1,-1431749.625,-2756026,-2981107,1,1475958.875,2843262.25,3706471,1,-1429150,-2694348.5,-4218056.5,1,1150458.875,1764654.875,3651164.5,1,-457408.34375,-618022.4375,-1950078.125,1,-463777.21875,252554.984375,486807.9375,1,1107768.625,-513048.71875,-94710.5546875,1,-1153771.375,820699.3125,339808.125,1,785090.625,-1006752.0625,-823992.5,1,-507490.6875,1068229.875,1979008.625,1,506998.8125,-945836.9375,-3283054,1,-507601.84375,742889.375,3414034,1,507634.59375,-379057.53125,-2194624,1,-784318.875,-42768.98828125,1542994.625,1,1199683.25,383424.03125,-2332568.5,1,-1430075.375,-819010.75,3431623.25,1,1475958.75,1514555.75,-3286169.5,1,-1332399.875,-1903574.25,2541471,1,852301.4375,1177024.125,-3507678.5,1,-188427.375,-182369.859375,1636240.5,1,-457436.1875,-531750.6875,2986897,1,1326339,536939.4375,-638839.5625,1,-1357483,-462996.46875,812731.5,1,787465.75,336351.96875,-347045.03125,1,-184788.046875,-389549.96875,-48264.83984375,1,1.3877787807814457e-17,686398,91744.3046875,1,-62585.88671875,-1001727.5625,-132092.375,1,374320.75,1233447.375,176219.265625,1,-932391.4375,-1319755,-236532.640625,1,1175371.5,1202059.125,276123.5,1,-549478.5625,-876136.4375,-234712.46875,1,-628045.3125,539276.9375,134373.578125,1,1552527.75,-430201.96875,-53593.03125,1,-1857494.875,459951.65625,-5974.30322265625,1,1605803.5,-279796.25,126945.1328125,1,-984502.1875,-247200.765625,-335761.34375,1,304344.78125,781024.75,517944.40625,1,251974.40625,-849315.3125,-522022.59375,1,-558309.1875,589441.625,423817.875,1,304039.625,-687841.8125,-476563.84375,1,315103.90625,1127316.5,617455.9375,1,-556122.6875,-1038656.0625,-509575.3125,1,243211.359375,348763.90625,244552.34375,1,252142.5,8163.201171875,-270589.71875,1,-558377.5625,278518.875,538670.9375,1,304027.9375,-710583.3125,-534691.9375,1,315127.96875,1096569.125,302300.3125,1,-556168.375,-1701817.375,-665407.5625,1,306310.78125,2566118,1982413,1,-60830.8359375,-3060164,-3202285.5,1,-62999.74609375,2315127.5,2809636.5,1,312817.96875,-300356.53125,-685768.125,1,-621326.125,-1683795.875,-1373877.625,1,680048.4375,2023253.5,1450531,1,-619196.0625,-508126.625,417526.59375,1,682159.3125,-1523643.875,-2632875.75,1,-680053.375,2641373.5,3919704.75,1,619207.5625,-2148726.75,-3948722.75,1,-682154.4375,264286.25,2811785,1,680036.6875,1877129.875,-828192.9375,1,-619225.0625,-2953556.75,-1110545.25,1,682170.625,2185876.5,1780937.125,1,-616939.75,66086.96875,-834397.9375,1,243181.3125,-2225720,-957372.75,1,252268.6875,3089499.75,2891474.75,1,-558323.375,-2615690.5,-4324425,1,303419.0625,860966.5,3849836.75,1,315684.03125,1692901,-760376.625,1,-619094.3125,-3400833,-2803393.75,1,682648.1875,2991747.75,3468999.5,1,-996292.875,-837677.875,-641165.625,1,1238072,-1766507.125,-3076380.5,1,-984591.8125,3475433.75,5520731,1,743406.375,-3374165.5,-6468629.5,1,-1061183.25,1505637.5,5712640.5,1,1616816.25,1016377.375,-2929249.5,1,-1857327.75,-2599351,-393985.3125,1,1601655,2329140.25,1783490.375,1,-1042240.25,-969389.9375,-968122.625,1,679337,510877.3125,519478.90625,1,-683286.9375,-1962645.75,-2095168.375,1,355305.5,3539177.5,3561597.5,1,387239.78125,-2979302.5,-2892732,1,-265607.5625,737901.4375,733770.3125,1,-437697.4375,1698803.125,1671563.5,1,0,0,0,0,0,0,0,0,0,0,0,0,0,0,0,0,0,0,0,0,0,0,0,0,0,0,0,0,0,0,0,0,0,0,0,0,0,0,0,0,0,0,0,0,0,0,0,0,0,0,0,0,0,0,0,0,0,0,0,0,0,0,0,0,0,0,0,0,0,0,0,0,0,0,0,0,0,0,0,0,0,0,0,0,0,0,0,0,0,0,0,0,0,0,0,0,0,0,0,0,0,0,0,0,0,0,0,0,0,0,0,0,0,0,0,0,0,0,0,0,0,0,0,0,0,0,0,0,0,0,0,0,0,0,0,0,0,0,0,0,0,0,0,0,0,0,0,0,0,0,0,0,0,0,0,0,0,0,0,0,0,0,0,0,0,0,0,0,0,0,0,0,0,0,0,0,0,0,0,0,0,0,0,0,0,0,0,0,0,0,0,0,0,0,0,0,0,0,0,0,0,0,0,0,0,0,0,0,0,0,0,0,0,0,0,0,0,0,0,0,0,0,0,0,0,0,0,0,0,0,0,0,0,0,0,0,0,0,0,0,0,0,0,0,0,0,0,0,0,0,0,0,0,0,0,0,445413.21875,130525.359375,-1167364.875,1,-456073.71875,-386187.03125,1438213.625,1,264868.46875,26823.80078125,-645325.3125,1,-62257.88671875,238335.046875,4943.54052734375,1,1.3877787807814457e-17,-77577.890625,11742.3671875,1,1.3877787807814457e-17,-115085.8125,-10568.0048828125,1,1.3877787807814457e-17,185524.203125,-22028.255859375,1,1.3877787807814457e-17,-87798.78125,72815.203125,1,1.3877787807814457e-17,-53554.10546875,-107329.390625,1,1.3877787807814457e-17,37425.78515625,85461.4765625,1,1.3877787807814457e-17,259439.171875,18537.708984375,1,1.3877787807814457e-17,-676527.4375,-145979.546875,1,1.3877787807814457e-17,791166.5,177399.203125,1,1.3877787807814457e-17,-446609.21875,-83505.265625,1,-61815.609375,-46018.41015625,-73927.6796875,1,310114.34375,413851.25,259634.875,1,-561223.0625,-634865.125,-432077.15625,1,316521.5,643643.6875,475562.03125,1,307524.875,-391185.46875,-373351.21875,1,-624204.3125,-45183.30859375,289462.3125,1,684681.75,654749.6875,-295058.09375,1,-992732,-1359604.875,170649.75,1,1248405.75,1753194.25,234518,1,-944445.5,-1466602.5,-661250.375,1,381408.4375,667321.5625,713887.9375,1,-64236.2265625,147223.546875,-322418.4375,1,-60178.23828125,-674523.3125,-269452.3125,1,365180.65625,898896.3125,776619.9375,1,-924122,-868334.9375,-988337.5,1,1248240.25,634913.625,854674.6875,1,-949115.8125,-381595.1875,-751125.3125,1,385164.8125,381443.9375,1249680.5,1,-65169.6640625,-577610.875,-2115515,1,1.3877787807814457e-17,593249.75,2250529.5,1,-59341.27734375,-433226.9375,-1301809.625,1,361906.125,503477.21875,361698.4375,1,-979264.5625,-941471.9375,-370289.53125,1,1609328.875,1654855.625,960253.0625,1,-1930931.5,-2352099.75,-1361915.75,1,1996604.5,2411835.25,1362089.625,1,-1937450.125,-1697999.75,-1014572.5625,1,1576120.625,840532.5625,403445,1,-656563.625,-124769.1640625,230950.90625,1,-532049.5625,-580488.5625,-645027.625,1,1122367,925582.9375,876444.375,1,-589120.5,-494492.6875,-950152.375,1,-533957.875,-353181.28125,641995.3125,1,1181735,946675.5,-83374.2265625,1,-949512.4375,-993068.3125,-184095.8125,1,325122.90625,597055,400911.75,1,300187.125,-64168.765625,-1116715.875,1,-924659.3125,-369683.875,1884777.125,1,1186078.625,614600.375,-1981876,1,-575948.4375,-409810.5,1374513.625,1,-547933.125,-316519.78125,-118505.921875,1,1182717,913940.1875,-1677154.25,1,-939269.9375,-894443.25,3360989.25,1,376583.59375,696433.4375,-3895268.75,1,-62749.57421875,-642644.5,2952580.75,1,-63365.5078125,507172.0625,-1286139.125,1,315335.71875,-284188.34375,120048.8359375,1,-529554.8125,74969.9765625,-470619.25,1,202533.484375,11586.4228515625,392969.8125,1,391046.625,-4127.71484375,618453.9375,1,4855939,616238.9375,-583326.0625,1,-3983869.25,-702275.125,719986.4375,1,3087606.75,352576.875,-322726.71875,1,-2962571,-89022.125,6511.62255859375,1,3130070.25,-44628.5078125,-26287.220703125,1,-1653655.125,601934.5625,103418.765625,1,-489791.59375,-1520033.375,-242405.5625,1,664496.5625,2316252.25,392346.03125,1,816554.1875,-2689546.25,-536142.4375,1,-1646996.25,2722434.25,700917.875,1,1808619.25,-2431994.25,-850557.3125,1,-2625854,1902943.625,933678.6875,1,3131961.5,-1707946.25,-1067757.375,1,-1506197.25,2285082,1414442.75,1,-1618402.5,-3269524.75,-1869602.25,1,3940227.25,3996480.5,2083119.75,1,-4126970.25,-4191117.5,-1844228.625,1,2816682.75,4103409.75,1376371.5,1,-1975117.375,-4201012,-1150802.625,1,2618563.5,4453430.5,1287836.125,1,-3293789.75,-4207744,-1414098.625,1,2652054.5,3315237.5,1313337.625,1,-1975302.375,-2715708.5,-1332859.625,1,2775243.25,3177114.75,1911749.125,1,-4261607,-4220044.5,-2964557.75,1,5099367.5,4926204.5,3835148.75,1,-5268990.5,-4794602,-3738589.25,1,5268990.5,3638189.5,2372351.25,1,-5268990.5,-1864721.75,-358565.21875,1,5109892.5,542885.9375,-1099808.625,1,-4303552,-126802.5234375,1566226.125,1,2827606,-190022.96875,-2062242.125,1,-1976031.125,1064046.125,3390139.5,1,2770514.5,-1817143.875,-4292311.5,1,-4098955.75,1582091.5,3331887,1,4133170.75,-1122361.625,-1899110.75,1,-2668359,1990840.75,2179378,1,1010483.4375,-3660884.25,-2862005.5,1,-170274.515625,4058634.25,1178530.5,1,-159561.953125,-3233282.5,1425997.5,1,808045.625,3214911.5,-542860,1,-1636097.75,-4203318,-4221092.5,1,1815704.375,4409597,8516087,1,-1647189.375,-3788553,-9821380,1,1806642.75,3997948.75,9559969,1,-1653554.625,-4744049.5,-8646077,1,672594.75,4249216,6523038.5,1,808261.75,-2456328.5,-4288626,1,-2618508.25,704650.75,4254137,1,4108316,656320.5625,-6040234.5,1,-3956249.5,-1755307.75,6874172.5,1,1656561,1145124.875,-6693302.5,1,1640141.5,2455624.5,8378763.5,1,-4115078.75,-6965152.5,-11542983,1,5104467,9003342,11987253,1,-5101996,-8174620,-7919488,1,4270127,6626254,2971327.25,1,-2615655.5,-6169293,-3202681,1,973689.625,7358002.5,10934510,1,-160660.296875,-8772157,-19655108,1,-515124.03125,7359862,19048210,1,1371553.125,-3221035.75,-9948357,1,-612937.1875,343741.1875,1685464.75,1,-1133108.375,1257198.5,4682150,1,1.3877787807814457e-17,910726.9375,-3333587.25,1,1.3877787807814457e-17,-1128535.125,4082787.75,1,1.3877787807814457e-17,501949.40625,-1845877.25,1,-25137.375,36141.90234375,19017.931640625,1,147997.1875,-5129.34228515625,2617.229736328125,1,-360552.875,-104436.8515625,-11534.4306640625,1,439394,210893.625,40737.8984375,1,-184511.328125,-267271.90625,-33747.46484375,1,-235960.359375,189316.65625,1044.3543701171875,1,445291.3125,9567.83203125,65240.7734375,1,-333234.75,-222765.484375,-110075.4921875,1,126751.984375,380340.75,145960.8125,1,-47261.3046875,-493421.21875,-156659.765625,1,155344.3125,557501.125,162604.03125,1,-368755.25,-508174.75,-141918.8125,1,466336.4375,376343.53125,162291.375,1,-358769.28125,-266425.25,-222671.53125,1,280877.0625,220731.90625,291294.625,1,-388294.5625,-125071.421875,-229672.265625,1,466784.03125,-132790.125,45202.5390625,1,-333000.1875,416641.4375,102232.3984375,1,126880.4921875,-442275.03125,13414.548828125,1,-20179.91796875,132238.9375,-338549.5,1,-26362.87890625,243875.65625,606928.4375,1,151572.625,-378213.125,-580178.9375,1,-364016.625,161308.53125,249139.1875,1,467543.25,234609.796875,238431.515625,1,-338804.59375,-608761.5625,-766575.875,1,106030.1953125,798860.875,1153637.625,1,126209.6875,-676513.3125,-1164773.875,1,-383977.4375,227671.640625,755662.75,1,613629.125,252714.75,-305949.28125,1,-701096.375,-423508.65625,162880.8125,1,603411,195929.59375,-386971.71875,1,-368571.8125,151230.21875,680326.4375,1,137145.046875,-256243.40625,-712014.0625,1,-22711.13671875,125221.8046875,402078.53125,1,1.3877787807814457e-17,-29004.138671875,-1592.6888427734375,1,1.3877787807814457e-17,10363.44140625,-357775.375,1,1.3877787807814457e-17,120162.265625,784352.875,1,1.3877787807814457e-17,-358657.28125,-1214768.5,1,1.3877787807814457e-17,519226.46875,1212187.625,1,1.3877787807814457e-17,-494702.25,-568530.4375,1,1.3877787807814457e-17,370120.5625,-25500.728515625,1,1.3877787807814457e-17,-174516.234375,-201609.234375,1,1.3877787807814457e-17,9722.5830078125,1115440.25,1,1.3877787807814457e-17,-69243.2578125,-1870043.75,1,1.3877787807814457e-17,248074.84375,1908489.25,1,1.3877787807814457e-17,-159907.015625,-1188311.375,1,-22513.330078125,-70744.390625,356692.15625,1,136862.203125,36965.40234375,54376.765625,1,-346311.75,218908.796875,-271686.34375,1,466614.03125,-359000.03125,910185.875,1,-352876.5,317701.6875,-1678429.875,1,141927.875,-120854.1796875,2036456.625,1,-23702.615234375,-104647.9375,-1814329.125,1,1.3877787807814457e-17,197716.90625,1555117,1,-24112.697265625,-131248.78125,-1411908,1,119353.984375,240602.53125,1439278.375,1,-209982.34375,-460091.1875,-973915.9375,1,31483.365234375,430954.28125,248732.984375,1,282119.09375,-217701.390625,-701296.3125,1,-133962.984375,57239.59765625,482724.3125,1,-249907.90625,132201.984375,820366.75,1,-60546.1640625,1853087,-6426460.5,1,0,-2221139.5,7884382,1,-49092.60546875,1041847.5625,-3569511.5,1,290621.59375,-21283.9453125,23385.4453125,1,-761448.25,-109423.359375,-20178.791015625,1,1164455.125,323090.53125,93286.8046875,1,-1080575.25,-699824.3125,-178016.75,1,449415.96875,1006024.9375,289987.5625,1,168449,-1173005.625,-339558,1,-150567.46875,1254972.125,348912.5,1,-268026.875,-1355171.75,-371500.25,1,459447.3125,1482246.875,468445.0625,1,-518857.625,-1591875.625,-589855,1,830548.5,1703755,700586.875,1,-1234948.5,-1792802.375,-750908.5,1,1438557,1842271.75,804819.875,1,-1419448.125,-1743411.375,-825163.125,1,1102466.375,1555316.625,809081.1875,1,-419270.375,-1336159,-687879.75,1,-183694.765625,1206804.5,625783.6875,1,143805.859375,-1258802.375,-665641.5,1,276497.40625,1424708,841309.5,1,-460245.5,-1419902.375,-1044249.875,1,462006.625,1258162.5,1403950.625,1,-460718.71875,-1149522.375,-1869453.25,1,131801.015625,1025182.125,2194750.75,1,582030,-657484.125,-1959339.25,1,-1192607.75,-77484.7265625,1098596.125,1,1383571.125,1023290.875,34701.70703125,1,-1116666,-1614856.5,-744763.875,1,445162.75,1305660.375,759638.625,1,171484.046875,-725062.9375,-765396,1,-160517.703125,907963.8125,1443310.625,1,-208102.03125,-1601172.5,-2283806,1,113045.4921875,1608038.75,2197998.5,1,500620.0625,-941330.375,-1420836.125,1,-882167.625,693878.0625,1206451.5,1,672098.6875,-1168474.5,-1902584.5,1,-212372.578125,1434681.5,2295970.5,1,-197203.390625,-1066969.625,-1803829.25,1,418913.21875,699992.125,1204679.5,1,-171471.515625,-648534.6875,-1158859,1,-525919.0625,450233.03125,1334862.875,1,1114950.5,-116911.7890625,-1579454.75,1,-1149968.5,290787.71875,2265328.25,1,731738.4375,-778626.6875,-3185092.25,1,-273154.15625,803583.25,3287575.25,1,45356.67578125,-576015.9375,-2321692.75,1,1.3877787807814457e-17,947035.875,1502812.75,1,46117.4296875,-1625471.625,-1301995.75,1,-230444.734375,1811249.75,979841.6875,1,415157.9375,-1693964.125,-718659.3125,1,-231607.578125,2113403,1947675.375,1,-183632.296875,-2784542.75,-3826543.75,1,184856.453125,2563587.75,3872532.25,1,183747.71875,-1425069,-2163002.5,1,-136996.9375,928051.4375,1822192.375,1,-509938.8125,-1666625.375,-3706411.5,1,1155192.75,2539959.5,5667574.5,1,-1430431.375,-2583246.75,-5664599.5,1,1475958.75,2101878.25,4537083,1,-1234461.375,-1700013.75,-4777976,1,358494.625,549991.6875,1933131,1,772946.1875,1136837,3692335.5,1,1327646.375,506605.8125,-635506.1875,1,-1357742.375,-429803.625,810758.5625,1,786876.125,318316.40625,-343755.375,1,-184467.8125,-406120.15625,-54609.0859375,1,1.3877787807814457e-17,713763.625,100459.28125,1,1.3877787807814457e-17,-944585.625,-137960.546875,1,1.3877787807814457e-17,1024642,180928.28125,1,1.3877787807814457e-17,-1028263.5,-253844.40625,1,1.3877787807814457e-17,1014043.375,324661.4375,1,1.3877787807814457e-17,-961303.9375,-319174.03125,1,-62968.7265625,912803.4375,224544.796875,1,375782.90625,-935021.6875,-106609.953125,1,-934160.5625,922486.1875,13685.771484375,1,1238238,-684391.625,109838.9921875,1,-923046.0625,152280.828125,-341414.59375,1,303810.09375,489582.09375,568611.9375,1,252403.171875,-852682.0625,-563466.5625,1,-558412.375,869465.375,414711,1,303499.71875,-996361.4375,-468626.90625,1,315635.78125,1311953.125,695510.75,1,-556011.4375,-1224948.375,-718707.625,1,305933.40625,718291.0625,557460.0625,1,-123853.046875,-622737.75,-611907.875,1,376413.90625,1154299.375,840042.5625,1,-934879,-1563025.25,-755819.1875,1,1238372,1467812.75,449098.09375,1,-922742.0625,-1363974.375,-799974.6875,1,366709.21875,1661711.5,2198375.5,1,-60724.96875,-1977528.25,-3560210,1,-63108.23046875,1513473.25,3209842,1,313140.78125,38603.65625,-865574.0625,1,-621537.875,-1682982.5,-1563555.375,1,679940,1709280.875,1819269.5,1,-619198.625,115830.65625,239337.8125,1,682265.1875,-2142767.5,-2856406.25,1,-616855.125,2991519,4509087,1,243023.5625,-2465181,-4771627.5,1,252343.046875,962297.1875,3673047.75,1,-558394.375,722091.875,-1458316.125,1,303636.53125,-1766755.875,-871583.3125,1,315496.3125,1693805.625,1890829.125,1,-555990.9375,-518554.875,-1241710.25,1,242752.546875,-1050030.5,-180284.890625,1,252697.4375,2230663.25,1713582.125,1,-558426.25,-2625149.5,-2901219,1,302878.84375,1796586.125,2363383.75,1,316215.375,143853.140625,665541.6875,1,-555708.6875,-1802208.5,-3928481.25,1,305308.65625,1673475.875,3908184.75,1,-60478.265625,362039.84375,-141566.59375,1,1.3877787807814457e-17,-2929237.25,-4182522.5,1,-63652.81640625,4294412,6242375.5,1,314838.65625,-3697638,-6001841.5,1,-622572.375,1620997.625,4331042.5,1,679121.0625,766995.25,-1507211.375,1,-619441,-2293095.25,-1701860.375,1,683054.8125,2336990.5,3660837.75,1,-678768.125,-1279880.875,-3705843,1,683940.0625,824035.3125,3434079,1,-1065162.875,-2436222.75,-4304383.5,1,1425803.625,4735384,4928650,1,-1081584,-4669163,-3755221.25,1,251958.25,1341726.75,978678.9375,1,596794.25,2901290,2204938.25,1,0,0,0,0,0,0,0,0,0,0,0,0,0,0,0,0,0,0,0,0,0,0,0,0,0,0,0,0,0,0,0,0,0,0,0,0,0,0,0,0,0,0,0,0,0,0,0,0,0,0,0,0,0,0,0,0,0,0,0,0,0,0,0,0,0,0,0,0,0,0,0,0,0,0,0,0,0,0,0,0,0,0,0,0,0,0,0,0,0,0,0,0,0,0,0,0,0,0,0,0,0,0,0,0,0,0,0,0,0,0,0,0,0,0,0,0,0,0,0,0,0,0,0,0,0,0,0,0,0,0,0,0,0,0,0,0,0,0,0,0,0,0,0,0,0,0,0,0,0,0,0,0,0,0,0,0,0,0,0,0,0,0,0,0,0,0,0,0,0,0,0,0,0,0,0,0,0,0,0,0,0,0,0,0,0,0,0,0,0,0,0,0,0,0,0,0,0,0,0,0,0,0,0,0,0,0,0,0,0,0,0,0,0,0,0,0,0,0,0,0,0,0,0,0,0,0,0,0,0,0,0,0,0,0,0,0,0,0,0,0,0,0,0,0,0,0,0,0,0,0,0,0,0,0,0,0,2727645.75,508300.84375,-1157986.875,1,-2420282.5,-650986.125,1434405.375,1,1699933.25,276923.53125,-640570.1875,1,-1248040.875,-35074.44921875,-6323.15576171875,1,1247861.625,175362.25,25959.34765625,1,-935603.1875,-308750.28125,-21346.4609375,1,311756.625,351395,-16829.126953125,1,311948.0625,-234026.28125,72555.0703125,1,-935776,14435.7294921875,-112321.65625,1,1248139.875,53596.87109375,93006.2421875,1,-998966.125,212956.0625,5733.044921875,1,748379.1875,-589290.375,-107990.84375,1,-1058884.75,635278.5625,100127.296875,1,1620661.25,-290279.34375,19499.822265625,1,-1872038.75,-94342.625,-187390.28125,1,1625166.25,275933.6875,381352.25,1,-1003069.5,-343563.25,-556001.25,1,316462.46875,406229.96875,592989.1875,1,306556.875,-302943.09375,-462779.375,1,-930074.75,-160861.3125,317821.40625,1,1187471.25,761290.875,-299618.9375,1,-635993.6875,-1071255.375,273036.8125,1,-179739.640625,1086501.875,-3213.576171875,1,257123.453125,-1123867.125,-405408.21875,1,302824.1875,1165747.25,532489.625,1,-624187.4375,-915904.5,-217352.1875,1,683825.375,462303.625,-228650.109375,1,-989031.3125,-236077.296875,454909.65625,1,1248261.25,369010.0625,-389267.46875,1,-948852.75,-553425.0625,181722.390625,1,384957.03125,404507.96875,-235798.625,1,-65119.86328125,194370.15625,975996,1,-59442.94140625,-916513.875,-2024137.375,1,362282.46875,1412899,2255533.75,1,-920491,-1758554.875,-1317394.75,1,1188718.875,1977967.25,205708.28125,1,-590597.4375,-1789408.875,209315.359375,1,-591134.75,1320669.875,-139519.375,1,1543199.75,-1022660.3125,101722.09375,1,-1871732.375,899020.875,-205922.640625,1,1694635.125,-742318.6875,434662.40625,1,-1438652,360662.28125,-822998.5625,1,1668272.875,647963.375,1273276.125,1,-2232592.25,-1931200,-1481674.625,1,2199306.75,2178714.25,1403358.75,1,-1338739,-1124219.125,-1461328,1,452452.75,-15242.6083984375,1760183.375,1,-65486.99609375,484926.125,-1737874.25,1,1.3877787807814457e-17,-525036.875,1206582.25,1,1.3877787807814457e-17,360174.96875,-464615.625,1,1.3877787807814457e-17,-76545.53125,-517673.71875,1,1.3877787807814457e-17,-54721.91796875,1703737.5,1,1.3877787807814457e-17,-1135.7958984375,-2331507.75,1,-60984.04296875,-60549.2265625,1846553,1,369301.4375,431898.125,-367032.1875,1,-930008,-971555.4375,-1690564.375,1,1246408.125,1087040.125,3471532.75,1,-999863.5625,-312173.0625,-3791259.25,1,687554.1875,-482363.34375,2522806.25,1,-622936.375,234297.78125,-580821.625,1,114160.21875,223255.078125,-1238644.125,1,737823.875,-28901.150390625,1445255.875,1,-393185.53125,-69984.53125,-322400.5625,1,-685994.6875,-81700.7890625,-774180.625,1,-6009462,294612.78125,-620001.8125,1,3888175,-482479.34375,741511.5625,1,-4032054.5,139830.78125,-348538.8125,1,4774862,173895.75,43238.69140625,1,-4284910.5,-242150.734375,-61069.51171875,1,2804260.5,494007.15625,119178.3046875,1,-1811877,-1178040.25,-256345.875,1,1809958,2184839.75,453508.34375,1,-1650354.875,-2981419.5,-655125.0625,1,666252.6875,3184680.75,812711.8125,1,650099.0625,-2910122,-890827.625,1,-1642276.25,2612980.25,919070.125,1,1814020.75,-2611787,-1016103.0625,1,-1807764.75,2619145.25,1206856.625,1,2783721.75,-2206539.75,-1329072.75,1,-4107199.5,1605144.625,1219858.875,1,3966505.25,-1497487.875,-950973.3125,1,-1684083.625,2329075.75,793076.625,1,-1607623.375,-3769499,-884955.625,1,3935875.5,4779656.5,1071297.875,1,-4129908.75,-4662916,-1176889.875,1,2821701,3863503.25,1247452.375,1,-1975331.5,-3494027,-1534888.625,1,2614881.25,4003176.75,2221473.5,1,-3134038,-4527161,-2978696.25,1,1529076.875,4133059.25,3078354.25,1,1593227.625,-2785221.75,-2055353.875,1,-3930087.5,579094.125,45070.83984375,1,3974181.25,2134040,2155788,1,-1703254.375,-3733272.5,-3283797,1,-1589171,2895126,2836546.25,1,4087395,-933004.0625,-2063917,1,-5098480,95319.78125,2382778.5,1,5110084,-437533.625,-3096840.75,1,-4145210,891388.875,2946910.25,1,1704204.5,-1947490.875,-3132045.25,1,1429919.75,4356799,5007080.5,1,-2962829.25,-6207821,-5790406,1,1531132.75,4774206,2136304,1,1592226.25,-1010281.3125,3006531.75,1,-3929911.25,-1385025.875,-3522280.75,1,3970759.25,926931.625,-1063070.25,1,-1854072.625,896205.1875,5956579,1,-469684.40625,-2449364.25,-8011858.5,1,674213.5,2989024.75,7581043,1,802592.875,-2377599.5,-5972603.5,1,-1484260.5,1168029.75,4390163,1,833132,-381229.28125,-4264447,1,-167802.265625,766995.3125,6461301,1,2.220446049250313e-16,-1716245.25,-9085544,1,-163532.25,1703512.25,8702698,1,984582.625,-531518.25,-5512998.5,1,-2631283.5,-613732.375,3546815,1,4280195.5,1292030.875,-3916584.25,1,-5104457.5,-1852838.5,3028739.25,1,5268990.5,2255609.25,1101322.5,1,-5101153,-2192995.25,-4799021.5,1,4266665,973561.1875,2035539.25,1,-2610335.75,2250583.5,8762973,1,799388.5625,-6195391.5,-19880038,1,682420.4375,7891578,21145740,1,-1400404.75,-6091427.5,-13325414,1,525035.375,1582367,2997366.5,1,1027887.25,3572310,7219889,1,1343005.625,969700.3125,-3322668,1,-1059338.875,-1161406.5,4078043.25,1,867507.3125,544613.5625,-1844244.625,1,-744892.8125,-23287.638671875,14402.275390625,1,599621.875,37297.4375,5713.482421875,1,-361272.3125,-87335.65625,-11089.72265625,1,131324.28125,125128.3046875,40381.2265625,1,-21046.751953125,-149784.4375,-38898.6796875,1,1.3877787807814457e-17,96641.6484375,9720.765625,1,1.3877787807814457e-17,48720.8515625,64292.10546875,1,1.3877787807814457e-17,-219262,-119056.5625,1,1.3877787807814457e-17,343050.15625,150270.796875,1,1.3877787807814457e-17,-423723.75,-142194.0625,1,1.3877787807814457e-17,462252.3125,127454.1640625,1,1.3877787807814457e-17,-400584,-93910.7578125,1,1.3877787807814457e-17,317945.25,119006.21875,1,-27205.236328125,-357444.96875,-201124.9375,1,127910.6015625,460128.59375,285031.65625,1,-213507.328125,-355442.03125,-208987.953125,1,98883.9453125,-72362.546875,-12245.9853515625,1,133753.03125,530499,182031.5,1,-233447.234375,-624675.125,-61235.640625,1,260086.5,356030.71875,-253245.21875,1,-412188.65625,-112439.296875,461860.84375,1,618816.5,125906.2578125,-385672.40625,1,-726817.5625,-345896.78125,85916.6171875,1,747431.25,645935.875,343794.875,1,-721905.375,-971866.6875,-876661.375,1,599159.6875,1132536.875,1307858.5,1,-362317.125,-956993.375,-1373607.375,1,108191.265625,512012.96875,1048847.125,1,123966.5,-36350.125,-619180.8125,1,-356868.8125,-244027.6875,333793.21875,1,467927.40625,134622.421875,-389682.9375,1,-346353.4375,195616.796875,653050.375,1,137211.328125,-310932.53125,-731645,1,-22727.10546875,165190.765625,442116.1875,1,1.3877787807814457e-17,-81817.3984375,-54996.21484375,1,1.3877787807814457e-17,124929.375,-277308.34375,1,-23084.515625,-23133.5546875,697771.4375,1,115799.703125,-307456.53125,-1157586.75,1,-232983.296875,629205.125,1250848.875,1,257636.296875,-654736.75,-760555.0625,1,-233372.734375,394659.875,157097.953125,1,256204.5625,-107834.921875,-76511.5390625,1,-235389.203125,99358.34375,688173.5,1,119449.546875,-333034.03125,-1437893.625,1,-46702.55078125,458023.03125,1594654.75,1,136465,-236384.453125,-848198.125,1,-345722.15625,-45220.26171875,-83162.9765625,1,466845.71875,-4076.552490234375,419602.15625,1,-376900.84375,282457.34375,-382881.90625,1,280821.03125,-263352.25,876489.25,1,-394561.21875,-212025.21875,-1790555.5,1,605509.75,822518.5,2458447.25,1,-700246.6875,-1132187.5,-2473983.25,1,606246.75,970369.9375,2221893,1,-371265,-428439.125,-1854268.75,1,137860.1875,15741.0966796875,1511117.5,1,-47553.8359375,20862.169921875,-629472.125,1,71009.28125,233586.828125,-299722.65625,1,-67675.171875,-469392.8125,-318304,1,15510.884765625,194002.546875,405877.46875,1,37956.234375,378059.28125,620209.25,1,-904491.0625,1838122.375,-6426967,1,997830.75,-2186685,7890859.5,1,-526989,1039884.8125,-3579337.5,1,-107090.40625,-84016.3359375,24652.091796875,1,466830.3125,28494.849609375,-16252.9716796875,1,-449772.96875,118693.1171875,92139.03125,1,162381.734375,-473048.4375,-189329.796875,1,262861.03125,867431.8125,320145.625,1,-725390.6875,-1210133.375,-384459.875,1,864189.25,1348438.625,390278.84375,1,-340648.375,-1280026.5,-376870.09375,1,-543387.25,1181463.125,417263.65625,1,1194238,-1139098.5,-490073.1875,1,-1438035.125,1077828,570560.1875,1,1419730,-922795.4375,-596859.625,1,-1103447.25,853800.0625,634912.5625,1,363997.03125,-969525.875,-679815.1875,1,556190.8125,1249234.375,753624.25,1,-1199334.5,-1487521.75,-751805.875,1,1438822.625,1581750.375,753323.4375,1,-1419770.375,-1534866,-757879.5,1,1160584.25,1406117.5,846792.25,1,-738228.875,-1186155.5,-1011487.3125,1,554991.9375,1032060.8125,1446595.625,1,-773358.375,-1074174.375,-2059783.25,1,866576.625,1130399.5,2474347.25,1,-394661.53125,-941464.8125,-2197144.25,1,-231696.671875,389710.125,1269387.625,1,407212.625,448422.4375,-188354.921875,1,-155536.421875,-1230632.75,-416069.4375,1,-211944.09375,1420248.375,443227.21875,1,474428.65625,-1120547.625,-592808.625,1,-501352.46875,899307.5,1434637.5,1,512433.5,-912994.9375,-2385831.75,1,-759015.3125,838434.875,2349827,1,872833.1875,-900234.5625,-1571948.375,1,-376385.53125,1563336.75,1327909.5,1,-451809.84375,-2386173.75,-2000730.25,1,832149,2151861.5,2338333.25,1,-387744.4375,-818823.0625,-1677292.625,1,-440901.9375,-146665.875,943185.375,1,880397.5,-11266.873046875,-1120107.625,1,-682186.0625,392096.875,1880427.625,1,269491.25,-457851.21875,-2624937.5,1,-44486.09375,846400.4375,3299983,1,-46880.3203125,-1464125.25,-3788552.25,1,232593.1875,1551061.625,3634091.25,1,-462665.5625,-1377619.125,-2877376.75,1,507324.75,1741531.75,2321858.25,1,-507024.03125,-2429024,-2274007,1,783803.125,2816150,2355120,1,-1198891.75,-2844854.5,-2527050.5,1,1429719.75,3055118,3566058.75,1,-1475958.875,-3460005,-4906603,1,1429868.5,3358137.5,4864700,1,-1152880.125,-2405666.25,-3204180.25,1,459810.46875,1360597.875,1998867.625,1,463915.78125,-760395.3125,-2129890.75,1,-1108124.875,324482.71875,2720446,1,1101763.375,94698.3359375,-2945392.75,1,-447147.8125,52523.57421875,3678706.25,1,-248421.390625,-773839.3125,-5627878,1,170592.140625,411900.03125,2404171.75,1,281968.375,725003.0625,4512650,1,2711399.75,691904.125,-628536.4375,1,-2402176.5,-548574.5,804434.5,1,1685432.375,443169.53125,-340455.34375,1,-1238799.125,-575625.3125,-53869.71875,1,1175508.25,915256.5625,92566.3203125,1,-551605.125,-1126145.75,-118129.5078125,1,-563152.75,1128144.875,146343.625,1,1176863.5,-1044117.8125,-206673.34375,1,-924673.25,1011811,268676.53125,1,368171.875,-999835.75,-272514.875,1,-61059.58984375,942860.6875,225457.75,1,-62921.17578125,-904269.4375,-171414.40625,1,375586.8125,864812.9375,112354.3828125,1,-996897.0625,-597753.25,6200.515625,1,1614071.875,49008.8125,-218776.484375,1,-1920546.625,407832.21875,408503.25,1,1918365.125,-416219.71875,-396633.8125,1,-1542307.375,219194.1875,298638.125,1,670874.5,-402836.1875,-455086.21875,1,254485.640625,906594.4375,827468.9375,1,-556077.9375,-1029867.9375,-980227.75,1,306136.6875,706093.8125,863441.5,1,-123855.0625,-612975.1875,-911560.0625,1,376161.03125,926098.875,1175124.875,1,-997648.6875,-1190559.75,-1190635.5,1,1614505.875,1313049.75,956886.875,1,-1857568.125,-1731126.875,-1221718.125,1,1605310.625,2519682.5,2368801,1,-983862.1875,-2896848,-3489545.25,1,366976.375,1970390.375,3086066.75,1,-60790.46875,103079.0625,-916174.875,1,1.3877787807814457e-17,-1867183.375,-1219445,1,-63046.57421875,1794085.5,1299615.25,1,376007.09375,123715.125,666678.4375,1,-934375.3125,-2470263.25,-3030255.5,1,1175298.625,3769262.75,4435907.5,1,-547132.5,-3140817,-4498077.5,1,-567386.25,728415.25,3202667,1,1177520,1896878.25,-825173,1,-986122.6875,-2972566.75,-1569547.625,1,743123.1875,2169976,2698058,1,-995417.5,-294345,-2312784,1,1238255.5,-1772299.875,1021758.3125,1,-922616.5,3330016,884452.75,1,366560.84375,-3789875.5,-3018073.25,1,-60668.0390625,2795812.25,3705664.5,1,1.3877787807814457e-17,-614687.875,-1561991.375,1,-63364.91015625,-1538708.5,-1703027.875,1,377384.6875,2128574.75,2582322,1,-999653.0625,-659795.6875,-96309.65625,1,1552402.375,-1730845.125,-3308395.25,1,-1479186.75,3403061.25,5427747.5,1,601932.8125,-3670072.25,-6426304,1,573073.4375,2556286.75,6575220.5,1,-1113844.375,-228052,-4823198,1,603056.5,-2292133,1236286.375,1,259701.546875,3355117.75,1660687.25,1,-554629.9375,-2644303,-1905145.5,1,302732.09375,1730687.375,1118819.375,1,-59604.390625,-1748023.75,-1848054.5,1,-323719.0625,1388680.875,2838298,1,861734.625,15373.61328125,-2088590.5,1,-385967.46875,-287631.1875,459774.8125,1,-712461.5625,-371856.75,1118257.25,1,0,0,0,0,0,0,0,0,0,0,0,0,0,0,0,0,0,0,0,0,0,0,0,0,0,0,0,0,0,0,0,0,0,0,0,0,0,0,0,0,0,0,0,0,0,0,0,0,0,0,0,0,0,0,0,0,0,0,0,0,0,0,0,0,0,0,0,0,0,0,0,0,0,0,0,0,0,0,0,0,0,0,0,0,0,0,0,0,0,0,0,0,0,0,0,0,0,0,0,0,0,0,0,0,0,0,0,0,0,0,0,0,0,0,0,0,0,0,0,0,0,0,0,0,0,0,0,0,0,0,0,0,0,0,0,0,0,0,0,0,0,0,0,0,0,0,0,0,0,0,0,0,0,0,0,0,0,0,0,0,0,0,0,0,0,0,0,0,0,0,0,0,0,0,0,0,0,0,0,0,0,0,0,0,0,0,0,0,0,0,0,0,0,0,0,0,0,0,0,0,0,0,0,0,0,0,0,0,0,0,0,0,0,0,0,0,0,0,0,0,0,0,0,0,0,0,0,0,0,0,0,0,0,0,0,0,0,0,0,0,0,0,0,0,0,0,0,0,0,0,0,0,0,0,0,0,1256715.625,318819.34375,-1161368.125,1,-1367923.375,-532377,1433255.875,1,732839.875,148974.8125,-643532.1875,1,124989.03125,158679.140625,6231.908203125,1,-624060.875,-89003.9453125,4622.8525390625,1,623850.375,-12011.333984375,-3035.66748046875,1,-249462.90625,103839.140625,-15670.1826171875,1,-249547.375,-215280.328125,44682.47265625,1,623952.625,328711.25,-63724.8046875,1,-686495.8125,-373206.4375,33681.4765625,1,685903.9375,476519.5625,82593.9921875,1,-1059266.125,-773745.8125,-224053.96875,1,1620975.75,979338.8125,253221.234375,1,-1872026.5,-766948.75,-146477.421875,1,1624774.375,266918.53125,-2613.8818359375,1,-1002463.625,174770.125,155408.09375,1,377390.25,-391062.4375,-317402,1,-63216.46484375,457658.5625,414487.78125,1,1.3877787807814457e-17,-485395.1875,-391927.5,1,1.3877787807814457e-17,360420.03125,331240.0625,1,-60904.65234375,9935.6806640625,-301032.4375,1,368099.625,-387931.75,141173.9375,1,-988437.3125,562953.6875,295856.90625,1,1554862.25,-575420.0625,-754899.6875,1,-1505656.375,452075.53125,809721.25,1,644877,-289326.125,-417628.71875,1,541992.8125,330904.28125,-145886.578125,1,-1123710.25,-563845.5625,617069.5625,1,643935.25,719029.875,-760566.75,1,234319.625,-696063.8125,516457.375,1,-564510.4375,530222.25,-347376.53125,1,260893.046875,-250150.46875,838405.4375,1,297253.71875,144673.390625,-1667139.625,1,-920780.9375,-390029.84375,1791321.375,1,1188735.75,434311.0625,-971753.625,1,-590330.6875,162072.046875,191258.984375,1,-473086.6875,-933792.0625,-214040.6875,1,820955.125,1350272.75,606669.8125,1,-92585.3515625,-1291039.5,-612427.8125,1,-557879.25,808518.8125,253982.71875,1,328984.15625,-198654.9375,157873,1,-59371.95703125,-305550.09375,-651493,1,360747.1875,802130.1875,1118010,1,-564555.4375,-1167950.875,-1214635,1,321850.96875,1005711.375,1082677.5,1,-65697.2890625,-387211.5,-1073086.5,1,1.3877787807814457e-17,-188322.4375,1054613.625,1,1.3877787807814457e-17,619344.0625,-808325.8125,1,1.3877787807814457e-17,-996859.875,483243.3125,1,1.3877787807814457e-17,959279,-28301.29296875,1,-60183.43359375,-358581.6875,-922660.4375,1,365908,-128258.6328125,2403600.25,1,-925595.5625,36399.21875,-3565520.5,1,1246695.375,237288.515625,3208530.5,1,-942834.375,-370315.21875,-1049694,1,317894.21875,508422.34375,-1861071.5,1,246501.703125,-678836.5,4224492,1,-559915.875,1012711.875,-4944043,1,310615.96875,-1557098.375,3490368.75,1,249527.203125,1519294.875,-806265.5,1,-499343.6875,-579711.25,-1188650.375,1,467147.71875,-218147.53125,973547.5,1,-157228.375,146437.1875,-79261.65625,1,-317669.34375,241239.859375,-346065.25,1,3526750,660949.875,-581206.75,1,-3613202.75,-756273.8125,709202.0625,1,2102484.5,378350.15625,-323950.0625,1,-495545.1875,-67932.6015625,25838.0234375,1,2.220446049250313e-16,-9317.4140625,-54490.40234375,1,-163368.1875,234877.78125,122546.828125,1,819206.5625,-654826.1875,-246706.65625,1,-1481040.375,1267189.875,416551.34375,1,669798.4375,-2057800.625,-635042.125,1,1793952.125,2796445.75,896831.5,1,-4106208.75,-3134324.25,-1131670.75,1,5102155.5,3073970,1270548,1,-5268990.5,-2991693.75,-1402101.875,1,5107406,3130598.75,1676800.375,1,-4132478.5,-3265554.75,-1973466.125,1,1841304.25,3004657.5,1942280.625,1,477222.875,-2567740.25,-1582075,1,-674477.1875,2771589.5,1309097.75,1,-643392.25,-3569879.75,-1238820.125,1,676117.5625,3757032.75,1049432.125,1,641642.875,-3055073,-762883.6875,1,-517701.3125,2678293.5,867020.8125,1,-1608556.625,-3197889.25,-1526158.375,1,2964527.5,3671746.5,2299396.25,1,-1687759.5,-3257209,-2653116.75,1,-627335.4375,2575889,2417615.75,1,1487555.5,-2427573,-1656306,1,-680743.625,1967450.375,354885.28125,1,-636077.3125,-315043.25,1307716.125,1,1635112.25,-1387562.875,-2669829,1,-1658165.5,1843132.875,3250620.5,1,682020.375,-1824444.75,-3586497.25,1,793937.4375,2967550.5,4595449.5,1,-2599124,-5125215.5,-5699368,1,4098467.75,6277210.5,5318372,1,-3974642.25,-5469704,-3770654,1,1863147.75,4092499.25,2678761,1,623765.125,-3511834,-1624546,1,-1486954.5,3374261.25,-581510,1,839827.625,-3013009,2172701.75,1,-170151.875,2726092,-178073.25,1,2.220446049250313e-16,-2703337.25,-4640210.5,1,2.220446049250313e-16,2510611,8408593,1,-160426.234375,-2386371.5,-9374620,1,810804.1875,3193934,9144934,1,-1476769.375,-4310192.5,-8690695,1,678415.75,3609414.75,7108802.5,1,1620299.375,-1014385.9375,-5310743.5,1,-3123373,-584439.875,6266140,1,2480562.5,-167862.03125,-9353055,1,-832367.625,1383428,10292464,1,-818151.75,-2150033.5,-8841180,1,2631202.75,3776759.5,9452584,1,-4114685,-5646718.5,-12448364,1,3945647.5,4704393,12209053,1,-1629628.75,-213939.296875,-5431126,1,-1668181,-4503370.5,-3153294.5,1,4129639.75,5809647.5,4980143,1,-5107485,-3505652.5,2494496.25,1,5098290.5,803002.375,-11325186,1,-4598522.5,-552005.125,11982166,1,3464532.75,1474976.625,-6276286,1,-961945,-626768.625,1112911.375,1,-2111345.5,-1177251.375,3017895.25,1,1120363.5,922771.3125,-3322440,1,-1005564.875,-1153805.125,4075097.5,1,698452.625,508230.28125,-1844777,1,-242368.125,76030.5859375,20996.3125,1,-224211.8125,-101070.8125,-4541.9326171875,1,443798.90625,22920.67578125,-3238.43212890625,1,-337979.125,97999.8984375,39261.25390625,1,130159.4296875,-203522.515625,-43723.46484375,1,-20785.548828125,188902.296875,23283.162109375,1,1.3877787807814457e-17,-43882.0390625,37531.875,1,1.3877787807814457e-17,-155719.96875,-90522.84375,1,1.3877787807814457e-17,332013.8125,142823.046875,1,-27171,-460059,-165903.078125,1,127925.5859375,519149.84375,178323.8125,1,-213250.171875,-432706.75,-157699.640625,1,97715.703125,239890.21875,165199.984375,1,134701.8125,-111145.859375,-204620.984375,1,-206100.25,112017.2578125,251212.1875,1,106130.046875,-70563.671875,-172004.1875,1,-19951.779296875,-156195.671875,-5376.30615234375,1,1.3877787807814457e-17,417223.71875,119367.46875,1,1.3877787807814457e-17,-419641.875,8606.1337890625,1,1.3877787807814457e-17,91892.03125,-291984.78125,1,1.3877787807814457e-17,291104.90625,495704.9375,1,-26131.630859375,-480493.78125,-462774.75,1,150662.21875,452845.375,236757.453125,1,-362921.78125,-293088.15625,112360.125,1,467634.5625,-16070.6435546875,-604622.8125,1,-340014.53125,349299.28125,1055388.75,1,107218.3046875,-468359.84375,-1150953.625,1,124975.59375,359903.75,868838.125,1,-357870.5,-295809.71875,-590134.25,1,467907.03125,401018.875,519935.78125,1,-345356.34375,-574616.9375,-616135.75,1,112446.7890625,576613.4375,656888,1,95920.0546875,-247067.109375,-477769.625,1,-234802.609375,-136188.15625,135616.453125,1,233491.3125,92441.953125,119589.5390625,1,-93230.4921875,319458.96875,-287326.0625,1,-92934.65625,-518978.21875,570708,1,233292.875,220351.109375,-940490.9375,1,-234725.375,296431.03125,1019274.5,1,95670.734375,-568438,-567111.625,1,113326.0390625,530019.6875,102205.7578125,1,-346545.25,-416658.09375,-260955.1875,1,467361.71875,412474.53125,937188,1,-354924.1875,-509282.5625,-1492845.375,1,143846.046875,546115.9375,1583257.875,1,-46756.37109375,-364224.625,-1123183.625,1,136594.9375,319744.53125,584490.375,1,-345930.6875,-790584.8125,-423304.46875,1,466726.5,1377813.875,345913.1875,1,-353618,-1385242.375,338135.8125,1,119549.3671875,841646,-1342412.75,1,115288.7890625,-167081.953125,2159696.25,1,-349424.8125,-303069.125,-2519383,1,466048.65625,404104.59375,2581745,1,-348006.40625,-145076.171875,-2285353.75,1,137836.21875,-68629.796875,1825519.875,1,-22604.228515625,122368.3515625,-728261.1875,1,-50890.6171875,-49542.0703125,-423354.75,1,130330.9921875,-129517.625,-128163.3984375,1,-53511.37109375,92972.625,349656.84375,1,-104407.984375,156864.1875,496968.96875,1,1941771.25,1886558.125,-6417388.5,1,-1424472.625,-2237234.5,7883051,1,1279451,1068737.625,-3573352.5,1,-1091285.25,-63978.75390625,21409.056640625,1,420946.46875,-63664.5390625,-19671.220703125,1,506345.3125,252939.390625,104058.3515625,1,-1125106.125,-558567.5625,-203909.359375,1,1078129.5,791442.125,326925,1,-390448.40625,-883913.1875,-370274.96875,1,-533955.8125,836660.875,353449.1875,1,1190131.75,-804061,-339636.9375,1,-1381916.25,887665.3125,399013.84375,1,1162497.625,-1049826.5,-479982.21875,1,-739788.75,1223450.875,557980.8125,1,500565.6875,-1256731.5,-598276.875,1,-516017.9375,1185130.25,657767.8125,1,440616.3125,-1131857,-686588.9375,1,-146034.3125,1165922.375,707164.8125,1,-223014.78125,-1170728.125,-682910.0625,1,422936.90625,1162550.25,713747.6875,1,-125174.3046875,-1134410.75,-726011,1,-591426.125,1067039,756064.5625,1,1142135.125,-929498.625,-810098.9375,1,-1069374,864115.875,1108810.25,1,427819.6875,-1068976.75,-1655082.5,1,179870.140625,1381091.125,2178544.25,1,-96163.0390625,-1290199.375,-2126415.75,1,-524468.625,503784.75,1361883,1,883571.6875,596520.3125,-273028.5625,1,-655663.125,-1241240.875,-527854,1,249289.03125,995977.4375,827733,1,-92053.1171875,-587903.375,-1062270.75,1,300632.53125,1039285.0625,1738390,1,-720280.875,-2157439.75,-2568582.75,1,923370.6875,2717291.5,2589185.75,1,-718727.875,-2477349,-1825523.25,1,502154.78125,2188342.5,1455166.875,1,-511660.40625,-1967452.25,-2010527.5,1,504116.53125,1277459.125,2371400.25,1,-460569.75,-489865.21875,-1889148.625,1,510442.78125,461178.0625,1254374.125,1,-457208.40625,-975888.5,-1060716.5,1,224338.796875,1128242.5,1107158.125,1,-91613.6640625,-951369.0625,-1547424.25,1,281378.78125,1311336,2696108.75,1,-697141.8125,-2097207.75,-3803545.75,1,876879.625,2220760.5,3582054,1,-411429.03125,-1433303.5,-2107883.75,1,-418149.46875,751026.6875,836884.5,1,877260.6875,-728388.75,-376732.96875,1,-692208.0625,964747.875,296159.40625,1,277107.6875,-1055547.5,-596543.9375,1,-92191.8828125,1194957.625,1958641.625,1,230053.828125,-1371400.5,-3490586.25,1,-460755,1280246.375,3472112.75,1,461137.59375,-954197.5,-2004509.75,1,-184051.1875,975190.3125,1409111.125,1,-185777.46875,-1463043.875,-2516273.25,1,461735.1875,1829871,3929149.5,1,-458715.5,-1479938.375,-3978038.25,1,323022.71875,837941.0625,3508481.5,1,-300006.65625,-742920.75,-4595463.5,1,113649.2421875,311016.65625,1995663.875,1,221926.59375,587666.5625,3726842.25,1,-345265.125,439205.625,-626254.1875,1,139763.65625,-399562.15625,801857.6875,1,-248335.546875,270900,-339165.1875,1,558617.5,-320498.03125,-55281.40234375,1,-992764.4375,635151,96635.2421875,1,1238063.625,-974573.9375,-126580.125,1,-925370.5625,1242096.875,156634.671875,1,305996.4375,-1405092.875,-215594.5,1,313627.65625,1458870.125,285372.875,1,-932988.25,-1408603.125,-292972,1,1175317.25,1285432.5,212395,1,-548656.4375,-1146096.75,-105330.1328125,1,-565970.75,976001.5625,17577.8359375,1,1114329,-625866.1875,99853.953125,1,-610799.375,28354.12890625,-297893.34375,1,-253951.828125,536691.0625,495866.75,1,619135.25,-689573.0625,-529964.9375,1,-619232.25,551016.625,432766.8125,1,682209.75,-715220.5,-483516.5625,1,-679970.6875,1214522,723896.5,1,619215,-1246855.25,-795884,1,-619177.125,725079.75,646367.125,1,303906.28125,-613392.75,-714213.875,1,252186.828125,967760.3125,999303.3125,1,-180079.6875,-830924.1875,-912583.6875,1,-628208.1875,263176.375,451319.84375,1,1177574.875,-320151.34375,-536258.0625,1,-986229.6875,1250501.5,1715127.75,1,743035.8125,-1972576.625,-3041955.25,1,-1058170.5,1234880.625,2796838,1,1614309.5,884165.6875,-564602.25,1,-1857568.5,-2710374.75,-1790128.875,1,1542483.875,2482030.25,1916331.625,1,-608238.9375,-189749.390625,396114.8125,1,-630114.125,-2470182.5,-3187630,1,1490404.5,3958166,4716286.5,1,-1544651,-3800130,-4690908,1,1047122.3125,2179453.25,3350401.25,1,-743096.5625,41162.02734375,-1036040.5625,1,995196.375,-1530738.75,-1060287.25,1,-1175202.125,1407524.5,1468500.5,1,609877.125,186015.90625,-233212.96875,1,254629.625,-2191491,-1451320.75,1,-555961,3377085.75,3173072.5,1,305920.5,-3068179.5,-4801421,1,-60686.8828125,1388106.5,4964819.5,1,-63295.8671875,649284.625,-2591354,1,377100.96875,-1505999.125,-448783.375,1,-935805.375,339641.09375,712691.0625,1,1238084.625,2046183.375,2345889.75,1,-984544.1875,-3999499,-5770700,1,743391.25,4779749.5,7525302,1,-997477,-4631550.5,-7980292,1,1174130.125,3380222.75,6973073,1,-603933.3125,-857373.375,-3781092.5,1,-195015.34375,-1316250.125,-46920.0390625,1,238764.578125,1011905.8125,1842576.25,1,320200.03125,831379.4375,-1601997.375,1,-554460.875,-748157.9375,1792951.375,1,302328.875,-2076199.625,-3499200.25,1,-124219.453125,4123717.5,4930478.5,1,172349.96875,-3049742.75,-4320146,1,-77179.25,649579.0625,1237284.5,1,-142484.25,1605102.875,2679430,1,0,0,0,0,0,0,0,0,0,0,0,0,0,0,0,0,0,0,0,0,0,0,0,0,0,0,0,0,0,0,0,0,0,0,0,0,0,0,0,0,0,0,0,0,0,0,0,0,0,0,0,0,0,0,0,0,0,0,0,0,0,0,0,0,0,0,0,0,0,0,0,0,0,0,0,0,0,0,0,0,0,0,0,0,0,0,0,0,0,0,0,0,0,0,0,0,0,0,0,0,0,0,0,0,0,0,0,0,0,0,0,0,0,0,0,0,0,0,0,0,0,0,0,0,0,0,0,0,0,0,0,0,0,0,0,0,0,0,0,0,0,0,0,0,0,0,0,0,0,0,0,0,0,0,0,0,0,0,0,0,0,0,0,0,0,0,0,0,0,0,0,0,0,0,0,0,0,0,0,0,0,0,0,0,0,0,0,0,0,0,0,0,0,0,0,0,0,0,0,0,0,0,0,0,0,0,0,0,0,0,0,0,0,0,0,0,0,0,0,0,0,0,0,0,0,0,0,0,0,0,0,0,0,0,0,0,0,0,0,0,0,0,0,0,0,0,0,0,0,0,0,0,0,0,0,0,-347006.71875,274054.34375,-1168978.25,1,140514.265625,-486896.71875,1440231.5,1,-249629.28125,122223.953125,-648231.3125,1,499216.125,148085.5,7401.30517578125,1,-686412.5625,-24792.0390625,10962.6025390625,1,623852.375,-120412.90625,-21307.3984375,1,-311851.6875,179948.609375,12785.56640625,1,124703.9921875,-141042.28125,16555.271484375,1,-311750.21875,98901.1796875,-53367.42578125,1,623850.375,-159301.921875,53483.80078125,1,-624465.625,404584.34375,33143.37109375,1,312699.71875,-757812.3125,-152243.265625,1,-124593.2109375,882605,166384.796875,1,372267.4375,-572399.625,-46113.21484375,1,-933122.6875,92882.9140625,-117017.8203125,1,1248352.875,187296.03125,274238.90625,1,-1001589,-344458.40625,-431197.09375,1,748217,678868.75,519681.25,1,-1055129,-1108350,-476305.96875,1,1617600.25,1238122.75,391431.625,1,-1872079.75,-935423.75,-353132,1,1567786.125,331913.8125,163189.046875,1,-640730.8125,469621.46875,385649.125,1,-545746,-1140305.625,-982226.6875,1,1123823,1115556.375,1028479,1,-580635.9375,-365964.03125,-431818.75,1,-541887.125,-398741.25,-316742.59375,1,1183652.125,584175.125,749193.875,1,-948449.9375,-294793.96875,-745530.0625,1,384637.40625,-25048.29296875,493347.84375,1,-65042.578125,109473.921875,-478174.65625,1,1.3877787807814457e-17,137387.296875,1146240,1,-59398.37890625,-581502.375,-2152709,1,302785.5,736492.625,2497265.25,1,-558476.4375,-321872.125,-1798261.125,1,328074.375,-253052.40625,827686.75,1,236461.296875,318276.125,-520051.90625,1,-262848.84375,304983.5,959172,1,-295047.28125,-948301.625,-1462348.5,1,682946.3125,996038.375,1456597.625,1,-984956.3125,-965512.6875,-973921.0625,1,1542605.625,1362676.5,339133.8125,1,-1516935,-1222684.625,298379.375,1,296199.40625,-191662.1875,-901064.9375,1,1155459.875,1622096.5,1507033.875,1,-1805814.5,-1697494.75,-2094013.75,1,1634276.375,853639.0625,2212066.25,1,-1016133.75,-156537.25,-1540438,1,326287.3125,-122799.5546875,658101.875,1,298891.53125,360681.375,42368.40234375,1,-923287.4375,-811729.625,-999584.4375,1,1246860.875,1078085,2146597.25,1,-945750.125,-655616.4375,-2487633.5,1,381955.75,-32549.56640625,1694671.625,1,-125427.4453125,124526.0859375,-471244.71875,1,370519.59375,546312,-543221.8125,1,-931588.0625,-1506695.875,1246469.75,1,1246285.5,2183861,-1524287.375,1,-998317.3125,-2143512.75,1059668.75,1,750575.5,1615861.625,441566.9375,1,-1193533.125,-1465541.375,-2316478.25,1,1650020.875,1480415.75,2246266,1,-607722.0625,-495607.4375,-503768.4375,1,-1188622.25,-1003275.8125,-1206603.625,1,2799529.5,736694,-584275.25,1,-1944070,-794914.5625,718891.8125,1,1852051.75,431225.40625,-324482.59375,1,-1648316.875,-142264.984375,11037.8515625,1,662184.125,76066.5859375,-27456.115234375,1,654272.25,198034.8125,99969.3984375,1,-1644391.875,-834910.9375,-258342.90625,1,1812925.75,1695147.75,467900.6875,1,-1646127.375,-2450420.25,-680273.1875,1,1809488.25,2825660.75,862635.1875,1,-1813611.625,-2848477.5,-991339.9375,1,1808150.25,2957377.5,1110061.625,1,-2785736.5,-3383001.5,-1333437.75,1,4108430.75,3812336.25,1665592.75,1,-3965000.5,-3924136.75,-1884624.25,1,1680310,3521237,1718933.75,1,1611347,-2576209.25,-1182904.125,1,-3937376,1669937.125,587065.75,1,4128961,-1475247.625,-209913.875,1,-2820071.75,1769186.625,94019.2421875,1,1975224.75,-1774610.125,-101287.5078125,1,-2775895.5,1290006.5,100913.65625,1,4102385,-976826.125,-195470.609375,1,-3972149.5,1604621,727962.375,1,1698249.625,-3148344.5,-1897291.125,1,1593732.375,4652010,3271329,1,-4089438.5,-4947712.5,-3858967,1,5098838,3478058,2896433.5,1,-5110025.5,-763876.5625,-624354.75,1,4304118.5,-1610942.375,-1733051.5,1,-2669505.25,2255969.75,3114764,1,852713.375,-1815147.5,-3884770,1,793761.3125,2317255.25,5114353.5,1,-2440095,-3997383.25,-6275797.5,1,3292740.5,4895166.5,5770758.5,1,-2499156,-4417389,-4247906.5,1,852499.5625,4098710.75,3626154.25,1,635697.6875,-3995705.75,-2751909.75,1,-1634912.75,2674668.25,-346060.34375,1,1816516.5,-814130.5625,3153293.5,1,-1806656.25,43328.4765625,-2020097.375,1,2773866,244991.171875,-1725680.125,1,-4100884.5,-1129157.125,4348761.5,1,3968849.5,1499536.5,-5223354,1,-1849632.375,230152.15625,6095462,1,-472156.78125,-2835429,-6890240.5,1,509927.40625,3387944.5,6041762.5,1,1620081.25,-1834583,-4684306,1,-2960922,1119850,6074937.5,1,1500730.5,-2396456.5,-9863984,1,1464601.75,3747029.5,11809144,1,-2960259,-3525146.75,-10027098,1,1649819,2173493,7150227.5,1,656472.875,-1056573.875,-5651869.5,1,-1645228.875,454618.09375,4606443,1,1648101.75,737271.375,-1877561.375,1,-1812626,-2277403,-829911.125,1,1638510.125,1843626.75,-2153059.75,1,-812064,1379123.375,12449599,1,331347.125,-4428062.5,-21802110,1,-1185908.875,3240705.5,19983342,1,2314865.75,580700.3125,-9890256,1,-933073.875,-828068.75,1604573.625,1,-1782974.375,-1208565.375,4564885.5,1,-264440.125,910943.8125,-3329738.75,1,222741.40625,-1135894.875,4082244.75,1,-167881.796875,502369.34375,-1849207,1,90835.1875,63404.1484375,20369.478515625,1,-22106.576171875,-80661.546875,2698.86181640625,1,1.3877787807814457e-17,18016.224609375,-12477.6796875,1,1.3877787807814457e-17,61858.42578125,41268.7109375,1,1.3877787807814457e-17,-117165.7734375,-34362.66015625,1,1.3877787807814457e-17,68617.5078125,4012.6279296875,1,1.3877787807814457e-17,84996.8671875,62044.7734375,1,-26968.794921875,-280112.625,-112130.2578125,1,154508.421875,461355.4375,159047.609375,1,-367869.40625,-601420.1875,-176935.359375,1,466157.6875,628571.8125,165503.390625,1,-331760.5,-461098.625,-102019.3125,1,125797.109375,238604.65625,89706.1875,1,-19864.595703125,-189012.703125,-147731.5625,1,1.3877787807814457e-17,277064.5625,218837.578125,1,1.3877787807814457e-17,-187234.328125,-157682.46875,1,1.3877787807814457e-17,-218176.546875,4818.25537109375,1,1.3877787807814457e-17,628445.8125,83731.671875,1,-26653.17578125,-654149.8125,49011.23828125,1,126252.9375,279587.46875,-307083.96875,1,-213347.578125,182028.15625,495899.71875,1,102713.5703125,-491858.625,-510741.34375,1,130381.75,511355.9375,333098.875,1,-208001.09375,-195678.109375,66947.953125,1,109798.0078125,-343721.0625,-650821.8125,1,-21144.345703125,751074.6875,1136239.625,1,1.3877787807814457e-17,-746524,-1243140.625,1,1.3877787807814457e-17,388374.4375,955860.625,1,1.3877787807814457e-17,-28332.896484375,-590232.1875,1,-24404.125,-99364.5390625,397643.375,1,143871.5,44967.6328125,-424457.25,1,-354663.34375,-23830.80078125,455704.125,1,467934.1875,103043.796875,-353560.40625,1,-348476.03125,-138695.0625,149944.53125,1,138869.75,62188.0234375,70657.7421875,1,-46359.9453125,-32903.8125,-376878.40625,1,139289.671875,288397.5625,868426.3125,1,-349032.0625,-776876.3125,-1403471,1,467689.1875,1131837.375,1534011.75,1,-353345.0625,-1083015.75,-1020593.125,1,142669.578125,749947.5625,425001.9375,1,-46562.03515625,-339761.15625,-427012.6875,1,136635.359375,171355.703125,1042168.5,1,-368269.21875,-494503.71875,-1708334.5,1,603568.375,988320.8125,1946850.5,1,-700673.3125,-1039642.75,-1518871,1,610844.4375,750159.75,869544.6875,1,-378921.90625,-645167.375,-509870.375,1,143478.6875,766757.6875,283040.53125,1,-24143.791015625,-704297.875,412690.375,1,1.3877787807814457e-17,376319.34375,-1310131.625,1,1.3877787807814457e-17,-20524.71484375,1864761.875,1,1.3877787807814457e-17,-102189.109375,-1832934.875,1,1.3877787807814457e-17,-31862.1875,1660026.5,1,1.3877787807814457e-17,300653.875,-1513796.25,1,1.3877787807814457e-17,-337475.375,1507259.625,1,1.3877787807814457e-17,69524.1015625,-1008753.375,1,-25458.234375,334829.6875,498332.625,1,65172.16796875,-566505.6875,-1253196.25,1,-26735.72265625,216362.796875,697889.1875,1,-52193.390625,432878.96875,1248083.125,1,715606.3125,1880766.25,-6419317.5,1,-94013.5859375,-2223876.5,7885702.5,1,560427.5625,1066801.25,-3574372.5,1,-1203984.5,-77950.921875,20446.421875,1,1130893.75,-49081.01953125,-15546.59375,1,-463946.375,276256.875,94292.71875,1,-161037.78125,-642148.5625,-187162.1875,1,102344.6953125,886072.5,301515.40625,1,568390.1875,-934203,-335261.8125,1,-1187591.875,844912.3125,307742.03125,1,1381879.75,-796949.375,-288422.03125,1,-1108493.25,936025.3125,372970.5,1,372115.90625,-1245190.125,-524928.25,1,549836.625,1553533,686491.4375,1,-1196938.75,-1623864.875,-769864.875,1,1438480.625,1513576.625,827314.5,1,-1475958.875,-1411788.375,-854894.1875,1,1419532.25,1441482.625,891858.875,1,-1103024.75,-1399610,-850318.3125,1,420427.5,1248235.125,811956.6875,1,183199.65625,-1228311.875,-798983.375,1,-144904.828125,1447461.125,925348.8125,1,-275479.59375,-1548654.625,-1105682.625,1,460380.1875,1380679.25,1413782,1,-517045.6875,-1251288.5,-1857966.625,1,827039.625,1342014.625,2301802.25,1,-1231754.125,-1407988.625,-2284084.5,1,1383467.75,1015140.75,1619165.75,1,-1115100.125,-40152.46484375,-521561.0625,1,389095.625,-999845.4375,-488416.53125,1,476808.34375,1288899.25,1029081.9375,1,-883250.625,-942854.75,-1340142.625,1,713737.3125,816942.3125,1966769.625,1,-501202.53125,-1216791,-2755966,1,461780.5,1445393.375,2768180,1,-156806.828125,-1102653.625,-1939282,1,-496735.3125,640499.6875,1391138.75,1,881804.1875,-584676.4375,-1787636.375,1,-723845.9375,680620.1875,2108469.75,1,552154.6875,-475135.34375,-1491555.75,1,-797378.3125,173249.234375,554763.3125,1,1209239,-211261.03125,-242832.09375,1,-1384368,338895.875,373838.90625,1,1145922.25,-396900.625,-653137.5,1,-496013.125,970614.75,1383218.375,1,-144721.765625,-1760974.625,-2247564.75,1,182687.640625,1657282.625,2124599.5,1,187246.703125,-1038473.125,-1067314.875,1,-184271.671875,1322086.25,584411.75,1,-185407.9375,-2133871.75,-985436,1,185224.71875,2069655.625,1185869.125,1,230077.734375,-1263212.875,-1067257.25,1,-415465.65625,1038071.875,1971546.5,1,185258.703125,-1575412.125,-3625133.25,1,229993.109375,2110293.25,4259740.5,1,-691398.625,-2251664.75,-3449729.75,1,875295.75,2200007,2939505.5,1,-411616.375,-1863064.125,-3229017,1,-466476.53125,1063402.625,3275679.75,1,1156659.125,-45844.03515625,-2254715.75,1,-1286889.25,-397654.625,1461388.5,1,851560.125,-152967.015625,-3011431.5,1,-187877.046875,219956.03125,1578100.25,1,-456980.21875,321327.59375,2789601.5,1,349285,605206.8125,-639768.875,1,-625499.6875,-492481.96875,812504.375,1,152988.625,385078.4375,-347835.8125,1,122408.5,-483751.875,-47699.91015625,1,249387.09375,750698.75,96011.953125,1,-244978.546875,-908134.5,-142205.5625,1,-312714.25,1023477.625,186050.171875,1,556329.4375,-1212963.875,-243147.671875,1,-244504.875,1359047.125,298042.75,1,-313882.90625,-1309202.5,-302608.28125,1,933222.875,1143548.75,248605.671875,1,-1238204.375,-992923.6875,-180911,1,986794.8125,779130.25,120931.3515625,1,-680211.25,-295346.21875,-2378.137939453125,1,682121.4375,-490084.5625,-244192.71875,1,-617016.9375,1223160.75,519099.46875,1,306385.875,-1446404.5,-616519.5625,1,-60848.73828125,1244853.875,558766.5,1,1.3877787807814457e-17,-1189227.375,-587334.375,1,1.3877787807814457e-17,1379038.125,723774.375,1,-63047.46484375,-1321416.875,-751590.5625,1,312970.9375,995112.6875,721548.75,1,-558377.625,-890844.3125,-911749.4375,1,303967.53125,964639.375,1170310.25,1,315185.21875,-809610.5,-1027395.1875,1,-556146.8125,584179.6875,629070.75,1,306262.5625,-862528.9375,-799677.3125,1,-123840.765625,1746729.75,1901870.625,1,312898.59375,-2376394.5,-3011304.5,1,-558363.8125,1775907.875,2639115.5,1,304142.78125,-216035.546875,-564749.125,1,315014.5625,-1079535.875,-1483970.375,1,-556182.9375,1098845,1605253,1,306363.125,392880.34375,237996.59375,1,-60845.953125,-2482278.75,-2520974,1,1.3877787807814457e-17,3678084.25,3995480,1,1.3877787807814457e-17,-3295940,-4360257.5,1,-63022.9921875,1618503.5,3410326.25,1,312901.53125,734974.8125,-1100888.625,1,-558314.5,-2604037.5,-1246224,1,303911.40625,2540604,1717139.375,1,315219.125,-524780.9375,-218767.015625,1,-556017.125,-1764254.875,-1709971.25,1,306055.65625,3010855.5,3240762.75,1,-123923.8359375,-3086552,-4370617,1,313428.46875,2094355.5,4364830.5,1,-558402.6875,-108172.8125,-2258633,1,302658.4375,-2099838.5,-849480.9375,1,316416.875,2817510.5,1801775.625,1,-555592.4375,-995358.25,764116.3125,1,305078.71875,-2017313.125,-4305720,1,-124021.3515625,3840862.25,6124099.5,1,378475,-3454692.5,-6132922,1,-1001366.1875,1227374.375,4600834.5,1,1553239.125,1731684.125,-1446956.375,1,-1477619.375,-3561308.5,-1696634.75,1,597992.375,2661279,2418978.75,1,641021.8125,314284.65625,-684853.0625,1,-1494782.5,-2307368.25,-697696.25,1,1539990.75,1076702.5,-251477.453125,1,-1298694.75,1511957.375,1469164,1,1222504.125,-2090928.25,-1038457.625,1,-429478.46875,577543.6875,170146.96875,1,-859800.6875,1269671.875,481279.53125,1,0,0,0,0,0,0,0,0,0,0,0,0,0,0,0,0,0,0,0,0,0,0,0,0,0,0,0,0,0,0,0,0,0,0,0,0,0,0,0,0,0,0,0,0,0,0,0,0,0,0,0,0,0,0,0,0,0,0,0,0,0,0,0,0,0,0,0,0,0,0,0,0,0,0,0,0,0,0,0,0,0,0,0,0,0,0,0,0,0,0,0,0,0,0,0,0,0,0,0,0,0,0,0,0,0,0,0,0,0,0,0,0,0,0,0,0,0,0,0,0,0,0,0,0,0,0,0,0,0,0,0,0,0,0,0,0,0,0,0,0,0,0,0,0,0,0,0,0,0,0,0,0,0,0,0,0,0,0,0,0,0,0,0,0,0,0,0,0,0,0,0,0,0,0,0,0,0,0,0,0,0,0,0,0,0,0,0,0,0,0,0,0,0,0,0,0,0,0,0,0,0,0,0,0,0,0,0,0,0,0,0,0,0,0,0,0,0,0,0,0,0,0,0,0,0,0,0,0,0,0,0,0,0,0,0,0,0,0,0,0,0,0,0,0,0,0,0,0,0,0,0,0,0,0,0,0,-4774804,94672.1484375,-1642169.75,1,3752092.5,-430949.3125,2030844.125,1,-3072102.5,-10179.193359375,-908944.5,1,1579083.5,203965.984375,-8517.6357421875,1,527415.8125,252286.515625,42098.7109375,1,-526204.25,-570088,-37269.71484375,1,-1931981.375,450365.59375,-22201.453125,1,4213953,-38293.9609375,116400.6796875,1,-4390011.5,-198042.046875,-192786.59375,1,2985914.25,-66710.15625,176892.96875,1,-2106018.75,578104.125,-35463.4453125,1,2806365.25,-779227.625,-135902.03125,1,-3337947.5,625484.4375,211295.125,1,1765647.875,-576932.75,-191099.328125,1,694639.125,761877.5,95099.6171875,1,-1582741.875,-922980.25,115789.8671875,1,710564.5,831334.75,-367883.53125,1,692663.4375,-353875.34375,459820.40625,1,-1750858.875,-243690.96875,-335992.4375,1,1762512,424803.34375,170737.03125,1,-887825.5625,-203282.078125,-124081.4140625,1,350468.125,-121885.1015625,31747.806640625,1,-865011.1875,592803.375,345063.8125,1,1576532.5,-1173664.125,-818777.875,1,-732862.125,1529479.125,975702.25,1,-1884322.5,-1436968.75,-749490.1875,1,4362082.5,1123013.25,399402.5625,1,-5267559,-1190198.25,-136872.5,1,4590324,1794755.125,-33213.83984375,1,-3017391.75,-2129505.75,84225.5234375,1,1937499.25,1385197.375,-25882.23828125,1,-1924193.875,192129.390625,427773.90625,1,1770894.625,-1353224.5,-1629301.25,1,-900794.8125,1058310.25,2542736.75,1,350957.125,116473.9296875,-2191939,1,-1020885.5,-940060,1272415.75,1,2759430.5,1399176.25,-587275.25,1,-4531109.5,-1796471.375,95783.125,1,5434051.5,1912080.625,296002.28125,1,-5618153.5,-1949777.875,-836495.875,1,5451034,2080815.875,1894591.125,1,-4431598.5,-1586736.5,-2787163.5,1,1840677,2667.20703125,2145113.75,1,1503294.375,1800013.75,-96095.109375,1,-3326016,-2411222.25,-1187838.625,1,2673780.5,1509183,415478.53125,1,-1085639,-108406.015625,781429.3125,1,351997.3125,-663619.25,-307925.4375,1,-856628.5,430554.40625,-1534692.75,1,1740945.625,41738.9609375,3308277.25,1,-1937090.625,420812.375,-4805734.5,1,1927330.625,-1099158,6693409,1,-2959134.75,37395.546875,-8341770.5,1,4545044.5,2618967.5,8223824,1,-5265433.5,-4861132,-6050898,1,4401732.5,5267945.5,2546902,1,-1775467.875,-3404398,1710922,1,-1741546.875,170043.453125,-5297678.5,1,4385134,2591389.75,6379519,1,-5442415,-4522645,-4608785,1,5260189,6397081.5,1703224.5,1,-3750457.5,-6591694.5,-711456.1875,1,957788.1875,2130074.5,390845.53125,1,2158640.5,4360620,674833.4375,1,10841071,1082643,-773430.625,1,-9415197,-1145044.75,944035.75,1,6797396.5,638209.125,-430939.125,1,-3917489.75,-221353.0625,31791.244140625,1,2391583.25,98785.546875,-62143.3046875,1,-2174317.75,370541.6875,167313.265625,1,879854.5625,-1627282,-424273.90625,1,2375144.25,3466580.75,785577.75,1,-5209893,-4921483.5,-1100727.625,1,5442371.5,5380200,1282868.5,1,-3493832.5,-5062187,-1353413.5,1,1315352.875,4382160,1354225.25,1,-220294.21875,-3641669.25,-1404214.375,1,-213662.9375,3063973.25,1671589.625,1,1288816.125,-2586371.75,-2059234.25,1,-3240875.5,2098592.5,2200255,1,4348612.5,-1936812.625,-1962119.75,1,-3283794,2426577,1550671.25,1,1323149.25,-3304675.5,-1209682.375,1,-222245.453125,4093928.5,1111574.625,1,0,-4495576.5,-1213759.75,1,-211631.9375,4292891.5,1173872.125,1,1280744.25,-3353079.75,-878714.0625,1,-3230762,2199268.75,989442.75,1,4137134.75,-2166034.75,-2311618,1,-2014466.5,3845313.25,4368310,1,-1897501.75,-5618363,-5198222,1,4123905.25,4964478,3132493,1,-3295126,-1457942.5,1134380.375,1,1332134.25,-2376383.25,-4695252,1,-224430.3125,3918651.25,5665057,1,0,-3423978,-5584533,1,0,3000691.25,6650532,1,0,-3231567.25,-7639588,1,-210309.78125,2829649.75,5970797,1,1275938.625,-1617797.125,-2832826.25,1,-3225085,1135969.875,1788319.875,1,4136283.25,-1901736.75,-2692805.25,1,-2017567.75,2930183.5,2187774.25,1,-1895366.75,-4017875.25,-199529.625,1,4122366.75,5463927.5,298824.09375,1,-3291787,-6177312.5,-3255226,1,1117197.75,5028042,5716892,1,1058898.625,-2807352.5,-5483362,1,-3233597.25,1171250.625,4118028.75,1,4345829.5,-466531.375,-3639757,1,-3496202.75,-865466.1875,3738228,1,2396779.5,3388591.5,-4536738,1,-2172591.75,-3993538,8552082,1,1099789.5,432440.28125,-15232971,1,857588.25,3351478.75,18565466,1,-656920,-2689837.75,-15294172,1,-2164871,-7665.921875,9875393,1,4126144.75,194398.109375,-7001154.5,1,-3475514.25,431464.84375,5304753.5,1,2612226,2115682.75,-1701988.875,1,-3487946.25,-6150807,-1270045,1,4343468,6387720,-4035084.5,1,-3237015.75,-1364262.75,20441970,1,1284033.625,-4448691,-36789984,1,-437320.78125,5756755,36945252,1,602851.375,-2971884.5,-21987736,1,-271505.15625,417677.09375,4606316,1,-499473.71875,1285919.75,11450852,1,451833.46875,1338147.625,-4600799.5,1,-465866.4375,-1627548.75,5647144.5,1,269088.0625,746179.375,-2553456.25,1,-62401.44140625,27318.376953125,26334.53125,1,0,-45036.91796875,3539.5712890625,1,0,-21038.40625,-20705.19140625,1,0,89936.6875,68805.390625,1,0,-124569.328125,-69295.5078125,1,0,42723.2109375,30797.693359375,1,36461.82421875,135756.203125,72843.0390625,1,-210304.640625,-303611.53125,-169623.453125,1,540793.875,410299.09375,262485.8125,1,-854118.125,-530598.5625,-314930.03125,1,965383.3125,646227.3125,332892.78125,1,-781501,-569557.375,-266668.0625,1,275884.125,321760.1875,225488.5,1,330224.03125,-195964.6875,-270652.5,1,-578653.625,299065.3125,358407.40625,1,249469.875,-354765.90625,-270312.59375,1,328604.59375,139696.90625,25176.01953125,1,-615714.0625,159285.40625,129019.1875,1,462576.84375,-213503.6875,59097.48046875,1,-177560.984375,-34734.08203125,-450777.375,1,28454.015625,262222.71875,709149,1,0,-231788.609375,-664778.5,1,0,20863.1953125,373955.6875,1,0,214193.671875,145740.953125,1,34840.33984375,-488963.78125,-917481.8125,1,-203100.140625,618160.0625,1576476.625,1,529077.4375,-374059.03125,-1617201,1,-845801.9375,-55765.74609375,1038089.8125,1,966406.6875,230660.234375,-488267.5,1,-831540.1875,-65246.76171875,401247.3125,1,507605.875,-232527.671875,-686934.9375,1,-188695.734375,420389.71875,889517.25,1,31207.52734375,-405720.8125,-743958,1,0,330241.53125,332617.4375,1,0,-368537.34375,95681.6015625,1,0,493882.25,-561542.75,1,31812.181640625,-460904.0625,1296962.25,1,-191253.578125,-3663.142578125,-2207150.5,1,480246.25,826853.25,2541808,1,-613228.875,-1267335.875,-1702272.625,1,298111.3125,812551.6875,446775.4375,1,281035.59375,9259.431640625,-100067.7109375,1,-611035.25,-237315.0625,1002968.0625,1,488876.71875,-284367.5,-2145911.5,1,-197976.296875,841941.3125,2330647.75,1,33411.95703125,-754860.875,-1162253.125,1,31090.39453125,364423.1875,-198808.15625,1,-188874.71875,-533356.1875,491137.9375,1,477646.6875,1303001.25,-70202.625,1,-643304.625,-1658740.375,521435,1,486403.84375,1098014.375,-1925251.875,1,-195650.4375,-234906.53125,3043675.75,1,32688.951171875,-148750.953125,-2996686,1,0,23349.42578125,2571485.5,1,0,317087.59375,-2469387.5,1,0,-495860.9375,2707113.75,1,0,488128.6875,-2003743.875,1,0,-288922.96875,776048.1875,1,0,-102771.8359375,-1409353.375,1,0,122756.09375,838307.3125,1,0,188141.390625,1464324.375,1,4635437,2681952,-8872012,1,-3010187,-3159094.75,10914180,1,3131957,1522237.25,-4934573,1,-3824183.75,-123513.84375,18648.57421875,1,4069954.5,18802.83203125,-13947.974609375,1,-3928664.25,131279,125934.0078125,1,3247408,-555876,-273209.28125,1,-1942197.25,1145090.875,476921.46875,1,699395.9375,-1691623.625,-573692.5,1,-110918.2578125,1946334.375,580783.125,1,0,-1955487.625,-587799,1,-150039.109375,1852194,702945.25,1,853755.8125,-1674053.875,-815258.5,1,-2017701.5,1534840,902918.9375,1,2536207.25,-1531376.125,-957659.25,1,-1941433.625,1653413.25,1000790.5,1,1532981.5,-1699262,-886218,1,-2130334.75,1626410.5,715854.4375,1,2537886.25,-1441660.5,-580502.25,1,-1787611.75,1243937.375,639650.6875,1,671359.6875,-1181750.25,-800609.875,1,-105070.3046875,1399687.625,1085489.875,1,0,-1743148.625,-1433066,1,0,2039975.75,1996466.75,1,-149478.875,-2451248.75,-2756632.25,1,997102.5625,3134608.25,3485433,1,-2854746,-3616724,-3561043,1,4548685,2900207,2592550.5,1,-4357416,-903234,-890965.375,1,2510138.25,-925277.8125,-488092.59375,1,-805301,1275034.125,894146.3125,1,111016.0390625,-1076725.75,-1141509.375,1,-141599.9375,1807083.125,2281069,1,817595.625,-2754639,-3549072.25,1,-2112145.5,2143610.25,3092709,1,3355391.25,-498048.4375,-1245859.25,1,-3954218.75,-164353.296875,250534.9375,1,4069954.5,-609136.125,-925035.0625,1,-3934948,1435558.75,1655318.125,1,3411901,-1602845,-1544117.125,1,-2916030.25,1584543.875,1225487.125,1,3460027,-1357045.375,-1131682.875,1,-4601187.5,562236.5625,1222779,1,4370741.5,63189.46484375,-2050816.375,1,-2255105.75,507960.21875,3777028,1,-83798.4921875,-1871453,-5262955,1,1084187.25,2758077.5,5259054.5,1,-568435.8125,-2741946,-4084010,1,-575429.5625,2630967.5,3479739,1,1209333.125,-2702951.25,-3821862.25,1,-954744.4375,2469314.5,3617814.75,1,382344.90625,-2120164.25,-2597719.75,1,-63833.0703125,2450948,3002689,1,0,-2916757.5,-4997313.5,1,-63447.4296875,2329378.5,5803876.5,1,381253.75,-944952.8125,-4172317,1,-1017610.1875,195477.390625,2755470.5,1,1653997.25,-301252.375,-3393049,1,-1907040.625,625748.375,5205416,1,1518071.625,-1055591.875,-6410128.5,1,-99380.8359375,2074316.375,7409230.5,1,-1407989.25,-3141584,-9359760,1,677968.375,1237248.125,3755260.25,1,1223304.375,2377173.25,7170595,1,-1355252.75,560229.625,-873747.8125,1,378109.59375,-558926.0625,1106853.375,1,-1009301.625,335631.75,-475809.71875,1,2519032,-295709.90625,-62177.359375,1,-3351259.5,666800,130427.2578125,1,2675858.25,-1120380.375,-197129.96875,1,-2011972.125,1306995.25,258785.125,1,2688883,-1169815,-329217.5,1,-3351513.5,1084892.625,382035.28125,1,2503562,-1282657,-360977.3125,1,-997113.5,1492948.75,284462.4375,1,165426.65625,-1495302.375,-222241.046875,1,2.220446049250313e-16,1407460.375,158489.078125,1,2.220446049250313e-16,-999669.5625,34541.4921875,1,2.220446049250313e-16,-185648.21875,-411534.28125,1,2.220446049250313e-16,1538677.625,745674.375,1,2.220446049250313e-16,-1753156,-749021.6875,1,2.220446049250313e-16,854627.75,608898.625,1,2.220446049250313e-16,-185603.1875,-787145,1,170344.671875,423464.5625,1238285.625,1,-1016580.125,-1215308.125,-1568771.125,1,2698078,2297170,1850467.25,1,-4198289,-3463056,-2370374,1,4011576.25,3859197,2681674.75,1,-1819166,-2911611,-2015078.125,1,-516354.28125,1878330.75,947544.375,1,659639.625,-2467573.25,-1233769.625,1,681147.6875,3868291.25,3149977.25,1,-659782.0625,-3637790.75,-4547413,1,-681013.0625,1273048.625,3431633,1,489683.34375,1455285.375,-437069.25,1,1696959.5,-2717207.25,-1721929,1,-3016883,1753702.125,1066337.875,1,1485123.75,510929.8125,1627631.5,1,1531667.125,-2152342.25,-4139291.25,1,-3187016,2780027.5,5386913.5,1,2671359.5,-3081664,-5313683.5,1,-2011361.875,1985214.625,3413691.75,1,2862346,1726451,343158.75,1,-4368175.5,-5941955,-4037696.5,1,5198377,7060573,5411303,1,-5363365,-4447877.5,-4445917.5,1,5192934,762169.1875,2693756.75,1,-4346335,1812397.5,-473130.3125,1,2835002.5,-3145577.75,-2336023.5,1,-1841003.875,2860713.25,3087333.75,1,1675775.25,-655526.6875,683101.5625,1,-821810.1875,-1242825.625,-5434931.5,1,-853993,531314.1875,4976059,1,1504542.125,1962795,1235174.875,1,-827476.5,-4387213.5,-8063577,1,335624.59375,6187050.5,11440519,1,-1021847.3125,-7133323.5,-11254806,1,2534517.5,6465042,8568670,1,-3178752.75,-3877560,-3766574.75,1,1466072,424525.53125,-1675878.5,1,1724164.75,2333102,5092625.5,1,-4041784.25,-3624758,-5863387.5,1,3999125.25,3778193.75,6108569,1,-1791095.5,-3771771.75,-7131091.5,1,-879768.3125,3948885.25,7331781.5,1,1923302.75,-3297811.5,-5359227,1,-659208,935329.8125,1401463.375,1,-1327883.625,2028187.5,3144810.25,1,0,0,0,0,0,0,0,0,0,0,0,0,0,0,0,0,0,0,0,0,0,0,0,0,0,0,0,0,0,0,0,0,0,0,0,0,0,0,0,0,0,0,0,0,0,0,0,0,0,0,0,0,0,0,0,0,0,0,0,0,0,0,0,0,0,0,0,0,0,0,0,0,0,0,0,0,0,0,0,0,0,0,0,0,0,0,0,0,0,0,0,0,0,0,0,0,0,0,0,0,0,0,0,0,0,0,0,0,0,0,0,0,0,0,0,0,0,0,0,0,0,0,0,0,0,0,0,0,0,0,0,0,0,0,0,0,0,0,0,0,0,0,0,0,0,0,0,0,0,0,0,0,0,0,0,0,0,0,0,0,0,0,0,0,0,0,0,0,0,0,0,0,0,0,0,0,0,0,0,0,0,0,0,0,0,0,0,0,0,0,0,0,0,0,0,0,0,0,0,0,0,0,0,0,0,0,0,0,0,0,0,0,0,0,0,0,0,0,0,0,0,0,0,0,0,0,0,0,0,0,0,0,0,0,0,0,0,0,0,0,0,0,0,0,0,0,0,0,0,0,0,0,0,0,0,0,0,0,0,0,0,0,0,0,0,0,0,0,0,0,0,0,0,0,0,0,0,0,0,0,0,0,0,0,0,0,0,0,0,0,0,0,0,0,0,0,0,0,0,0,0,0,0,0,0,0,0,0,0,0,0,0,0,0,0,0,0,0,0,0,0,0,0,0,0,0,0,0,0,0,0,0,0,0,0,0,0,0,0,0,0,0,0,0,0,0,0,0,0,0,0,0,0,0,0,0,0,0,0,0,0,0,0,0,0,0,0,0,0,0,0,0,0,0,0,0,0,0,0,0,0,0,0,0,0,0,0,0,0,0,0,0,0,0,0,0,0,0,0,0,0,0,0,0,0,0,0,0,0,0,0,0,0,0,0,0,0,0,0,0,0,0,0,0,0,0,0,0,0,0,0,0,0,0,0,0,0,0,0,0,0,0,0,0,0,0,0,0,0,0,0,0,0,0,0,0,0,0,0,0,0,0,0,0,0,0,0,0,0,0,0,0,0,0,0,0,0,0,0,0,0,0,0,0,0,0,0,0,0,0,0,0,0,0,0,0,0,0,0,0,0,0,0,0,0,0,0,0,0,0,0,0,0,0,0,0,0,0,0,0,0,0,0,0,0,0,0,0,0,0,0,0,0,0,0,0,0,0,0,0,0,0,0,0,0,0,0,0,0,0,0,0,0,0,0,0,0,0,0,0,0,0,0,0,0,0,0,0,0,0,0,0,0,0,0,0,0,0,0,0,0,0,0,0,0,0,0,0,0,0,0,0,0,0,0,0,0,0,0,0,0,0,0,0,0,0,0,0,0,0,0,0,0,0,0,0,0,0,0,0,0,0,0,0,0,0,0,0,0,0,0,0,0,0,0,0,0,0,0,0,0,0,0,0,0,0,0,0,0,0,0,0,0,0,0,0,0,0,0,0,0,0,0,0,0,0,0,0,0,0,0,0,0,0,0,0,0,0,0,0,0,0,0,0,0,0,0,0,0,0,0,0,0,0,0,0,0,0,0,0,0,0,0,0,0,0,0,0,0,0,0,0,0,0,0,0,0,0,0,0,0,0,0,0,0,0,0,0,0,0,0,0,0,0,0,0,0,0,0,0,0,0,0,0,0,0,0,0,0,0,0,0,0,0,0,0,0,0,0,0,0,0,0,0,0,0,0,0,0,0,0,0,0,0,0,0,0,0,0,0,0,0,0,0,0,0,0,0,0,0,0,0,0,0,0,0,0,0,0,0,0,0,0,0,0,0,0,0,0,0,0,0,0,0,0,0,0,0,0,0,0,0,0,0,0,0,0,0,0,0,0,0,0,0,0,0,0,0,0,0,0,0,0,0,0,0,0,0,0,0,0,0,0,0,0,0,0,0,0,0,0,0,0,0,0,0,0,0,0,0,0,0,0,0,0,0,0,0,0,0,0,0,0,0,0,0,0,0,0,0,0,0,0,0,0,0,0,0,0,0,0,0,0,0,0,0,0,0,0,0,0,0,0,0,0,0,0,0,0,0,0,0,0,0,0,0,0,0,0,0,0,0,0,0,0,0,0,0,0,0,0,0,0,0,0,0,0,0,0,0,0,0,0,0,0,0,0,0,0,0,0,0,0,0,0,0,0,0,0,0,0,0,0,0,0,0,0,0,0,0,0,0,0,0,0,0,0,0,0,0,0,0,0,0,0,0,0,0,0,0,0,0,0,0,0,0,0,0,0,0,0,0,0,0,0,0,0,0,0,0,0,0,0,0,0,0,0,0,0,0,0,0,0,0,0,0,0,0,0,0,0,0,0,0,0,0,0,0,0,0,0,0,0,0,0,0,0,0,0,0,0,0,0,0,0,0,0,0,0,0,0,0,0,0,0,0,0,0,0,0,0,0,0,0,0,0,0,0,0,0,0,0,0,0,0,0,0,0,0,0,0,0,0,0,0,0,0,0,0,0,0,0,0,0,0,0,0,0,0,0,0,0,0,0,0,0,0,0,0,0,0,0,0,0,0,0,0,0,0,0,0,0,0,0,0,0,0,0,0,0,0,0,0,0,0,0,0,0,0,0,0,0,0,0,0,0,0,0,0,0,0,0,0,0,0,0,0,0,0,0,0,0,0,0,0,0,0,0,0,0,0,0,0,0,0,0,0,0,0,0,0,0,0,0,0,0,0,0,0,0,0,0,0,0,0,0,0,0,0,0,0,0,0,0,0,0,0,0,0,0,0,0,0,0,0,0,0,0,0,0,0,0,0,0,0,0,0,0,0,0,0,0,0,0,0,0,0,0,0,0,0,0,0,0,0,0,0,0,0,0,0,0,0,0,0,0,0,0,0,0,0,0,0,0,0,0,0,0,0,0,0,0,0,0,0,0,0,0,0,0,0,0,0,0,0,0,0,0,0,0,0,0,0,0,0,0,0,0,0,0,0,0,0,0,0,0,0,0,0,0,0,0,0,0,0,0,0,0,0,0,0,0,0,0,0,0,0,0,0,0,0,0,0,0,0,0,0,0,0,0,0,0,0,0,0,0,0,0,0,0,0,0,0,0,0,0,0,0,0,0,0,0,0,0,0,0,0,0,0,0,0,0,0,0,0,0,0,0,0,0,0,0,0,0,0,0,0,0,0,0,0,0,0,0,0,0,0,0,0,0,0,0,0,0,0,0,0,0,0,0,0,0,0,0,0,0,0,0,0,0,0,0,0,0,0,0,0,0,0,0,0,0,0,0,0,0,0,0,0,0,0,0,0,0,0,0,0,0,0,0,0,0,0,0,0,0,0,0,0,0,0,0,0,0,0,0,0,0,0,0,0,0,0,0,0,0,0,0,0,0,0,0,0,0,0,0,0,0,0,0,0,0,0,0,0,0,0,0,0,0,0,0,0,0,0,0,0,0,0,0,0,0,0,0,0,0,0,0,0,0,0,0,0,0,0,0,0,0,0,0,0,0,0,0,0,0,0,0,0,0,0,0,0,0,0,0,0,0,0,0,0,0,0,0,0,0,0,0,0,0,0,0,0,0,0,0,0,0,0,0,0,0,0,0,0,0,0,0,0,0,0,0,0,0,0,0,0,0,0,0,0,0,0,0,0,0,0,0,0,0,0,0,0,0,0,0,0,0,0,0,0,0,0,0,0,0,0,0,0,0,0,0,0,0,0,0,0,0,0,0,0,0,0,0,0,0,0,0,0,0,0,0,0,0,0,0,0,0,0,0,0,0,0,0,0,0,0,0,0,0,0,0,0,0,0,0,0,0,0,0,0,0,0,0,0,0,0,0,0,0,0,0,0,0,0,0,0,0,0,0,0,0,0,0,0,0,0,0,0,0,0,0,0,0,0,0,0,0,0,0,0,0,0,0,0,0,0,0,0,0,0,0,0,0,0,0,0,0,0,0,0,0,0,0,0,0,0,0,0,0,0,0,0,0,0,0,0,0,0,0,0,0,0,0,0,0,0,0,0,0,0,0,0,0,0,0,0,0,0,0,0,0,0,0,0,0,0,0,0,0,0,0,0,0,0,0,0,0,0,0,0,0,0,0,0,0,0,0,0,0,0,0,0,0,0,0,0,0,0,0,0,0,0,0,0,0,0,0,0,0,0,0,0,0,0,0,0,0,0,0,0,0,0,0,0,0,0,0,0,0,0,0,0,0,0,0,0,0,0,0,0,0,0,0,0,0,0,0,0,0,0,0,0,0,0,0,0,0,0,0,0,0,0,0,0,0,0,0,0,0,0,0,0,0,0,0,0,0,0,0,0,0,0,0,0,0,0,0,0,0,0,0,0,0,0,0,0,0,0,0,0,0,0,0,0,0,0,0,0,0,0,0,0,0,0,0,0,0,0,0,0,0,0,0,0,0,0,0,0,0,0,0,0,0,0,0,0,0,0,0,0,0,0,0,0,0,0,0,0,0,0,0,0,0,0,0,0,0,0,0,0,0,0,0,0,0,0,0,0,0,0,0,0,0,0,0,0,0,0,0,0,0,0,0,0,0,0,0,0,0,0,0,0,0,0,0,0,0,0,0,0,0,0,0,0,0,0,0,0,0,0,0,0,0,0,0,0,0,0,0,0,0,0,0,0,0,0,0,0,0,0,0,0,0,0,0,0,0,0,0,0,0,0,0,0,0,0,0,0,0,0,0,0,0,0,0,0,0,0,0,0,0,0,0,0,0,0,0,0,0,0,0,0,0,0,0,0,0,0,0,0,0,0,0,0,0,0,0,0,0,0,0,0,0,0,0,0,0,0,0,0,0,0,0,0,0,0,0,0,0,0,0,0,0,0,0,0,0,0,0,0,0,0,0,0,0,0,0,0,0,0,0,0,0,0,0,0,0,0,0,0,0,0,0,0,0,0,0,0,0,0,0,0,0,0,0,0,0,0,0,0,0,0,0,0,0,0,0,0,0,0,0,0,0,0,0,0,0,0,0,0,0,0,0,0,0,0,0,0,0,0,0,0,0,0,0,0,0,0,0,0,0,0,0,0,0,0,0,0,0,0,0,0,0,0,0,0,0,0,0,0,0,0,0,0,0,0,0,0,0,0,0,0,0,0,0,0,0,0,0,0,0,0,0,0,0,0,0,0,0,0,0,0,0,0,0,0,0,0,0,0,0,0,0,0,0,0,0,0,0,0,0,0,0,0,0,0,0,0,0,0,0,0,0,0,0,0,0,0,0,0,0,0,0,0,0,0,0,0,0,0,0,0,0,0,0,0,0,0,0,0,0,0,0,0,0,0,0,0,0,0,0,0,0,0,0,0,0,0,0,0,0,0,0,0,0,0,0,0,0,0,0,0,0,0,0,0,0,0,0,0,0,0,0,0,0,0,0,0,0,0,0,0,0,0,0,0,0,0,0,0,0,0,0,0,0,0,0,0,0,0,0,0,0,0,0,0,0,0,0,0,0,0,0,0,0,0,0,0,0,0,0,0,0,0,0,0,0,0,0,0,0,0,0,0,0,0,0,0,0,0,0,0,0,0,0,0,0,0,0,0,0,0,0,0,0,0,0,0,0,0,0,0,0,0,0,0,0,0,0,0,0,0,0,0,0,0,0,0,0,0,0,0,0,0,0,0,0,0,0,0,0,0,0,0,0,0,0,0,0,0,0,0,0,0,0,0,0,0,0,0,0,0,0,0,0,0,0,0,0,0,0,0,0,0,0,0,0,0,0,0,0,0,0,0,0,0,0,0,0,0,0,0,0,0,0,0,0,0,0,0,0,0,0,0,0,0,0,0,0,0,0,0,0,0,0,0,0,0,0,0,0,0,0,0,0,0,0,0,0,0,0,0,0,0,0,0,0,0,0,0,0,0,0,0,0,0,0,0,0,0,0,0,0,0,0,0,0,0,0,0,0,0,0,0,0,0,0,0,0,0,0,0,0,0,0,0,0,0,0,0,0,0,0,0,0,0,0,0,0,0,0,0,0,0,0,0,0,0,0,0,0,0,0,0,0,0,0,0,0,0,0,0,0,0,0,0,0,0,0,0,0,0,0,0,0,0,0,0,0,0,0,0,0,0,0,0,0,0,0,0,0,0,0,0,0,0,0,0,0,0,0,0,0,0,0,0,0,0,0,0,0,0,0,0,0,0,0,0,0,0,0,0,0,0,0,0,0,0,0,0,0,0,0,0,0,0,0,0,0,0,0,0,0,0,0,0,0,0,0,0,0,0,0,0,0,0,0,0,0,0,0,0,0,0,0,0,0,0,0,0,0,0,0,0,0,0,0,0,0,0,0,0,0,0,0,0,0,0,0,0,0,0,0,0,0,0,0,0,0,0,0,0,0,0,0,0,0,0,0,0,0,0,0,0,0,0,0,0,0,0,0,0,0,0,0,0,0,0,0,0,0,0,0,0,0,0,0,0,0,0,0,0,0,0,0,0,0,0,0,0,0,0,0,0,0,0,0,0,0,0,0,0,0,0,0,0,0,0,0,0,0,0,0,0,0,0,0,0,0,0,0,0,0,0,0,0,0,0,0,0,0,0,0,0,0,0,0,0,0,0,0,0,0,0,0,0,0,0,0,0,0,0,0,0,0,0,0,0,0,0,0,0,0,0,0,0,0,0,0,0,0,0,0,0,0,0,0,0,0,0,0,0,0,0,0,0,0,0,0,0,0,0,0,0,0,0,0,0,0,0,0,0,0,0,0,0,0,0,0,0,0,0,0,0,0,0,0,0,0,0,0,0,0,0,0,0,0,0,0,0,0,0,0,0,0,0,0,0,0,0,0,0,0,0,0,0,0,0,0,0,0,0,0,0,0,0,0,0,0,0,0,0,0,0,0,0,0,0,0,0,0,0,0,0,0,0,0,0,0,0,0,0,0,0,0,0,0,0,0,0,0,0,0,0,0,0,0,0,0,0,0,0,0,0,0,0,0,0,0,0,0,0,0,0,0,0,0,0,0,0,0,0,0,0,0,0,0,0,0,0,0,0,0,0,0,0,0,0,0,0,0,0,0,0,0,0,0,0,0,0,0,0,0,0,0,0,0,0,0,0,0,0,0,0,0,0,0,0,0,0,0,0,0,0,0,0,0,0,0,0,0,0,0,0,0,0,0,0,0,0,0,0,0,0,0,0,0,0,0,0,0,0,0,0,0,0,0,0,0,0,0,0,0,0,0,0,0,0,0,0,0,0,0,0,0,0,0,0,0,0,0,0,0,0,0,0,0,0,0,0,0,0,0,0,0,0,0,0,0,0,0,0,0,0,0,0,0,0,0,0,0,0,0,0,0,0,0,0,0,0,0,0,0,0,0,0,0,0,0,0,0,0,0,0,0,0,0,0,0,0,0,0,0,0,0,0,0,0,0,0,0,0,0,0,0,0,0,0,0,0,0,0,0,0,0,0,0,0,0,0,0,0,0,0,0,0,0,0,0,0,0,0,0,0,0,0,0,0,0,0,0,0,0,0,0,0,0,0,0,0,0,0,0,0,0,0,0,0,0,0,0,0,0,0,0,0,0,0,0,0,0,0,0,0,0,0,0,0,0,0,0,0,0,0,0,0,0,0,0,0,0,0,0,0,0,0,0,0,0,0,0,0,0,0,0,0,0,0,0,0,0,0,0,0,0,0,0,0,0,0,0,0,0,0,0,0,0,0,0,0,0,0,0,0,0,0,0,0,0,0,0,0,0,0,0,0,0,0,0,0,0,0,0,0,0,0,0,0,0,0,0,0,0,0,0,0,0,0,0,0,0,0,0,0,0,0,0,0,0,0,0,0,0,0,0,0,0,0,0,0,0,0,0,0,0,0,0,0,0,0,0,0,0,0,0,0,0,0,0,0,0,0,0,0,0,0,0,0,0,0,0,0,0,0,0,0,0,0,0,0,0,0,0,0,0,0,0,0,0,0,0,0,0,0,0,0,0,0,0,0,0,0,0,0,0,0,0,0,0,0,0,0,0,0,0,0,0,0,0,0,0,0,0,0,0,0,0,0,0,0,0,0,0,0,0,0,0,0,0,0,0,0,0,0,0,0,0,0,0,0,0,0,0,0,0,0,0,0,0,0,0,0,0,0,0,0,0,0,0,0,0,0,0,0,0,0,0,0,0,0,0,0,0,0,0,0,0,0,0,0,0,0,0,0,0,0,0,0,0,0,0,0,0,0,0,0,0,0,0,0,0,0,0,0,0,0,0,0,0,0,0,0,0,0,0,0,0,0,0,0,0,0,0,0,0,0,0,0,0,0,0,0,0,0,0,0,0,0,0,0,0,0,0,0,0,0,0,0,0,0,0,0,0,0,0,0,0,0,0,0,0,0,0,0,0,0,0,0,0,0,0,0,0,0,0,0,0,0,0,0,0,0,0,0,0,0,0,0,0,0,0,0,0,0,0,0,0,0,0,0,0,0,0,0,0,0,0,0,0,0,0,0,0,0,0,0,0,0,0,0,0,0,0,0,0,0,0,0,0,0,0,0,0,0,0,0,0,0,0,0,0,0,0,0,0,0,0,0,0,0,0,0,0,0,0,0,0,0,0,0,0,0,0,0,0,0,0,0,0,0,0,0,0,0,0,0,0,0,0,0,0,0,0,0,0,0,0,0,0,0,0,0,0,0,0,0,0,0,0,0,0,0,0,0,0,0,0,0,0,0,0,0,0,0,0,0,0,0,0,0,0,0,0,0,0,0,0,0,0,0,0,0,0,0,0,0,0,0,0,0,0,0,0,0,0,0,0,0,0,0,0,0,0,0,0,0,0,0,0,0,0,0,0,0,0,0,0,0,0,0,0,0,0,0,0,0,0,0,0,0,0,0,0,0,0,0,0,0,0,0,0,0,0,0,0,0,0,0,0,0,0,0,0,0,0,0,0,0,0,0,0,0,0,0,0,0,0,0,0,0,0,0,0,0,0,0,0,0,0,0,0,0,0,0,0,0,0,0,0,0,0,0,0,0,0,0,0,0,0,0,0,0,0,0,0,0,0,0,0,0,0,0,0,0,0,0,0,0,0,0,0,0,0,0,0,0,0,0,0,0,0,0,0,0,0,0,0,0,0,0,0,0,0,0,0,0,0,0,0,0,0,0,0,0,0,0,0,0,0,0,0,0,0,0,0,0,0,0,0,0,0,0,0,0,0,0,0,0,0,0,0,0,0,0,0,0,0,0,0,0,0,0,0,0,0,0,0,0,0,0,0,0,0,0,0,0,0,0,0,0,0,0,0,0,0,0,0,0,0,0,0,0,0,0,0,0,0,0,0,0,0,0,0,0,0,0,0,0,0,0,0,0,0,0,0,0,0,0,0,0,0,0,0,0,0,0,0,0,0,0,0,0,0,0,0,0,0,0,0,0,0,0,0,0,0,0,0,0,0,0,0,0,0,0,0,0,0,0,0,0,0,0,0,0,0,0,0,0,0,0,0,0,0,0,0,0,0,0,0,0,0,0,0,0,0,0,0,0,0,0,0,0,0,0,0,0,0,0,0,0,0,0,0,0,0,0,0,0,0,0,0,0,0,0,0,0,0,0,0,0,0,0,0,0,0,0,0,0,0,0,0,0,0,0,0,0,0,0,0,0,0,0,0,0,0,0,0,0,0,0,0,0,0,0,0,0,0,0,0,0,0,0,0,0,0,0,0,0,0,0,0,0,0,0,0,0,0,0,0,0,0,0,0,0,0,0,0,0,0,0,0,0,0,0,0,0,0,0,0,0,0,0,0,0,0,0,0,0,0,0,0,0,0,0,0,0,0,0,0,0,0,0,0,0,0,0,0,0,0,0,0,0,0,0,0,0,0,0,0,0,0,0,0,0,0,0,0,0,0,0,0,0,0,0,0,0,0,0,0,0,0,0,0,0,0,0,0,0,0,0,0,0,0,0,0,0,0,0,0,0,0,0,0,0,0,0,0,0,0,0,0,0,0,0,0,0,0,0,0,0,0,0,0,0,0,0,0,0,0,0,0,0,0,0,0,0,0,0,0,0,0,0,0,0,0,0,0,0,0,0,0,0,0,0,0,0,0,0,0,0,0,0,0,0,0,0,0,0,0,0,0,0,0,0,0,0,0,0,0,0,0,0,0,0,0,0,0,0,0,0,0,0,0,0,0,0,0,0,0,0,0,0,0,0,0,0,0,0,0,0,0,0,0,0,0,0,0,0,0,0,0,0,0,0,0,0,0,0,0,0,0,0,0,0,0,0,0,0,0,0,0,0,0,0,0,0,0,0,0,0,0,0,0,0,0,0,0,0,0,0,0,0,0,0,0,0,0,0,0,0,0,0,0,0,0,0,0,0,0,0,0,0,0,0,0,0,0,0,0,0,0,0,0,0,0,0,0,0,0,0,0,0,0,0,0,0,0,0,0,0,0,0,0,0,0,0,0,0,0,0,0,0,0,0,0,0,0,0,0,0,0,0,0,0,0,0,0,0,0,0,0,0,0,0,0,0,0,0,0,0,0,0,0,0,0,0,0,0,0,0,0,0,0,0,0,0,0,0,0,0,0,0,0,0,0,0,0,0,0,0,0,0,0,0,0,0,0,0,0,0,0,0,0,0,0,0,0,0,0,0,0,0,0,0,0,0,0,0,0,0,0,0,0,0,0,0,0,0,0,0,0,0,0,0,0,0,0,0,0,0,0,0,0,0,0,0,0,0,0,0,0,0,0,0,0,0,0,0,0,0,0,0,0,0,0,0,0,0,0,0,0,0,0,0,0,0,0,0,0,0,0,0,0,0,0,0,0,0,0,0,0,0,0,0,0,0,0,0,0,0,0,0,0,0,0,0,0,0,0,0,0,0,0,0,0,0,0,0,0,0,0,0,0,0,0,0,0,0,0,0,0,0,0,0,0,0,0,0,0,0,0,0,0,0,0,0,0,0,0,0,0,0,0,0,0,0,0,0,0,0,0,0,0,0,0,0,0,0,0,0,0,0,0,0,0,0,0,0,0,0,0,0,0]}}