tauKrylov1Tex [64 x 54] 15
   -0.0001    -0.0146     0.4665     1.0000     0.0000    -0.0041     0.4665     1.0000     0.0001     0.0033     0.4670     1.0000     0.0000     0.0077     0.4675     1.0000     0.0001     0.0094     0.4680     1.0000     0.0001     0.0085     0.4681     1.0000     0.0001     0.0050     0.4677     1.0000     0.0000    -0.0008     0.4665     1.0000     0.0001    -0.0089     0.4644     1.0000     0.0001    -0.0189     0.4612     1.0000     0.0001    -0.0310     0.4568     1.0000     0.0001    -0.0447     0.4511     1.0000     0.0001    -0.0602     0.4438     1.0000     0.0000    -0.0770     0.4350     1.0000     0.0001    -0.0952     0.4247     1.0000     0.0001    -0.1147     0.4126     1.0000     0.0000    -0.1351     0.3988     1.0000     0.0000    -0.1565     0.3833     1.0000     0.0001    -0.1786     0.3661     1.0000     0.0001    -0.2013     0.3472     1.0000     0.0001    -0.2245     0.3266     1.0000     0.0001    -0.2480     0.3044     1.0000     0.0001    -0.2717     0.2806     1.0000     0.0000    -0.2954     0.2554     1.0000     0.0001    -0.3190     0.2288     1.0000     0.0001    -0.3423     0.2010     1.0000     0.0000    -0.3652     0.1721     1.0000     0.0001    -0.3876     0.1423     1.0000     0.0001    -0.4092     0.1117     1.0000     0.0000    -0.4301     0.0805     1.0000     0.0001    -0.4499     0.0490     1.0000     0.0000    -0.4686     0.0174     1.0000     0.0001    -0.4859    -0.0140     1.0000     0.0001    -0.5020    -0.0452     1.0000     0.0000    -0.5164    -0.0756     1.0000     0.0000    -0.5291    -0.1050     1.0000     0.0000    -0.5399    -0.1332     1.0000     0.0001    -0.5487    -0.1597     1.0000     0.0001    -0.5554    -0.1842     1.0000     0.0001    -0.5598    -0.2064     1.0000     0.0001    -0.5617    -0.2258     1.0000     0.0001    -0.5610    -0.2420     1.0000     0.0000    -0.5577    -0.2548     1.0000     0.0001    -0.5514    -0.2634     1.0000     0.0001    -0.5421    -0.2676     1.0000     0.0000    -0.5297    -0.2669     1.0000     0.0000    -0.5139    -0.2607     1.0000     0.0000    -0.4946    -0.2485     1.0000     0.0001    -0.4717    -0.2298     1.0000     0.0001    -0.4452    -0.2041     1.0000     0.0001    -0.4147    -0.1707     1.0000     0.0000    -0.3802    -0.1293     1.0000     0.0001    -0.3413    -0.0788     1.0000     0.0001    -0.2983    -0.0192     1.0000     0.0001    -0.2508     0.0507     1.0000     0.0001    -0.1986     0.1311     1.0000     0.0000    -0.1417     0.2229     1.0000     0.0001    -0.0799     0.3270     1.0000     0.0000    -0.0130     0.4435     1.0000     0.0001     0.0592     0.5738     1.0000     0.0000     0.1366     0.7183     1.0000     0.0001     0.2196     0.8777     1.0000     0.0001     0.3082     1.0531     1.0000    -0.0001     0.4024     1.2447     1.0000
    0.0000    -0.0162     0.7122     1.0000     0.0000    -0.0286     0.7110     1.0000     0.0001    -0.0419     0.7087     1.0000     0.0001    -0.0562     0.7054     1.0000     0.0000    -0.0714     0.7010     1.0000     0.0001    -0.0872     0.6953     1.0000     0.0001    -0.1038     0.6883     1.0000     0.0001    -0.1209     0.6799     1.0000     0.0000    -0.1385     0.6702     1.0000     0.0001    -0.1566     0.6591     1.0000     0.0000    -0.1749     0.6465     1.0000     0.0001    -0.1935     0.6326     1.0000     0.0000    -0.2122     0.6173     1.0000     0.0000    -0.2310     0.6005     1.0000     0.0000    -0.2496     0.5825     1.0000     0.0001    -0.2683     0.5631     1.0000     0.0001    -0.2866     0.5427     1.0000     0.0000    -0.3048     0.5210     1.0000     0.0001    -0.3223     0.4983     1.0000     0.0001    -0.3396     0.4747     1.0000     0.0000    -0.3563     0.4502     1.0000     0.0001    -0.3723     0.4251     1.0000     0.0000    -0.3875     0.3994     1.0000     0.0000    -0.4019     0.3733     1.0000     0.0001    -0.4153     0.3471     1.0000     0.0000    -0.4279     0.3206     1.0000     0.0000    -0.4392     0.2945     1.0000     0.0001    -0.4495     0.2686     1.0000     0.0000    -0.4584     0.2433     1.0000     0.0000    -0.4659     0.2189     1.0000     0.0000    -0.4722     0.1953     1.0000     0.0001    -0.4766     0.1733     1.0000     0.0000    -0.4796     0.1527     1.0000     0.0001    -0.4807     0.1341     1.0000     0.0001    -0.4803     0.1173     1.0000     0.0001    -0.4778     0.1032     1.0000     0.0000    -0.4735     0.0918     1.0000     0.0001    -0.4668     0.0838     1.0000     0.0001    -0.4584     0.0787     1.0000     0.0000    -0.4475     0.0776     1.0000     0.0001    -0.4342     0.0810     1.0000     0.0001    -0.4186     0.0887     1.0000     0.0001    -0.4006     0.1011     1.0000     0.0000    -0.3798     0.1192     1.0000     0.0001    -0.3563     0.1429     1.0000     0.0001    -0.3300     0.1731     1.0000     0.0001    -0.3011     0.2095     1.0000     0.0000    -0.2692     0.2532     1.0000     0.0000    -0.2342     0.3045     1.0000     0.0001    -0.1959     0.3642     1.0000     0.0001    -0.1547     0.4318     1.0000     0.0001    -0.1100     0.5091     1.0000     0.0001    -0.0620     0.5956     1.0000     0.0001    -0.0103     0.6925     1.0000     0.0000     0.0444     0.7995     1.0000     0.0001     0.1034     0.9185     1.0000     0.0000     0.1656     1.0489     1.0000     0.0001     0.2321     1.1917     1.0000     0.0000     0.3022     1.3473     1.0000     0.0001     0.3767     1.5174     1.0000     0.0000     0.4546     1.7000     1.0000     0.0001     0.5374     1.8992     1.0000     0.0000     0.6240     2.1132     1.0000     0.0000     0.7151     2.3433     1.0000
   -0.0001    -0.0927     0.5280     1.0000     0.0001     0.1273     0.5370     1.0000     0.0001     0.3279     0.5611     1.0000     0.0000     0.5098     0.5979     1.0000     0.0001     0.6735     0.6455     1.0000     0.0001     0.8198     0.7020     1.0000     0.0001     0.9492     0.7654     1.0000     0.0001     1.0624     0.8341     1.0000     0.0001     1.1599     0.9064     1.0000     0.0001     1.2426     0.9807     1.0000     0.0001     1.3110     1.0556     1.0000     0.0001     1.3657     1.1297     1.0000     0.0001     1.4074     1.2018     1.0000     0.0001     1.4366     1.2706     1.0000     0.0001     1.4543     1.3353     1.0000     0.0001     1.4607     1.3946     1.0000     0.0000     1.4566     1.4479     1.0000     0.0001     1.4427     1.4942     1.0000     0.0001     1.4197     1.5330     1.0000     0.0001     1.3880     1.5637     1.0000     0.0001     1.3484     1.5857     1.0000     0.0001     1.3016     1.5987     1.0000     0.0000     1.2480     1.6025     1.0000     0.0000     1.1885     1.5967     1.0000     0.0000     1.1236     1.5814     1.0000     0.0000     1.0540     1.5564     1.0000     0.0001     0.9803     1.5221     1.0000     0.0001     0.9031     1.4784     1.0000     0.0001     0.8230     1.4257     1.0000     0.0001     0.7409     1.3647     1.0000     0.0001     0.6571     1.2953     1.0000     0.0001     0.5724     1.2185     1.0000     0.0001     0.4875     1.1349     1.0000     0.0001     0.4029     1.0453     1.0000     0.0001     0.3192     0.9505     1.0000     0.0001     0.2374     0.8516     1.0000     0.0001     0.1576     0.7495     1.0000     0.0000     0.0808     0.6455     1.0000     0.0001     0.0077     0.5410     1.0000     0.0001    -0.0614     0.4371     1.0000     0.0000    -0.1256     0.3355     1.0000     0.0001    -0.1844     0.2374     1.0000     0.0001    -0.2369     0.1451     1.0000     0.0000    -0.2829     0.0597     1.0000     0.0000    -0.3214    -0.0167     1.0000     0.0001    -0.3519    -0.0820     1.0000     0.0000    -0.3739    -0.1342     1.0000     0.0001    -0.3864    -0.1715     1.0000     0.0001    -0.3890    -0.1910     1.0000     0.0001    -0.3811    -0.1909     1.0000     0.0000    -0.3620    -0.1688     1.0000     0.0001    -0.3311    -0.1217     1.0000     0.0001    -0.2876    -0.0472     1.0000     0.0001    -0.2311     0.0574     1.0000     0.0001    -0.1608     0.1947     1.0000     0.0001    -0.0762     0.3683     1.0000     0.0001     0.0235     0.5803     1.0000     0.0000     0.1388     0.8346     1.0000     0.0001     0.2705     1.1341     1.0000     0.0000     0.4190     1.4822     1.0000     0.0000     0.5852     1.8822     1.0000     0.0000     0.7696     2.3376     1.0000     0.0001     0.9728     2.8524     1.0000    -0.0001     1.1954     3.4296     1.0000
    0.0002    -0.1414     0.5267     1.0000     0.0000     0.1402     0.5363     1.0000     0.0000     0.4003     0.5633     1.0000     0.0000     0.6396     0.6055     1.0000     0.0000     0.8588     0.6609     1.0000     0.0000     1.0585     0.7276     1.0000     0.0000     1.2392     0.8037     1.0000    -0.0001     1.4017     0.8875     1.0000    -0.0001     1.5465     0.9772     1.0000     0.0000     1.6743     1.0713     1.0000    -0.0001     1.7857     1.1683     1.0000    -0.0001     1.8812     1.2666     1.0000    -0.0001     1.9617     1.3650     1.0000     0.0000     2.0276     1.4622     1.0000     0.0000     2.0797     1.5570     1.0000     0.0000     2.1183     1.6484     1.0000     0.0000     2.1445     1.7353     1.0000    -0.0001     2.1585     1.8167     1.0000     0.0000     2.1612     1.8920     1.0000    -0.0001     2.1531     1.9603     1.0000    -0.0001     2.1349     2.0210     1.0000     0.0000     2.1071     2.0734     1.0000    -0.0001     2.0705     2.1171     1.0000    -0.0001     2.0256     2.1517     1.0000    -0.0001     1.9730     2.1769     1.0000    -0.0001     1.9134     2.1923     1.0000     0.0000     1.8475     2.1980     1.0000    -0.0001     1.7757     2.1937     1.0000    -0.0001     1.6989     2.1796     1.0000    -0.0001     1.6176     2.1557     1.0000     0.0000     1.5323     2.1222     1.0000    -0.0001     1.4437     2.0794     1.0000     0.0000     1.3527     2.0277     1.0000     0.0000     1.2596     1.9675     1.0000     0.0000     1.1649     1.8991     1.0000     0.0000     1.0697     1.8236     1.0000     0.0000     0.9743     1.7413     1.0000     0.0000     0.8794     1.6533     1.0000    -0.0001     0.7855     1.5600     1.0000     0.0000     0.6935     1.4630     1.0000     0.0000     0.6039     1.3628     1.0000     0.0000     0.5172     1.2608     1.0000    -0.0001     0.4340     1.1580     1.0000     0.0000     0.3554     1.0561     1.0000    -0.0001     0.2814     0.9560     1.0000     0.0000     0.2132     0.8597     1.0000    -0.0001     0.1507     0.7680     1.0000     0.0000     0.0952     0.6834     1.0000     0.0000     0.0471     0.6071     1.0000    -0.0001     0.0070     0.5410     1.0000     0.0000    -0.0245     0.4870     1.0000    -0.0001    -0.0467     0.4471     1.0000    -0.0001    -0.0591     0.4234     1.0000    -0.0001    -0.0609     0.4182     1.0000     0.0000    -0.0516     0.4332     1.0000     0.0000    -0.0305     0.4714     1.0000     0.0000     0.0030     0.5348     1.0000    -0.0001     0.0494     0.6261     1.0000     0.0000     0.1095     0.7474     1.0000    -0.0001     0.1838     0.9023     1.0000     0.0000     0.2732     1.0925     1.0000    -0.0001     0.3780     1.3216     1.0000     0.0000     0.4990     1.5920     1.0000     0.0001     0.6368     1.9072     1.0000
   -0.0001     0.0202     0.5982     1.0000     0.0001     0.0414     0.6000     1.0000     0.0001     0.0609     0.6031     1.0000     0.0001     0.0789     0.6074     1.0000     0.0001     0.0955     0.6127     1.0000     0.0001     0.1106     0.6188     1.0000     0.0001     0.1244     0.6257     1.0000     0.0001     0.1369     0.6333     1.0000     0.0000     0.1481     0.6413     1.0000     0.0001     0.1583     0.6497     1.0000     0.0001     0.1672     0.6584     1.0000     0.0000     0.1751     0.6673     1.0000     0.0001     0.1820     0.6763     1.0000     0.0000     0.1880     0.6854     1.0000     0.0001     0.1930     0.6944     1.0000     0.0001     0.1972     0.7033     1.0000     0.0001     0.2007     0.7121     1.0000     0.0001     0.2034     0.7206     1.0000     0.0000     0.2055     0.7290     1.0000     0.0000     0.2070     0.7371     1.0000     0.0001     0.2080     0.7449     1.0000     0.0001     0.2084     0.7524     1.0000     0.0001     0.2084     0.7596     1.0000     0.0001     0.2081     0.7665     1.0000     0.0000     0.2075     0.7732     1.0000     0.0000     0.2066     0.7796     1.0000     0.0001     0.2055     0.7857     1.0000     0.0001     0.2043     0.7916     1.0000     0.0001     0.2031     0.7975     1.0000     0.0001     0.2017     0.8030     1.0000     0.0001     0.2005     0.8088     1.0000     0.0001     0.1994     0.8145     1.0000     0.0000     0.1982     0.8201     1.0000     0.0000     0.1975     0.8260     1.0000     0.0000     0.1970     0.8323     1.0000     0.0001     0.1967     0.8387     1.0000     0.0001     0.1970     0.8459     1.0000     0.0001     0.1976     0.8534     1.0000     0.0000     0.1987     0.8618     1.0000     0.0000     0.2005     0.8710     1.0000     0.0000     0.2026     0.8810     1.0000     0.0001     0.2057     0.8924     1.0000     0.0001     0.2096     0.9050     1.0000     0.0001     0.2140     0.9190     1.0000     0.0001     0.2195     0.9347     1.0000     0.0000     0.2256     0.9520     1.0000     0.0000     0.2329     0.9716     1.0000     0.0001     0.2414     0.9932     1.0000     0.0001     0.2506     1.0170     1.0000     0.0001     0.2612     1.0437     1.0000     0.0000     0.2729     1.0732     1.0000     0.0001     0.2857     1.1055     1.0000     0.0001     0.3002     1.1414     1.0000     0.0001     0.3157     1.1804     1.0000     0.0000     0.3328     1.2236     1.0000     0.0001     0.3515     1.2707     1.0000     0.0000     0.3715     1.3219     1.0000     0.0001     0.3933     1.3780     1.0000     0.0001     0.4167     1.4388     1.0000     0.0001     0.4418     1.5047     1.0000     0.0000     0.4686     1.5759     1.0000     0.0000     0.4975     1.6532     1.0000     0.0000     0.5281     1.7364     1.0000    -0.0002     0.5604     1.8258     1.0000
    0.0000     0.0000     0.0000     0.0000     0.0000     0.0000     0.0000     0.0000     0.0000     0.0000     0.0000     0.0000     0.0000     0.0000     0.0000     0.0000     0.0000     0.0000     0.0000     0.0000     0.0000     0.0000     0.0000     0.0000     0.0000     0.0000     0.0000     0.0000     0.0000     0.0000     0.0000     0.0000     0.0000     0.0000     0.0000     0.0000     0.0000     0.0000     0.0000     0.0000     0.0000     0.0000     0.0000     0.0000     0.0000     0.0000     0.0000     0.0000     0.0000     0.0000     0.0000     0.0000     0.0000     0.0000     0.0000     0.0000     0.0000     0.0000     0.0000     0.0000     0.0000     0.0000     0.0000     0.0000     0.0000     0.0000     0.0000     0.0000     0.0000     0.0000     0.0000     0.0000     0.0000     0.0000     0.0000     0.0000     0.0000     0.0000     0.0000     0.0000     0.0000     0.0000     0.0000     0.0000     0.0000     0.0000     0.0000     0.0000     0.0000     0.0000     0.0000     0.0000     0.0000     0.0000     0.0000     0.0000     0.0000     0.0000     0.0000     0.0000     0.0000     0.0000     0.0000     0.0000     0.0000     0.0000     0.0000     0.0000     0.0000     0.0000     0.0000     0.0000     0.0000     0.0000     0.0000     0.0000     0.0000     0.0000     0.0000     0.0000     0.0000     0.0000     0.0000     0.0000     0.0000     0.0000     0.0000     0.0000     0.0000     0.0000     0.0000     0.0000     0.0000     0.0000     0.0000     0.0000     0.0000     0.0000     0.0000     0.0000     0.0000     0.0000     0.0000     0.0000     0.0000     0.0000     0.0000     0.0000     0.0000     0.0000     0.0000     0.0000     0.0000     0.0000     0.0000     0.0000     0.0000     0.0000     0.0000     0.0000     0.0000     0.0000     0.0000     0.0000     0.0000     0.0000     0.0000     0.0000     0.0000     0.0000     0.0000     0.0000     0.0000     0.0000     0.0000     0.0000     0.0000     0.0000     0.0000     0.0000     0.0000     0.0000     0.0000     0.0000     0.0000     0.0000     0.0000     0.0000     0.0000     0.0000     0.0000     0.0000     0.0000     0.0000     0.0000     0.0000     0.0000     0.0000     0.0000     0.0000     0.0000     0.0000     0.0000     0.0000     0.0000     0.0000     0.0000     0.0000     0.0000     0.0000     0.0000     0.0000     0.0000     0.0000     0.0000     0.0000     0.0000     0.0000     0.0000     0.0000     0.0000     0.0000     0.0000     0.0000     0.0000     0.0000     0.0000     0.0000     0.0000     0.0000     0.0000     0.0000     0.0000     0.0000     0.0000     0.0000     0.0000     0.0000     0.0000     0.0000     0.0000     0.0000     0.0000     0.0000     0.0000     0.0000     0.0000     0.0000     0.0000     0.0000     0.0000     0.0000     0.0000     0.0000     0.0000     0.0000
    0.0000     0.0054     0.4668     1.0000     0.0001     0.0159     0.4674     1.0000     0.0001     0.0233     0.4685     1.0000     0.0001     0.0277     0.4697     1.0000     0.0001     0.0294     0.4707     1.0000     0.0001     0.0285     0.4715     1.0000     0.0001     0.0250     0.4717     1.0000     0.0001     0.0192     0.4711     1.0000     0.0001     0.0111     0.4696     1.0000     0.0001     0.0010     0.4670     1.0000     0.0001    -0.0110     0.4632     1.0000     0.0001    -0.0247     0.4581     1.0000     0.0001    -0.0402     0.4514     1.0000     0.0001    -0.0570     0.4433     1.0000     0.0001    -0.0752     0.4335     1.0000     0.0001    -0.0947     0.4220     1.0000     0.0001    -0.1151     0.4089     1.0000     0.0000    -0.1365     0.3940     1.0000     0.0000    -0.1586     0.3774     1.0000     0.0001    -0.1813     0.3591     1.0000     0.0001    -0.2045     0.3391     1.0000     0.0001    -0.2280     0.3175     1.0000     0.0000    -0.2517     0.2943     1.0000     0.0001    -0.2753     0.2697     1.0000     0.0001    -0.2990     0.2437     1.0000     0.0001    -0.3223     0.2165     1.0000     0.0001    -0.3452     0.1883     1.0000     0.0001    -0.3676     0.1590     1.0000     0.0001    -0.3892     0.1291     1.0000     0.0000    -0.4101     0.0985     1.0000     0.0001    -0.4299     0.0676     1.0000     0.0001    -0.4486     0.0366     1.0000     0.0001    -0.4660     0.0058     1.0000     0.0001    -0.4820    -0.0248     1.0000     0.0001    -0.4964    -0.0546     1.0000     0.0001    -0.5091    -0.0834     1.0000     0.0001    -0.5199    -0.1109     1.0000     0.0000    -0.5287    -0.1369     1.0000     0.0001    -0.5353    -0.1607     1.0000     0.0000    -0.5398    -0.1823     1.0000     0.0001    -0.5417    -0.2011     1.0000     0.0000    -0.5411    -0.2168     1.0000     0.0001    -0.5376    -0.2289     1.0000     0.0001    -0.5314    -0.2369     1.0000     0.0000    -0.5221    -0.2405     1.0000     0.0001    -0.5096    -0.2392     1.0000     0.0001    -0.4938    -0.2324     1.0000     0.0000    -0.4746    -0.2196     1.0000     0.0001    -0.4517    -0.2002     1.0000     0.0001    -0.4252    -0.1739     1.0000     0.0001    -0.3947    -0.1399     1.0000     0.0001    -0.3601    -0.0979     1.0000     0.0000    -0.3214    -0.0469     1.0000     0.0001    -0.2783     0.0134     1.0000     0.0001    -0.2308     0.0838     1.0000     0.0000    -0.1787     0.1649     1.0000     0.0001    -0.1217     0.2573     1.0000     0.0001    -0.0598     0.3620     1.0000     0.0001     0.0071     0.4792     1.0000     0.0001     0.0792     0.6101     1.0000     0.0001     0.1566     0.7551     1.0000     0.0001     0.2396     0.9152     1.0000     0.0000     0.3282     1.0911     1.0000     0.0000     0.4225     1.2835     1.0000
   -0.0002     0.0038     0.7126     1.0000     0.0001    -0.0086     0.7120     1.0000     0.0001    -0.0219     0.7105     1.0000     0.0001    -0.0362     0.7079     1.0000     0.0000    -0.0513     0.7042     1.0000     0.0001    -0.0672     0.6992     1.0000     0.0001    -0.0838     0.6929     1.0000     0.0000    -0.1010     0.6853     1.0000     0.0000    -0.1185     0.6763     1.0000     0.0001    -0.1366     0.6659     1.0000     0.0001    -0.1549     0.6541     1.0000     0.0001    -0.1735     0.6408     1.0000     0.0000    -0.1922     0.6262     1.0000     0.0001    -0.2110     0.6102     1.0000     0.0001    -0.2296     0.5929     1.0000     0.0000    -0.2483     0.5743     1.0000     0.0001    -0.2666     0.5545     1.0000     0.0000    -0.2848     0.5335     1.0000     0.0000    -0.3024     0.5116     1.0000     0.0000    -0.3197     0.4887     1.0000     0.0001    -0.3362     0.4650     1.0000     0.0000    -0.3523     0.4405     1.0000     0.0000    -0.3675     0.4156     1.0000     0.0000    -0.3819     0.3902     1.0000     0.0001    -0.3953     0.3647     1.0000     0.0000    -0.4079     0.3389     1.0000     0.0001    -0.4192     0.3136     1.0000     0.0000    -0.4295     0.2883     1.0000     0.0001    -0.4384     0.2638     1.0000     0.0000    -0.4459     0.2401     1.0000     0.0001    -0.4521     0.2173     1.0000     0.0000    -0.4567     0.1959     1.0000     0.0000    -0.4596     0.1760     1.0000     0.0000    -0.4608     0.1581     1.0000     0.0001    -0.4603     0.1421     1.0000     0.0000    -0.4579     0.1287     1.0000     0.0001    -0.4534     0.1181     1.0000     0.0001    -0.4468     0.1106     1.0000     0.0001    -0.4384     0.1064     1.0000     0.0001    -0.4274     0.1060     1.0000     0.0001    -0.4142     0.1101     1.0000     0.0001    -0.3985     0.1184     1.0000     0.0000    -0.3806     0.1315     1.0000     0.0000    -0.3598     0.1505     1.0000     0.0000    -0.3364     0.1748     1.0000     0.0001    -0.3101     0.2058     1.0000     0.0001    -0.2812     0.2429     1.0000     0.0001    -0.2491     0.2875     1.0000     0.0001    -0.2141     0.3395     1.0000     0.0000    -0.1760     0.3997     1.0000     0.0001    -0.1346     0.4681     1.0000     0.0000    -0.0901     0.5460     1.0000     0.0000    -0.0420     0.6333     1.0000     0.0001     0.0096     0.7310     1.0000     0.0000     0.0644     0.8387     1.0000     0.0001     0.1233     0.9583     1.0000     0.0000     0.1857     1.0894     1.0000     0.0001     0.2522     1.2329     1.0000     0.0001     0.3223     1.3895     1.0000     0.0001     0.3967     1.5601     1.0000     0.0001     0.4747     1.7437     1.0000     0.0001     0.5574     1.9434     1.0000     0.0001     0.6441     2.1582     1.0000    -0.0002     0.7347     2.3884     1.0000
    0.0001    -0.0727     0.5284     1.0000     0.0001     0.1473     0.5382     1.0000     0.0001     0.3479     0.5630     1.0000     0.0001     0.5298     0.6006     1.0000     0.0001     0.6935     0.6490     1.0000     0.0001     0.8398     0.7062     1.0000     0.0000     0.9692     0.7704     1.0000     0.0001     1.0824     0.8399     1.0000     0.0001     1.1799     0.9129     1.0000     0.0000     1.2626     0.9880     1.0000     0.0001     1.3310     1.0636     1.0000     0.0001     1.3857     1.1385     1.0000     0.0001     1.4274     1.2113     1.0000     0.0001     1.4566     1.2810     1.0000     0.0001     1.4743     1.3463     1.0000     0.0000     1.4806     1.4065     1.0000     0.0001     1.4766     1.4605     1.0000     0.0001     1.4627     1.5076     1.0000     0.0001     1.4397     1.5472     1.0000     0.0000     1.4080     1.5786     1.0000     0.0001     1.3684     1.6014     1.0000     0.0001     1.3216     1.6152     1.0000     0.0001     1.2680     1.6197     1.0000     0.0001     1.2085     1.6146     1.0000     0.0001     1.1437     1.6001     1.0000     0.0001     1.0740     1.5759     1.0000     0.0000     1.0002     1.5423     1.0000     0.0001     0.9231     1.4995     1.0000     0.0001     0.8430     1.4475     1.0000     0.0001     0.7609     1.3872     1.0000     0.0001     0.6771     1.3186     1.0000     0.0000     0.5924     1.2426     1.0000     0.0001     0.5075     1.1597     1.0000     0.0000     0.4228     1.0709     1.0000     0.0001     0.3392     0.9768     1.0000     0.0001     0.2574     0.8787     1.0000     0.0001     0.1777     0.7774     1.0000     0.0001     0.1009     0.6742     1.0000     0.0001     0.0277     0.5704     1.0000     0.0001    -0.0414     0.4673     1.0000     0.0001    -0.1055     0.3664     1.0000     0.0001    -0.1643     0.2691     1.0000     0.0001    -0.2169     0.1775     1.0000     0.0001    -0.2628     0.0930     1.0000     0.0001    -0.3013     0.0174     1.0000     0.0001    -0.3319    -0.0473     1.0000     0.0001    -0.3538    -0.0986     1.0000     0.0001    -0.3664    -0.1352     1.0000     0.0001    -0.3690    -0.1539     1.0000     0.0001    -0.3611    -0.1531     1.0000     0.0001    -0.3420    -0.1301     1.0000     0.0001    -0.3111    -0.0823     1.0000     0.0000    -0.2676    -0.0071     1.0000     0.0001    -0.2111     0.0983     1.0000     0.0001    -0.1408     0.2363     1.0000     0.0001    -0.0562     0.4106     1.0000     0.0001     0.0435     0.6235     1.0000     0.0001     0.1589     0.8786     1.0000     0.0001     0.2905     1.1788     1.0000     0.0001     0.4391     1.5278     1.0000     0.0000     0.6052     1.9285     1.0000     0.0000     0.7896     2.3847     1.0000     0.0001     0.9928     2.9001     1.0000    -0.0001     1.2154     3.4781     1.0000
    0.0000    -0.1214     0.5271     1.0000     0.0000     0.1601     0.5373     1.0000     0.0000     0.4203     0.5650     1.0000     0.0000     0.6596     0.6079     1.0000     0.0000     0.8788     0.6640     1.0000    -0.0001     1.0785     0.7313     1.0000     0.0000     1.2592     0.8082     1.0000    -0.0001     1.4217     0.8926     1.0000    -0.0001     1.5665     0.9830     1.0000     0.0000     1.6942     1.0778     1.0000     0.0000     1.8057     1.1754     1.0000    -0.0001     1.9012     1.2744     1.0000    -0.0001     1.9817     1.3735     1.0000    -0.0001     2.0476     1.4714     1.0000     0.0000     2.0997     1.5669     1.0000    -0.0001     2.1383     1.6589     1.0000     0.0000     2.1645     1.7465     1.0000    -0.0001     2.1785     1.8287     1.0000     0.0000     2.1813     1.9047     1.0000     0.0000     2.1731     1.9736     1.0000    -0.0001     2.1549     2.0350     1.0000    -0.0001     2.1271     2.0880     1.0000     0.0000     2.0905     2.1325     1.0000     0.0000     2.0456     2.1677     1.0000     0.0000     1.9931     2.1936     1.0000    -0.0001     1.9334     2.2097     1.0000    -0.0001     1.8675     2.2161     1.0000     0.0000     1.7958     2.2125     1.0000    -0.0001     1.7189     2.1990     1.0000     0.0000     1.6376     2.1758     1.0000    -0.0001     1.5522     2.1430     1.0000    -0.0001     1.4638     2.1008     1.0000     0.0000     1.3727     2.0498     1.0000     0.0000     1.2796     1.9903     1.0000    -0.0001     1.1849     1.9226     1.0000    -0.0001     1.0897     1.8478     1.0000     0.0000     0.9943     1.7662     1.0000    -0.0001     0.8994     1.6788     1.0000    -0.0001     0.8055     1.5862     1.0000    -0.0001     0.7135     1.4899     1.0000    -0.0001     0.6239     1.3904     1.0000     0.0000     0.5372     1.2891     1.0000     0.0000     0.4541     1.1870     1.0000    -0.0001     0.3753     1.0858     1.0000     0.0000     0.3015     0.9864     1.0000    -0.0001     0.2331     0.8907     1.0000    -0.0001     0.1707     0.7997     1.0000    -0.0001     0.1152     0.7158     1.0000    -0.0001     0.0671     0.6401     1.0000    -0.0001     0.0270     0.5747     1.0000    -0.0001    -0.0046     0.5213     1.0000    -0.0001    -0.0267     0.4822     1.0000     0.0000    -0.0391     0.4593     1.0000     0.0000    -0.0408     0.4547     1.0000    -0.0001    -0.0317     0.4703     1.0000    -0.0001    -0.0106     0.5092     1.0000     0.0000     0.0230     0.5734     1.0000     0.0000     0.0694     0.6653     1.0000    -0.0001     0.1294     0.7873     1.0000     0.0000     0.2039     0.9429     1.0000    -0.0001     0.2931     1.1338     1.0000     0.0000     0.3980     1.3635     1.0000    -0.0001     0.5189     1.6346     1.0000     0.0000     0.6567     1.9503     1.0000
   -0.0001     0.0402     0.5985     1.0000     0.0001     0.0614     0.6010     1.0000     0.0001     0.0809     0.6048     1.0000     0.0001     0.0989     0.6098     1.0000     0.0001     0.1155     0.6158     1.0000     0.0001     0.1306     0.6226     1.0000     0.0001     0.1444     0.6302     1.0000     0.0001     0.1569     0.6384     1.0000     0.0001     0.1681     0.6471     1.0000     0.0001     0.1783     0.6563     1.0000     0.0001     0.1872     0.6656     1.0000     0.0001     0.1951     0.6752     1.0000     0.0001     0.2020     0.6849     1.0000     0.0000     0.2079     0.6947     1.0000     0.0001     0.2130     0.7044     1.0000     0.0001     0.2172     0.7140     1.0000     0.0001     0.2207     0.7235     1.0000     0.0001     0.2234     0.7327     1.0000     0.0000     0.2255     0.7418     1.0000     0.0000     0.2270     0.7505     1.0000     0.0001     0.2280     0.7591     1.0000     0.0001     0.2284     0.7672     1.0000     0.0001     0.2284     0.7751     1.0000     0.0001     0.2281     0.7827     1.0000     0.0001     0.2275     0.7901     1.0000     0.0000     0.2266     0.7972     1.0000     0.0001     0.2255     0.8040     1.0000     0.0001     0.2243     0.8106     1.0000     0.0001     0.2231     0.8172     1.0000     0.0001     0.2217     0.8234     1.0000     0.0001     0.2205     0.8298     1.0000     0.0001     0.2194     0.8362     1.0000     0.0000     0.2182     0.8425     1.0000     0.0000     0.2175     0.8492     1.0000     0.0000     0.2170     0.8561     1.0000     0.0001     0.2167     0.8632     1.0000     0.0001     0.2170     0.8711     1.0000     0.0001     0.2176     0.8792     1.0000     0.0001     0.2187     0.8884     1.0000     0.0000     0.2204     0.8982     1.0000     0.0000     0.2227     0.9090     1.0000     0.0001     0.2258     0.9211     1.0000     0.0001     0.2295     0.9343     1.0000     0.0001     0.2340     0.9490     1.0000     0.0001     0.2395     0.9654     1.0000     0.0000     0.2456     0.9834     1.0000     0.0000     0.2530     1.0036     1.0000     0.0001     0.2613     1.0260     1.0000     0.0001     0.2706     1.0504     1.0000     0.0001     0.2812     1.0779     1.0000     0.0001     0.2929     1.1081     1.0000     0.0001     0.3057     1.1410     1.0000     0.0001     0.3202     1.1776     1.0000     0.0001     0.3357     1.2174     1.0000     0.0000     0.3528     1.2612     1.0000     0.0000     0.3715     1.3090     1.0000     0.0000     0.3915     1.3609     1.0000     0.0001     0.4133     1.4177     1.0000     0.0001     0.4368     1.4791     1.0000     0.0001     0.4618     1.5458     1.0000     0.0000     0.4886     1.6176     1.0000     0.0001     0.5176     1.6957     1.0000     0.0000     0.5481     1.7795     1.0000    -0.0001     0.5806     1.8697     1.0000
    0.0000     0.0000     0.0000     0.0000     0.0000     0.0000     0.0000     0.0000     0.0000     0.0000     0.0000     0.0000     0.0000     0.0000     0.0000     0.0000     0.0000     0.0000     0.0000     0.0000     0.0000     0.0000     0.0000     0.0000     0.0000     0.0000     0.0000     0.0000     0.0000     0.0000     0.0000     0.0000     0.0000     0.0000     0.0000     0.0000     0.0000     0.0000     0.0000     0.0000     0.0000     0.0000     0.0000     0.0000     0.0000     0.0000     0.0000     0.0000     0.0000     0.0000     0.0000     0.0000     0.0000     0.0000     0.0000     0.0000     0.0000     0.0000     0.0000     0.0000     0.0000     0.0000     0.0000     0.0000     0.0000     0.0000     0.0000     0.0000     0.0000     0.0000     0.0000     0.0000     0.0000     0.0000     0.0000     0.0000     0.0000     0.0000     0.0000     0.0000     0.0000     0.0000     0.0000     0.0000     0.0000     0.0000     0.0000     0.0000     0.0000     0.0000     0.0000     0.0000     0.0000     0.0000     0.0000     0.0000     0.0000     0.0000     0.0000     0.0000     0.0000     0.0000     0.0000     0.0000     0.0000     0.0000     0.0000     0.0000     0.0000     0.0000     0.0000     0.0000     0.0000     0.0000     0.0000     0.0000     0.0000     0.0000     0.0000     0.0000     0.0000     0.0000     0.0000     0.0000     0.0000     0.0000     0.0000     0.0000     0.0000     0.0000     0.0000     0.0000     0.0000     0.0000     0.0000     0.0000     0.0000     0.0000     0.0000     0.0000     0.0000     0.0000     0.0000     0.0000     0.0000     0.0000     0.0000     0.0000     0.0000     0.0000     0.0000     0.0000     0.0000     0.0000     0.0000     0.0000     0.0000     0.0000     0.0000     0.0000     0.0000     0.0000     0.0000     0.0000     0.0000     0.0000     0.0000     0.0000     0.0000     0.0000     0.0000     0.0000     0.0000     0.0000     0.0000     0.0000     0.0000     0.0000     0.0000     0.0000     0.0000     0.0000     0.0000     0.0000     0.0000     0.0000     0.0000     0.0000     0.0000     0.0000     0.0000     0.0000     0.0000     0.0000     0.0000     0.0000     0.0000     0.0000     0.0000     0.0000     0.0000     0.0000     0.0000     0.0000     0.0000     0.0000     0.0000     0.0000     0.0000     0.0000     0.0000     0.0000     0.0000     0.0000     0.0000     0.0000     0.0000     0.0000     0.0000     0.0000     0.0000     0.0000     0.0000     0.0000     0.0000     0.0000     0.0000     0.0000     0.0000     0.0000     0.0000     0.0000     0.0000     0.0000     0.0000     0.0000     0.0000     0.0000     0.0000     0.0000     0.0000     0.0000     0.0000     0.0000     0.0000     0.0000     0.0000     0.0000     0.0000     0.0000     0.0000     0.0000     0.0000     0.0000     0.0000     0.0000
   -0.0002    -0.0145     0.4665     1.0000     0.0001    -0.0037     0.4665     1.0000     0.0001     0.0040     0.4670     1.0000     0.0001     0.0088     0.4676     1.0000     0.0000     0.0108     0.4682     1.0000     0.0001     0.0101     0.4684     1.0000     0.0001     0.0070     0.4681     1.0000     0.0001     0.0015     0.4670     1.0000     0.0001    -0.0063     0.4651     1.0000     0.0000    -0.0161     0.4621     1.0000     0.0001    -0.0278     0.4578     1.0000     0.0001    -0.0412     0.4523     1.0000     0.0001    -0.0564     0.4453     1.0000     0.0000    -0.0729     0.4367     1.0000     0.0001    -0.0908     0.4266     1.0000     0.0000    -0.1100     0.4148     1.0000     0.0001    -0.1301     0.4014     1.0000     0.0001    -0.1512     0.3862     1.0000     0.0001    -0.1729     0.3693     1.0000     0.0001    -0.1954     0.3507     1.0000     0.0000    -0.2183     0.3305     1.0000     0.0001    -0.2414     0.3087     1.0000     0.0001    -0.2648     0.2853     1.0000     0.0000    -0.2882     0.2605     1.0000     0.0000    -0.3115     0.2344     1.0000     0.0001    -0.3345     0.2070     1.0000     0.0001    -0.3571     0.1786     1.0000     0.0001    -0.3792     0.1493     1.0000     0.0000    -0.4006     0.1192     1.0000     0.0001    -0.4211     0.0886     1.0000     0.0001    -0.4406     0.0577     1.0000     0.0001    -0.4590     0.0266     1.0000     0.0001    -0.4760    -0.0042     1.0000     0.0001    -0.4918    -0.0348     1.0000     0.0001    -0.5059    -0.0645     1.0000     0.0000    -0.5183    -0.0933     1.0000     0.0001    -0.5287    -0.1208     1.0000     0.0001    -0.5373    -0.1467     1.0000     0.0000    -0.5437    -0.1705     1.0000     0.0001    -0.5478    -0.1919     1.0000     0.0000    -0.5494    -0.2106     1.0000     0.0001    -0.5484    -0.2261     1.0000     0.0001    -0.5447    -0.2380     1.0000     0.0001    -0.5381    -0.2458     1.0000     0.0000    -0.5286    -0.2493     1.0000     0.0001    -0.5158    -0.2477     1.0000     0.0001    -0.4997    -0.2406     1.0000     0.0001    -0.4801    -0.2275     1.0000     0.0001    -0.4570    -0.2080     1.0000     0.0001    -0.4301    -0.1813     1.0000     0.0001    -0.3993    -0.1471     1.0000     0.0001    -0.3644    -0.1047     1.0000     0.0001    -0.3254    -0.0533     1.0000     0.0001    -0.2820     0.0074     1.0000     0.0001    -0.2342     0.0782     1.0000     0.0001    -0.1817     0.1597     1.0000     0.0000    -0.1246     0.2525     1.0000     0.0001    -0.0623     0.3576     1.0000     0.0001     0.0049     0.4753     1.0000     0.0001     0.0772     0.6066     1.0000     0.0000     0.1550     0.7522     1.0000     0.0000     0.2383     0.9127     1.0000     0.0001     0.3272     1.0893     1.0000    -0.0001     0.4218     1.2822     1.0000
   -0.0001    -0.0160     0.7122     1.0000     0.0000    -0.0280     0.7110     1.0000     0.0001    -0.0410     0.7088     1.0000     0.0000    -0.0550     0.7056     1.0000     0.0001    -0.0697     0.7012     1.0000     0.0000    -0.0853     0.6957     1.0000     0.0000    -0.1015     0.6888     1.0000     0.0000    -0.1183     0.6806     1.0000     0.0001    -0.1355     0.6711     1.0000     0.0001    -0.1532     0.6602     1.0000     0.0001    -0.1711     0.6480     1.0000     0.0001    -0.1894     0.6343     1.0000     0.0000    -0.2077     0.6193     1.0000     0.0000    -0.2262     0.6029     1.0000     0.0000    -0.2444     0.5852     1.0000     0.0001    -0.2627     0.5663     1.0000     0.0000    -0.2807     0.5462     1.0000     0.0001    -0.2984     0.5249     1.0000     0.0001    -0.3157     0.5027     1.0000     0.0000    -0.3327     0.4796     1.0000     0.0001    -0.3488     0.4557     1.0000     0.0000    -0.3646     0.4310     1.0000     0.0000    -0.3794     0.4059     1.0000     0.0000    -0.3935     0.3804     1.0000     0.0001    -0.4065     0.3548     1.0000     0.0000    -0.4187     0.3290     1.0000     0.0000    -0.4297     0.3036     1.0000     0.0001    -0.4396     0.2784     1.0000     0.0000    -0.4482     0.2538     1.0000     0.0001    -0.4552     0.2301     1.0000     0.0001    -0.4612     0.2074     1.0000     0.0000    -0.4654     0.1861     1.0000     0.0001    -0.4679     0.1663     1.0000     0.0000    -0.4688     0.1485     1.0000     0.0001    -0.4679     0.1327     1.0000     0.0000    -0.4651     0.1195     1.0000     0.0000    -0.4604     0.1090     1.0000     0.0001    -0.4534     0.1019     1.0000     0.0000    -0.4446     0.0978     1.0000     0.0000    -0.4333     0.0977     1.0000     0.0001    -0.4197     0.1021     1.0000     0.0000    -0.4037     0.1108     1.0000     0.0001    -0.3853     0.1244     1.0000     0.0001    -0.3641     0.1437     1.0000     0.0000    -0.3405     0.1684     1.0000     0.0000    -0.3138     0.1997     1.0000     0.0001    -0.2844     0.2374     1.0000     0.0001    -0.2521     0.2825     1.0000     0.0001    -0.2167     0.3350     1.0000     0.0001    -0.1781     0.3958     1.0000     0.0001    -0.1365     0.4647     1.0000     0.0001    -0.0915     0.5432     1.0000     0.0001    -0.0431     0.6312     1.0000     0.0000     0.0087     0.7293     1.0000     0.0001     0.0642     0.8379     1.0000     0.0000     0.1232     0.9580     1.0000     0.0001     0.1861     1.0901     1.0000     0.0000     0.2527     1.2342     1.0000     0.0001     0.3234     1.3917     1.0000     0.0001     0.3981     1.5631     1.0000     0.0001     0.4765     1.7474     1.0000     0.0001     0.5595     1.9480     1.0000     0.0000     0.6464     2.1636     1.0000     0.0000     0.7378     2.3952     1.0000
   -0.0001    -0.0925     0.5280     1.0000     0.0001     0.1279     0.5371     1.0000     0.0000     0.3289     0.5612     1.0000     0.0001     0.5111     0.5981     1.0000     0.0000     0.6752     0.6458     1.0000     0.0001     0.8219     0.7024     1.0000     0.0001     0.9516     0.7660     1.0000     0.0001     1.0652     0.8349     1.0000     0.0001     1.1632     0.9074     1.0000     0.0001     1.2463     0.9820     1.0000     0.0001     1.3150     1.0572     1.0000     0.0001     1.3701     1.1316     1.0000     0.0001     1.4122     1.2041     1.0000     0.0001     1.4418     1.2733     1.0000     0.0001     1.4598     1.3383     1.0000     0.0001     1.4666     1.3981     1.0000     0.0001     1.4629     1.4518     1.0000     0.0001     1.4494     1.4987     1.0000     0.0001     1.4267     1.5380     1.0000     0.0000     1.3954     1.5692     1.0000     0.0000     1.3562     1.5918     1.0000     0.0001     1.3098     1.6055     1.0000     0.0001     1.2566     1.6099     1.0000     0.0001     1.1975     1.6047     1.0000     0.0000     1.1330     1.5902     1.0000     0.0001     1.0637     1.5660     1.0000     0.0000     0.9904     1.5323     1.0000     0.0001     0.9136     1.4895     1.0000     0.0000     0.8338     1.4376     1.0000     0.0001     0.7522     1.3774     1.0000     0.0001     0.6687     1.3089     1.0000     0.0001     0.5844     1.2330     1.0000     0.0001     0.4999     1.1503     1.0000     0.0000     0.4156     1.0616     1.0000     0.0001     0.3324     0.9678     1.0000     0.0001     0.2509     0.8700     1.0000     0.0001     0.1716     0.7690     1.0000     0.0001     0.0952     0.6661     1.0000     0.0001     0.0224     0.5626     1.0000     0.0001    -0.0462     0.4599     1.0000     0.0001    -0.1101     0.3594     1.0000     0.0001    -0.1685     0.2625     1.0000     0.0000    -0.2207     0.1714     1.0000     0.0000    -0.2663     0.0873     1.0000     0.0000    -0.3044     0.0122     1.0000     0.0001    -0.3345    -0.0518     1.0000     0.0001    -0.3560    -0.1026     1.0000     0.0001    -0.3683    -0.1386     1.0000     0.0001    -0.3705    -0.1567     1.0000     0.0001    -0.3622    -0.1551     1.0000     0.0000    -0.3427    -0.1315     1.0000     0.0001    -0.3114    -0.0830     1.0000     0.0001    -0.2676    -0.0070     1.0000     0.0001    -0.2107     0.0992     1.0000     0.0000    -0.1401     0.2380     1.0000     0.0001    -0.0549     0.4132     1.0000     0.0000     0.0450     0.6269     1.0000     0.0001     0.1608     0.8829     1.0000     0.0001     0.2929     1.1840     1.0000     0.0001     0.4418     1.5340     1.0000     0.0001     0.6083     1.9357     1.0000     0.0001     0.7931     2.3929     1.0000     0.0000     0.9966     2.9094     1.0000    -0.0001     1.2196     3.4884     1.0000
    0.0001    -0.1412     0.5267     1.0000    -0.0001     0.1407     0.5363     1.0000    -0.0001     0.4011     0.5633     1.0000    -0.0001     0.6408     0.6056     1.0000    -0.0001     0.8603     0.6611     1.0000     0.0000     1.0604     0.7279     1.0000     0.0000     1.2414     0.8042     1.0000     0.0000     1.4042     0.8881     1.0000     0.0000     1.5494     0.9781     1.0000    -0.0001     1.6775     1.0724     1.0000     0.0000     1.7893     1.1695     1.0000     0.0000     1.8852     1.2681     1.0000    -0.0001     1.9660     1.3668     1.0000     0.0000     2.0322     1.4643     1.0000    -0.0001     2.0846     1.5595     1.0000     0.0000     2.1236     1.6512     1.0000    -0.0001     2.1501     1.7384     1.0000    -0.0001     2.1645     1.8203     1.0000     0.0000     2.1676     1.8960     1.0000    -0.0001     2.1597     1.9647     1.0000     0.0000     2.1419     2.0259     1.0000    -0.0001     2.1144     2.0787     1.0000     0.0000     2.0782     2.1230     1.0000     0.0000     2.0336     2.1581     1.0000     0.0000     1.9814     2.1839     1.0000    -0.0001     1.9221     2.1998     1.0000     0.0000     1.8566     2.2062     1.0000     0.0000     1.7851     2.2025     1.0000    -0.0001     1.7086     2.1890     1.0000    -0.0001     1.6276     2.1658     1.0000    -0.0001     1.5426     2.1330     1.0000    -0.0001     1.4545     2.0909     1.0000     0.0000     1.3637     2.0399     1.0000     0.0000     1.2710     1.9805     1.0000     0.0000     1.1767     1.9129     1.0000    -0.0001     1.0818     1.8382     1.0000     0.0000     0.9867     1.7568     1.0000     0.0000     0.8922     1.6696     1.0000    -0.0001     0.7986     1.5772     1.0000     0.0000     0.7070     1.4811     1.0000     0.0000     0.6177     1.3819     1.0000    -0.0001     0.5313     1.2808     1.0000     0.0000     0.4486     1.1790     1.0000     0.0000     0.3702     1.0781     1.0000     0.0000     0.2967     0.9791     1.0000     0.0000     0.2287     0.8837     1.0000     0.0000     0.1666     0.7932     1.0000     0.0000     0.1114     0.7096     1.0000    -0.0001     0.0636     0.6343     1.0000    -0.0001     0.0239     0.5694     1.0000    -0.0001    -0.0074     0.5165     1.0000     0.0000    -0.0292     0.4780     1.0000    -0.0001    -0.0412     0.4555     1.0000     0.0000    -0.0426     0.4515     1.0000    -0.0001    -0.0331     0.4676     1.0000     0.0000    -0.0116     0.5072     1.0000    -0.0001     0.0222     0.5719     1.0000    -0.0001     0.0690     0.6645     1.0000     0.0000     0.1294     0.7872     1.0000    -0.0001     0.2041     0.9433     1.0000     0.0000     0.2938     1.1351     1.0000     0.0000     0.3990     1.3657     1.0000    -0.0001     0.5203     1.6373     1.0000     0.0000     0.6583     1.9539     1.0000
   -0.0002     0.0204     0.5982     1.0000     0.0001     0.0419     0.6000     1.0000     0.0001     0.0618     0.6032     1.0000     0.0001     0.0801     0.6075     1.0000     0.0000     0.0970     0.6129     1.0000     0.0001     0.1125     0.6192     1.0000     0.0001     0.1266     0.6262     1.0000     0.0000     0.1395     0.6339     1.0000     0.0001     0.1511     0.6421     1.0000     0.0001     0.1615     0.6508     1.0000     0.0001     0.1708     0.6597     1.0000     0.0001     0.1791     0.6689     1.0000     0.0001     0.1863     0.6782     1.0000     0.0001     0.1926     0.6875     1.0000     0.0000     0.1980     0.6969     1.0000     0.0001     0.2026     0.7061     1.0000     0.0000     0.2064     0.7153     1.0000     0.0001     0.2095     0.7243     1.0000     0.0000     0.2119     0.7331     1.0000     0.0000     0.2137     0.7416     1.0000     0.0001     0.2151     0.7499     1.0000     0.0001     0.2158     0.7579     1.0000     0.0001     0.2162     0.7657     1.0000     0.0001     0.2162     0.7731     1.0000     0.0001     0.2160     0.7804     1.0000     0.0000     0.2154     0.7873     1.0000     0.0001     0.2147     0.7941     1.0000     0.0000     0.2138     0.8006     1.0000     0.0001     0.2129     0.8072     1.0000     0.0001     0.2118     0.8134     1.0000     0.0001     0.2110     0.8199     1.0000     0.0001     0.2102     0.8263     1.0000     0.0001     0.2094     0.8327     1.0000     0.0001     0.2090     0.8394     1.0000     0.0001     0.2089     0.8465     1.0000     0.0000     0.2090     0.8537     1.0000     0.0001     0.2097     0.8617     1.0000     0.0001     0.2105     0.8701     1.0000     0.0000     0.2119     0.8794     1.0000     0.0001     0.2141     0.8896     1.0000     0.0001     0.2167     0.9006     1.0000     0.0001     0.2201     0.9129     1.0000     0.0000     0.2242     0.9265     1.0000     0.0001     0.2290     0.9415     1.0000     0.0001     0.2348     0.9583     1.0000     0.0001     0.2413     0.9766     1.0000     0.0001     0.2490     0.9973     1.0000     0.0001     0.2577     1.0201     1.0000     0.0001     0.2673     1.0450     1.0000     0.0001     0.2783     1.0729     1.0000     0.0000     0.2903     1.1036     1.0000     0.0001     0.3035     1.1370     1.0000     0.0000     0.3182     1.1742     1.0000     0.0000     0.3341     1.2145     1.0000     0.0001     0.3516     1.2590     1.0000     0.0000     0.3706     1.3073     1.0000     0.0000     0.3909     1.3599     1.0000     0.0001     0.4132     1.4174     1.0000     0.0001     0.4369     1.4795     1.0000     0.0001     0.4624     1.5468     1.0000     0.0001     0.4895     1.6195     1.0000     0.0001     0.5187     1.6983     1.0000     0.0001     0.5498     1.7830     1.0000    -0.0002     0.5823     1.8738     1.0000
    0.0000     0.0000     0.0000     0.0000     0.0000     0.0000     0.0000     0.0000     0.0000     0.0000     0.0000     0.0000     0.0000     0.0000     0.0000     0.0000     0.0000     0.0000     0.0000     0.0000     0.0000     0.0000     0.0000     0.0000     0.0000     0.0000     0.0000     0.0000     0.0000     0.0000     0.0000     0.0000     0.0000     0.0000     0.0000     0.0000     0.0000     0.0000     0.0000     0.0000     0.0000     0.0000     0.0000     0.0000     0.0000     0.0000     0.0000     0.0000     0.0000     0.0000     0.0000     0.0000     0.0000     0.0000     0.0000     0.0000     0.0000     0.0000     0.0000     0.0000     0.0000     0.0000     0.0000     0.0000     0.0000     0.0000     0.0000     0.0000     0.0000     0.0000     0.0000     0.0000     0.0000     0.0000     0.0000     0.0000     0.0000     0.0000     0.0000     0.0000     0.0000     0.0000     0.0000     0.0000     0.0000     0.0000     0.0000     0.0000     0.0000     0.0000     0.0000     0.0000     0.0000     0.0000     0.0000     0.0000     0.0000     0.0000     0.0000     0.0000     0.0000     0.0000     0.0000     0.0000     0.0000     0.0000     0.0000     0.0000     0.0000     0.0000     0.0000     0.0000     0.0000     0.0000     0.0000     0.0000     0.0000     0.0000     0.0000     0.0000     0.0000     0.0000     0.0000     0.0000     0.0000     0.0000     0.0000     0.0000     0.0000     0.0000     0.0000     0.0000     0.0000     0.0000     0.0000     0.0000     0.0000     0.0000     0.0000     0.0000     0.0000     0.0000     0.0000     0.0000     0.0000     0.0000     0.0000     0.0000     0.0000     0.0000     0.0000     0.0000     0.0000     0.0000     0.0000     0.0000     0.0000     0.0000     0.0000     0.0000     0.0000     0.0000     0.0000     0.0000     0.0000     0.0000     0.0000     0.0000     0.0000     0.0000     0.0000     0.0000     0.0000     0.0000     0.0000     0.0000     0.0000     0.0000     0.0000     0.0000     0.0000     0.0000     0.0000     0.0000     0.0000     0.0000     0.0000     0.0000     0.0000     0.0000     0.0000     0.0000     0.0000     0.0000     0.0000     0.0000     0.0000     0.0000     0.0000     0.0000     0.0000     0.0000     0.0000     0.0000     0.0000     0.0000     0.0000     0.0000     0.0000     0.0000     0.0000     0.0000     0.0000     0.0000     0.0000     0.0000     0.0000     0.0000     0.0000     0.0000     0.0000     0.0000     0.0000     0.0000     0.0000     0.0000     0.0000     0.0000     0.0000     0.0000     0.0000     0.0000     0.0000     0.0000     0.0000     0.0000     0.0000     0.0000     0.0000     0.0000     0.0000     0.0000     0.0000     0.0000     0.0000     0.0000     0.0000     0.0000     0.0000     0.0000     0.0000     0.0000     0.0000     0.0000     0.0000     0.0000
   -0.0001    -0.0146     0.4665     1.0000     0.0001    -0.0041     0.4665     1.0000     0.0001     0.0033     0.4670     1.0000     0.0001     0.0078     0.4675     1.0000     0.0001     0.0095     0.4680     1.0000     0.0000     0.0086     0.4681     1.0000     0.0000     0.0052     0.4677     1.0000     0.0000    -0.0006     0.4666     1.0000     0.0000    -0.0085     0.4645     1.0000     0.0001    -0.0185     0.4613     1.0000     0.0001    -0.0304     0.4570     1.0000     0.0001    -0.0441     0.4513     1.0000     0.0000    -0.0595     0.4441     1.0000     0.0001    -0.0762     0.4354     1.0000     0.0000    -0.0943     0.4251     1.0000     0.0001    -0.1136     0.4131     1.0000     0.0001    -0.1338     0.3995     1.0000     0.0001    -0.1551     0.3841     1.0000     0.0001    -0.1770     0.3670     1.0000     0.0001    -0.1996     0.3483     1.0000     0.0001    -0.2225     0.3278     1.0000     0.0001    -0.2458     0.3058     1.0000     0.0001    -0.2693     0.2822     1.0000     0.0000    -0.2928     0.2573     1.0000     0.0001    -0.3162     0.2309     1.0000     0.0000    -0.3393     0.2033     1.0000     0.0000    -0.3620     0.1747     1.0000     0.0001    -0.3841     0.1452     1.0000     0.0000    -0.4055     0.1150     1.0000     0.0000    -0.4260     0.0841     1.0000     0.0001    -0.4456     0.0530     1.0000     0.0001    -0.4639     0.0218     1.0000     0.0001    -0.4810    -0.0092     1.0000     0.0001    -0.4967    -0.0399     1.0000     0.0000    -0.5109    -0.0698     1.0000     0.0001    -0.5232    -0.0987     1.0000     0.0001    -0.5337    -0.1263     1.0000     0.0000    -0.5422    -0.1523     1.0000     0.0001    -0.5485    -0.1761     1.0000     0.0001    -0.5525    -0.1977     1.0000     0.0001    -0.5541    -0.2164     1.0000     0.0000    -0.5531    -0.2320     1.0000     0.0000    -0.5493    -0.2440     1.0000     0.0001    -0.5426    -0.2518     1.0000     0.0001    -0.5330    -0.2552     1.0000     0.0001    -0.5200    -0.2536     1.0000     0.0001    -0.5038    -0.2465     1.0000     0.0001    -0.4841    -0.2333     1.0000     0.0001    -0.4608    -0.2137     1.0000     0.0001    -0.4338    -0.1869     1.0000     0.0001    -0.4028    -0.1525     1.0000     0.0001    -0.3678    -0.1099     1.0000     0.0001    -0.3286    -0.0584     1.0000     0.0000    -0.2851     0.0024     1.0000     0.0001    -0.2371     0.0735     1.0000     0.0001    -0.1844     0.1553     1.0000     0.0001    -0.1269     0.2484     1.0000     0.0001    -0.0645     0.3538     1.0000     0.0000     0.0029     0.4718     1.0000     0.0000     0.0755     0.6035     1.0000     0.0001     0.1536     0.7496     1.0000     0.0001     0.2371     0.9105     1.0000     0.0000     0.3262     1.0874     1.0000    -0.0002     0.4210     1.2808     1.0000
   -0.0002    -0.0162     0.7122     1.0000     0.0001    -0.0285     0.7110     1.0000     0.0001    -0.0419     0.7087     1.0000     0.0001    -0.0561     0.7054     1.0000     0.0001    -0.0712     0.7010     1.0000     0.0001    -0.0870     0.6953     1.0000     0.0001    -0.1035     0.6883     1.0000     0.0001    -0.1206     0.6800     1.0000     0.0000    -0.1381     0.6704     1.0000     0.0000    -0.1560     0.6593     1.0000     0.0001    -0.1742     0.6468     1.0000     0.0000    -0.1927     0.6329     1.0000     0.0001    -0.2112     0.6177     1.0000     0.0000    -0.2298     0.6011     1.0000     0.0001    -0.2483     0.5832     1.0000     0.0000    -0.2668     0.5640     1.0000     0.0000    -0.2849     0.5437     1.0000     0.0001    -0.3027     0.5222     1.0000     0.0001    -0.3201     0.4998     1.0000     0.0000    -0.3372     0.4764     1.0000     0.0000    -0.3535     0.4522     1.0000     0.0001    -0.3693     0.4274     1.0000     0.0001    -0.3842     0.4021     1.0000     0.0000    -0.3984     0.3763     1.0000     0.0001    -0.4114     0.3505     1.0000     0.0001    -0.4236     0.3245     1.0000     0.0000    -0.4347     0.2988     1.0000     0.0000    -0.4446     0.2734     1.0000     0.0000    -0.4531     0.2487     1.0000     0.0000    -0.4603     0.2248     1.0000     0.0001    -0.4661     0.2019     1.0000     0.0001    -0.4702     0.1805     1.0000     0.0001    -0.4728     0.1606     1.0000     0.0001    -0.4735     0.1428     1.0000     0.0000    -0.4727     0.1268     1.0000     0.0001    -0.4697     0.1136     1.0000     0.0000    -0.4649     0.1031     1.0000     0.0000    -0.4579     0.0959     1.0000     0.0001    -0.4489     0.0920     1.0000     0.0001    -0.4374     0.0919     1.0000     0.0001    -0.4237     0.0963     1.0000     0.0001    -0.4074     0.1052     1.0000     0.0001    -0.3889     0.1189     1.0000     0.0001    -0.3675     0.1384     1.0000     0.0001    -0.3436     0.1633     1.0000     0.0001    -0.3167     0.1949     1.0000     0.0000    -0.2873     0.2327     1.0000     0.0000    -0.2546     0.2781     1.0000     0.0001    -0.2189     0.3310     1.0000     0.0000    -0.1802     0.3923     1.0000     0.0000    -0.1383     0.4615     1.0000     0.0000    -0.0930     0.5406     1.0000     0.0000    -0.0442     0.6291     1.0000     0.0001     0.0081     0.7280     1.0000     0.0000     0.0636     0.8370     1.0000     0.0001     0.1232     0.9581     1.0000     0.0001     0.1865     1.0907     1.0000     0.0000     0.2533     1.2355     1.0000     0.0001     0.3244     1.3939     1.0000     0.0000     0.3994     1.5660     1.0000     0.0001     0.4784     1.7516     1.0000     0.0000     0.5616     1.9529     1.0000     0.0000     0.6492     2.1697     1.0000    -0.0002     0.7409     2.4023     1.0000
   -0.0001    -0.0927     0.5280     1.0000     0.0001     0.1273     0.5370     1.0000     0.0000     0.3280     0.5611     1.0000     0.0001     0.5099     0.5979     1.0000     0.0001     0.6737     0.6456     1.0000     0.0000     0.8200     0.7020     1.0000     0.0001     0.9495     0.7655     1.0000     0.0001     1.0628     0.8342     1.0000     0.0001     1.1605     0.9066     1.0000     0.0001     1.2433     0.9809     1.0000     0.0001     1.3118     1.0559     1.0000     0.0001     1.3666     1.1301     1.0000     0.0001     1.4085     1.2023     1.0000     0.0001     1.4380     1.2713     1.0000     0.0001     1.4558     1.3361     1.0000     0.0000     1.4624     1.3957     1.0000     0.0000     1.4586     1.4491     1.0000     0.0001     1.4449     1.4957     1.0000     0.0001     1.4222     1.5348     1.0000     0.0001     1.3908     1.5658     1.0000     0.0001     1.3515     1.5881     1.0000     0.0001     1.3050     1.6015     1.0000     0.0001     1.2518     1.6057     1.0000     0.0001     1.1925     1.6003     1.0000     0.0001     1.1281     1.5855     1.0000     0.0001     1.0587     1.5611     1.0000     0.0001     0.9854     1.5273     1.0000     0.0000     0.9086     1.4842     1.0000     0.0001     0.8289     1.4322     1.0000     0.0001     0.7472     1.3718     1.0000     0.0001     0.6639     1.3032     1.0000     0.0001     0.5796     1.2272     1.0000     0.0000     0.4951     1.1445     1.0000     0.0001     0.4111     1.0558     1.0000     0.0001     0.3279     0.9619     1.0000     0.0001     0.2465     0.8641     1.0000     0.0001     0.1674     0.7631     1.0000     0.0000     0.0911     0.6603     1.0000     0.0000     0.0184     0.5569     1.0000     0.0000    -0.0500     0.4543     1.0000     0.0000    -0.1136     0.3540     1.0000     0.0001    -0.1718     0.2573     1.0000     0.0001    -0.2237     0.1665     1.0000     0.0001    -0.2690     0.0827     1.0000     0.0001    -0.3069     0.0079     1.0000     0.0000    -0.3368    -0.0558     1.0000     0.0001    -0.3580    -0.1062     1.0000     0.0001    -0.3700    -0.1416     1.0000     0.0001    -0.3718    -0.1592     1.0000     0.0001    -0.3632    -0.1571     1.0000     0.0001    -0.3434    -0.1328     1.0000     0.0000    -0.3118    -0.0837     1.0000     0.0001    -0.2675    -0.0069     1.0000     0.0001    -0.2103     0.1001     1.0000     0.0001    -0.1392     0.2399     1.0000     0.0001    -0.0537     0.4159     1.0000     0.0000     0.0467     0.6305     1.0000     0.0001     0.1629     0.8877     1.0000     0.0001     0.2955     1.1899     1.0000     0.0001     0.4449     1.5410     1.0000     0.0001     0.6120     1.9441     1.0000     0.0001     0.7972     2.4025     1.0000     0.0001     1.0013     2.9205     1.0000    -0.0001     1.2249     3.5011     1.0000
    0.0000    -0.1414     0.5267     1.0000     0.0000     0.1402     0.5363     1.0000    -0.0001     0.4003     0.5633     1.0000     0.0000     0.6397     0.6055     1.0000    -0.0001     0.8589     0.6609     1.0000    -0.0001     1.0586     0.7276     1.0000     0.0000     1.2395     0.8038     1.0000    -0.0001     1.4020     0.8876     1.0000     0.0000     1.5469     0.9774     1.0000     0.0000     1.6748     1.0715     1.0000    -0.0001     1.7863     1.1685     1.0000     0.0000     1.8820     1.2669     1.0000    -0.0001     1.9626     1.3654     1.0000     0.0000     2.0286     1.4627     1.0000     0.0000     2.0809     1.5576     1.0000     0.0000     2.1197     1.6491     1.0000    -0.0001     2.1460     1.7362     1.0000    -0.0001     2.1603     1.8178     1.0000    -0.0001     2.1632     1.8933     1.0000    -0.0001     2.1553     1.9618     1.0000     0.0000     2.1374     2.0227     1.0000     0.0000     2.1098     2.0754     1.0000    -0.0001     2.0735     2.1194     1.0000     0.0000     2.0288     2.1543     1.0000    -0.0001     1.9765     2.1798     1.0000    -0.0001     1.9172     2.1956     1.0000     0.0000     1.8516     2.2017     1.0000     0.0000     1.7802     2.1978     1.0000    -0.0001     1.7036     2.1842     1.0000     0.0000     1.6227     2.1608     1.0000     0.0000     1.5377     2.1278     1.0000     0.0000     1.4495     2.0856     1.0000     0.0000     1.3588     2.0344     1.0000     0.0000     1.2661     1.9749     1.0000    -0.0001     1.1718     1.9072     1.0000     0.0000     1.0770     1.8325     1.0000     0.0000     0.9820     1.7510     1.0000     0.0000     0.8876     1.6637     1.0000    -0.0001     0.7941     1.5713     1.0000    -0.0001     0.7025     1.4752     1.0000    -0.0001     0.6134     1.3759     1.0000     0.0000     0.5272     1.2750     1.0000     0.0000     0.4446     1.1733     1.0000     0.0000     0.3663     1.0724     1.0000     0.0000     0.2930     0.9735     1.0000     0.0000     0.2252     0.8784     1.0000    -0.0001     0.1632     0.7879     1.0000     0.0000     0.1084     0.7046     1.0000     0.0000     0.0608     0.6296     1.0000    -0.0001     0.0212     0.5650     1.0000     0.0000    -0.0097     0.5125     1.0000     0.0000    -0.0313     0.4742     1.0000     0.0000    -0.0431     0.4521     1.0000     0.0000    -0.0442     0.4486     1.0000     0.0000    -0.0344     0.4652     1.0000    -0.0001    -0.0127     0.5053     1.0000    -0.0001     0.0214     0.5705     1.0000    -0.0001     0.0686     0.6637     1.0000    -0.0001     0.1293     0.7870     1.0000     0.0000     0.2045     0.9440     1.0000     0.0000     0.2945     1.1364     1.0000     0.0000     0.4000     1.3677     1.0000     0.0000     0.5217     1.6404     1.0000     0.0001     0.6602     1.9579     1.0000
   -0.0001     0.0202     0.5982     1.0000     0.0000     0.0414     0.6000     1.0000     0.0001     0.0609     0.6031     1.0000     0.0001     0.0790     0.6074     1.0000     0.0001     0.0956     0.6127     1.0000     0.0000     0.1108     0.6189     1.0000     0.0001     0.1246     0.6258     1.0000     0.0001     0.1373     0.6334     1.0000     0.0001     0.1486     0.6414     1.0000     0.0001     0.1588     0.6499     1.0000     0.0000     0.1678     0.6586     1.0000     0.0001     0.1759     0.6676     1.0000     0.0001     0.1829     0.6767     1.0000     0.0000     0.1890     0.6859     1.0000     0.0001     0.1942     0.6950     1.0000     0.0001     0.1986     0.7040     1.0000     0.0000     0.2023     0.7130     1.0000     0.0000     0.2052     0.7217     1.0000     0.0000     0.2075     0.7303     1.0000     0.0001     0.2092     0.7386     1.0000     0.0001     0.2105     0.7467     1.0000     0.0001     0.2112     0.7544     1.0000     0.0000     0.2114     0.7620     1.0000     0.0000     0.2113     0.7692     1.0000     0.0001     0.2111     0.7762     1.0000     0.0001     0.2105     0.7830     1.0000     0.0000     0.2097     0.7895     1.0000     0.0001     0.2088     0.7959     1.0000     0.0001     0.2079     0.8023     1.0000     0.0001     0.2069     0.8083     1.0000     0.0000     0.2060     0.8146     1.0000     0.0001     0.2053     0.8209     1.0000     0.0000     0.2045     0.8271     1.0000     0.0001     0.2042     0.8338     1.0000     0.0001     0.2041     0.8408     1.0000     0.0000     0.2042     0.8479     1.0000     0.0001     0.2050     0.8559     1.0000     0.0000     0.2059     0.8642     1.0000     0.0000     0.2075     0.8735     1.0000     0.0000     0.2097     0.8836     1.0000     0.0001     0.2124     0.8947     1.0000     0.0000     0.2160     0.9070     1.0000     0.0000     0.2203     0.9208     1.0000     0.0001     0.2252     0.9359     1.0000     0.0001     0.2313     0.9528     1.0000     0.0001     0.2380     0.9713     1.0000     0.0001     0.2458     0.9922     1.0000     0.0001     0.2548     1.0152     1.0000     0.0001     0.2646     1.0404     1.0000     0.0000     0.2757     1.0686     1.0000     0.0001     0.2881     1.0997     1.0000     0.0001     0.3015     1.1335     1.0000     0.0001     0.3166     1.1711     1.0000     0.0000     0.3327     1.2118     1.0000     0.0001     0.3505     1.2569     1.0000     0.0001     0.3698     1.3058     1.0000     0.0000     0.3904     1.3589     1.0000     0.0000     0.4129     1.4169     1.0000     0.0001     0.4372     1.4798     1.0000     0.0001     0.4629     1.5479     1.0000     0.0001     0.4903     1.6213     1.0000     0.0001     0.5200     1.7010     1.0000     0.0001     0.5514     1.7866     1.0000     0.0000     0.5846     1.8786     1.0000
    0.0000     0.0000     0.0000     0.0000     0.0000     0.0000     0.0000     0.0000     0.0000     0.0000     0.0000     0.0000     0.0000     0.0000     0.0000     0.0000     0.0000     0.0000     0.0000     0.0000     0.0000     0.0000     0.0000     0.0000     0.0000     0.0000     0.0000     0.0000     0.0000     0.0000     0.0000     0.0000     0.0000     0.0000     0.0000     0.0000     0.0000     0.0000     0.0000     0.0000     0.0000     0.0000     0.0000     0.0000     0.0000     0.0000     0.0000     0.0000     0.0000     0.0000     0.0000     0.0000     0.0000     0.0000     0.0000     0.0000     0.0000     0.0000     0.0000     0.0000     0.0000     0.0000     0.0000     0.0000     0.0000     0.0000     0.0000     0.0000     0.0000     0.0000     0.0000     0.0000     0.0000     0.0000     0.0000     0.0000     0.0000     0.0000     0.0000     0.0000     0.0000     0.0000     0.0000     0.0000     0.0000     0.0000     0.0000     0.0000     0.0000     0.0000     0.0000     0.0000     0.0000     0.0000     0.0000     0.0000     0.0000     0.0000     0.0000     0.0000     0.0000     0.0000     0.0000     0.0000     0.0000     0.0000     0.0000     0.0000     0.0000     0.0000     0.0000     0.0000     0.0000     0.0000     0.0000     0.0000     0.0000     0.0000     0.0000     0.0000     0.0000     0.0000     0.0000     0.0000     0.0000     0.0000     0.0000     0.0000     0.0000     0.0000     0.0000     0.0000     0.0000     0.0000     0.0000     0.0000     0.0000     0.0000     0.0000     0.0000     0.0000     0.0000     0.0000     0.0000     0.0000     0.0000     0.0000     0.0000     0.0000     0.0000     0.0000     0.0000     0.0000     0.0000     0.0000     0.0000     0.0000     0.0000     0.0000     0.0000     0.0000     0.0000     0.0000     0.0000     0.0000     0.0000     0.0000     0.0000     0.0000     0.0000     0.0000     0.0000     0.0000     0.0000     0.0000     0.0000     0.0000     0.0000     0.0000     0.0000     0.0000     0.0000     0.0000     0.0000     0.0000     0.0000     0.0000     0.0000     0.0000     0.0000     0.0000     0.0000     0.0000     0.0000     0.0000     0.0000     0.0000     0.0000     0.0000     0.0000     0.0000     0.0000     0.0000     0.0000     0.0000     0.0000     0.0000     0.0000     0.0000     0.0000     0.0000     0.0000     0.0000     0.0000     0.0000     0.0000     0.0000     0.0000     0.0000     0.0000     0.0000     0.0000     0.0000     0.0000     0.0000     0.0000     0.0000     0.0000     0.0000     0.0000     0.0000     0.0000     0.0000     0.0000     0.0000     0.0000     0.0000     0.0000     0.0000     0.0000     0.0000     0.0000     0.0000     0.0000     0.0000     0.0000     0.0000     0.0000     0.0000     0.0000     0.0000     0.0000     0.0000     0.0000     0.0000     0.0000
   -0.0001    -0.0146     0.4665     1.0000     0.0000    -0.0041     0.4665     1.0000     0.0001     0.0033     0.4670     1.0000     0.0001     0.0077     0.4675     1.0000     0.0001     0.0094     0.4680     1.0000     0.0000     0.0085     0.4681     1.0000     0.0000     0.0050     0.4677     1.0000     0.0000    -0.0008     0.4665     1.0000     0.0000    -0.0088     0.4644     1.0000     0.0000    -0.0189     0.4612     1.0000     0.0001    -0.0309     0.4568     1.0000     0.0001    -0.0446     0.4511     1.0000     0.0001    -0.0600     0.4439     1.0000     0.0001    -0.0768     0.4351     1.0000     0.0001    -0.0950     0.4248     1.0000     0.0000    -0.1144     0.4127     1.0000     0.0001    -0.1348     0.3990     1.0000     0.0001    -0.1561     0.3835     1.0000     0.0001    -0.1781     0.3664     1.0000     0.0000    -0.2008     0.3475     1.0000     0.0001    -0.2239     0.3270     1.0000     0.0000    -0.2473     0.3048     1.0000     0.0001    -0.2709     0.2812     1.0000     0.0001    -0.2944     0.2561     1.0000     0.0000    -0.3180     0.2296     1.0000     0.0001    -0.3411     0.2019     1.0000     0.0001    -0.3639     0.1732     1.0000     0.0000    -0.3861     0.1435     1.0000     0.0001    -0.4076     0.1131     1.0000     0.0001    -0.4282     0.0822     1.0000     0.0001    -0.4479     0.0509     1.0000     0.0001    -0.4663     0.0195     1.0000     0.0001    -0.4835    -0.0116     1.0000     0.0001    -0.4993    -0.0425     1.0000     0.0001    -0.5135    -0.0725     1.0000     0.0000    -0.5259    -0.1016     1.0000     0.0000    -0.5365    -0.1294     1.0000     0.0001    -0.5450    -0.1555     1.0000     0.0001    -0.5513    -0.1795     1.0000     0.0000    -0.5555    -0.2012     1.0000     0.0000    -0.5570    -0.2200     1.0000     0.0000    -0.5560    -0.2357     1.0000     0.0001    -0.5522    -0.2477     1.0000     0.0001    -0.5456    -0.2557     1.0000     0.0000    -0.5360    -0.2592     1.0000     0.0001    -0.5230    -0.2576     1.0000     0.0000    -0.5068    -0.2507     1.0000     0.0001    -0.4870    -0.2375     1.0000     0.0001    -0.4637    -0.2179     1.0000     0.0001    -0.4366    -0.1912     1.0000     0.0001    -0.4056    -0.1568     1.0000     0.0000    -0.3705    -0.1142     1.0000     0.0001    -0.3311    -0.0625     1.0000     0.0001    -0.2875    -0.0016     1.0000     0.0001    -0.2394     0.0696     1.0000     0.0001    -0.1866     0.1515     1.0000     0.0001    -0.1289     0.2448     1.0000     0.0000    -0.0665     0.3504     1.0000     0.0001     0.0012     0.4687     1.0000     0.0001     0.0740     0.6007     1.0000     0.0001     0.1522     0.7471     1.0000     0.0000     0.2360     0.9084     1.0000     0.0001     0.3254     1.0858     1.0000    -0.0001     0.4205     1.2797     1.0000
    0.0000    -0.0162     0.7122     1.0000     0.0000    -0.0286     0.7110     1.0000     0.0000    -0.0419     0.7087     1.0000     0.0001    -0.0562     0.7054     1.0000     0.0001    -0.0713     0.7010     1.0000     0.0001    -0.0872     0.6953     1.0000     0.0001    -0.1038     0.6883     1.0000     0.0000    -0.1209     0.6799     1.0000     0.0000    -0.1385     0.6702     1.0000     0.0000    -0.1565     0.6591     1.0000     0.0001    -0.1748     0.6466     1.0000     0.0001    -0.1933     0.6327     1.0000     0.0001    -0.2119     0.6174     1.0000     0.0000    -0.2307     0.6006     1.0000     0.0001    -0.2493     0.5827     1.0000     0.0000    -0.2679     0.5634     1.0000     0.0000    -0.2861     0.5430     1.0000     0.0001    -0.3041     0.5214     1.0000     0.0000    -0.3217     0.4988     1.0000     0.0001    -0.3388     0.4753     1.0000     0.0001    -0.3552     0.4510     1.0000     0.0001    -0.3711     0.4260     1.0000     0.0000    -0.3862     0.4005     1.0000     0.0001    -0.4004     0.3746     1.0000     0.0000    -0.4136     0.3485     1.0000     0.0000    -0.4260     0.3224     1.0000     0.0001    -0.4370     0.2966     1.0000     0.0000    -0.4471     0.2709     1.0000     0.0001    -0.4557     0.2461     1.0000     0.0000    -0.4629     0.2220     1.0000     0.0001    -0.4688     0.1990     1.0000     0.0001    -0.4730     0.1774     1.0000     0.0001    -0.4756     0.1573     1.0000     0.0001    -0.4764     0.1393     1.0000     0.0000    -0.4756     0.1232     1.0000     0.0001    -0.4726     0.1099     1.0000     0.0001    -0.4678     0.0993     1.0000     0.0001    -0.4607     0.0920     1.0000     0.0001    -0.4518     0.0879     1.0000     0.0000    -0.4404     0.0877     1.0000     0.0000    -0.4266     0.0921     1.0000     0.0000    -0.4104     0.1009     1.0000     0.0001    -0.3916     0.1147     1.0000     0.0000    -0.3703     0.1341     1.0000     0.0001    -0.3461     0.1592     1.0000     0.0001    -0.3192     0.1909     1.0000     0.0000    -0.2896     0.2289     1.0000     0.0000    -0.2568     0.2744     1.0000     0.0001    -0.2209     0.3276     1.0000     0.0000    -0.1819     0.3891     1.0000     0.0000    -0.1398     0.4587     1.0000     0.0001    -0.0942     0.5383     1.0000     0.0000    -0.0453     0.6271     1.0000     0.0000     0.0072     0.7264     1.0000     0.0001     0.0633     0.8363     1.0000     0.0001     0.1231     0.9579     1.0000     0.0001     0.1867     1.0913     1.0000     0.0000     0.2540     1.2370     1.0000     0.0000     0.3254     1.3961     1.0000     0.0000     0.4009     1.5694     1.0000     0.0000     0.4802     1.7558     1.0000     0.0000     0.5641     1.9586     1.0000     0.0001     0.6524     2.1767     1.0000    -0.0001     0.7446     2.4107     1.0000
   -0.0001    -0.0927     0.5280     1.0000     0.0000     0.1273     0.5370     1.0000     0.0001     0.3279     0.5611     1.0000     0.0001     0.5098     0.5979     1.0000     0.0001     0.6735     0.6455     1.0000     0.0001     0.8198     0.7020     1.0000     0.0001     0.9492     0.7654     1.0000     0.0001     1.0624     0.8341     1.0000     0.0001     1.1600     0.9064     1.0000     0.0001     1.2427     0.9807     1.0000     0.0001     1.3112     1.0557     1.0000     0.0001     1.3659     1.1298     1.0000     0.0001     1.4077     1.2019     1.0000     0.0000     1.4370     1.2708     1.0000     0.0001     1.4547     1.3355     1.0000     0.0001     1.4612     1.3949     1.0000     0.0001     1.4572     1.4483     1.0000     0.0001     1.4435     1.4947     1.0000     0.0001     1.4206     1.5337     1.0000     0.0001     1.3890     1.5645     1.0000     0.0001     1.3496     1.5866     1.0000     0.0001     1.3030     1.5999     1.0000     0.0001     1.2496     1.6039     1.0000     0.0001     1.1903     1.5983     1.0000     0.0000     1.1257     1.5833     1.0000     0.0000     1.0563     1.5587     1.0000     0.0001     0.9829     1.5247     1.0000     0.0001     0.9060     1.4815     1.0000     0.0001     0.8262     1.4292     1.0000     0.0001     0.7445     1.3687     1.0000     0.0001     0.6610     1.2999     1.0000     0.0001     0.5767     1.2238     1.0000     0.0001     0.4922     1.1409     1.0000     0.0001     0.4081     1.0520     1.0000     0.0001     0.3250     0.9580     1.0000     0.0000     0.2435     0.8600     1.0000     0.0001     0.1644     0.7590     1.0000     0.0001     0.0882     0.6561     1.0000     0.0001     0.0156     0.5527     1.0000     0.0001    -0.0528     0.4501     1.0000     0.0001    -0.1163     0.3498     1.0000     0.0000    -0.1744     0.2532     1.0000     0.0001    -0.2262     0.1624     1.0000     0.0001    -0.2714     0.0788     1.0000     0.0001    -0.3091     0.0042     1.0000     0.0001    -0.3387    -0.0592     1.0000     0.0001    -0.3598    -0.1093     1.0000     0.0000    -0.3715    -0.1444     1.0000     0.0001    -0.3731    -0.1615     1.0000     0.0000    -0.3642    -0.1590     1.0000     0.0001    -0.3441    -0.1341     1.0000     0.0001    -0.3121    -0.0843     1.0000     0.0001    -0.2674    -0.0068     1.0000     0.0001    -0.2098     0.1011     1.0000     0.0001    -0.1383     0.2417     1.0000     0.0001    -0.0523     0.4188     1.0000     0.0001     0.0486     0.6346     1.0000     0.0001     0.1653     0.8929     1.0000     0.0001     0.2984     1.1964     1.0000     0.0001     0.4484     1.5491     1.0000     0.0001     0.6161     1.9537     1.0000     0.0001     0.8021     2.4140     1.0000     0.0001     1.0069     2.9336     1.0000     0.0000     1.2312     3.5163     1.0000
    0.0002    -0.1414     0.5267     1.0000     0.0000     0.1402     0.5363     1.0000    -0.0001     0.4003     0.5633     1.0000     0.0000     0.6396     0.6055     1.0000    -0.0001     0.8588     0.6609     1.0000     0.0000     1.0585     0.7276     1.0000     0.0000     1.2393     0.8037     1.0000    -0.0001     1.4017     0.8875     1.0000    -0.0001     1.5466     0.9773     1.0000     0.0000     1.6743     1.0713     1.0000    -0.0001     1.7858     1.1683     1.0000     0.0000     1.8814     1.2666     1.0000    -0.0001     1.9619     1.3651     1.0000    -0.0001     2.0278     1.4623     1.0000     0.0000     2.0800     1.5572     1.0000    -0.0001     2.1187     1.6486     1.0000     0.0000     2.1449     1.7355     1.0000    -0.0001     2.1590     1.8171     1.0000     0.0000     2.1619     1.8924     1.0000    -0.0001     2.1538     1.9608     1.0000    -0.0001     2.1358     2.0216     1.0000     0.0000     2.1081     2.0741     1.0000     0.0000     2.0717     2.1180     1.0000    -0.0001     2.0268     2.1527     1.0000    -0.0001     1.9745     2.1781     1.0000    -0.0001     1.9151     2.1937     1.0000     0.0000     1.8494     2.1997     1.0000    -0.0001     1.7778     2.1956     1.0000     0.0000     1.7012     2.1818     1.0000    -0.0001     1.6201     2.1583     1.0000    -0.0001     1.5350     2.1251     1.0000     0.0000     1.4469     2.0827     1.0000    -0.0001     1.3560     2.0314     1.0000    -0.0001     1.2632     1.9717     1.0000    -0.0001     1.1690     1.9038     1.0000     0.0000     1.0741     1.8290     1.0000     0.0000     0.9791     1.7473     1.0000    -0.0001     0.8846     1.6599     1.0000     0.0000     0.7912     1.5674     1.0000     0.0000     0.6997     1.4712     1.0000     0.0000     0.6105     1.3719     1.0000    -0.0001     0.5242     1.2708     1.0000     0.0000     0.4417     1.1691     1.0000    -0.0001     0.3635     1.0682     1.0000     0.0000     0.2902     0.9693     1.0000     0.0000     0.2225     0.8741     1.0000    -0.0001     0.1607     0.7838     1.0000    -0.0001     0.1058     0.7005     1.0000     0.0000     0.0584     0.6257     1.0000     0.0000     0.0191     0.5613     1.0000    -0.0001    -0.0118     0.5089     1.0000    -0.0001    -0.0332     0.4708     1.0000     0.0000    -0.0448     0.4491     1.0000     0.0000    -0.0457     0.4459     1.0000     0.0000    -0.0356     0.4629     1.0000     0.0000    -0.0136     0.5035     1.0000    -0.0001     0.0207     0.5692     1.0000     0.0000     0.0683     0.6630     1.0000     0.0000     0.1293     0.7870     1.0000    -0.0001     0.2047     0.9445     1.0000     0.0000     0.2951     1.1378     1.0000    -0.0001     0.4010     1.3698     1.0000     0.0000     0.5231     1.6435     1.0000     0.0001     0.6622     1.9620     1.0000
   -0.0001     0.0202     0.5982     1.0000     0.0001     0.0414     0.6000     1.0000     0.0001     0.0609     0.6031     1.0000     0.0000     0.0789     0.6074     1.0000     0.0000     0.0955     0.6127     1.0000     0.0001     0.1107     0.6188     1.0000     0.0001     0.1244     0.6257     1.0000     0.0000     0.1370     0.6333     1.0000     0.0000     0.1482     0.6413     1.0000     0.0000     0.1583     0.6497     1.0000     0.0000     0.1673     0.6584     1.0000     0.0001     0.1753     0.6674     1.0000     0.0000     0.1822     0.6764     1.0000     0.0000     0.1882     0.6855     1.0000     0.0000     0.1933     0.6945     1.0000     0.0001     0.1976     0.7035     1.0000     0.0001     0.2012     0.7123     1.0000     0.0001     0.2040     0.7210     1.0000     0.0001     0.2062     0.7294     1.0000     0.0001     0.2077     0.7376     1.0000     0.0001     0.2089     0.7455     1.0000     0.0001     0.2094     0.7532     1.0000     0.0001     0.2096     0.7605     1.0000     0.0000     0.2094     0.7676     1.0000     0.0000     0.2090     0.7745     1.0000     0.0001     0.2083     0.7811     1.0000     0.0001     0.2075     0.7875     1.0000     0.0001     0.2065     0.7937     1.0000     0.0001     0.2055     0.7999     1.0000     0.0001     0.2043     0.8057     1.0000     0.0000     0.2034     0.8118     1.0000     0.0000     0.2025     0.8180     1.0000     0.0001     0.2018     0.8240     1.0000     0.0001     0.2014     0.8305     1.0000     0.0001     0.2013     0.8373     1.0000     0.0001     0.2013     0.8444     1.0000     0.0001     0.2020     0.8522     1.0000     0.0001     0.2030     0.8604     1.0000     0.0001     0.2046     0.8696     1.0000     0.0001     0.2068     0.8796     1.0000     0.0000     0.2095     0.8906     1.0000     0.0000     0.2131     0.9029     1.0000     0.0001     0.2174     0.9166     1.0000     0.0001     0.2224     0.9317     1.0000     0.0001     0.2285     0.9486     1.0000     0.0001     0.2353     0.9672     1.0000     0.0001     0.2433     0.9881     1.0000     0.0000     0.2523     1.0112     1.0000     0.0000     0.2622     1.0366     1.0000     0.0001     0.2737     1.0650     1.0000     0.0001     0.2862     1.0963     1.0000     0.0001     0.2998     1.1304     1.0000     0.0001     0.3150     1.1683     1.0000     0.0001     0.3314     1.2094     1.0000     0.0000     0.3494     1.2548     1.0000     0.0001     0.3691     1.3043     1.0000     0.0000     0.3900     1.3580     1.0000     0.0000     0.4128     1.4167     1.0000     0.0001     0.4374     1.4803     1.0000     0.0000     0.4634     1.5490     1.0000     0.0001     0.4914     1.6233     1.0000     0.0001     0.5215     1.7039     1.0000     0.0001     0.5532     1.7905     1.0000    -0.0002     0.5867     1.8834     1.0000
    0.0000     0.0000     0.0000     0.0000     0.0000     0.0000     0.0000     0.0000     0.0000     0.0000     0.0000     0.0000     0.0000     0.0000     0.0000     0.0000     0.0000     0.0000     0.0000     0.0000     0.0000     0.0000     0.0000     0.0000     0.0000     0.0000     0.0000     0.0000     0.0000     0.0000     0.0000     0.0000     0.0000     0.0000     0.0000     0.0000     0.0000     0.0000     0.0000     0.0000     0.0000     0.0000     0.0000     0.0000     0.0000     0.0000     0.0000     0.0000     0.0000     0.0000     0.0000     0.0000     0.0000     0.0000     0.0000     0.0000     0.0000     0.0000     0.0000     0.0000     0.0000     0.0000     0.0000     0.0000     0.0000     0.0000     0.0000     0.0000     0.0000     0.0000     0.0000     0.0000     0.0000     0.0000     0.0000     0.0000     0.0000     0.0000     0.0000     0.0000     0.0000     0.0000     0.0000     0.0000     0.0000     0.0000     0.0000     0.0000     0.0000     0.0000     0.0000     0.0000     0.0000     0.0000     0.0000     0.0000     0.0000     0.0000     0.0000     0.0000     0.0000     0.0000     0.0000     0.0000     0.0000     0.0000     0.0000     0.0000     0.0000     0.0000     0.0000     0.0000     0.0000     0.0000     0.0000     0.0000     0.0000     0.0000     0.0000     0.0000     0.0000     0.0000     0.0000     0.0000     0.0000     0.0000     0.0000     0.0000     0.0000     0.0000     0.0000     0.0000     0.0000     0.0000     0.0000     0.0000     0.0000     0.0000     0.0000     0.0000     0.0000     0.0000     0.0000     0.0000     0.0000     0.0000     0.0000     0.0000     0.0000     0.0000     0.0000     0.0000     0.0000     0.0000     0.0000     0.0000     0.0000     0.0000     0.0000     0.0000     0.0000     0.0000     0.0000     0.0000     0.0000     0.0000     0.0000     0.0000     0.0000     0.0000     0.0000     0.0000     0.0000     0.0000     0.0000     0.0000     0.0000     0.0000     0.0000     0.0000     0.0000     0.0000     0.0000     0.0000     0.0000     0.0000     0.0000     0.0000     0.0000     0.0000     0.0000     0.0000     0.0000     0.0000     0.0000     0.0000     0.0000     0.0000     0.0000     0.0000     0.0000     0.0000     0.0000     0.0000     0.0000     0.0000     0.0000     0.0000     0.0000     0.0000     0.0000     0.0000     0.0000     0.0000     0.0000     0.0000     0.0000     0.0000     0.0000     0.0000     0.0000     0.0000     0.0000     0.0000     0.0000     0.0000     0.0000     0.0000     0.0000     0.0000     0.0000     0.0000     0.0000     0.0000     0.0000     0.0000     0.0000     0.0000     0.0000     0.0000     0.0000     0.0000     0.0000     0.0000     0.0000     0.0000     0.0000     0.0000     0.0000     0.0000     0.0000     0.0000     0.0000     0.0000     0.0000     0.0000
   -0.0001    -0.0146     0.5227     1.0000     0.0000    -0.0041     0.5228     1.0000     0.0001     0.0033     0.5232     1.0000     0.0000     0.0077     0.5238     1.0000     0.0000     0.0094     0.5243     1.0000     0.0001     0.0085     0.5244     1.0000     0.0001     0.0050     0.5239     1.0000     0.0000    -0.0008     0.5228     1.0000     0.0001    -0.0089     0.5207     1.0000     0.0000    -0.0190     0.5175     1.0000     0.0000    -0.0310     0.5131     1.0000     0.0000    -0.0447     0.5073     1.0000     0.0001    -0.0601     0.5001     1.0000     0.0000    -0.0770     0.4913     1.0000     0.0000    -0.0953     0.4809     1.0000     0.0001    -0.1147     0.4689     1.0000     0.0001    -0.1351     0.4551     1.0000     0.0001    -0.1564     0.4396     1.0000     0.0001    -0.1786     0.4224     1.0000     0.0000    -0.2013     0.4035     1.0000     0.0000    -0.2245     0.3829     1.0000     0.0000    -0.2480     0.3606     1.0000     0.0000    -0.2717     0.3369     1.0000     0.0000    -0.2954     0.3117     1.0000     0.0001    -0.3190     0.2851     1.0000     0.0001    -0.3423     0.2573     1.0000     0.0000    -0.3652     0.2284     1.0000     0.0001    -0.3876     0.1985     1.0000     0.0000    -0.4092     0.1679     1.0000     0.0001    -0.4300     0.1368     1.0000     0.0001    -0.4499     0.1053     1.0000     0.0001    -0.4685     0.0737     1.0000     0.0000    -0.4859     0.0422     1.0000     0.0000    -0.5020     0.0110     1.0000     0.0000    -0.5164    -0.0193     1.0000     0.0000    -0.5291    -0.0488     1.0000     0.0000    -0.5399    -0.0769     1.0000     0.0001    -0.5487    -0.1034     1.0000     0.0000    -0.5554    -0.1280     1.0000     0.0001    -0.5598    -0.1501     1.0000     0.0000    -0.5617    -0.1695     1.0000     0.0001    -0.5610    -0.1857     1.0000     0.0000    -0.5577    -0.1985     1.0000     0.0000    -0.5514    -0.2072     1.0000     0.0001    -0.5420    -0.2113     1.0000     0.0000    -0.5297    -0.2106     1.0000     0.0000    -0.5139    -0.2045     1.0000     0.0000    -0.4946    -0.1922     1.0000     0.0000    -0.4718    -0.1735     1.0000     0.0000    -0.4452    -0.1479     1.0000     0.0001    -0.4146    -0.1144     1.0000     0.0001    -0.3800    -0.0730     1.0000     0.0001    -0.3414    -0.0225     1.0000     0.0000    -0.2984     0.0370     1.0000     0.0001    -0.2507     0.1069     1.0000     0.0000    -0.1987     0.1873     1.0000     0.0001    -0.1416     0.2792     1.0000     0.0001    -0.0798     0.3833     1.0000     0.0000    -0.0130     0.4998     1.0000     0.0001     0.0592     0.6302     1.0000     0.0000     0.1366     0.7745     1.0000     0.0001     0.2197     0.9340     1.0000     0.0000     0.3081     1.1093     1.0000    -0.0001     0.4026     1.3011     1.0000
   -0.0002    -0.0162     0.7813     1.0000     0.0000    -0.0286     0.7801     1.0000    -0.0001    -0.0419     0.7779     1.0000     0.0000    -0.0562     0.7746     1.0000     0.0000    -0.0714     0.7701     1.0000     0.0000    -0.0872     0.7644     1.0000    -0.0001    -0.1038     0.7574     1.0000    -0.0001    -0.1210     0.7490     1.0000     0.0000    -0.1385     0.7393     1.0000    -0.0001    -0.1566     0.7282     1.0000     0.0000    -0.1749     0.7157     1.0000     0.0000    -0.1935     0.7017     1.0000     0.0000    -0.2122     0.6864     1.0000     0.0000    -0.2310     0.6696     1.0000     0.0000    -0.2497     0.6516     1.0000     0.0000    -0.2683     0.6323     1.0000    -0.0001    -0.2867     0.6118     1.0000     0.0000    -0.3048     0.5901     1.0000     0.0000    -0.3224     0.5674     1.0000     0.0000    -0.3397     0.5438     1.0000     0.0000    -0.3562     0.5194     1.0000     0.0000    -0.3723     0.4942     1.0000     0.0000    -0.3874     0.4685     1.0000     0.0000    -0.4019     0.4424     1.0000    -0.0001    -0.4154     0.4161     1.0000     0.0000    -0.4279     0.3897     1.0000     0.0000    -0.4392     0.3636     1.0000    -0.0001    -0.4496     0.3377     1.0000     0.0000    -0.4584     0.3124     1.0000     0.0000    -0.4659     0.2881     1.0000     0.0000    -0.4721     0.2645     1.0000     0.0000    -0.4767     0.2424     1.0000     0.0000    -0.4796     0.2218     1.0000     0.0000    -0.4808     0.2032     1.0000     0.0000    -0.4804     0.1864     1.0000     0.0000    -0.4779     0.1723     1.0000     0.0000    -0.4735     0.1610     1.0000    -0.0001    -0.4670     0.1527     1.0000     0.0000    -0.4584     0.1478     1.0000     0.0000    -0.4475     0.1467     1.0000    -0.0001    -0.4344     0.1500     1.0000     0.0000    -0.4186     0.1577     1.0000     0.0000    -0.4006     0.1702     1.0000     0.0000    -0.3798     0.1883     1.0000     0.0000    -0.3564     0.2120     1.0000    -0.0001    -0.3303     0.2420     1.0000     0.0000    -0.3013     0.2785     1.0000     0.0000    -0.2693     0.3223     1.0000     0.0000    -0.2341     0.3737     1.0000    -0.0001    -0.1961     0.4332     1.0000    -0.0001    -0.1549     0.5007     1.0000     0.0000    -0.1101     0.5781     1.0000     0.0000    -0.0620     0.6646     1.0000    -0.0001    -0.0106     0.7614     1.0000     0.0000     0.0444     0.8687     1.0000     0.0000     0.1032     0.9874     1.0000     0.0000     0.1658     1.1179     1.0000    -0.0001     0.2318     1.2606     1.0000     0.0000     0.3022     1.4165     1.0000     0.0000     0.3765     1.5865     1.0000     0.0000     0.4546     1.7690     1.0000     0.0000     0.5372     1.9682     1.0000     0.0000     0.6240     2.1823     1.0000    -0.0001     0.7150     2.4123     1.0000
   -0.0001    -0.0927     0.5878     1.0000     0.0000     0.1273     0.5969     1.0000     0.0000     0.3279     0.6209     1.0000     0.0000     0.5098     0.6577     1.0000     0.0000     0.6735     0.7054     1.0000     0.0000     0.8198     0.7618     1.0000     0.0000     0.9492     0.8253     1.0000     0.0000     1.0624     0.8939     1.0000     0.0000     1.1599     0.9662     1.0000     0.0000     1.2426     1.0405     1.0000     0.0000     1.3110     1.1154     1.0000     0.0000     1.3657     1.1895     1.0000     0.0001     1.4074     1.2616     1.0000     0.0000     1.4366     1.3305     1.0000     0.0001     1.4543     1.3951     1.0000     0.0000     1.4606     1.4544     1.0000     0.0000     1.4566     1.5077     1.0000     0.0001     1.4427     1.5540     1.0000     0.0000     1.4197     1.5929     1.0000     0.0000     1.3880     1.6235     1.0000     0.0001     1.3484     1.6455     1.0000     0.0000     1.3016     1.6586     1.0000     0.0000     1.2480     1.6623     1.0000     0.0000     1.1885     1.6565     1.0000     0.0000     1.1236     1.6412     1.0000     0.0000     1.0540     1.6163     1.0000     0.0000     0.9802     1.5819     1.0000     0.0000     0.9030     1.5383     1.0000     0.0000     0.8230     1.4856     1.0000     0.0000     0.7408     1.4245     1.0000     0.0001     0.6571     1.3551     1.0000     0.0000     0.5724     1.2783     1.0000     0.0001     0.4874     1.1947     1.0000     0.0000     0.4028     1.1051     1.0000     0.0000     0.3192     1.0103     1.0000     0.0000     0.2373     0.9114     1.0000     0.0000     0.1576     0.8093     1.0000     0.0000     0.0808     0.7054     1.0000     0.0000     0.0076     0.6008     1.0000     0.0000    -0.0614     0.4969     1.0000     0.0000    -0.1257     0.3953     1.0000     0.0000    -0.1844     0.2972     1.0000     0.0001    -0.2369     0.2049     1.0000     0.0000    -0.2829     0.1195     1.0000     0.0000    -0.3215     0.0431     1.0000     0.0001    -0.3519    -0.0222     1.0000     0.0000    -0.3738    -0.0744     1.0000     0.0000    -0.3865    -0.1117     1.0000     0.0000    -0.3890    -0.1312     1.0000     0.0000    -0.3811    -0.1311     1.0000     0.0000    -0.3621    -0.1090     1.0000     0.0000    -0.3312    -0.0619     1.0000     0.0001    -0.2876     0.0126     1.0000     0.0000    -0.2312     0.1172     1.0000     0.0000    -0.1609     0.2545     1.0000     0.0000    -0.0762     0.4281     1.0000     0.0000     0.0234     0.6401     1.0000     0.0000     0.1388     0.8945     1.0000     0.0000     0.2705     1.1938     1.0000     0.0000     0.4190     1.5421     1.0000     0.0000     0.5852     1.9420     1.0000     0.0000     0.7696     2.3974     1.0000     0.0000     0.9728     2.9121     1.0000     0.0000     1.1954     3.4895     1.0000
    0.0001    -0.1414     0.5865     1.0000     0.0000     0.1401     0.5961     1.0000    -0.0001     0.4003     0.6231     1.0000     0.0000     0.6396     0.6653     1.0000    -0.0001     0.8588     0.7207     1.0000     0.0000     1.0585     0.7874     1.0000    -0.0001     1.2392     0.8635     1.0000     0.0000     1.4017     0.9473     1.0000     0.0000     1.5465     1.0370     1.0000     0.0000     1.6742     1.1311     1.0000     0.0000     1.7857     1.2281     1.0000     0.0000     1.8812     1.3264     1.0000     0.0000     1.9617     1.4248     1.0000     0.0000     2.0276     1.5220     1.0000    -0.0001     2.0797     1.6168     1.0000     0.0000     2.1184     1.7082     1.0000     0.0000     2.1445     1.7951     1.0000     0.0000     2.1585     1.8765     1.0000    -0.0001     2.1612     1.9518     1.0000     0.0000     2.1531     2.0201     1.0000     0.0000     2.1349     2.0808     1.0000     0.0000     2.1071     2.1332     1.0000     0.0000     2.0705     2.1769     1.0000     0.0000     2.0256     2.2115     1.0000     0.0000     1.9731     2.2367     1.0000     0.0000     1.9134     2.2521     1.0000     0.0000     1.8476     2.2579     1.0000    -0.0001     1.7757     2.2535     1.0000     0.0001     1.6990     2.2394     1.0000     0.0000     1.6176     2.2155     1.0000     0.0000     1.5323     2.1820     1.0000     0.0000     1.4438     2.1392     1.0000     0.0000     1.3527     2.0875     1.0000     0.0000     1.2596     2.0273     1.0000     0.0000     1.1649     1.9589     1.0000    -0.0001     1.0697     1.8833     1.0000     0.0000     0.9743     1.8012     1.0000    -0.0001     0.8794     1.7130     1.0000     0.0000     0.7855     1.6198     1.0000    -0.0001     0.6935     1.5227     1.0000     0.0000     0.6039     1.4226     1.0000     0.0000     0.5173     1.3206     1.0000     0.0001     0.4342     1.2179     1.0000    -0.0001     0.3553     1.1159     1.0000     0.0000     0.2814     1.0158     1.0000     0.0000     0.2131     0.9195     1.0000    -0.0001     0.1507     0.8278     1.0000     0.0000     0.0953     0.7432     1.0000     0.0000     0.0471     0.6669     1.0000    -0.0001     0.0071     0.6008     1.0000     0.0000    -0.0246     0.5467     1.0000     0.0000    -0.0467     0.5069     1.0000     0.0000    -0.0591     0.4833     1.0000     0.0000    -0.0608     0.4780     1.0000     0.0000    -0.0517     0.4929     1.0000     0.0000    -0.0306     0.5312     1.0000     0.0000     0.0029     0.5946     1.0000    -0.0001     0.0494     0.6858     1.0000     0.0000     0.1095     0.8072     1.0000    -0.0001     0.1839     0.9621     1.0000     0.0000     0.2732     1.1523     1.0000     0.0000     0.3780     1.3815     1.0000    -0.0001     0.4989     1.6517     1.0000     0.0001     0.6368     1.9669     1.0000
   -0.0001     0.0202     0.6617     1.0000    -0.0001     0.0414     0.6634     1.0000    -0.0001     0.0609     0.6666     1.0000    -0.0001     0.0789     0.6708     1.0000     0.0000     0.0955     0.6761     1.0000    -0.0001     0.1106     0.6823     1.0000    -0.0001     0.1244     0.6892     1.0000    -0.0001     0.1369     0.6967     1.0000     0.0000     0.1481     0.7047     1.0000    -0.0001     0.1582     0.7132     1.0000    -0.0001     0.1671     0.7219     1.0000    -0.0001     0.1751     0.7308     1.0000    -0.0001     0.1820     0.7398     1.0000    -0.0001     0.1879     0.7488     1.0000    -0.0001     0.1929     0.7578     1.0000    -0.0001     0.1971     0.7667     1.0000    -0.0001     0.2007     0.7755     1.0000    -0.0001     0.2034     0.7841     1.0000    -0.0001     0.2054     0.7924     1.0000    -0.0001     0.2069     0.8005     1.0000    -0.0001     0.2079     0.8084     1.0000    -0.0001     0.2083     0.8158     1.0000     0.0000     0.2084     0.8231     1.0000    -0.0001     0.2080     0.8300     1.0000     0.0000     0.2075     0.8367     1.0000     0.0000     0.2066     0.8430     1.0000    -0.0001     0.2055     0.8491     1.0000    -0.0001     0.2042     0.8550     1.0000     0.0000     0.2031     0.8610     1.0000     0.0000     0.2017     0.8665     1.0000    -0.0001     0.2004     0.8722     1.0000    -0.0001     0.1993     0.8779     1.0000     0.0000     0.1982     0.8835     1.0000    -0.0001     0.1974     0.8894     1.0000    -0.0001     0.1970     0.8957     1.0000     0.0000     0.1967     0.9022     1.0000    -0.0001     0.1969     0.9093     1.0000    -0.0001     0.1974     0.9168     1.0000    -0.0001     0.1986     0.9252     1.0000     0.0000     0.2005     0.9344     1.0000    -0.0001     0.2026     0.9444     1.0000     0.0000     0.2058     0.9559     1.0000    -0.0001     0.2095     0.9684     1.0000     0.0000     0.2139     0.9825     1.0000    -0.0001     0.2193     0.9981     1.0000    -0.0001     0.2255     1.0153     1.0000    -0.0001     0.2329     1.0350     1.0000     0.0000     0.2413     1.0567     1.0000     0.0000     0.2505     1.0804     1.0000    -0.0001     0.2610     1.1071     1.0000    -0.0001     0.2728     1.1367     1.0000    -0.0001     0.2856     1.1688     1.0000    -0.0001     0.3001     1.2048     1.0000    -0.0001     0.3155     1.2438     1.0000     0.0000     0.3328     1.2870     1.0000    -0.0001     0.3513     1.3341     1.0000    -0.0001     0.3714     1.3852     1.0000     0.0000     0.3933     1.4413     1.0000    -0.0001     0.4166     1.5020     1.0000     0.0000     0.4418     1.5681     1.0000     0.0000     0.4686     1.6393     1.0000    -0.0001     0.4975     1.7167     1.0000    -0.0001     0.5279     1.7998     1.0000    -0.0002     0.5603     1.8892     1.0000
    0.0000     0.0000     0.0000     0.0000     0.0000     0.0000     0.0000     0.0000     0.0000     0.0000     0.0000     0.0000     0.0000     0.0000     0.0000     0.0000     0.0000     0.0000     0.0000     0.0000     0.0000     0.0000     0.0000     0.0000     0.0000     0.0000     0.0000     0.0000     0.0000     0.0000     0.0000     0.0000     0.0000     0.0000     0.0000     0.0000     0.0000     0.0000     0.0000     0.0000     0.0000     0.0000     0.0000     0.0000     0.0000     0.0000     0.0000     0.0000     0.0000     0.0000     0.0000     0.0000     0.0000     0.0000     0.0000     0.0000     0.0000     0.0000     0.0000     0.0000     0.0000     0.0000     0.0000     0.0000     0.0000     0.0000     0.0000     0.0000     0.0000     0.0000     0.0000     0.0000     0.0000     0.0000     0.0000     0.0000     0.0000     0.0000     0.0000     0.0000     0.0000     0.0000     0.0000     0.0000     0.0000     0.0000     0.0000     0.0000     0.0000     0.0000     0.0000     0.0000     0.0000     0.0000     0.0000     0.0000     0.0000     0.0000     0.0000     0.0000     0.0000     0.0000     0.0000     0.0000     0.0000     0.0000     0.0000     0.0000     0.0000     0.0000     0.0000     0.0000     0.0000     0.0000     0.0000     0.0000     0.0000     0.0000     0.0000     0.0000     0.0000     0.0000     0.0000     0.0000     0.0000     0.0000     0.0000     0.0000     0.0000     0.0000     0.0000     0.0000     0.0000     0.0000     0.0000     0.0000     0.0000     0.0000     0.0000     0.0000     0.0000     0.0000     0.0000     0.0000     0.0000     0.0000     0.0000     0.0000     0.0000     0.0000     0.0000     0.0000     0.0000     0.0000     0.0000     0.0000     0.0000     0.0000     0.0000     0.0000     0.0000     0.0000     0.0000     0.0000     0.0000     0.0000     0.0000     0.0000     0.0000     0.0000     0.0000     0.0000     0.0000     0.0000     0.0000     0.0000     0.0000     0.0000     0.0000     0.0000     0.0000     0.0000     0.0000     0.0000     0.0000     0.0000     0.0000     0.0000     0.0000     0.0000     0.0000     0.0000     0.0000     0.0000     0.0000     0.0000     0.0000     0.0000     0.0000     0.0000     0.0000     0.0000     0.0000     0.0000     0.0000     0.0000     0.0000     0.0000     0.0000     0.0000     0.0000     0.0000     0.0000     0.0000     0.0000     0.0000     0.0000     0.0000     0.0000     0.0000     0.0000     0.0000     0.0000     0.0000     0.0000     0.0000     0.0000     0.0000     0.0000     0.0000     0.0000     0.0000     0.0000     0.0000     0.0000     0.0000     0.0000     0.0000     0.0000     0.0000     0.0000     0.0000     0.0000     0.0000     0.0000     0.0000     0.0000     0.0000     0.0000     0.0000     0.0000     0.0000     0.0000     0.0000     0.0000     0.0000
    0.0000     0.0000     0.0000     0.0000     0.0000     0.0000     0.0000     0.0000     0.0000     0.0000     0.0000     0.0000     0.0000     0.0000     0.0000     0.0000     0.0000     0.0000     0.0000     0.0000     0.0000     0.0000     0.0000     0.0000     0.0000     0.0000     0.0000     0.0000     0.0000     0.0000     0.0000     0.0000     0.0000     0.0000     0.0000     0.0000     0.0000     0.0000     0.0000     0.0000     0.0000     0.0000     0.0000     0.0000     0.0000     0.0000     0.0000     0.0000     0.0000     0.0000     0.0000     0.0000     0.0000     0.0000     0.0000     0.0000     0.0000     0.0000     0.0000     0.0000     0.0000     0.0000     0.0000     0.0000     0.0000     0.0000     0.0000     0.0000     0.0000     0.0000     0.0000     0.0000     0.0000     0.0000     0.0000     0.0000     0.0000     0.0000     0.0000     0.0000     0.0000     0.0000     0.0000     0.0000     0.0000     0.0000     0.0000     0.0000     0.0000     0.0000     0.0000     0.0000     0.0000     0.0000     0.0000     0.0000     0.0000     0.0000     0.0000     0.0000     0.0000     0.0000     0.0000     0.0000     0.0000     0.0000     0.0000     0.0000     0.0000     0.0000     0.0000     0.0000     0.0000     0.0000     0.0000     0.0000     0.0000     0.0000     0.0000     0.0000     0.0000     0.0000     0.0000     0.0000     0.0000     0.0000     0.0000     0.0000     0.0000     0.0000     0.0000     0.0000     0.0000     0.0000     0.0000     0.0000     0.0000     0.0000     0.0000     0.0000     0.0000     0.0000     0.0000     0.0000     0.0000     0.0000     0.0000     0.0000     0.0000     0.0000     0.0000     0.0000     0.0000     0.0000     0.0000     0.0000     0.0000     0.0000     0.0000     0.0000     0.0000     0.0000     0.0000     0.0000     0.0000     0.0000     0.0000     0.0000     0.0000     0.0000     0.0000     0.0000     0.0000     0.0000     0.0000     0.0000     0.0000     0.0000     0.0000     0.0000     0.0000     0.0000     0.0000     0.0000     0.0000     0.0000     0.0000     0.0000     0.0000     0.0000     0.0000     0.0000     0.0000     0.0000     0.0000     0.0000     0.0000     0.0000     0.0000     0.0000     0.0000     0.0000     0.0000     0.0000     0.0000     0.0000     0.0000     0.0000     0.0000     0.0000     0.0000     0.0000     0.0000     0.0000     0.0000     0.0000     0.0000     0.0000     0.0000     0.0000     0.0000     0.0000     0.0000     0.0000     0.0000     0.0000     0.0000     0.0000     0.0000     0.0000     0.0000     0.0000     0.0000     0.0000     0.0000     0.0000     0.0000     0.0000     0.0000     0.0000     0.0000     0.0000     0.0000     0.0000     0.0000     0.0000     0.0000     0.0000     0.0000     0.0000     0.0000     0.0000     0.0000     0.0000     0.0000     0.0000
    0.0000     0.0000     0.0000     0.0000     0.0000     0.0000     0.0000     0.0000     0.0000     0.0000     0.0000     0.0000     0.0000     0.0000     0.0000     0.0000     0.0000     0.0000     0.0000     0.0000     0.0000     0.0000     0.0000     0.0000     0.0000     0.0000     0.0000     0.0000     0.0000     0.0000     0.0000     0.0000     0.0000     0.0000     0.0000     0.0000     0.0000     0.0000     0.0000     0.0000     0.0000     0.0000     0.0000     0.0000     0.0000     0.0000     0.0000     0.0000     0.0000     0.0000     0.0000     0.0000     0.0000     0.0000     0.0000     0.0000     0.0000     0.0000     0.0000     0.0000     0.0000     0.0000     0.0000     0.0000     0.0000     0.0000     0.0000     0.0000     0.0000     0.0000     0.0000     0.0000     0.0000     0.0000     0.0000     0.0000     0.0000     0.0000     0.0000     0.0000     0.0000     0.0000     0.0000     0.0000     0.0000     0.0000     0.0000     0.0000     0.0000     0.0000     0.0000     0.0000     0.0000     0.0000     0.0000     0.0000     0.0000     0.0000     0.0000     0.0000     0.0000     0.0000     0.0000     0.0000     0.0000     0.0000     0.0000     0.0000     0.0000     0.0000     0.0000     0.0000     0.0000     0.0000     0.0000     0.0000     0.0000     0.0000     0.0000     0.0000     0.0000     0.0000     0.0000     0.0000     0.0000     0.0000     0.0000     0.0000     0.0000     0.0000     0.0000     0.0000     0.0000     0.0000     0.0000     0.0000     0.0000     0.0000     0.0000     0.0000     0.0000     0.0000     0.0000     0.0000     0.0000     0.0000     0.0000     0.0000     0.0000     0.0000     0.0000     0.0000     0.0000     0.0000     0.0000     0.0000     0.0000     0.0000     0.0000     0.0000     0.0000     0.0000     0.0000     0.0000     0.0000     0.0000     0.0000     0.0000     0.0000     0.0000     0.0000     0.0000     0.0000     0.0000     0.0000     0.0000     0.0000     0.0000     0.0000     0.0000     0.0000     0.0000     0.0000     0.0000     0.0000     0.0000     0.0000     0.0000     0.0000     0.0000     0.0000     0.0000     0.0000     0.0000     0.0000     0.0000     0.0000     0.0000     0.0000     0.0000     0.0000     0.0000     0.0000     0.0000     0.0000     0.0000     0.0000     0.0000     0.0000     0.0000     0.0000     0.0000     0.0000     0.0000     0.0000     0.0000     0.0000     0.0000     0.0000     0.0000     0.0000     0.0000     0.0000     0.0000     0.0000     0.0000     0.0000     0.0000     0.0000     0.0000     0.0000     0.0000     0.0000     0.0000     0.0000     0.0000     0.0000     0.0000     0.0000     0.0000     0.0000     0.0000     0.0000     0.0000     0.0000     0.0000     0.0000     0.0000     0.0000     0.0000     0.0000     0.0000     0.0000     0.0000     0.0000     0.0000
    0.0000     0.0000     0.0000     0.0000     0.0000     0.0000     0.0000     0.0000     0.0000     0.0000     0.0000     0.0000     0.0000     0.0000     0.0000     0.0000     0.0000     0.0000     0.0000     0.0000     0.0000     0.0000     0.0000     0.0000     0.0000     0.0000     0.0000     0.0000     0.0000     0.0000     0.0000     0.0000     0.0000     0.0000     0.0000     0.0000     0.0000     0.0000     0.0000     0.0000     0.0000     0.0000     0.0000     0.0000     0.0000     0.0000     0.0000     0.0000     0.0000     0.0000     0.0000     0.0000     0.0000     0.0000     0.0000     0.0000     0.0000     0.0000     0.0000     0.0000     0.0000     0.0000     0.0000     0.0000     0.0000     0.0000     0.0000     0.0000     0.0000     0.0000     0.0000     0.0000     0.0000     0.0000     0.0000     0.0000     0.0000     0.0000     0.0000     0.0000     0.0000     0.0000     0.0000     0.0000     0.0000     0.0000     0.0000     0.0000     0.0000     0.0000     0.0000     0.0000     0.0000     0.0000     0.0000     0.0000     0.0000     0.0000     0.0000     0.0000     0.0000     0.0000     0.0000     0.0000     0.0000     0.0000     0.0000     0.0000     0.0000     0.0000     0.0000     0.0000     0.0000     0.0000     0.0000     0.0000     0.0000     0.0000     0.0000     0.0000     0.0000     0.0000     0.0000     0.0000     0.0000     0.0000     0.0000     0.0000     0.0000     0.0000     0.0000     0.0000     0.0000     0.0000     0.0000     0.0000     0.0000     0.0000     0.0000     0.0000     0.0000     0.0000     0.0000     0.0000     0.0000     0.0000     0.0000     0.0000     0.0000     0.0000     0.0000     0.0000     0.0000     0.0000     0.0000     0.0000     0.0000     0.0000     0.0000     0.0000     0.0000     0.0000     0.0000     0.0000     0.0000     0.0000     0.0000     0.0000     0.0000     0.0000     0.0000     0.0000     0.0000     0.0000     0.0000     0.0000     0.0000     0.0000     0.0000     0.0000     0.0000     0.0000     0.0000     0.0000     0.0000     0.0000     0.0000     0.0000     0.0000     0.0000     0.0000     0.0000     0.0000     0.0000     0.0000     0.0000     0.0000     0.0000     0.0000     0.0000     0.0000     0.0000     0.0000     0.0000     0.0000     0.0000     0.0000     0.0000     0.0000     0.0000     0.0000     0.0000     0.0000     0.0000     0.0000     0.0000     0.0000     0.0000     0.0000     0.0000     0.0000     0.0000     0.0000     0.0000     0.0000     0.0000     0.0000     0.0000     0.0000     0.0000     0.0000     0.0000     0.0000     0.0000     0.0000     0.0000     0.0000     0.0000     0.0000     0.0000     0.0000     0.0000     0.0000     0.0000     0.0000     0.0000     0.0000     0.0000     0.0000     0.0000     0.0000     0.0000     0.0000     0.0000     0.0000     0.0000
    0.0000     0.0000     0.0000     0.0000     0.0000     0.0000     0.0000     0.0000     0.0000     0.0000     0.0000     0.0000     0.0000     0.0000     0.0000     0.0000     0.0000     0.0000     0.0000     0.0000     0.0000     0.0000     0.0000     0.0000     0.0000     0.0000     0.0000     0.0000     0.0000     0.0000     0.0000     0.0000     0.0000     0.0000     0.0000     0.0000     0.0000     0.0000     0.0000     0.0000     0.0000     0.0000     0.0000     0.0000     0.0000     0.0000     0.0000     0.0000     0.0000     0.0000     0.0000     0.0000     0.0000     0.0000     0.0000     0.0000     0.0000     0.0000     0.0000     0.0000     0.0000     0.0000     0.0000     0.0000     0.0000     0.0000     0.0000     0.0000     0.0000     0.0000     0.0000     0.0000     0.0000     0.0000     0.0000     0.0000     0.0000     0.0000     0.0000     0.0000     0.0000     0.0000     0.0000     0.0000     0.0000     0.0000     0.0000     0.0000     0.0000     0.0000     0.0000     0.0000     0.0000     0.0000     0.0000     0.0000     0.0000     0.0000     0.0000     0.0000     0.0000     0.0000     0.0000     0.0000     0.0000     0.0000     0.0000     0.0000     0.0000     0.0000     0.0000     0.0000     0.0000     0.0000     0.0000     0.0000     0.0000     0.0000     0.0000     0.0000     0.0000     0.0000     0.0000     0.0000     0.0000     0.0000     0.0000     0.0000     0.0000     0.0000     0.0000     0.0000     0.0000     0.0000     0.0000     0.0000     0.0000     0.0000     0.0000     0.0000     0.0000     0.0000     0.0000     0.0000     0.0000     0.0000     0.0000     0.0000     0.0000     0.0000     0.0000     0.0000     0.0000     0.0000     0.0000     0.0000     0.0000     0.0000     0.0000     0.0000     0.0000     0.0000     0.0000     0.0000     0.0000     0.0000     0.0000     0.0000     0.0000     0.0000     0.0000     0.0000     0.0000     0.0000     0.0000     0.0000     0.0000     0.0000     0.0000     0.0000     0.0000     0.0000     0.0000     0.0000     0.0000     0.0000     0.0000     0.0000     0.0000     0.0000     0.0000     0.0000     0.0000     0.0000     0.0000     0.0000     0.0000     0.0000     0.0000     0.0000     0.0000     0.0000     0.0000     0.0000     0.0000     0.0000     0.0000     0.0000     0.0000     0.0000     0.0000     0.0000     0.0000     0.0000     0.0000     0.0000     0.0000     0.0000     0.0000     0.0000     0.0000     0.0000     0.0000     0.0000     0.0000     0.0000     0.0000     0.0000     0.0000     0.0000     0.0000     0.0000     0.0000     0.0000     0.0000     0.0000     0.0000     0.0000     0.0000     0.0000     0.0000     0.0000     0.0000     0.0000     0.0000     0.0000     0.0000     0.0000     0.0000     0.0000     0.0000     0.0000     0.0000     0.0000     0.0000     0.0000
    0.0000     0.0000     0.0000     0.0000     0.0000     0.0000     0.0000     0.0000     0.0000     0.0000     0.0000     0.0000     0.0000     0.0000     0.0000     0.0000     0.0000     0.0000     0.0000     0.0000     0.0000     0.0000     0.0000     0.0000     0.0000     0.0000     0.0000     0.0000     0.0000     0.0000     0.0000     0.0000     0.0000     0.0000     0.0000     0.0000     0.0000     0.0000     0.0000     0.0000     0.0000     0.0000     0.0000     0.0000     0.0000     0.0000     0.0000     0.0000     0.0000     0.0000     0.0000     0.0000     0.0000     0.0000     0.0000     0.0000     0.0000     0.0000     0.0000     0.0000     0.0000     0.0000     0.0000     0.0000     0.0000     0.0000     0.0000     0.0000     0.0000     0.0000     0.0000     0.0000     0.0000     0.0000     0.0000     0.0000     0.0000     0.0000     0.0000     0.0000     0.0000     0.0000     0.0000     0.0000     0.0000     0.0000     0.0000     0.0000     0.0000     0.0000     0.0000     0.0000     0.0000     0.0000     0.0000     0.0000     0.0000     0.0000     0.0000     0.0000     0.0000     0.0000     0.0000     0.0000     0.0000     0.0000     0.0000     0.0000     0.0000     0.0000     0.0000     0.0000     0.0000     0.0000     0.0000     0.0000     0.0000     0.0000     0.0000     0.0000     0.0000     0.0000     0.0000     0.0000     0.0000     0.0000     0.0000     0.0000     0.0000     0.0000     0.0000     0.0000     0.0000     0.0000     0.0000     0.0000     0.0000     0.0000     0.0000     0.0000     0.0000     0.0000     0.0000     0.0000     0.0000     0.0000     0.0000     0.0000     0.0000     0.0000     0.0000     0.0000     0.0000     0.0000     0.0000     0.0000     0.0000     0.0000     0.0000     0.0000     0.0000     0.0000     0.0000     0.0000     0.0000     0.0000     0.0000     0.0000     0.0000     0.0000     0.0000     0.0000     0.0000     0.0000     0.0000     0.0000     0.0000     0.0000     0.0000     0.0000     0.0000     0.0000     0.0000     0.0000     0.0000     0.0000     0.0000     0.0000     0.0000     0.0000     0.0000     0.0000     0.0000     0.0000     0.0000     0.0000     0.0000     0.0000     0.0000     0.0000     0.0000     0.0000     0.0000     0.0000     0.0000     0.0000     0.0000     0.0000     0.0000     0.0000     0.0000     0.0000     0.0000     0.0000     0.0000     0.0000     0.0000     0.0000     0.0000     0.0000     0.0000     0.0000     0.0000     0.0000     0.0000     0.0000     0.0000     0.0000     0.0000     0.0000     0.0000     0.0000     0.0000     0.0000     0.0000     0.0000     0.0000     0.0000     0.0000     0.0000     0.0000     0.0000     0.0000     0.0000     0.0000     0.0000     0.0000     0.0000     0.0000     0.0000     0.0000     0.0000     0.0000     0.0000     0.0000     0.0000
    0.0000     0.0000     0.0000     0.0000     0.0000     0.0000     0.0000     0.0000     0.0000     0.0000     0.0000     0.0000     0.0000     0.0000     0.0000     0.0000     0.0000     0.0000     0.0000     0.0000     0.0000     0.0000     0.0000     0.0000     0.0000     0.0000     0.0000     0.0000     0.0000     0.0000     0.0000     0.0000     0.0000     0.0000     0.0000     0.0000     0.0000     0.0000     0.0000     0.0000     0.0000     0.0000     0.0000     0.0000     0.0000     0.0000     0.0000     0.0000     0.0000     0.0000     0.0000     0.0000     0.0000     0.0000     0.0000     0.0000     0.0000     0.0000     0.0000     0.0000     0.0000     0.0000     0.0000     0.0000     0.0000     0.0000     0.0000     0.0000     0.0000     0.0000     0.0000     0.0000     0.0000     0.0000     0.0000     0.0000     0.0000     0.0000     0.0000     0.0000     0.0000     0.0000     0.0000     0.0000     0.0000     0.0000     0.0000     0.0000     0.0000     0.0000     0.0000     0.0000     0.0000     0.0000     0.0000     0.0000     0.0000     0.0000     0.0000     0.0000     0.0000     0.0000     0.0000     0.0000     0.0000     0.0000     0.0000     0.0000     0.0000     0.0000     0.0000     0.0000     0.0000     0.0000     0.0000     0.0000     0.0000     0.0000     0.0000     0.0000     0.0000     0.0000     0.0000     0.0000     0.0000     0.0000     0.0000     0.0000     0.0000     0.0000     0.0000     0.0000     0.0000     0.0000     0.0000     0.0000     0.0000     0.0000     0.0000     0.0000     0.0000     0.0000     0.0000     0.0000     0.0000     0.0000     0.0000     0.0000     0.0000     0.0000     0.0000     0.0000     0.0000     0.0000     0.0000     0.0000     0.0000     0.0000     0.0000     0.0000     0.0000     0.0000     0.0000     0.0000     0.0000     0.0000     0.0000     0.0000     0.0000     0.0000     0.0000     0.0000     0.0000     0.0000     0.0000     0.0000     0.0000     0.0000     0.0000     0.0000     0.0000     0.0000     0.0000     0.0000     0.0000     0.0000     0.0000     0.0000     0.0000     0.0000     0.0000     0.0000     0.0000     0.0000     0.0000     0.0000     0.0000     0.0000     0.0000     0.0000     0.0000     0.0000     0.0000     0.0000     0.0000     0.0000     0.0000     0.0000     0.0000     0.0000     0.0000     0.0000     0.0000     0.0000     0.0000     0.0000     0.0000     0.0000     0.0000     0.0000     0.0000     0.0000     0.0000     0.0000     0.0000     0.0000     0.0000     0.0000     0.0000     0.0000     0.0000     0.0000     0.0000     0.0000     0.0000     0.0000     0.0000     0.0000     0.0000     0.0000     0.0000     0.0000     0.0000     0.0000     0.0000     0.0000     0.0000     0.0000     0.0000     0.0000     0.0000     0.0000     0.0000     0.0000     0.0000     0.0000
    0.0000     0.0000     0.0000     0.0000     0.0000     0.0000     0.0000     0.0000     0.0000     0.0000     0.0000     0.0000     0.0000     0.0000     0.0000     0.0000     0.0000     0.0000     0.0000     0.0000     0.0000     0.0000     0.0000     0.0000     0.0000     0.0000     0.0000     0.0000     0.0000     0.0000     0.0000     0.0000     0.0000     0.0000     0.0000     0.0000     0.0000     0.0000     0.0000     0.0000     0.0000     0.0000     0.0000     0.0000     0.0000     0.0000     0.0000     0.0000     0.0000     0.0000     0.0000     0.0000     0.0000     0.0000     0.0000     0.0000     0.0000     0.0000     0.0000     0.0000     0.0000     0.0000     0.0000     0.0000     0.0000     0.0000     0.0000     0.0000     0.0000     0.0000     0.0000     0.0000     0.0000     0.0000     0.0000     0.0000     0.0000     0.0000     0.0000     0.0000     0.0000     0.0000     0.0000     0.0000     0.0000     0.0000     0.0000     0.0000     0.0000     0.0000     0.0000     0.0000     0.0000     0.0000     0.0000     0.0000     0.0000     0.0000     0.0000     0.0000     0.0000     0.0000     0.0000     0.0000     0.0000     0.0000     0.0000     0.0000     0.0000     0.0000     0.0000     0.0000     0.0000     0.0000     0.0000     0.0000     0.0000     0.0000     0.0000     0.0000     0.0000     0.0000     0.0000     0.0000     0.0000     0.0000     0.0000     0.0000     0.0000     0.0000     0.0000     0.0000     0.0000     0.0000     0.0000     0.0000     0.0000     0.0000     0.0000     0.0000     0.0000     0.0000     0.0000     0.0000     0.0000     0.0000     0.0000     0.0000     0.0000     0.0000     0.0000     0.0000     0.0000     0.0000     0.0000     0.0000     0.0000     0.0000     0.0000     0.0000     0.0000     0.0000     0.0000     0.0000     0.0000     0.0000     0.0000     0.0000     0.0000     0.0000     0.0000     0.0000     0.0000     0.0000     0.0000     0.0000     0.0000     0.0000     0.0000     0.0000     0.0000     0.0000     0.0000     0.0000     0.0000     0.0000     0.0000     0.0000     0.0000     0.0000     0.0000     0.0000     0.0000     0.0000     0.0000     0.0000     0.0000     0.0000     0.0000     0.0000     0.0000     0.0000     0.0000     0.0000     0.0000     0.0000     0.0000     0.0000     0.0000     0.0000     0.0000     0.0000     0.0000     0.0000     0.0000     0.0000     0.0000     0.0000     0.0000     0.0000     0.0000     0.0000     0.0000     0.0000     0.0000     0.0000     0.0000     0.0000     0.0000     0.0000     0.0000     0.0000     0.0000     0.0000     0.0000     0.0000     0.0000     0.0000     0.0000     0.0000     0.0000     0.0000     0.0000     0.0000     0.0000     0.0000     0.0000     0.0000     0.0000     0.0000     0.0000     0.0000     0.0000     0.0000     0.0000     0.0000
    0.0000     0.0000     0.0000     0.0000     0.0000     0.0000     0.0000     0.0000     0.0000     0.0000     0.0000     0.0000     0.0000     0.0000     0.0000     0.0000     0.0000     0.0000     0.0000     0.0000     0.0000     0.0000     0.0000     0.0000     0.0000     0.0000     0.0000     0.0000     0.0000     0.0000     0.0000     0.0000     0.0000     0.0000     0.0000     0.0000     0.0000     0.0000     0.0000     0.0000     0.0000     0.0000     0.0000     0.0000     0.0000     0.0000     0.0000     0.0000     0.0000     0.0000     0.0000     0.0000     0.0000     0.0000     0.0000     0.0000     0.0000     0.0000     0.0000     0.0000     0.0000     0.0000     0.0000     0.0000     0.0000     0.0000     0.0000     0.0000     0.0000     0.0000     0.0000     0.0000     0.0000     0.0000     0.0000     0.0000     0.0000     0.0000     0.0000     0.0000     0.0000     0.0000     0.0000     0.0000     0.0000     0.0000     0.0000     0.0000     0.0000     0.0000     0.0000     0.0000     0.0000     0.0000     0.0000     0.0000     0.0000     0.0000     0.0000     0.0000     0.0000     0.0000     0.0000     0.0000     0.0000     0.0000     0.0000     0.0000     0.0000     0.0000     0.0000     0.0000     0.0000     0.0000     0.0000     0.0000     0.0000     0.0000     0.0000     0.0000     0.0000     0.0000     0.0000     0.0000     0.0000     0.0000     0.0000     0.0000     0.0000     0.0000     0.0000     0.0000     0.0000     0.0000     0.0000     0.0000     0.0000     0.0000     0.0000     0.0000     0.0000     0.0000     0.0000     0.0000     0.0000     0.0000     0.0000     0.0000     0.0000     0.0000     0.0000     0.0000     0.0000     0.0000     0.0000     0.0000     0.0000     0.0000     0.0000     0.0000     0.0000     0.0000     0.0000     0.0000     0.0000     0.0000     0.0000     0.0000     0.0000     0.0000     0.0000     0.0000     0.0000     0.0000     0.0000     0.0000     0.0000     0.0000     0.0000     0.0000     0.0000     0.0000     0.0000     0.0000     0.0000     0.0000     0.0000     0.0000     0.0000     0.0000     0.0000     0.0000     0.0000     0.0000     0.0000     0.0000     0.0000     0.0000     0.0000     0.0000     0.0000     0.0000     0.0000     0.0000     0.0000     0.0000     0.0000     0.0000     0.0000     0.0000     0.0000     0.0000     0.0000     0.0000     0.0000     0.0000     0.0000     0.0000     0.0000     0.0000     0.0000     0.0000     0.0000     0.0000     0.0000     0.0000     0.0000     0.0000     0.0000     0.0000     0.0000     0.0000     0.0000     0.0000     0.0000     0.0000     0.0000     0.0000     0.0000     0.0000     0.0000     0.0000     0.0000     0.0000     0.0000     0.0000     0.0000     0.0000     0.0000     0.0000     0.0000     0.0000     0.0000     0.0000     0.0000     0.0000
    0.0000     0.0000     0.0000     0.0000     0.0000     0.0000     0.0000     0.0000     0.0000     0.0000     0.0000     0.0000     0.0000     0.0000     0.0000     0.0000     0.0000     0.0000     0.0000     0.0000     0.0000     0.0000     0.0000     0.0000     0.0000     0.0000     0.0000     0.0000     0.0000     0.0000     0.0000     0.0000     0.0000     0.0000     0.0000     0.0000     0.0000     0.0000     0.0000     0.0000     0.0000     0.0000     0.0000     0.0000     0.0000     0.0000     0.0000     0.0000     0.0000     0.0000     0.0000     0.0000     0.0000     0.0000     0.0000     0.0000     0.0000     0.0000     0.0000     0.0000     0.0000     0.0000     0.0000     0.0000     0.0000     0.0000     0.0000     0.0000     0.0000     0.0000     0.0000     0.0000     0.0000     0.0000     0.0000     0.0000     0.0000     0.0000     0.0000     0.0000     0.0000     0.0000     0.0000     0.0000     0.0000     0.0000     0.0000     0.0000     0.0000     0.0000     0.0000     0.0000     0.0000     0.0000     0.0000     0.0000     0.0000     0.0000     0.0000     0.0000     0.0000     0.0000     0.0000     0.0000     0.0000     0.0000     0.0000     0.0000     0.0000     0.0000     0.0000     0.0000     0.0000     0.0000     0.0000     0.0000     0.0000     0.0000     0.0000     0.0000     0.0000     0.0000     0.0000     0.0000     0.0000     0.0000     0.0000     0.0000     0.0000     0.0000     0.0000     0.0000     0.0000     0.0000     0.0000     0.0000     0.0000     0.0000     0.0000     0.0000     0.0000     0.0000     0.0000     0.0000     0.0000     0.0000     0.0000     0.0000     0.0000     0.0000     0.0000     0.0000     0.0000     0.0000     0.0000     0.0000     0.0000     0.0000     0.0000     0.0000     0.0000     0.0000     0.0000     0.0000     0.0000     0.0000     0.0000     0.0000     0.0000     0.0000     0.0000     0.0000     0.0000     0.0000     0.0000     0.0000     0.0000     0.0000     0.0000     0.0000     0.0000     0.0000     0.0000     0.0000     0.0000     0.0000     0.0000     0.0000     0.0000     0.0000     0.0000     0.0000     0.0000     0.0000     0.0000     0.0000     0.0000     0.0000     0.0000     0.0000     0.0000     0.0000     0.0000     0.0000     0.0000     0.0000     0.0000     0.0000     0.0000     0.0000     0.0000     0.0000     0.0000     0.0000     0.0000     0.0000     0.0000     0.0000     0.0000     0.0000     0.0000     0.0000     0.0000     0.0000     0.0000     0.0000     0.0000     0.0000     0.0000     0.0000     0.0000     0.0000     0.0000     0.0000     0.0000     0.0000     0.0000     0.0000     0.0000     0.0000     0.0000     0.0000     0.0000     0.0000     0.0000     0.0000     0.0000     0.0000     0.0000     0.0000     0.0000     0.0000     0.0000     0.0000     0.0000     0.0000
    0.0000     0.0000     0.0000     0.0000     0.0000     0.0000     0.0000     0.0000     0.0000     0.0000     0.0000     0.0000     0.0000     0.0000     0.0000     0.0000     0.0000     0.0000     0.0000     0.0000     0.0000     0.0000     0.0000     0.0000     0.0000     0.0000     0.0000     0.0000     0.0000     0.0000     0.0000     0.0000     0.0000     0.0000     0.0000     0.0000     0.0000     0.0000     0.0000     0.0000     0.0000     0.0000     0.0000     0.0000     0.0000     0.0000     0.0000     0.0000     0.0000     0.0000     0.0000     0.0000     0.0000     0.0000     0.0000     0.0000     0.0000     0.0000     0.0000     0.0000     0.0000     0.0000     0.0000     0.0000     0.0000     0.0000     0.0000     0.0000     0.0000     0.0000     0.0000     0.0000     0.0000     0.0000     0.0000     0.0000     0.0000     0.0000     0.0000     0.0000     0.0000     0.0000     0.0000     0.0000     0.0000     0.0000     0.0000     0.0000     0.0000     0.0000     0.0000     0.0000     0.0000     0.0000     0.0000     0.0000     0.0000     0.0000     0.0000     0.0000     0.0000     0.0000     0.0000     0.0000     0.0000     0.0000     0.0000     0.0000     0.0000     0.0000     0.0000     0.0000     0.0000     0.0000     0.0000     0.0000     0.0000     0.0000     0.0000     0.0000     0.0000     0.0000     0.0000     0.0000     0.0000     0.0000     0.0000     0.0000     0.0000     0.0000     0.0000     0.0000     0.0000     0.0000     0.0000     0.0000     0.0000     0.0000     0.0000     0.0000     0.0000     0.0000     0.0000     0.0000     0.0000     0.0000     0.0000     0.0000     0.0000     0.0000     0.0000     0.0000     0.0000     0.0000     0.0000     0.0000     0.0000     0.0000     0.0000     0.0000     0.0000     0.0000     0.0000     0.0000     0.0000     0.0000     0.0000     0.0000     0.0000     0.0000     0.0000     0.0000     0.0000     0.0000     0.0000     0.0000     0.0000     0.0000     0.0000     0.0000     0.0000     0.0000     0.0000     0.0000     0.0000     0.0000     0.0000     0.0000     0.0000     0.0000     0.0000     0.0000     0.0000     0.0000     0.0000     0.0000     0.0000     0.0000     0.0000     0.0000     0.0000     0.0000     0.0000     0.0000     0.0000     0.0000     0.0000     0.0000     0.0000     0.0000     0.0000     0.0000     0.0000     0.0000     0.0000     0.0000     0.0000     0.0000     0.0000     0.0000     0.0000     0.0000     0.0000     0.0000     0.0000     0.0000     0.0000     0.0000     0.0000     0.0000     0.0000     0.0000     0.0000     0.0000     0.0000     0.0000     0.0000     0.0000     0.0000     0.0000     0.0000     0.0000     0.0000     0.0000     0.0000     0.0000     0.0000     0.0000     0.0000     0.0000     0.0000     0.0000     0.0000     0.0000     0.0000     0.0000
    0.0000     0.0000     0.0000     0.0000     0.0000     0.0000     0.0000     0.0000     0.0000     0.0000     0.0000     0.0000     0.0000     0.0000     0.0000     0.0000     0.0000     0.0000     0.0000     0.0000     0.0000     0.0000     0.0000     0.0000     0.0000     0.0000     0.0000     0.0000     0.0000     0.0000     0.0000     0.0000     0.0000     0.0000     0.0000     0.0000     0.0000     0.0000     0.0000     0.0000     0.0000     0.0000     0.0000     0.0000     0.0000     0.0000     0.0000     0.0000     0.0000     0.0000     0.0000     0.0000     0.0000     0.0000     0.0000     0.0000     0.0000     0.0000     0.0000     0.0000     0.0000     0.0000     0.0000     0.0000     0.0000     0.0000     0.0000     0.0000     0.0000     0.0000     0.0000     0.0000     0.0000     0.0000     0.0000     0.0000     0.0000     0.0000     0.0000     0.0000     0.0000     0.0000     0.0000     0.0000     0.0000     0.0000     0.0000     0.0000     0.0000     0.0000     0.0000     0.0000     0.0000     0.0000     0.0000     0.0000     0.0000     0.0000     0.0000     0.0000     0.0000     0.0000     0.0000     0.0000     0.0000     0.0000     0.0000     0.0000     0.0000     0.0000     0.0000     0.0000     0.0000     0.0000     0.0000     0.0000     0.0000     0.0000     0.0000     0.0000     0.0000     0.0000     0.0000     0.0000     0.0000     0.0000     0.0000     0.0000     0.0000     0.0000     0.0000     0.0000     0.0000     0.0000     0.0000     0.0000     0.0000     0.0000     0.0000     0.0000     0.0000     0.0000     0.0000     0.0000     0.0000     0.0000     0.0000     0.0000     0.0000     0.0000     0.0000     0.0000     0.0000     0.0000     0.0000     0.0000     0.0000     0.0000     0.0000     0.0000     0.0000     0.0000     0.0000     0.0000     0.0000     0.0000     0.0000     0.0000     0.0000     0.0000     0.0000     0.0000     0.0000     0.0000     0.0000     0.0000     0.0000     0.0000     0.0000     0.0000     0.0000     0.0000     0.0000     0.0000     0.0000     0.0000     0.0000     0.0000     0.0000     0.0000     0.0000     0.0000     0.0000     0.0000     0.0000     0.0000     0.0000     0.0000     0.0000     0.0000     0.0000     0.0000     0.0000     0.0000     0.0000     0.0000     0.0000     0.0000     0.0000     0.0000     0.0000     0.0000     0.0000     0.0000     0.0000     0.0000     0.0000     0.0000     0.0000     0.0000     0.0000     0.0000     0.0000     0.0000     0.0000     0.0000     0.0000     0.0000     0.0000     0.0000     0.0000     0.0000     0.0000     0.0000     0.0000     0.0000     0.0000     0.0000     0.0000     0.0000     0.0000     0.0000     0.0000     0.0000     0.0000     0.0000     0.0000     0.0000     0.0000     0.0000     0.0000     0.0000     0.0000     0.0000     0.0000     0.0000
    0.0000     0.0000     0.0000     0.0000     0.0000     0.0000     0.0000     0.0000     0.0000     0.0000     0.0000     0.0000     0.0000     0.0000     0.0000     0.0000     0.0000     0.0000     0.0000     0.0000     0.0000     0.0000     0.0000     0.0000     0.0000     0.0000     0.0000     0.0000     0.0000     0.0000     0.0000     0.0000     0.0000     0.0000     0.0000     0.0000     0.0000     0.0000     0.0000     0.0000     0.0000     0.0000     0.0000     0.0000     0.0000     0.0000     0.0000     0.0000     0.0000     0.0000     0.0000     0.0000     0.0000     0.0000     0.0000     0.0000     0.0000     0.0000     0.0000     0.0000     0.0000     0.0000     0.0000     0.0000     0.0000     0.0000     0.0000     0.0000     0.0000     0.0000     0.0000     0.0000     0.0000     0.0000     0.0000     0.0000     0.0000     0.0000     0.0000     0.0000     0.0000     0.0000     0.0000     0.0000     0.0000     0.0000     0.0000     0.0000     0.0000     0.0000     0.0000     0.0000     0.0000     0.0000     0.0000     0.0000     0.0000     0.0000     0.0000     0.0000     0.0000     0.0000     0.0000     0.0000     0.0000     0.0000     0.0000     0.0000     0.0000     0.0000     0.0000     0.0000     0.0000     0.0000     0.0000     0.0000     0.0000     0.0000     0.0000     0.0000     0.0000     0.0000     0.0000     0.0000     0.0000     0.0000     0.0000     0.0000     0.0000     0.0000     0.0000     0.0000     0.0000     0.0000     0.0000     0.0000     0.0000     0.0000     0.0000     0.0000     0.0000     0.0000     0.0000     0.0000     0.0000     0.0000     0.0000     0.0000     0.0000     0.0000     0.0000     0.0000     0.0000     0.0000     0.0000     0.0000     0.0000     0.0000     0.0000     0.0000     0.0000     0.0000     0.0000     0.0000     0.0000     0.0000     0.0000     0.0000     0.0000     0.0000     0.0000     0.0000     0.0000     0.0000     0.0000     0.0000     0.0000     0.0000     0.0000     0.0000     0.0000     0.0000     0.0000     0.0000     0.0000     0.0000     0.0000     0.0000     0.0000     0.0000     0.0000     0.0000     0.0000     0.0000     0.0000     0.0000     0.0000     0.0000     0.0000     0.0000     0.0000     0.0000     0.0000     0.0000     0.0000     0.0000     0.0000     0.0000     0.0000     0.0000     0.0000     0.0000     0.0000     0.0000     0.0000     0.0000     0.0000     0.0000     0.0000     0.0000     0.0000     0.0000     0.0000     0.0000     0.0000     0.0000     0.0000     0.0000     0.0000     0.0000     0.0000     0.0000     0.0000     0.0000     0.0000     0.0000     0.0000     0.0000     0.0000     0.0000     0.0000     0.0000     0.0000     0.0000     0.0000     0.0000     0.0000     0.0000     0.0000     0.0000     0.0000     0.0000     0.0000     0.0000     0.0000     0.0000
    0.0000     0.0000     0.0000     0.0000     0.0000     0.0000     0.0000     0.0000     0.0000     0.0000     0.0000     0.0000     0.0000     0.0000     0.0000     0.0000     0.0000     0.0000     0.0000     0.0000     0.0000     0.0000     0.0000     0.0000     0.0000     0.0000     0.0000     0.0000     0.0000     0.0000     0.0000     0.0000     0.0000     0.0000     0.0000     0.0000     0.0000     0.0000     0.0000     0.0000     0.0000     0.0000     0.0000     0.0000     0.0000     0.0000     0.0000     0.0000     0.0000     0.0000     0.0000     0.0000     0.0000     0.0000     0.0000     0.0000     0.0000     0.0000     0.0000     0.0000     0.0000     0.0000     0.0000     0.0000     0.0000     0.0000     0.0000     0.0000     0.0000     0.0000     0.0000     0.0000     0.0000     0.0000     0.0000     0.0000     0.0000     0.0000     0.0000     0.0000     0.0000     0.0000     0.0000     0.0000     0.0000     0.0000     0.0000     0.0000     0.0000     0.0000     0.0000     0.0000     0.0000     0.0000     0.0000     0.0000     0.0000     0.0000     0.0000     0.0000     0.0000     0.0000     0.0000     0.0000     0.0000     0.0000     0.0000     0.0000     0.0000     0.0000     0.0000     0.0000     0.0000     0.0000     0.0000     0.0000     0.0000     0.0000     0.0000     0.0000     0.0000     0.0000     0.0000     0.0000     0.0000     0.0000     0.0000     0.0000     0.0000     0.0000     0.0000     0.0000     0.0000     0.0000     0.0000     0.0000     0.0000     0.0000     0.0000     0.0000     0.0000     0.0000     0.0000     0.0000     0.0000     0.0000     0.0000     0.0000     0.0000     0.0000     0.0000     0.0000     0.0000     0.0000     0.0000     0.0000     0.0000     0.0000     0.0000     0.0000     0.0000     0.0000     0.0000     0.0000     0.0000     0.0000     0.0000     0.0000     0.0000     0.0000     0.0000     0.0000     0.0000     0.0000     0.0000     0.0000     0.0000     0.0000     0.0000     0.0000     0.0000     0.0000     0.0000     0.0000     0.0000     0.0000     0.0000     0.0000     0.0000     0.0000     0.0000     0.0000     0.0000     0.0000     0.0000     0.0000     0.0000     0.0000     0.0000     0.0000     0.0000     0.0000     0.0000     0.0000     0.0000     0.0000     0.0000     0.0000     0.0000     0.0000     0.0000     0.0000     0.0000     0.0000     0.0000     0.0000     0.0000     0.0000     0.0000     0.0000     0.0000     0.0000     0.0000     0.0000     0.0000     0.0000     0.0000     0.0000     0.0000     0.0000     0.0000     0.0000     0.0000     0.0000     0.0000     0.0000     0.0000     0.0000     0.0000     0.0000     0.0000     0.0000     0.0000     0.0000     0.0000     0.0000     0.0000     0.0000     0.0000     0.0000     0.0000     0.0000     0.0000     0.0000     0.0000     0.0000
    0.0000     0.0000     0.0000     0.0000     0.0000     0.0000     0.0000     0.0000     0.0000     0.0000     0.0000     0.0000     0.0000     0.0000     0.0000     0.0000     0.0000     0.0000     0.0000     0.0000     0.0000     0.0000     0.0000     0.0000     0.0000     0.0000     0.0000     0.0000     0.0000     0.0000     0.0000     0.0000     0.0000     0.0000     0.0000     0.0000     0.0000     0.0000     0.0000     0.0000     0.0000     0.0000     0.0000     0.0000     0.0000     0.0000     0.0000     0.0000     0.0000     0.0000     0.0000     0.0000     0.0000     0.0000     0.0000     0.0000     0.0000     0.0000     0.0000     0.0000     0.0000     0.0000     0.0000     0.0000     0.0000     0.0000     0.0000     0.0000     0.0000     0.0000     0.0000     0.0000     0.0000     0.0000     0.0000     0.0000     0.0000     0.0000     0.0000     0.0000     0.0000     0.0000     0.0000     0.0000     0.0000     0.0000     0.0000     0.0000     0.0000     0.0000     0.0000     0.0000     0.0000     0.0000     0.0000     0.0000     0.0000     0.0000     0.0000     0.0000     0.0000     0.0000     0.0000     0.0000     0.0000     0.0000     0.0000     0.0000     0.0000     0.0000     0.0000     0.0000     0.0000     0.0000     0.0000     0.0000     0.0000     0.0000     0.0000     0.0000     0.0000     0.0000     0.0000     0.0000     0.0000     0.0000     0.0000     0.0000     0.0000     0.0000     0.0000     0.0000     0.0000     0.0000     0.0000     0.0000     0.0000     0.0000     0.0000     0.0000     0.0000     0.0000     0.0000     0.0000     0.0000     0.0000     0.0000     0.0000     0.0000     0.0000     0.0000     0.0000     0.0000     0.0000     0.0000     0.0000     0.0000     0.0000     0.0000     0.0000     0.0000     0.0000     0.0000     0.0000     0.0000     0.0000     0.0000     0.0000     0.0000     0.0000     0.0000     0.0000     0.0000     0.0000     0.0000     0.0000     0.0000     0.0000     0.0000     0.0000     0.0000     0.0000     0.0000     0.0000     0.0000     0.0000     0.0000     0.0000     0.0000     0.0000     0.0000     0.0000     0.0000     0.0000     0.0000     0.0000     0.0000     0.0000     0.0000     0.0000     0.0000     0.0000     0.0000     0.0000     0.0000     0.0000     0.0000     0.0000     0.0000     0.0000     0.0000     0.0000     0.0000     0.0000     0.0000     0.0000     0.0000     0.0000     0.0000     0.0000     0.0000     0.0000     0.0000     0.0000     0.0000     0.0000     0.0000     0.0000     0.0000     0.0000     0.0000     0.0000     0.0000     0.0000     0.0000     0.0000     0.0000     0.0000     0.0000     0.0000     0.0000     0.0000     0.0000     0.0000     0.0000     0.0000     0.0000     0.0000     0.0000     0.0000     0.0000     0.0000     0.0000     0.0000     0.0000     0.0000
    0.0000     0.0000     0.0000     0.0000     0.0000     0.0000     0.0000     0.0000     0.0000     0.0000     0.0000     0.0000     0.0000     0.0000     0.0000     0.0000     0.0000     0.0000     0.0000     0.0000     0.0000     0.0000     0.0000     0.0000     0.0000     0.0000     0.0000     0.0000     0.0000     0.0000     0.0000     0.0000     0.0000     0.0000     0.0000     0.0000     0.0000     0.0000     0.0000     0.0000     0.0000     0.0000     0.0000     0.0000     0.0000     0.0000     0.0000     0.0000     0.0000     0.0000     0.0000     0.0000     0.0000     0.0000     0.0000     0.0000     0.0000     0.0000     0.0000     0.0000     0.0000     0.0000     0.0000     0.0000     0.0000     0.0000     0.0000     0.0000     0.0000     0.0000     0.0000     0.0000     0.0000     0.0000     0.0000     0.0000     0.0000     0.0000     0.0000     0.0000     0.0000     0.0000     0.0000     0.0000     0.0000     0.0000     0.0000     0.0000     0.0000     0.0000     0.0000     0.0000     0.0000     0.0000     0.0000     0.0000     0.0000     0.0000     0.0000     0.0000     0.0000     0.0000     0.0000     0.0000     0.0000     0.0000     0.0000     0.0000     0.0000     0.0000     0.0000     0.0000     0.0000     0.0000     0.0000     0.0000     0.0000     0.0000     0.0000     0.0000     0.0000     0.0000     0.0000     0.0000     0.0000     0.0000     0.0000     0.0000     0.0000     0.0000     0.0000     0.0000     0.0000     0.0000     0.0000     0.0000     0.0000     0.0000     0.0000     0.0000     0.0000     0.0000     0.0000     0.0000     0.0000     0.0000     0.0000     0.0000     0.0000     0.0000     0.0000     0.0000     0.0000     0.0000     0.0000     0.0000     0.0000     0.0000     0.0000     0.0000     0.0000     0.0000     0.0000     0.0000     0.0000     0.0000     0.0000     0.0000     0.0000     0.0000     0.0000     0.0000     0.0000     0.0000     0.0000     0.0000     0.0000     0.0000     0.0000     0.0000     0.0000     0.0000     0.0000     0.0000     0.0000     0.0000     0.0000     0.0000     0.0000     0.0000     0.0000     0.0000     0.0000     0.0000     0.0000     0.0000     0.0000     0.0000     0.0000     0.0000     0.0000     0.0000     0.0000     0.0000     0.0000     0.0000     0.0000     0.0000     0.0000     0.0000     0.0000     0.0000     0.0000     0.0000     0.0000     0.0000     0.0000     0.0000     0.0000     0.0000     0.0000     0.0000     0.0000     0.0000     0.0000     0.0000     0.0000     0.0000     0.0000     0.0000     0.0000     0.0000     0.0000     0.0000     0.0000     0.0000     0.0000     0.0000     0.0000     0.0000     0.0000     0.0000     0.0000     0.0000     0.0000     0.0000     0.0000     0.0000     0.0000     0.0000     0.0000     0.0000     0.0000     0.0000     0.0000     0.0000
    0.0000     0.0000     0.0000     0.0000     0.0000     0.0000     0.0000     0.0000     0.0000     0.0000     0.0000     0.0000     0.0000     0.0000     0.0000     0.0000     0.0000     0.0000     0.0000     0.0000     0.0000     0.0000     0.0000     0.0000     0.0000     0.0000     0.0000     0.0000     0.0000     0.0000     0.0000     0.0000     0.0000     0.0000     0.0000     0.0000     0.0000     0.0000     0.0000     0.0000     0.0000     0.0000     0.0000     0.0000     0.0000     0.0000     0.0000     0.0000     0.0000     0.0000     0.0000     0.0000     0.0000     0.0000     0.0000     0.0000     0.0000     0.0000     0.0000     0.0000     0.0000     0.0000     0.0000     0.0000     0.0000     0.0000     0.0000     0.0000     0.0000     0.0000     0.0000     0.0000     0.0000     0.0000     0.0000     0.0000     0.0000     0.0000     0.0000     0.0000     0.0000     0.0000     0.0000     0.0000     0.0000     0.0000     0.0000     0.0000     0.0000     0.0000     0.0000     0.0000     0.0000     0.0000     0.0000     0.0000     0.0000     0.0000     0.0000     0.0000     0.0000     0.0000     0.0000     0.0000     0.0000     0.0000     0.0000     0.0000     0.0000     0.0000     0.0000     0.0000     0.0000     0.0000     0.0000     0.0000     0.0000     0.0000     0.0000     0.0000     0.0000     0.0000     0.0000     0.0000     0.0000     0.0000     0.0000     0.0000     0.0000     0.0000     0.0000     0.0000     0.0000     0.0000     0.0000     0.0000     0.0000     0.0000     0.0000     0.0000     0.0000     0.0000     0.0000     0.0000     0.0000     0.0000     0.0000     0.0000     0.0000     0.0000     0.0000     0.0000     0.0000     0.0000     0.0000     0.0000     0.0000     0.0000     0.0000     0.0000     0.0000     0.0000     0.0000     0.0000     0.0000     0.0000     0.0000     0.0000     0.0000     0.0000     0.0000     0.0000     0.0000     0.0000     0.0000     0.0000     0.0000     0.0000     0.0000     0.0000     0.0000     0.0000     0.0000     0.0000     0.0000     0.0000     0.0000     0.0000     0.0000     0.0000     0.0000     0.0000     0.0000     0.0000     0.0000     0.0000     0.0000     0.0000     0.0000     0.0000     0.0000     0.0000     0.0000     0.0000     0.0000     0.0000     0.0000     0.0000     0.0000     0.0000     0.0000     0.0000     0.0000     0.0000     0.0000     0.0000     0.0000     0.0000     0.0000     0.0000     0.0000     0.0000     0.0000     0.0000     0.0000     0.0000     0.0000     0.0000     0.0000     0.0000     0.0000     0.0000     0.0000     0.0000     0.0000     0.0000     0.0000     0.0000     0.0000     0.0000     0.0000     0.0000     0.0000     0.0000     0.0000     0.0000     0.0000     0.0000     0.0000     0.0000     0.0000     0.0000     0.0000     0.0000     0.0000     0.0000
    0.0000     0.0000     0.0000     0.0000     0.0000     0.0000     0.0000     0.0000     0.0000     0.0000     0.0000     0.0000     0.0000     0.0000     0.0000     0.0000     0.0000     0.0000     0.0000     0.0000     0.0000     0.0000     0.0000     0.0000     0.0000     0.0000     0.0000     0.0000     0.0000     0.0000     0.0000     0.0000     0.0000     0.0000     0.0000     0.0000     0.0000     0.0000     0.0000     0.0000     0.0000     0.0000     0.0000     0.0000     0.0000     0.0000     0.0000     0.0000     0.0000     0.0000     0.0000     0.0000     0.0000     0.0000     0.0000     0.0000     0.0000     0.0000     0.0000     0.0000     0.0000     0.0000     0.0000     0.0000     0.0000     0.0000     0.0000     0.0000     0.0000     0.0000     0.0000     0.0000     0.0000     0.0000     0.0000     0.0000     0.0000     0.0000     0.0000     0.0000     0.0000     0.0000     0.0000     0.0000     0.0000     0.0000     0.0000     0.0000     0.0000     0.0000     0.0000     0.0000     0.0000     0.0000     0.0000     0.0000     0.0000     0.0000     0.0000     0.0000     0.0000     0.0000     0.0000     0.0000     0.0000     0.0000     0.0000     0.0000     0.0000     0.0000     0.0000     0.0000     0.0000     0.0000     0.0000     0.0000     0.0000     0.0000     0.0000     0.0000     0.0000     0.0000     0.0000     0.0000     0.0000     0.0000     0.0000     0.0000     0.0000     0.0000     0.0000     0.0000     0.0000     0.0000     0.0000     0.0000     0.0000     0.0000     0.0000     0.0000     0.0000     0.0000     0.0000     0.0000     0.0000     0.0000     0.0000     0.0000     0.0000     0.0000     0.0000     0.0000     0.0000     0.0000     0.0000     0.0000     0.0000     0.0000     0.0000     0.0000     0.0000     0.0000     0.0000     0.0000     0.0000     0.0000     0.0000     0.0000     0.0000     0.0000     0.0000     0.0000     0.0000     0.0000     0.0000     0.0000     0.0000     0.0000     0.0000     0.0000     0.0000     0.0000     0.0000     0.0000     0.0000     0.0000     0.0000     0.0000     0.0000     0.0000     0.0000     0.0000     0.0000     0.0000     0.0000     0.0000     0.0000     0.0000     0.0000     0.0000     0.0000     0.0000     0.0000     0.0000     0.0000     0.0000     0.0000     0.0000     0.0000     0.0000     0.0000     0.0000     0.0000     0.0000     0.0000     0.0000     0.0000     0.0000     0.0000     0.0000     0.0000     0.0000     0.0000     0.0000     0.0000     0.0000     0.0000     0.0000     0.0000     0.0000     0.0000     0.0000     0.0000     0.0000     0.0000     0.0000     0.0000     0.0000     0.0000     0.0000     0.0000     0.0000     0.0000     0.0000     0.0000     0.0000     0.0000     0.0000     0.0000     0.0000     0.0000     0.0000     0.0000     0.0000     0.0000     0.0000
    0.0000     0.0000     0.0000     0.0000     0.0000     0.0000     0.0000     0.0000     0.0000     0.0000     0.0000     0.0000     0.0000     0.0000     0.0000     0.0000     0.0000     0.0000     0.0000     0.0000     0.0000     0.0000     0.0000     0.0000     0.0000     0.0000     0.0000     0.0000     0.0000     0.0000     0.0000     0.0000     0.0000     0.0000     0.0000     0.0000     0.0000     0.0000     0.0000     0.0000     0.0000     0.0000     0.0000     0.0000     0.0000     0.0000     0.0000     0.0000     0.0000     0.0000     0.0000     0.0000     0.0000     0.0000     0.0000     0.0000     0.0000     0.0000     0.0000     0.0000     0.0000     0.0000     0.0000     0.0000     0.0000     0.0000     0.0000     0.0000     0.0000     0.0000     0.0000     0.0000     0.0000     0.0000     0.0000     0.0000     0.0000     0.0000     0.0000     0.0000     0.0000     0.0000     0.0000     0.0000     0.0000     0.0000     0.0000     0.0000     0.0000     0.0000     0.0000     0.0000     0.0000     0.0000     0.0000     0.0000     0.0000     0.0000     0.0000     0.0000     0.0000     0.0000     0.0000     0.0000     0.0000     0.0000     0.0000     0.0000     0.0000     0.0000     0.0000     0.0000     0.0000     0.0000     0.0000     0.0000     0.0000     0.0000     0.0000     0.0000     0.0000     0.0000     0.0000     0.0000     0.0000     0.0000     0.0000     0.0000     0.0000     0.0000     0.0000     0.0000     0.0000     0.0000     0.0000     0.0000     0.0000     0.0000     0.0000     0.0000     0.0000     0.0000     0.0000     0.0000     0.0000     0.0000     0.0000     0.0000     0.0000     0.0000     0.0000     0.0000     0.0000     0.0000     0.0000     0.0000     0.0000     0.0000     0.0000     0.0000     0.0000     0.0000     0.0000     0.0000     0.0000     0.0000     0.0000     0.0000     0.0000     0.0000     0.0000     0.0000     0.0000     0.0000     0.0000     0.0000     0.0000     0.0000     0.0000     0.0000     0.0000     0.0000     0.0000     0.0000     0.0000     0.0000     0.0000     0.0000     0.0000     0.0000     0.0000     0.0000     0.0000     0.0000     0.0000     0.0000     0.0000     0.0000     0.0000     0.0000     0.0000     0.0000     0.0000     0.0000     0.0000     0.0000     0.0000     0.0000     0.0000     0.0000     0.0000     0.0000     0.0000     0.0000     0.0000     0.0000     0.0000     0.0000     0.0000     0.0000     0.0000     0.0000     0.0000     0.0000     0.0000     0.0000     0.0000     0.0000     0.0000     0.0000     0.0000     0.0000     0.0000     0.0000     0.0000     0.0000     0.0000     0.0000     0.0000     0.0000     0.0000     0.0000     0.0000     0.0000     0.0000     0.0000     0.0000     0.0000     0.0000     0.0000     0.0000     0.0000     0.0000     0.0000     0.0000     0.0000
{"varName":"tauKrylov1Tex","savedAt":"2026-05-18T12:17:10.251Z","value":{"__backupType":"texture2D","w":64,"h":54,"dim":4,"format":[6408,34836,5126],"unit":24,"program":15,"data":[-0.0001220703125,-0.014603872783482075,0.4664868414402008,1,0,-0.004126233514398336,0.4665202498435974,1,0.00006103515625,0.003280807053670287,0.4669584631919861,1,0,0.007737061474472284,0.4675329923629761,1,0.00006103515625,0.009423763491213322,0.4679981768131256,1,0.00006103515625,0.008458645083010197,0.4681241810321808,1,0.00006103515625,0.0049826097674667835,0.4676942825317383,1,0,-0.000833370431791991,0.4665164053440094,1,0.00006103515625,-0.008862865157425404,0.46441540122032166,1,0.00006103515625,-0.0189474169164896,0.46122634410858154,1,0.00006103515625,-0.030951544642448425,0.4568142294883728,1,0.00006103515625,-0.044724855571985245,0.45105305314064026,1,0.00006103515625,-0.060164738446474075,0.44381847977638245,1,0,-0.07704009115695953,0.4350479543209076,1,0.00006103515625,-0.09524799883365631,0.42466387152671814,1,0.00006103515625,-0.11466315388679504,0.41260167956352234,1,0,-0.13511724770069122,0.3988425135612488,1,0,-0.15650121867656708,0.3833352029323578,1,0.00006103515625,-0.17859548330307007,0.3661402463912964,1,0.00006103515625,-0.20132558047771454,0.3472141623497009,1,0.00006103515625,-0.22449886798858643,0.3266209065914154,1,0.00006103515625,-0.24799329042434692,0.30438628792762756,1,0.00006103515625,-0.271670937538147,0.28063303232192993,1,0,-0.29537150263786316,0.2554164528846741,1,0.00006103515625,-0.31898248195648193,0.2288006991147995,1,0.00006103515625,-0.3422982096672058,0.2010153830051422,1,0,-0.36521419882774353,0.1721011996269226,1,0.00006103515625,-0.38756558299064636,0.1422651708126068,1,0.00006103515625,-0.4092165529727936,0.11170060932636261,1,0,-0.43005263805389404,0.0805153176188469,1,0.00006103515625,-0.4498550593852997,0.04902941361069679,1,0,-0.4685642719268799,0.01741163805127144,1,0.00006103515625,-0.48592841625213623,-0.014006707817316055,1,0.00006103515625,-0.5019798874855042,-0.0452311746776104,1,0,-0.5164324641227722,-0.0755714401602745,1,0,-0.529105544090271,-0.10500042885541916,1,0,-0.5398947596549988,-0.13317371904850006,1,0.00006103515625,-0.548675537109375,-0.15969057381153107,1,0.00006103515625,-0.5553714036941528,-0.18417473137378693,1,0.00006103515625,-0.5597758889198303,-0.20637556910514832,1,0.00006103515625,-0.5617080330848694,-0.22575350105762482,1,0.00006103515625,-0.5610304474830627,-0.24204319715499878,1,0,-0.5576707720756531,-0.2547704577445984,1,0.00006103515625,-0.551360011100769,-0.2633935213088989,1,0.00006103515625,-0.5420921444892883,-0.26761287450790405,1,0,-0.5296899080276489,-0.2668618857860565,1,0,-0.5138887763023376,-0.26072782278060913,1,0,-0.4946068823337555,-0.2484884411096573,1,0.00006103515625,-0.47170451283454895,-0.2297760397195816,1,0.00006103515625,-0.4451904594898224,-0.20405100286006927,1,0.00006103515625,-0.414678692817688,-0.1706950068473816,1,0,-0.3801768124103546,-0.12928524613380432,1,0.00006103515625,-0.34133803844451904,-0.07881897687911987,1,0.00006103515625,-0.2982840836048126,-0.01920873485505581,1,0.00006103515625,-0.25083127617836,0.050657402724027634,1,0.00006103515625,-0.1986035853624344,0.13111814856529236,1,0,-0.1417209953069687,0.22289039194583893,1,0.00006103515625,-0.07985434681177139,0.327027291059494,1,0,-0.012970279902219772,0.4435140788555145,1,0.00006103515625,0.059179987758398056,0.5738345384597778,1,0,0.13659337162971497,0.7182909846305847,1,0.00006103515625,0.21961766481399536,0.8777206540107727,1,0.00006103515625,0.30821704864501953,1.0530835390090942,1,-0.0001220703125,0.40242186188697815,1.2446945905685425,1,0,-0.0162246972322464,0.7122083306312561,1,0,-0.028564218431711197,0.7109611630439758,1,0.0001220703125,-0.04191720113158226,0.7087361216545105,1,0.0001220703125,-0.056206200271844864,0.7054336071014404,1,0,-0.07135097682476044,0.7009688019752502,1,0.0001220703125,-0.08723144978284836,0.6952692270278931,1,0.0001220703125,-0.10377533733844757,0.6882723569869995,1,0.0001220703125,-0.12094365060329437,0.6799235939979553,1,0,-0.13852013647556305,0.6702104210853577,1,0.0001220703125,-0.15660996735095978,0.6590709090232849,1,0,-0.1749107390642166,0.6465490460395813,1,0.0001220703125,-0.19350571930408478,0.6325775384902954,1,0,-0.21217037737369537,0.6172521114349365,1,0,-0.23100678622722626,0.600513756275177,1,0,-0.24964748322963715,0.5825024843215942,1,0.0001220703125,-0.2682909369468689,0.5631473660469055,1,0.0001220703125,-0.2865852117538452,0.5426701307296753,1,0,-0.3047542870044708,0.5209742188453674,1,0.0001220703125,-0.3223218321800232,0.49831557273864746,1,0.0001220703125,-0.3396166265010834,0.4746721088886261,1,0,-0.3562568128108978,0.45021799206733704,1,0.0001220703125,-0.37225475907325745,0.42508333921432495,1,0,-0.3874723017215729,0.3994021415710449,1,0,-0.40193280577659607,0.37330853939056396,1,0.0001220703125,-0.41530951857566833,0.3470524847507477,1,0,-0.42789918184280396,0.32061535120010376,1,0,-0.4392147362232208,0.294506311416626,1,0.0001220703125,-0.4494783282279968,0.2686184048652649,1,0,-0.4583970010280609,0.2433151751756668,1,0,-0.46589136123657227,0.21889199316501617,1,0,-0.4721526801586151,0.19534529745578766,1,0.0001220703125,-0.47662365436553955,0.1733187437057495,1,0,-0.47962936758995056,0.1526675671339035,1,0.0001220703125,-0.480745792388916,0.13411669433116913,1,0.0001220703125,-0.4803090989589691,0.11732363700866699,1,0.0001220703125,-0.4778156876564026,0.10323654115200043,1,0,-0.47347256541252136,0.09183229506015778,1,0.0001220703125,-0.46681031584739685,0.0837598666548729,1,0.0001220703125,-0.4583982229232788,0.07871837913990021,1,0,-0.4475283622741699,0.07760962098836899,1,0.0001220703125,-0.4342479705810547,0.08096680045127869,1,0.0001220703125,-0.4185592234134674,0.08867865055799484,1,0.0001220703125,-0.4005553722381592,0.10108275711536407,1,0,-0.37980028986930847,0.11921776086091995,1,0.0001220703125,-0.3563268184661865,0.14293938875198364,1,0.0001220703125,-0.3300493061542511,0.17305563390254974,1,0.0001220703125,-0.3011467158794403,0.2095387876033783,1,0,-0.26922792196273804,0.25324827432632446,1,0,-0.23420749604701996,0.30452147126197815,1,0.0001220703125,-0.19590182602405548,0.36424151062965393,1,0.0001220703125,-0.15468868613243103,0.4317769408226013,1,0.0001220703125,-0.10997939109802246,0.509062647819519,1,0.0001220703125,-0.061995729804039,0.5956385731697083,1,0.0001220703125,-0.010340698063373566,0.6925041079521179,1,0,0.044445525854825974,0.7995113134384155,1,0.0001220703125,0.10341271758079529,0.9184815287590027,1,0,0.1656467169523239,1.0488600730895996,1,0.0001220703125,0.23212483525276184,1.1916537284851074,1,0,0.30215275287628174,1.347334384918213,1,0.0001220703125,0.376722514629364,1.5174022912979126,1,0,0.454599529504776,1.7000352144241333,1,0.0001220703125,0.5373836159706116,1.8992441892623901,1,0,0.6239551305770874,2.1132044792175293,1,0,0.7150521278381348,2.343302011489868,1,-0.00006103515625,-0.09271129220724106,0.5279760360717773,1,0.00006103515625,0.12731659412384033,0.5370420217514038,1,0.00006103515625,0.3279370665550232,0.5610654354095459,1,0,0.5097823739051819,0.5979065299034119,1,0.00006103515625,0.6735296845436096,0.6455295085906982,1,0.00006103515625,0.8197717070579529,0.7019849419593811,1,0.00006103515625,0.949164867401123,0.7654291391372681,1,0.00006103515625,1.062363862991333,0.8341224193572998,1,0.00006103515625,1.1599488258361816,0.9063916206359863,1,0.00006103515625,1.2426282167434692,0.9807046055793762,1,0.00006103515625,1.3110114336013794,1.0556056499481201,1,0.00006103515625,1.3656814098358154,1.1297104358673096,1,0.00006103515625,1.407387375831604,1.2017931938171387,1,0.00006103515625,1.4366443157196045,1.2706488370895386,1,0.00006103515625,1.4542559385299683,1.3352638483047485,1,0.00006103515625,1.4606602191925049,1.3946220874786377,1,0,1.456593632698059,1.447865605354309,1,0.00006103515625,1.4427211284637451,1.4942117929458618,1,0.00006103515625,1.4196593761444092,1.533044695854187,1,0.00006103515625,1.387998104095459,1.5636897087097168,1,0.00006103515625,1.3483891487121582,1.5856989622116089,1,0.00006103515625,1.3016139268875122,1.5987495183944702,1,0,1.2480380535125732,1.60247004032135,1,0,1.1884831190109253,1.5966603755950928,1,0,1.1236457824707031,1.5814001560211182,1,0,1.0539673566818237,1.556449294090271,1,0.00006103515625,0.98027104139328,1.5220831632614136,1,0.00006103515625,0.9030958414077759,1.4784486293792725,1,0.00006103515625,0.8229916095733643,1.425742506980896,1,0.00006103515625,0.7408822178840637,1.3646807670593262,1,0.00006103515625,0.6570589542388916,1.2952769994735718,1,0.00006103515625,0.572405993938446,1.2185410261154175,1,0.00006103515625,0.48745062947273254,1.1349228620529175,1,0.00006103515625,0.4028578996658325,1.0453027486801147,1,0.00006103515625,0.3192172646522522,0.9504544734954834,1,0.00006103515625,0.23735184967517853,0.8516250252723694,1,0.00006103515625,0.15764398872852325,0.7495217323303223,1,0,0.08080672472715378,0.6455495357513428,1,0.00006103515625,0.007651527412235737,0.5409991145133972,1,0.00006103515625,-0.06135274097323418,0.43711209297180176,1,0,-0.12559275329113007,0.33547165989875793,1,0.00006103515625,-0.18438014388084412,0.23742958903312683,1,0.00006103515625,-0.23689113557338715,0.14506402611732483,1,0,-0.28292810916900635,0.0597199946641922,1,0,-0.3214125335216522,-0.016698244959115982,1,0.00006103515625,-0.3518802225589752,-0.08199083805084229,1,0,-0.3738596737384796,-0.13422128558158875,1,0.00006103515625,-0.386395126581192,-0.17147314548492432,1,0.00006103515625,-0.38895609974861145,-0.19097433984279633,1,0.00006103515625,-0.3810809552669525,-0.1908869594335556,1,0,-0.36202892661094666,-0.16876834630966187,1,0.00006103515625,-0.33111467957496643,-0.12169778347015381,1,0.00006103515625,-0.2875857353210449,-0.04720383137464523,1,0.00006103515625,-0.23113127052783966,0.05744592845439911,1,0.00006103515625,-0.16080240905284882,0.1947288066148758,1,0.00006103515625,-0.07618864625692368,0.36825311183929443,1,0.00006103515625,0.023527776822447777,0.5802977085113525,1,0,0.13878507912158966,0.8346246480941772,1,0.00006103515625,0.2705213725566864,1.1340854167938232,1,0,0.41899457573890686,1.4822345972061157,1,0,0.5851696729660034,1.8822202682495117,1,0,0.7695828080177307,2.337643623352051,1,0.00006103515625,0.972848653793335,2.8523523807525635,1,-0.0001220703125,1.1954331398010254,3.4296247959136963,1,0.000244140625,-0.14138847589492798,0.5267453193664551,1,0,0.140150785446167,0.536320686340332,1,0,0.4002832770347595,0.5632654428482056,1,0,0.6396276950836182,0.6054648756980896,1,0,0.8588173985481262,0.6608889698982239,1,0,1.058471918106079,0.7275925874710083,1,0,1.2392339706420898,0.8037217855453491,1,-0.00006103515625,1.4016579389572144,0.8874865174293518,1,-0.00006103515625,1.546514630317688,0.9772385358810425,1,0,1.6742570400238037,1.0713157653808594,1,-0.00006103515625,1.7856661081314087,1.168256402015686,1,-0.00006103515625,1.8812086582183838,1.266582727432251,1,-0.00006103515625,1.961708903312683,1.3650058507919312,1,0,2.0275824069976807,1.4621855020523071,1,0,2.0796520709991455,1.557036280632019,1,0,2.1183485984802246,1.648366928100586,1,0,2.144482135772705,1.735276222229004,1,-0.00006103515625,2.158499240875244,1.8167405128479004,1,0,2.1612448692321777,1.8920396566390991,1,-0.00006103515625,2.1530838012695312,1.9602981805801392,1,-0.00006103515625,2.1348843574523926,2.020975351333618,1,0,2.1071248054504395,2.073381185531616,1,-0.00006103515625,2.070518732070923,2.117129325866699,1,-0.00006103515625,2.0255582332611084,2.1516940593719482,1,-0.00006103515625,1.9730451107025146,2.176891803741455,1,-0.00006103515625,1.9134243726730347,2.1922802925109863,1,0,1.8475251197814941,2.1980457305908203,1,-0.00006103515625,1.7757331132888794,2.193694829940796,1,-0.00006103515625,1.6989109516143799,2.1796083450317383,1,-0.00006103515625,1.6175881624221802,2.1557188034057617,1,0,1.53227698802948,2.122169256210327,1,-0.00006103515625,1.4437494277954102,2.0794005393981934,1,0,1.3526651859283447,2.027651309967041,1,0,1.2595821619033813,1.9674714803695679,1,0,1.164922833442688,1.8990861177444458,1,0,1.0697154998779297,1.8235957622528076,1,0,0.9742792248725891,1.7413365840911865,1,0,0.8794436454772949,1.6532663106918335,1,-0.00006103515625,0.7854924201965332,1.5599852800369263,1,0,0.6935230493545532,1.4629794359207153,1,0,0.603891134262085,1.3628087043762207,1,0,0.51724773645401,1.260804295539856,1,-0.00006103515625,0.43404343724250793,1.158035159111023,1,0,0.35538122057914734,1.0561294555664062,1,-0.00006103515625,0.28140902519226074,0.9560161828994751,1,0,0.2131568342447281,0.8596803545951843,1,-0.00006103515625,0.15072254836559296,0.7679871916770935,1,0,0.09521444141864777,0.6833955645561218,1,0,0.04712110385298729,0.6070917844772339,1,-0.00006103515625,0.00702568469569087,0.5409605503082275,1,0,-0.024509452283382416,0.48695600032806396,1,-0.00006103515625,-0.04672716557979584,0.4471147060394287,1,-0.00006103515625,-0.05914246663451195,0.4234343469142914,1,-0.00006103515625,-0.060927458107471466,0.41819170117378235,1,0,-0.051633335649967194,0.43315672874450684,1,0,-0.03050362691283226,0.4714182913303375,1,0,0.002956931944936514,0.5348467826843262,1,-0.00006103515625,0.049390945583581924,0.6260558366775513,1,0,0.10949039459228516,0.7474451065063477,1,-0.00006103515625,0.1838352233171463,0.9022595882415771,1,0,0.2732304334640503,1.0925410985946655,1,-0.00006103515625,0.3779557943344116,1.3215886354446411,1,0,0.49900099635124207,1.5920206308364868,1,0.0001220703125,0.6367661952972412,1.907163381576538,1,-0.0001220703125,0.020220020785927773,0.5981940031051636,1,0.00006103515625,0.04136032611131668,0.5999855995178223,1,0.00006103515625,0.06090714409947395,0.6030980348587036,1,0.00006103515625,0.07893288880586624,0.607374906539917,1,0.00006103515625,0.09546934813261032,0.6126648783683777,1,0.00006103515625,0.11063580960035324,0.6188352108001709,1,0.00006103515625,0.12438414990901947,0.6257379651069641,1,0.00006103515625,0.13691921532154083,0.6332661509513855,1,0,0.14813320338726044,0.6412798762321472,1,0.00006103515625,0.15825502574443817,0.649705708026886,1,0.00006103515625,0.1671987920999527,0.6584030389785767,1,0,0.17509880661964417,0.6673028469085693,1,0.00006103515625,0.18197816610336304,0.6763142347335815,1,0,0.1879507452249527,0.6853639483451843,1,0.00006103515625,0.19299955666065216,0.6943829655647278,1,0.00006103515625,0.19720833003520966,0.7032873630523682,1,0.00006103515625,0.2007143348455429,0.7120831608772278,1,0.00006103515625,0.20342305302619934,0.7206419110298157,1,0,0.20548950135707855,0.7289859056472778,1,0,0.20696021616458893,0.7370579242706299,1,0.00006103515625,0.20799848437309265,0.7449091672897339,1,0.00006103515625,0.20843572914600372,0.7524192333221436,1,0.00006103515625,0.20843032002449036,0.7596240639686584,1,0.00006103515625,0.20809736847877502,0.7665387392044067,1,0,0.20748929679393768,0.7732230424880981,1,0,0.2065850794315338,0.7795832753181458,1,0.00006103515625,0.20554953813552856,0.7857020497322083,1,0.00006103515625,0.20429541170597076,0.7916391491889954,1,0.00006103515625,0.20312273502349854,0.7975319623947144,1,0.00006103515625,0.20168769359588623,0.8030480146408081,1,0.00006103515625,0.20049285888671875,0.8087766170501709,1,0.00006103515625,0.19936151802539825,0.8144705295562744,1,0,0.1982073336839676,0.8200697302818298,1,0,0.19748669862747192,0.8260261416435242,1,0,0.19700409471988678,0.8322857022285461,1,0.00006103515625,0.19671857357025146,0.8387107253074646,1,0.00006103515625,0.19703057408332825,0.8458923697471619,1,0.00006103515625,0.19758246839046478,0.8533846735954285,1,0,0.19865930080413818,0.8617960810661316,1,0,0.20045995712280273,0.8709842562675476,1,0,0.20264898240566254,0.881036102771759,1,0.00006103515625,0.20574261248111725,0.8924124240875244,1,0.00006103515625,0.20958566665649414,0.9050111174583435,1,0.00006103515625,0.21399861574172974,0.9189885258674622,1,0.00006103515625,0.21946598589420319,0.9347432255744934,1,0,0.22564513981342316,0.9519737958908081,1,0,0.23291943967342377,0.9715689420700073,1,0.00006103515625,0.24136289954185486,0.9932434558868408,1,0.00006103515625,0.2505771815776825,1.0169874429702759,1,0.00006103515625,0.2611709535121918,1.043723464012146,1,0,0.27289435267448425,1.0732284784317017,1,0.00006103515625,0.2857395112514496,1.105492115020752,1,0.00006103515625,0.3001846969127655,1.141396164894104,1,0.00006103515625,0.31572580337524414,1.180399775505066,1,0,0.33282244205474854,1.2236469984054565,1,0.00006103515625,0.351502925157547,1.2707008123397827,1,0,0.3714882731437683,1.321933388710022,1,0.00006103515625,0.39328357577323914,1.377975344657898,1,0.00006103515625,0.41671690344810486,1.4388179779052734,1,0.00006103515625,0.4417945444583893,1.5046768188476562,1,0,0.46857622265815735,1.5758748054504395,1,0,0.4975431561470032,1.653225302696228,1,0,0.5280759930610657,1.7363966703414917,1,-0.000244140625,0.5604066252708435,1.8257811069488525,1,0,0,0,0,0,0,0,0,0,0,0,0,0,0,0,0,0,0,0,0,0,0,0,0,0,0,0,0,0,0,0,0,0,0,0,0,0,0,0,0,0,0,0,0,0,0,0,0,0,0,0,0,0,0,0,0,0,0,0,0,0,0,0,0,0,0,0,0,0,0,0,0,0,0,0,0,0,0,0,0,0,0,0,0,0,0,0,0,0,0,0,0,0,0,0,0,0,0,0,0,0,0,0,0,0,0,0,0,0,0,0,0,0,0,0,0,0,0,0,0,0,0,0,0,0,0,0,0,0,0,0,0,0,0,0,0,0,0,0,0,0,0,0,0,0,0,0,0,0,0,0,0,0,0,0,0,0,0,0,0,0,0,0,0,0,0,0,0,0,0,0,0,0,0,0,0,0,0,0,0,0,0,0,0,0,0,0,0,0,0,0,0,0,0,0,0,0,0,0,0,0,0,0,0,0,0,0,0,0,0,0,0,0,0,0,0,0,0,0,0,0,0,0,0,0,0,0,0,0,0,0,0,0,0,0,0,0,0,0,0,0,0,0,0,0,0,0,0,0,0,0,0,0,0,0,0,0,0.005400399211794138,0.4667913019657135,1,0.00006103515625,0.01587318256497383,0.4674334228038788,1,0.00006103515625,0.023282095789909363,0.46848034858703613,1,0.00006103515625,0.02773640677332878,0.4696637988090515,1,0.00006103515625,0.029421165585517883,0.47073787450790405,1,0.00006103515625,0.02845410816371441,0.47147247195243835,1,0.00006103515625,0.024976128712296486,0.4716513752937317,1,0.00006103515625,0.01916583441197872,0.4710814952850342,1,0.00006103515625,0.011142025701701641,0.46959152817726135,1,0.00006103515625,0.0010478993644937873,0.46700894832611084,1,0.00006103515625,-0.0109505420550704,0.46320822834968567,1,0.00006103515625,-0.024718157947063446,0.4580538868904114,1,0.00006103515625,-0.040167614817619324,0.45142728090286255,1,0.00006103515625,-0.05702202022075653,0.44327157735824585,1,0.00006103515625,-0.07523950189352036,0.4334939420223236,1,0.00006103515625,-0.09466422349214554,0.42204123735427856,1,0.00006103515625,-0.11511264741420746,0.4088945984840393,1,0,-0.13650618493556976,0.3939913809299469,1,0,-0.15859761834144592,0.37740203738212585,1,0.00006103515625,-0.18131917715072632,0.3590839207172394,1,0.00006103515625,-0.20450203120708466,0.33910006284713745,1,0.00006103515625,-0.2279755175113678,0.3174741268157959,1,0,-0.2517150640487671,0.29432860016822815,1,0.00006103515625,-0.27534234523773193,0.26973456144332886,1,0.00006103515625,-0.29896289110183716,0.24372518062591553,1,0.00006103515625,-0.3222881853580475,0.2165454477071762,1,0.00006103515625,-0.34518322348594666,0.1882513463497162,1,0.00006103515625,-0.36757469177246094,0.1590040922164917,1,0.00006103515625,-0.389204740524292,0.1290580779314041,1,0,-0.4100503921508789,0.09847529232501984,1,0.00006103515625,-0.4298624098300934,0.0676063820719719,1,0.00006103515625,-0.44855064153671265,0.036604832857847214,1,0.00006103515625,-0.46595486998558044,0.005771453492343426,1,0.00006103515625,-0.4819854199886322,-0.024838341400027275,1,0.00006103515625,-0.4963865280151367,-0.0545646958053112,1,0.00006103515625,-0.5090691447257996,-0.08338054269552231,1,0.00006103515625,-0.5198679566383362,-0.11094143986701965,1,0,-0.5287193059921265,-0.13687722384929657,1,0.00006103515625,-0.5353394150733948,-0.16074207425117493,1,0,-0.5398388504981995,-0.1823413223028183,1,0.00006103515625,-0.5416970252990723,-0.2011037915945053,1,0,-0.5410515069961548,-0.21679113805294037,1,0.00006103515625,-0.537640392780304,-0.2288801074028015,1,0.00006103515625,-0.5313804745674133,-0.2369242161512375,1,0,-0.5221419334411621,-0.24053986370563507,1,0.00006103515625,-0.5096271634101868,-0.23915289342403412,1,0.00006103515625,-0.4938356280326843,-0.23238366842269897,1,0,-0.474624365568161,-0.21957090497016907,1,0.00006103515625,-0.45173153281211853,-0.2002248466014862,1,0.00006103515625,-0.4251660406589508,-0.17386692762374878,1,0.00006103515625,-0.39466381072998047,-0.13993984460830688,1,0.00006103515625,-0.3601105213165283,-0.09789876639842987,1,0,-0.3213919997215271,-0.04690340906381607,1,0.00006103515625,-0.27829793095588684,0.013377091847360134,1,0.00006103515625,-0.23079366981983185,0.08381122350692749,1,0,-0.17868907749652863,0.16491612792015076,1,0.00006103515625,-0.12170253694057465,0.25729992985725403,1,0.00006103515625,-0.059845469892024994,0.36200255155563354,1,0.00006103515625,0.007090060971677303,0.4791763126850128,1,0.00006103515625,0.07916972041130066,0.6100608706474304,1,0.00006103515625,0.15663456916809082,0.7551417946815491,1,0.00006103515625,0.23958824574947357,0.9151950478553772,1,0,0.32818010449409485,1.0910627841949463,1,0,0.4225079417228699,1.2835429906845093,1,-0.000244140625,0.0037643162067979574,0.7125673890113831,1,0.0001220703125,-0.00856087077409029,0.7120386958122253,1,0.0001220703125,-0.021918080747127533,0.7105317711830139,1,0.0001220703125,-0.03620964288711548,0.7079476118087769,1,0,-0.051349349319934845,0.7042011618614197,1,0.0001220703125,-0.06723238527774811,0.6992190480232239,1,0.0001220703125,-0.08377119898796082,0.6929421424865723,1,0,-0.1009649783372879,0.6853089928627014,1,0,-0.11852112412452698,0.6763158440589905,1,0.0001220703125,-0.136605903506279,0.6658968925476074,1,0.0001220703125,-0.15487638115882874,0.6540955901145935,1,0.0001220703125,-0.17350678145885468,0.6408385634422302,1,0,-0.19219687581062317,0.6262295246124268,1,0.0001220703125,-0.21098117530345917,0.6102125644683838,1,0.0001220703125,-0.22962987422943115,0.5929275751113892,1,0,-0.24831749498844147,0.574273407459259,1,0.0001220703125,-0.2665914297103882,0.5545222759246826,1,0,-0.2847706973552704,0.5335454344749451,1,0,-0.30237895250320435,0.5115834474563599,1,0,-0.3196839392185211,0.48865246772766113,1,0.0001220703125,-0.33619561791419983,0.4649676978588104,1,0,-0.35228145122528076,0.44051313400268555,1,0,-0.3674786388874054,0.41556888818740845,1,0,-0.3819188177585602,0.39018985629081726,1,0.0001220703125,-0.39530572295188904,0.36465656757354736,1,0,-0.40790557861328125,0.3389350473880768,1,0.0001220703125,-0.4191710650920868,0.31356436014175415,1,0,-0.4295051395893097,0.28833284974098206,1,0.0001220703125,-0.4383693039417267,0.26380398869514465,1,0,-0.4459385275840759,0.2400796115398407,1,0.0001220703125,-0.4520799517631531,0.21729786694049835,1,0,-0.4566912055015564,0.19589003920555115,1,0,-0.4596461057662964,0.1760116070508957,1,0,-0.46083369851112366,0.15813486278057098,1,0.0001220703125,-0.46034616231918335,0.14210036396980286,1,0,-0.4578629732131958,0.12870365381240845,1,0.0001220703125,-0.4533868134021759,0.11809910088777542,1,0.0001220703125,-0.44681692123413086,0.11064757406711578,1,0.0001220703125,-0.4383540153503418,0.10636676102876663,1,0.0001220703125,-0.42740556597709656,0.10601504892110825,1,0.0001220703125,-0.41422414779663086,0.1100541427731514,1,0.0001220703125,-0.39854559302330017,0.11844436079263687,1,0,-0.38061296939849854,0.13151966035366058,1,0,-0.35980701446533203,0.15050192177295685,1,0,-0.33640480041503906,0.17481951415538788,1,0.0001220703125,-0.31007641553878784,0.20576880872249603,1,0.0001220703125,-0.28118401765823364,0.24289478361606598,1,0.0001220703125,-0.24910809099674225,0.28745463490486145,1,0.0001220703125,-0.21409566700458527,0.3394823670387268,1,0,-0.1759697049856186,0.39966651797294617,1,0.0001220703125,-0.13464468717575073,0.4680604636669159,1,0,-0.09012869745492935,0.5459534525871277,1,0,-0.04203316941857338,0.6332516670227051,1,0.0001220703125,0.009611694142222404,0.7309545278549194,1,0,0.0643877163529396,0.8386697769165039,1,0.0001220703125,0.12334470450878143,0.9583410024642944,1,0,0.18569058179855347,1.0894134044647217,1,0.0001220703125,0.2521584928035736,1.232893943786621,1,0.0001220703125,0.32230663299560547,1.3895155191421509,1,0.0001220703125,0.3967358469963074,1.5601168870925903,1,0.0001220703125,0.4747374653816223,1.7436861991882324,1,0.0001220703125,0.557376503944397,1.9434046745300293,1,0.0001220703125,0.6440770626068115,2.158174753189087,1,-0.000244140625,0.7347171306610107,2.3883817195892334,1,0.00006103515625,-0.07271083444356918,0.528357982635498,1,0.00006103515625,0.14731618762016296,0.5381879806518555,1,0.00006103515625,0.3479348123073578,0.5629757046699524,1,0.00006103515625,0.5297858715057373,0.6005809307098389,1,0.00006103515625,0.6935275197029114,0.6489672660827637,1,0.00006103515625,0.8397753238677979,0.7061870694160461,1,0,0.9691578149795532,0.7703948616981506,1,0.00006103515625,1.0823637247085571,0.8398510217666626,1,0.00006103515625,1.1799391508102417,0.9128862619400024,1,0,1.262627363204956,0.9879614114761353,1,0.00006103515625,1.3310133218765259,1.0636281967163086,1,0.00006103515625,1.3856890201568604,1.138494849205017,1,0.00006103515625,1.427400827407837,1.2113440036773682,1,0.00006103515625,1.4566482305526733,1.280962586402893,1,0.00006103515625,1.474250316619873,1.3463411331176758,1,0,1.4806411266326904,1.406457543373108,1,0.00006103515625,1.4766148328781128,1.4604793787002563,1,0.00006103515625,1.4627175331115723,1.5075831413269043,1,0.00006103515625,1.4396541118621826,1.5471811294555664,1,0,1.4079821109771729,1.5785762071609497,1,0.00006103515625,1.3683875799179077,1.6013617515563965,1,0.00006103515625,1.3216029405593872,1.6151872873306274,1,0.00006103515625,1.2680480480194092,1.6196835041046143,1,0.00006103515625,1.2085140943527222,1.6146347522735596,1,0.00006103515625,1.143667221069336,1.6001359224319458,1,0.00006103515625,1.073979377746582,1.5759319067001343,1,0,1.0002415180206299,1.542311429977417,1,0.00006103515625,0.9230888485908508,1.4994568824768066,1,0.00006103515625,0.8430056571960449,1.4475144147872925,1,0.00006103515625,0.7608867287635803,1.3872170448303223,1,0.00006103515625,0.6770540475845337,1.3185778856277466,1,0,0.5923537015914917,1.2425686120986938,1,0.00006103515625,0.5074571967124939,1.1597397327423096,1,0,0.4228147864341736,1.070874810218811,1,0.00006103515625,0.3392353653907776,0.9768199920654297,1,0.00006103515625,0.25736045837402344,0.8787428140640259,1,0.00006103515625,0.1776736080646515,0.7774075865745544,1,0.00006103515625,0.10088789463043213,0.6742192506790161,1,0.00006103515625,0.027662167325615883,0.5704075694084167,1,0.00006103515625,-0.041351594030857086,0.4672749936580658,1,0.00006103515625,-0.10554006695747375,0.3664354085922241,1,0.00006103515625,-0.16433696448802948,0.2691183388233185,1,0.00006103515625,-0.21691849827766418,0.1775241643190384,1,0.00006103515625,-0.26284289360046387,0.09299787878990173,1,0.00006103515625,-0.30133679509162903,0.017352137714624405,1,0.00006103515625,-0.3318749964237213,-0.04727423936128616,1,0.00006103515625,-0.3538029193878174,-0.09863950312137604,1,0.00006103515625,-0.36640894412994385,-0.1351935714483261,1,0.00006103515625,-0.36897939443588257,-0.15392008423805237,1,0.00006103515625,-0.361050546169281,-0.1530989557504654,1,0.00006103515625,-0.3420102000236511,-0.13011722266674042,1,0.00006103515625,-0.3111054599285126,-0.08234665542840958,1,0,-0.2676483690738678,-0.007139578927308321,1,0.00006103515625,-0.21114102005958557,0.09830562770366669,1,0.00006103515625,-0.1408216655254364,0.23633597791194916,1,0.00006103515625,-0.056156355887651443,0.4106236398220062,1,0.00006103515625,0.043489545583724976,0.6235083937644958,1,0.00006103515625,0.15885941684246063,0.8786302208900452,1,0.00006103515625,0.2905251979827881,1.1787797212600708,1,0.00006103515625,0.43911096453666687,1.5277553796768188,1,0,0.6051545143127441,1.9284613132476807,1,0,0.7895581722259521,2.3846819400787354,1,0.00006103515625,0.9928144812583923,2.9001424312591553,1,-0.0001220703125,1.2153526544570923,3.478146553039551,1,0,-0.12139946222305298,0.5270857810974121,1,0,0.1601492166519165,0.5373433232307434,1,0,0.42028316855430603,0.564969539642334,1,0,0.6596328616142273,0.6078507900238037,1,0,0.8788203001022339,0.663956880569458,1,-0.00006103515625,1.078472375869751,0.7313418388366699,1,0,1.2592321634292603,0.8081528544425964,1,-0.00006103515625,1.4216537475585938,0.8925997614860535,1,-0.00006103515625,1.5665158033370972,0.9830334186553955,1,0,1.6942483186721802,1.077791690826416,1,0,1.8056745529174805,1.175417184829712,1,-0.00006103515625,1.9012104272842407,1.2744249105453491,1,-0.00006103515625,1.9817159175872803,1.373529314994812,1,-0.00006103515625,2.0475642681121826,1.471384048461914,1,0,2.09965443611145,1.566922664642334,1,-0.00006103515625,2.1383259296417236,1.658931016921997,1,0,2.164510488510132,1.7465307712554932,1,-0.00006103515625,2.1785175800323486,1.8286678791046143,1,0,2.18125319480896,1.9046525955200195,1,0,2.1731035709381104,1.9736016988754272,1,-0.00006103515625,2.1549034118652344,2.034952163696289,1,-0.00006103515625,2.127103328704834,2.088036060333252,1,0,2.0905420780181885,2.1324775218963623,1,0,2.0455727577209473,2.1677162647247314,1,0,1.9930506944656372,2.193608522415161,1,-0.00006103515625,1.9334239959716797,2.209669351577759,1,-0.00006103515625,1.867514729499817,2.2161083221435547,1,0,1.795772910118103,2.2124502658843994,1,-0.00006103515625,1.7189111709594727,2.199033260345459,1,0,1.6376101970672607,2.175849199295044,1,-0.00006103515625,1.5522267818450928,2.1429619789123535,1,-0.00006103515625,1.4637503623962402,2.100847005844116,1,0,1.372655987739563,2.0497870445251465,1,0,1.279563069343567,1.990301489830017,1,-0.00006103515625,1.1848938465118408,1.9225852489471436,1,-0.00006103515625,1.0896764993667603,1.847769021987915,1,0,0.9942913055419922,1.7662197351455688,1,-0.00006103515625,0.8993847370147705,1.678803563117981,1,-0.00006103515625,0.8054845333099365,1.586212158203125,1,-0.00006103515625,0.7135241627693176,1.4898720979690552,1,-0.00006103515625,0.6238633394241333,1.3903999328613281,1,0,0.5372099876403809,1.2891007661819458,1,0,0.4541020393371582,1.1870450973510742,1,-0.00006103515625,0.3753235340118408,1.085760235786438,1,0,0.30146342515945435,0.9863982796669006,1,-0.00006103515625,0.2330792397260666,0.8906662464141846,1,-0.00006103515625,0.17069602012634277,0.7996735572814941,1,-0.00006103515625,0.1151779294013977,0.7157570719718933,1,-0.00006103515625,0.06707462668418884,0.6401031017303467,1,-0.00006103515625,0.027030302211642265,0.5747184157371521,1,-0.00006103515625,-0.004575843922793865,0.5213130116462708,1,-0.00006103515625,-0.026742495596408844,0.48216748237609863,1,0,-0.039112117141485214,0.45926934480667114,1,0,-0.04084497317671776,0.45473483204841614,1,-0.00006103515625,-0.03173958510160446,0.4702669382095337,1,-0.00006103515625,-0.010558814741671085,0.5091838836669922,1,0,0.02295280620455742,0.5733645558357239,1,0,0.06943773478269577,0.6653000712394714,1,-0.00006103515625,0.1294044554233551,0.7872673273086548,1,0,0.20392517745494843,0.9428855776786804,1,-0.00006103515625,0.2931253910064697,1.1337529420852661,1,0,0.39802390336990356,1.3635480403900146,1,-0.00006103515625,0.5189370512962341,1.6345798969268799,1,0,0.6566624045372009,1.9503180980682373,1,-0.0001220703125,0.04021666198968887,0.5985387563705444,1,0.00006103515625,0.061359062790870667,0.6010204553604126,1,0.00006103515625,0.08090747892856598,0.6048227548599243,1,0.00006103515625,0.09893101453781128,0.6097894310951233,1,0.00006103515625,0.11546525359153748,0.6157689690589905,1,0.00006103515625,0.13063713908195496,0.6226300597190857,1,0.00006103515625,0.14439089596271515,0.630223274230957,1,0.00006103515625,0.15691611170768738,0.6384416222572327,1,0.00006103515625,0.16814550757408142,0.6471450328826904,1,0.00006103515625,0.17826275527477264,0.6562626361846924,1,0.00006103515625,0.18719667196273804,0.6656455397605896,1,0.00006103515625,0.19511526823043823,0.6752392053604126,1,0.00006103515625,0.2019716203212738,0.6849403977394104,1,0,0.20794962346553802,0.6946767568588257,1,0.00006103515625,0.21298860013484955,0.704380214214325,1,0.00006103515625,0.21721802651882172,0.7139745354652405,1,0.00006103515625,0.22071419656276703,0.7234694957733154,1,0.00006103515625,0.22341307997703552,0.7327214479446411,1,0,0.2255001962184906,0.741752564907074,1,0,0.22696106135845184,0.7505134344100952,1,0.00006103515625,0.22798947989940643,0.7590551376342773,1,0.00006103515625,0.22841688990592957,0.7672420740127563,1,0.00006103515625,0.22843216359615326,0.7751482129096985,1,0.00006103515625,0.2280893474817276,0.782742977142334,1,0.00006103515625,0.22752881050109863,0.7901284098625183,1,0,0.2265879064798355,0.7971755266189575,1,0.00006103515625,0.22554253041744232,0.8039869666099548,1,0.00006103515625,0.2243090569972992,0.8106106519699097,1,0.00006103515625,0.22309604287147522,0.8171993494033813,1,0.00006103515625,0.22171218693256378,0.8233900666236877,1,0.00006103515625,0.22050748765468597,0.8298330903053284,1,0.00006103515625,0.21936632692813873,0.8362201452255249,1,0,0.21820229291915894,0.8424913287162781,1,0,0.21747179329395294,0.8491593599319458,1,0,0.21704040467739105,0.8561094403266907,1,0.00006103515625,0.2167450189590454,0.8632036447525024,1,0.00006103515625,0.21704719960689545,0.8710942268371582,1,0.00006103515625,0.21758922934532166,0.8792437314987183,1,0.00006103515625,0.21869780123233795,0.8883804678916931,1,0,0.22044704854488373,0.8982465863227844,1,0,0.2226872593164444,0.9089834094047546,1,0.00006103515625,0.22577102482318878,0.9210540056228638,1,0.00006103515625,0.22954322397708893,0.9343256950378418,1,0.00006103515625,0.2340073585510254,0.9490159153938293,1,0.00006103515625,0.2394648939371109,0.9654011726379395,1,0,0.24563419818878174,0.9833629727363586,1,0,0.252959668636322,1.003607153892517,1,0.00006103515625,0.26133227348327637,1.026031494140625,1,0.00006103515625,0.2705977261066437,1.0504430532455444,1,0.00006103515625,0.281181663274765,1.0778864622116089,1,0.00006103515625,0.29294946789741516,1.1081256866455078,1,0.00006103515625,0.30573055148124695,1.1410059928894043,1,0.00006103515625,0.3201659023761749,1.177614688873291,1,0.00006103515625,0.33569714426994324,1.217362642288208,1,0,0.3527839481830597,1.2612109184265137,1,0,0.3714545965194702,1.3089666366577148,1,0,0.3914911150932312,1.3608797788619995,1,0.00006103515625,0.4133376181125641,1.4177032709121704,1,0.00006103515625,0.43676111102104187,1.4791229963302612,1,0.00006103515625,0.46182891726493835,1.5457818508148193,1,0,0.4886007308959961,1.6176364421844482,1,0.00006103515625,0.5176236629486084,1.6956931352615356,1,0,0.5480808019638062,1.7795299291610718,1,-0.0001220703125,0.5805709958076477,1.8696829080581665,1,0,0,0,0,0,0,0,0,0,0,0,0,0,0,0,0,0,0,0,0,0,0,0,0,0,0,0,0,0,0,0,0,0,0,0,0,0,0,0,0,0,0,0,0,0,0,0,0,0,0,0,0,0,0,0,0,0,0,0,0,0,0,0,0,0,0,0,0,0,0,0,0,0,0,0,0,0,0,0,0,0,0,0,0,0,0,0,0,0,0,0,0,0,0,0,0,0,0,0,0,0,0,0,0,0,0,0,0,0,0,0,0,0,0,0,0,0,0,0,0,0,0,0,0,0,0,0,0,0,0,0,0,0,0,0,0,0,0,0,0,0,0,0,0,0,0,0,0,0,0,0,0,0,0,0,0,0,0,0,0,0,0,0,0,0,0,0,0,0,0,0,0,0,0,0,0,0,0,0,0,0,0,0,0,0,0,0,0,0,0,0,0,0,0,0,0,0,0,0,0,0,0,0,0,0,0,0,0,0,0,0,0,0,0,0,0,0,0,0,0,0,0,0,0,0,0,0,0,0,0,0,0,0,0,0,0,0,0,0,0,0,0,0,0,0,0,0,0,0,0,0,0,0,0,0,0,-0.000244140625,-0.014458914287388325,0.4664889872074127,1,0.00006103515625,-0.003669367404654622,0.4665411114692688,1,0.00006103515625,0.004041652195155621,0.4670163691043854,1,0.00006103515625,0.008809035643935204,0.4676467776298523,1,0,0.010786020196974277,0.4681856036186218,1,0.00006103515625,0.010130145587027073,0.4684049189090729,1,0.00006103515625,0.006955245044082403,0.4680863916873932,1,0.00006103515625,0.0014551797648891807,0.46703752875328064,1,0.00006103515625,-0.006274137180298567,0.46508660912513733,1,0,-0.016068745404481888,0.4620610773563385,1,0.00006103515625,-0.02775932289659977,0.45783689618110657,1,0.00006103515625,-0.041219562292099,0.452277809381485,1,0.00006103515625,-0.05636211112141609,0.4452657401561737,1,0,-0.07292535156011581,0.4367368519306183,1,0.00006103515625,-0.09083688259124756,0.42661213874816895,1,0,-0.10995620489120483,0.4148256480693817,1,0.00006103515625,-0.1300995647907257,0.40137261152267456,1,0.00006103515625,-0.15115806460380554,0.3861736059188843,1,0.00006103515625,-0.17294548451900482,0.3693130612373352,1,0.00006103515625,-0.1953825205564499,0.35073336958885193,1,0,-0.21828319132328033,0.33050867915153503,1,0.00006103515625,-0.24143503606319427,0.3086678087711334,1,0.00006103515625,-0.2648428976535797,0.28532764315605164,1,0,-0.2882227301597595,0.26053303480148315,1,0,-0.3115439713001251,0.23436254262924194,1,0.00006103515625,-0.3345094323158264,0.2070368379354477,1,0.00006103515625,-0.35713663697242737,0.17862574756145477,1,0.00006103515625,-0.37919971346855164,0.14927391707897186,1,0,-0.40055978298187256,0.11922207474708557,1,0.00006103515625,-0.4210506081581116,0.08859829604625702,1,0.00006103515625,-0.44059544801712036,0.05765516310930252,1,0.00006103515625,-0.45895814895629883,0.02663004770874977,1,0.00006103515625,-0.47603729367256165,-0.0042212712578475475,1,0.00006103515625,-0.491773784160614,-0.034829430282115936,1,0.00006103515625,-0.5058507919311523,-0.0645359456539154,1,0,-0.5183047652244568,-0.09331867098808289,1,0.00006103515625,-0.528746485710144,-0.12082378566265106,1,0.00006103515625,-0.5373109579086304,-0.14665310084819794,1,0,-0.5436708331108093,-0.17047038674354553,1,0.00006103515625,-0.5477884411811829,-0.19190378487110138,1,0,-0.5493873357772827,-0.21058186888694763,1,0.00006103515625,-0.5484219789505005,-0.22606925666332245,1,0.00006103515625,-0.5446709394454956,-0.23800814151763916,1,0.0001220703125,-0.5380517244338989,-0.245827317237854,1,0,-0.5285981297492981,-0.24926936626434326,1,0.00006103515625,-0.5157663226127625,-0.24766218662261963,1,0.00006103515625,-0.4996583163738251,-0.24064022302627563,1,0.00006103515625,-0.48013103008270264,-0.22749780118465424,1,0.00006103515625,-0.45696863532066345,-0.2079794853925705,1,0.00006103515625,-0.4300890266895294,-0.18134184181690216,1,0.00006103515625,-0.3992731273174286,-0.14710792899131775,1,0.00006103515625,-0.36440664529800415,-0.10465796291828156,1,0.00006103515625,-0.32537543773651123,-0.053259845823049545,1,0.00006103515625,-0.2820301949977875,0.007370186969637871,1,0.00006103515625,-0.2342047095298767,0.0781930461525917,1,0.00006103515625,-0.1817372888326645,0.159687340259552,1,0,-0.12455441802740097,0.25248080492019653,1,0.00006103515625,-0.062326934188604355,0.3576406240463257,1,0.00006103515625,0.004917493090033531,0.47528785467147827,1,0.00006103515625,0.07724453508853912,0.6066150665283203,1,0,0.15496020019054413,0.7521902918815613,1,0,0.23828144371509552,0.9127256274223328,1,0.00006103515625,0.3272383511066437,1.0892653465270996,1,-0.0001220703125,0.4217967092990875,1.2821681499481201,1,-0.0001220703125,-0.01604922115802765,0.7122116684913635,1,0,-0.028027528896927834,0.7109902501106262,1,0.0001220703125,-0.041023507714271545,0.7088168263435364,1,0,-0.05495684593915939,0.7055910229682922,1,0.0001220703125,-0.06972533464431763,0.7012307643890381,1,0,-0.08526036888360977,0.6956579685211182,1,0,-0.10145349055528641,0.6888169646263123,1,0,-0.11826252937316895,0.6806472539901733,1,0.0001220703125,-0.13545037806034088,0.6711450815200806,1,0.0001220703125,-0.1531999558210373,0.6602343916893005,1,0.0001220703125,-0.17110592126846313,0.6479751467704773,1,0.0001220703125,-0.1893785148859024,0.6342850923538208,1,0,-0.20768703520298004,0.6192644834518433,1,0,-0.22615879774093628,0.602860689163208,1,0,-0.24444156885147095,0.5852141380310059,1,0.0001220703125,-0.2627033293247223,0.5662503242492676,1,0,-0.2806915044784546,0.5461677312850952,1,0.0001220703125,-0.2984234690666199,0.5249406695365906,1,0.0001220703125,-0.3156905770301819,0.502724289894104,1,0,-0.3326755166053772,0.47955721616744995,1,0.0001220703125,-0.3488312065601349,0.45565205812454224,1,0,-0.36456769704818726,0.43102771043777466,1,0,-0.3793918192386627,0.40593788027763367,1,0,-0.39349618554115295,0.3804263472557068,1,0.0001220703125,-0.40649300813674927,0.3548082113265991,1,0,-0.4187399744987488,0.3290078639984131,1,0,-0.42968907952308655,0.30355390906333923,1,0.0001220703125,-0.4395929276943207,0.27835866808891296,1,0,-0.4481586217880249,0.25377464294433594,1,0.0001220703125,-0.4552456736564636,0.23014700412750244,1,0.0001220703125,-0.46116748452186584,0.20736949145793915,1,0,-0.46537691354751587,0.18606358766555786,1,0.0001220703125,-0.4679242968559265,0.16632013022899628,1,0,-0.4687969982624054,0.14852876961231232,1,0.0001220703125,-0.46792784333229065,0.1326819807291031,1,0,-0.4651308059692383,0.11945893615484238,1,0,-0.46036869287490845,0.10900851339101791,1,0.0001220703125,-0.45335519313812256,0.10190752148628235,1,0,-0.4446241855621338,0.09778245538473129,1,0,-0.4333299696445465,0.09767766296863556,1,0.0001220703125,-0.41965755820274353,0.10214465111494064,1,0,-0.4037376642227173,0.11083769053220749,1,0.0001220703125,-0.3852621018886566,0.1243879646062851,1,0.0001220703125,-0.36413514614105225,0.14370131492614746,1,0,-0.34045735001564026,0.16839826107025146,1,0,-0.3138236403465271,0.1997096836566925,1,0.0001220703125,-0.2844495177268982,0.23742718994617462,1,0.0001220703125,-0.2520817220211029,0.28246113657951355,1,0.0001220703125,-0.21666207909584045,0.3349868953227997,1,0.0001220703125,-0.17813564836978912,0.3958345353603363,1,0.0001220703125,-0.13653896749019623,0.4647105634212494,1,0.0001220703125,-0.09151390194892883,0.5432287454605103,1,0.0001220703125,-0.04309913516044617,0.6311925053596497,1,0,0.008738765493035316,0.7293207049369812,1,0.0001220703125,0.06418415158987045,0.8378963470458984,1,0,0.12319426238536835,0.9580397009849548,1,0.0001220703125,0.18607833981513977,1.0900754928588867,1,0,0.25270357728004456,1.23415207862854,1,0.0001220703125,0.3233725130558014,1.391656517982483,1,0.0001220703125,0.3980715870857239,1.5630724430084229,1,0.0001220703125,0.47645846009254456,1.7474074363708496,1,0.0001220703125,0.5594760179519653,1.947983980178833,1,0,0.6464090943336487,2.1635656356811523,1,0,0.7377967834472656,2.3952434062957764,1,-0.00006103515625,-0.09252055734395981,0.5279796123504639,1,0.00006103515625,0.12788860499858856,0.5370748043060303,1,0,0.32888874411582947,0.5611565113067627,1,0.00006103515625,0.5111266374588013,0.5980857014656067,1,0,0.6752417087554932,0.6458242535591125,1,0.00006103515625,0.8218766450881958,0.7024263739585876,1,0.00006103515625,0.9516484141349792,0.7660459280014038,1,0.00006103515625,1.0652270317077637,0.8349419236183167,1,0.00006103515625,1.1632000207901,0.9074458479881287,1,0.00006103515625,1.2462637424468994,0.9820221662521362,1,0.00006103515625,1.3150262832641602,1.0572175979614258,1,0.00006103515625,1.3700801134109497,1.1316381692886353,1,0.00006103515625,1.4121689796447754,1.204073429107666,1,0.00006103515625,1.4418097734451294,1.2733105421066284,1,0.00006103515625,1.4597909450531006,1.3383313417434692,1,0.00006103515625,1.4665768146514893,1.3981276750564575,1,0.00006103515625,1.4629161357879639,1.4518475532531738,1,0.00006103515625,1.4493789672851562,1.4986815452575684,1,0.00006103515625,1.4267350435256958,1.5380408763885498,1,0,1.3954226970672607,1.569225788116455,1,0,1.3562017679214478,1.5918209552764893,1,0.00006103515625,1.309826374053955,1.6055049896240234,1,0.00006103515625,1.2566413879394531,1.6098766326904297,1,0.00006103515625,1.197493553161621,1.6047371625900269,1,0,1.1329885721206665,1.5901583433151245,1,0.00006103515625,1.0637484788894653,1.5659502744674683,1,0,0.9903524518013,1.5323184728622437,1,0.00006103515625,0.9135884046554565,1.4894825220108032,1,0,0.8338450193405151,1.4375758171081543,1,0.00006103515625,0.75215083360672,1.3773810863494873,1,0.00006103515625,0.6687185168266296,1.308853030204773,1,0.00006103515625,0.5844470858573914,1.2330249547958374,1,0.00006103515625,0.49988940358161926,1.1503171920776367,1,0,0.41560932993888855,1.0616360902786255,1,0.00006103515625,0.33240845799446106,0.9678264856338501,1,0.00006103515625,0.25092825293540955,0.8700165152549744,1,0.00006103515625,0.17162175476551056,0.768962025642395,1,0.00006103515625,0.09521819651126862,0.6660873293876648,1,0.00006103515625,0.022373488172888756,0.5626167058944702,1,0.00006103515625,-0.046243082731962204,0.4598739743232727,1,0.00006103515625,-0.11007923632860184,0.35943371057510376,1,0.00006103515625,-0.1685076206922531,0.26254743337631226,1,0,-0.2206941545009613,0.17139525711536407,1,0,-0.2662799060344696,0.08730432391166687,1,0,-0.30441901087760925,0.012221595272421837,1,0.00006103515625,-0.3345251977443695,-0.05178375914692879,1,0.00006103515625,-0.35600489377975464,-0.10263119637966156,1,0.00006103515625,-0.36826860904693604,-0.13856559991836548,1,0.00006103515625,-0.37047725915908813,-0.15666429698467255,1,0.00006103515625,-0.3621771037578583,-0.15514369308948517,1,0,-0.342744916677475,-0.13153062760829926,1,0.00006103515625,-0.31143438816070557,-0.08300455659627914,1,0.00006103515625,-0.2675539553165436,-0.007011044770479202,1,0.00006103515625,-0.21067330241203308,0.09919919818639755,1,0,-0.14008386433124542,0.238010972738266,1,0.00006103515625,-0.05494437366724014,0.4131840169429779,1,0,0.04499311372637749,0.6268541812896729,1,0.00006103515625,0.16080965101718903,0.8829344511032104,1,0.00006103515625,0.29287123680114746,1.1840063333511353,1,0.00006103515625,0.44180792570114136,1.5339637994766235,1,0.00006103515625,0.6083406209945679,1.9357330799102783,1,0.00006103515625,0.7931275963783264,2.392876148223877,1,0,0.9966483116149902,2.909355640411377,1,-0.0001220703125,1.219636082649231,3.488438129425049,1,0.0001220703125,-0.14122062921524048,0.5267479419708252,1,-0.00006103515625,0.14065822958946228,0.5363467335700989,1,-0.00006103515625,0.4011315107345581,0.5633378028869629,1,-0.00006103515625,0.640822172164917,0.6056066751480103,1,-0.00006103515625,0.8603484630584717,0.661124050617218,1,0,1.0603525638580322,0.7279441952705383,1,0,1.2414469718933105,0.8042126297950745,1,0,1.404223918914795,0.8881394863128662,1,0,1.5494163036346436,0.9780788421630859,1,-0.00006103515625,1.677473783493042,1.0723620653152466,1,0,1.7892556190490723,1.1695412397384644,1,0,1.88515043258667,1.2681232690811157,1,-0.00006103515625,1.965978980064392,1.3668204545974731,1,0,2.032184362411499,1.4643006324768066,1,-0.00006103515625,2.084589958190918,1.5594772100448608,1,0,2.123645544052124,1.6511586904525757,1,-0.00006103515625,2.150108814239502,1.7384394407272339,1,-0.00006103515625,2.1644785404205322,1.8202970027923584,1,0,2.1675517559051514,1.8960163593292236,1,-0.00006103515625,2.1597237586975098,1.9647166728973389,1,0,2.1418936252593994,2.0258591175079346,1,-0.00006103515625,2.114424228668213,2.078747034072876,1,0,2.078191041946411,2.123015880584717,1,0,2.033585786819458,2.1581146717071533,1,0,1.9814026355743408,2.1838865280151367,1,-0.00006103515625,1.922120451927185,2.1998331546783447,1,0,1.856561303138733,2.2062127590179443,1,0,1.7851454019546509,2.202491521835327,1,-0.00006103515625,1.7086436748504639,2.189038038253784,1,-0.00006103515625,1.6276471614837646,2.16583251953125,1,-0.00006103515625,1.5426347255706787,2.1329870223999023,1,-0.00006103515625,1.4545347690582275,2.090902805328369,1,0,1.3637309074401855,2.0399107933044434,1,0,1.270964503288269,1.980517029762268,1,0,1.1767187118530273,1.9129033088684082,1,-0.00006103515625,1.0818010568618774,1.83822500705719,1,0,0.986727237701416,1.756820559501648,1,0,0.8922291994094849,1.6695820093154907,1,-0.00006103515625,0.7985904216766357,1.5771876573562622,1,0,0.706988513469696,1.4810818433761597,1,0,0.61772221326828,1.38186776638031,1,-0.00006103515625,0.5313330888748169,1.2808055877685547,1,0,0.44856855273246765,1.1790456771850586,1,0,0.3701695203781128,1.0781329870224,1,0,0.29666388034820557,0.9790536165237427,1,0,0.228670135140419,0.8837459087371826,1,0,0.1665913313627243,0.7931535243988037,1,0,0.11141368746757507,0.7096308469772339,1,-0.00006103515625,0.06357431411743164,0.6343381404876709,1,-0.00006103515625,0.02388039231300354,0.5694457292556763,1,-0.00006103515625,-0.007400356698781252,0.5165172815322876,1,0,-0.029150977730751038,0.47796085476875305,1,-0.00006103515625,-0.041233424097299576,0.45546188950538635,1,0,-0.042594894766807556,0.4515223205089569,1,-0.00006103515625,-0.03314313665032387,0.46764281392097473,1,0,-0.011582233011722565,0.5072156190872192,1,-0.00006103515625,0.022166961804032326,0.5719062089920044,1,-0.00006103515625,0.06898444145917892,0.664454460144043,1,0,0.12938040494918823,0.7872188687324524,1,-0.00006103515625,0.20411863923072815,0.9433414340019226,1,0,0.29382413625717163,1.13507080078125,1,0,0.39901599287986755,1.3656525611877441,1,-0.00006103515625,0.5202534794807434,1.6372885704040527,1,0,0.6583257913589478,1.953892469406128,1,-0.000244140625,0.020387867465615273,0.5981966257095337,1,0.00006103515625,0.04187805578112602,0.600012481212616,1,0.00006103515625,0.06176931783556938,0.6031723022460938,1,0.00006103515625,0.08014147728681564,0.6075206398963928,1,0,0.09701291471719742,0.6129056215286255,1,0.00006103515625,0.11253631860017776,0.6191955208778381,1,0.00006103515625,0.1266283094882965,0.6262420415878296,1,0,0.13950005173683167,0.6339349150657654,1,0.00006103515625,0.1510782241821289,0.642139732837677,1,0.00006103515625,0.16153858602046967,0.6507797241210938,1,0.00006103515625,0.17080996930599213,0.6597142815589905,1,0.00006103515625,0.17907559871673584,0.668881893157959,1,0.00006103515625,0.18628862500190735,0.6781743764877319,1,0.00006103515625,0.19261763989925385,0.6875333786010742,1,0,0.19800089299678802,0.696877658367157,1,0.00006103515625,0.20255371928215027,0.7061417102813721,1,0,0.2063828855752945,0.7153187990188599,1,0.00006103515625,0.20945486426353455,0.7242909073829651,1,0,0.2118636667728424,0.733059823513031,1,0,0.21368633210659027,0.7415863871574402,1,0.00006103515625,0.2150556445121765,0.7499242424964905,1,0.00006103515625,0.21584036946296692,0.7579084038734436,1,0.00006103515625,0.21621467173099518,0.7656559348106384,1,0.00006103515625,0.2162099927663803,0.7730997800827026,1,0.00006103515625,0.21596665680408478,0.7803752422332764,1,0,0.21538308262825012,0.7873101234436035,1,0.00006103515625,0.21467411518096924,0.7940706610679626,1,0,0.21375668048858643,0.8006317019462585,1,0.00006103515625,0.21292874217033386,0.8071922659873962,1,0.00006103515625,0.21184803545475006,0.8133934736251831,1,0.00006103515625,0.21098659932613373,0.8198577761650085,1,0.00006103515625,0.2102288156747818,0.8262947201728821,1,0.00006103515625,0.20942725241184235,0.8326622247695923,1,0.00006103515625,0.20903831720352173,0.8393993973731995,1,0.00006103515625,0.20892755687236786,0.846470296382904,1,0,0.20895451307296753,0.8537002205848694,1,0.00006103515625,0.2096565216779709,0.8617452383041382,1,0.00006103515625,0.21051643788814545,0.8700934052467346,1,0,0.2119414359331131,0.8794320225715637,1,0.00006103515625,0.21413037180900574,0.8895755410194397,1,0.00006103515625,0.21668677031993866,0.9005678296089172,1,0.00006103515625,0.220082089304924,0.9129462242126465,1,0,0.22418861091136932,0.9264768362045288,1,0.00006103515625,0.22896616160869598,0.9415469169616699,1,0.00006103515625,0.23483826220035553,0.9582676291465759,1,0.00006103515625,0.24134019017219543,0.9765994548797607,1,0.00006103515625,0.24903839826583862,0.9973270893096924,1,0.00006103515625,0.2577117681503296,1.0200793743133545,1,0.00006103515625,0.2673071026802063,1.045008897781372,1,0.00006103515625,0.2782610058784485,1.0728931427001953,1,0,0.2903236448764801,1.1035878658294678,1,0.00006103515625,0.303487092256546,1.1370396614074707,1,0,0.3182344138622284,1.1741571426391602,1,0,0.3341119587421417,1.2144582271575928,1,0.00006103515625,0.3516436219215393,1.259049892425537,1,0,0.37062135338783264,1.3072841167449951,1,0,0.39094144105911255,1.3599015474319458,1,0.00006103515625,0.4131726622581482,1.4173729419708252,1,0.00006103515625,0.4368989169597626,1.4795243740081787,1,0.00006103515625,0.4623706638813019,1.5467721223831177,1,0.00006103515625,0.4895254969596863,1.6194571256637573,1,0.00006103515625,0.518722653388977,1.6982885599136353,1,0.00006103515625,0.549764096736908,1.7830015420913696,1,-0.000244140625,0.582310676574707,1.8738105297088623,1,0,0,0,0,0,0,0,0,0,0,0,0,0,0,0,0,0,0,0,0,0,0,0,0,0,0,0,0,0,0,0,0,0,0,0,0,0,0,0,0,0,0,0,0,0,0,0,0,0,0,0,0,0,0,0,0,0,0,0,0,0,0,0,0,0,0,0,0,0,0,0,0,0,0,0,0,0,0,0,0,0,0,0,0,0,0,0,0,0,0,0,0,0,0,0,0,0,0,0,0,0,0,0,0,0,0,0,0,0,0,0,0,0,0,0,0,0,0,0,0,0,0,0,0,0,0,0,0,0,0,0,0,0,0,0,0,0,0,0,0,0,0,0,0,0,0,0,0,0,0,0,0,0,0,0,0,0,0,0,0,0,0,0,0,0,0,0,0,0,0,0,0,0,0,0,0,0,0,0,0,0,0,0,0,0,0,0,0,0,0,0,0,0,0,0,0,0,0,0,0,0,0,0,0,0,0,0,0,0,0,0,0,0,0,0,0,0,0,0,0,0,0,0,0,0,0,0,0,0,0,0,0,0,0,0,0,0,0,0,0,0,0,0,0,0,0,0,0,0,0,0,0,0,0,0,0,-0.0001220703125,-0.014603872783482075,0.4664868414402008,1,0.00006103515625,-0.004116113763302565,0.4665207266807556,1,0.00006103515625,0.003309940453618765,0.46696075797080994,1,0.00006103515625,0.007797986268997192,0.4675394892692566,1,0.00006103515625,0.009516487829387188,0.46801140904426575,1,0,0.00859107542783022,0.46814706921577454,1,0,0.005172474309802055,0.4677329659461975,1,0,-0.000582406937610358,0.4665755033493042,1,0,-0.008540832437574863,0.4645020365715027,1,0.00006103515625,-0.018522782251238823,0.461346298456192,1,0.00006103515625,-0.030439874157309532,0.4569774866104126,1,0.00006103515625,-0.04411252588033676,0.4512670934200287,1,0,-0.059451986104249954,0.4440883994102478,1,0.00006103515625,-0.07617560029029846,0.4353972375392914,1,0,-0.09427957236766815,0.425093412399292,1,0.00006103515625,-0.1135537326335907,0.4131297469139099,1,0.00006103515625,-0.13384458422660828,0.3994784951210022,1,0.00006103515625,-0.1550596058368683,0.38409486413002014,1,0.00006103515625,-0.17699870467185974,0.36703354120254517,1,0.00006103515625,-0.19956867396831512,0.34825408458709717,1,0.00006103515625,-0.22254960238933563,0.32783207297325134,1,0.00006103515625,-0.2458360344171524,0.30578792095184326,1,0.00006103515625,-0.26932844519615173,0.28223946690559387,1,0,-0.2928099036216736,0.2572607696056366,1,0.00006103515625,-0.31620535254478455,0.2308753877878189,1,0,-0.3392893373966217,0.20334666967391968,1,0,-0.36195608973503113,0.1747255176305771,1,0.00006103515625,-0.384050577878952,0.14518645405769348,1,0,-0.4054809808731079,0.11496435105800629,1,0,-0.4260038733482361,0.08413863927125931,1,0.00006103515625,-0.44556573033332825,0.05302773043513298,1,0.00006103515625,-0.4639403820037842,0.021841486915946007,1,0.00006103515625,-0.48104581236839294,-0.009169474244117737,1,0.00006103515625,-0.49674761295318604,-0.03990660235285759,1,0,-0.5109003186225891,-0.06977544724941254,1,0.00006103515625,-0.5232443809509277,-0.09868506342172623,1,0.00006103515625,-0.5336935520172119,-0.12630821764469147,1,0,-0.5422060489654541,-0.15226474404335022,1,0.00006103515625,-0.5484746098518372,-0.17612777650356293,1,0.0001220703125,-0.5525463223457336,-0.19765198230743408,1,0.00006103515625,-0.5541173815727234,-0.2164011150598526,1,0,-0.5530825257301331,-0.23196694254875183,1,0,-0.5493113398551941,-0.24395102262496948,1,0.00006103515625,-0.542604386806488,-0.2517818510532379,1,0.00006103515625,-0.5329605937004089,-0.2551853060722351,1,0.00006103515625,-0.5200458765029907,-0.25355324149131775,1,0.00006103515625,-0.5038092136383057,-0.24649684131145477,1,0.00006103515625,-0.4841284155845642,-0.2333444505929947,1,0.00006103515625,-0.4608169198036194,-0.213692307472229,1,0.00006103515625,-0.4338255226612091,-0.18692782521247864,1,0.00006103515625,-0.4028283953666687,-0.15253636240959167,1,0.00006103515625,-0.367792010307312,-0.10994283854961395,1,0.00006103515625,-0.328613817691803,-0.058369942009449005,1,0,-0.28509649634361267,0.0023752113338559866,1,0.00006103515625,-0.2370518445968628,0.07349342852830887,1,0.00006103515625,-0.18437524139881134,0.15528404712677002,1,0.00006103515625,-0.1268855631351471,0.24835553765296936,1,0.00006103515625,-0.06452873349189758,0.3538391590118408,1,0,0.0029171062633395195,0.47175291180610657,1,0,0.07547052949666977,0.6035079956054688,1,0.00006103515625,0.15356571972370148,0.7495718002319336,1,0.00006103515625,0.23714591562747955,0.910544216632843,1,0,0.3262474536895752,1.0874323844909668,1,-0.000244140625,0.4210077226161957,1.2807625532150269,1,-0.000244140625,-0.01623232662677765,0.7122083306312561,1,0.0001220703125,-0.028546113520860672,0.710962176322937,1,0.0001220703125,-0.04187867417931557,0.708739697933197,1,0.0001220703125,-0.05612783879041672,0.7054436802864075,1,0.0001220703125,-0.07121055573225021,0.700991153717041,1,0.0001220703125,-0.08703180402517319,0.6953070759773254,1,0.0001220703125,-0.1035037711262703,0.6883371472358704,1,0.0001220703125,-0.12057217955589294,0.6800203323364258,1,0,-0.13806763291358948,0.6703523397445679,1,0,-0.1560438871383667,0.6592660546302795,1,0.0001220703125,-0.17417415976524353,0.6468214392662048,1,0,-0.19267638027668,0.6329237222671509,1,0.0001220703125,-0.2111627757549286,0.6177079677581787,1,0,-0.22981317341327667,0.601083517074585,1,0.0001220703125,-0.24827054142951965,0.5832213163375854,1,0,-0.26675450801849365,0.5640002489089966,1,0,-0.2848525643348694,0.5436998009681702,1,0.0001220703125,-0.30273181200027466,0.5222277045249939,1,0.0001220703125,-0.3201276957988739,0.49978554248809814,1,0,-0.3372338116168976,0.47636517882347107,1,0,-0.3535303473472595,0.4522148072719574,1,0.0001220703125,-0.3692663609981537,0.4273868799209595,1,0.0001220703125,-0.3841618001461029,0.402060866355896,1,0,-0.39836564660072327,0.376302570104599,1,0.0001220703125,-0.4114261865615845,0.3504709005355835,1,0.0001220703125,-0.4236413538455963,0.32448357343673706,1,0,-0.4346868097782135,0.2987949550151825,1,0,-0.44464799761772156,0.273406445980072,1,0,-0.4531475603580475,0.24866285920143127,1,0,-0.4602745473384857,0.22483329474925995,1,0.0001220703125,-0.4660690128803253,0.20193496346473694,1,0.0001220703125,-0.470211923122406,0.18054820597171783,1,0.0001220703125,-0.47275859117507935,0.16063952445983887,1,0.0001220703125,-0.47350943088531494,0.1427963227033615,1,0,-0.472736656665802,0.12679558992385864,1,0.0001220703125,-0.4696834981441498,0.11359953135251999,1,0,-0.46489274501800537,0.10311663150787354,1,0,-0.45788177847862244,0.09588577598333359,1,0.0001220703125,-0.4488505721092224,0.09198594838380814,1,0.0001220703125,-0.4373699426651001,0.09192445874214172,1,0.0001220703125,-0.42367276549339294,0.09634051471948624,1,0.0001220703125,-0.4074462354183197,0.1052413210272789,1,0.0001220703125,-0.38885167241096497,0.11885282397270203,1,0.0001220703125,-0.36752408742904663,0.13838879764080048,1,0.0001220703125,-0.34357643127441406,0.16331838071346283,1,0.0001220703125,-0.31674689054489136,0.19489163160324097,1,0,-0.28731676936149597,0.23271730542182922,1,0,-0.2546468675136566,0.2781177759170532,1,0.0001220703125,-0.21891702711582184,0.331045925617218,1,0,-0.1802063286304474,0.39225247502326965,1,0,-0.13830320537090302,0.4615255892276764,1,0,-0.09295188635587692,0.5405915379524231,1,0,-0.044232334941625595,0.6290625333786011,1,0.0001220703125,0.008089096285402775,0.7280117869377136,1,0,0.06361395865678787,0.8369999527931213,1,0.0001220703125,0.12316765636205673,0.958108127117157,1,0.0001220703125,0.18646611273288727,1.0907375812530518,1,0,0.2532794773578644,1.2354735136032104,1,0.0001220703125,0.32441648840904236,1.3938827514648438,1,0,0.39938458800315857,1.566001534461975,1,0.0001220703125,0.47836825251579285,1.7515512704849243,1,0,0.5615744590759277,1.952894687652588,1,0,0.649189829826355,2.1696529388427734,1,-0.000244140625,0.7409472465515137,2.4022793769836426,1,-0.00006103515625,-0.09271510690450668,0.5279757976531982,1,0.00006103515625,0.12733317911624908,0.5370429754257202,1,0,0.32798025012016296,0.561069667339325,1,0.00006103515625,0.5098763704299927,0.5979188680648804,1,0.00006103515625,0.6736806631088257,0.6455549597740173,1,0,0.8199881315231323,0.7020304799079895,1,0.00006103515625,0.9494721293449402,0.7655057907104492,1,0.00006103515625,1.0627727508544922,0.834239661693573,1,0.00006103515625,1.1604681015014648,0.9065635204315186,1,0.00006103515625,1.2432878017425537,0.9809448719024658,1,0.00006103515625,1.3118067979812622,1.0559273958206177,1,0.00006103515625,1.366648554801941,1.1301323175430298,1,0.00006103515625,1.40853750705719,1.20233952999115,1,0.00006103515625,1.4379805326461792,1.2713346481323242,1,0.00006103515625,1.4557852745056152,1.336113691329956,1,0,1.4623956680297852,1.3956501483917236,1,0,1.458579659461975,1.4491209983825684,1,0.00006103515625,1.444949984550476,1.4957067966461182,1,0.00006103515625,1.4221559762954712,1.5348117351531982,1,0.00006103515625,1.3907725811004639,1.5657542943954468,1,0.00006103515625,1.3514726161956787,1.588103175163269,1,0.00006103515625,1.3049932718276978,1.6015268564224243,1,0.00006103515625,1.2517579793930054,1.605664849281311,1,0.00006103515625,1.1925485134124756,1.6003000736236572,1,0.00006103515625,1.128051996231079,1.5855051279067993,1,0.00006103515625,1.0587307214736938,1.5610800981521606,1,0.00006103515625,0.9853984117507935,1.5272655487060547,1,0,0.9085565209388733,1.4842240810394287,1,0.00006103515625,0.8289321660995483,1.4321858882904053,1,0.00006103515625,0.7472243905067444,1.3718360662460327,1,0.00006103515625,0.6638615131378174,1.3031988143920898,1,0.00006103515625,0.5796376466751099,1.227239727973938,1,0,0.4951266348361969,1.1444547176361084,1,0.00006103515625,0.411054790019989,1.0557732582092285,1,0.00006103515625,0.32790303230285645,0.9619090557098389,1,0.00006103515625,0.24654600024223328,0.8640739321708679,1,0.00006103515625,0.16740024089813232,0.7630952596664429,1,0,0.09108299762010574,0.6602546572685242,1,0,0.018408218398690224,0.5568727850914001,1,0,-0.04996495693922043,0.4542601406574249,1,0,-0.1136428639292717,0.3539784252643585,1,0.00006103515625,-0.1717790961265564,0.25734999775886536,1,0.00006103515625,-0.2237119823694229,0.16646000742912292,1,0.00006103515625,-0.2690398395061493,0.08269256353378296,1,0.00006103515625,-0.3069152534008026,0.00791663583368063,1,0,-0.3368290662765503,-0.055794451385736465,1,0.00006103515625,-0.35801899433135986,-0.10619094222784042,1,0.00006103515625,-0.369968056678772,-0.14159297943115234,1,0.00006103515625,-0.3718263804912567,-0.1591634899377823,1,0.00006103515625,-0.3631746172904968,-0.1571115255355835,1,0.00006103515625,-0.3433685600757599,-0.13278265297412872,1,0,-0.3118239939212799,-0.0836617723107338,1,0.00006103515625,-0.2674608826637268,-0.006885210517793894,1,0.00006103515625,-0.21025411784648895,0.10011829435825348,1,0.00006103515625,-0.13916899263858795,0.23986031115055084,1,0.00006103515625,-0.0537094846367836,0.41592374444007874,1,0,0.04670453444123268,0.630526065826416,1,0.00006103515625,0.1629272848367691,0.8877043128013611,1,0.00006103515625,0.2954677939414978,1.1898680925369263,1,0.00006103515625,0.44491612911224365,1.5410465002059937,1,0.00006103515625,0.6119637489318848,1.94408118724823,1,0.00006103515625,0.7972205877304077,2.4025325775146484,1,0.00006103515625,1.0013221502304077,2.920470714569092,1,-0.00006103515625,1.2248616218566895,3.501095771789551,1,0,-0.14139610528945923,0.5267448425292969,1,0,0.14016257226467133,0.5363213419914246,1,-0.00006103515625,0.400318443775177,0.5632684230804443,1,0,0.6397029161453247,0.6054732203483582,1,-0.00006103515625,0.858931839466095,0.6609066128730774,1,-0.00006103515625,1.058643102645874,0.7276249527931213,1,0,1.2394756078720093,0.8037765026092529,1,-0.00006103515625,1.4019932746887207,0.8875693678855896,1,0,1.5469391345977783,0.9773614406585693,1,0,1.6747817993164062,1.071484088897705,1,-0.00006103515625,1.7862988710403442,1.168486475944519,1,0,1.8819913864135742,1.2668867111206055,1,-0.00006103515625,1.9626132249832153,1.3653923273086548,1,0,2.028637647628784,1.4626713991165161,1,0,2.0808768272399902,1.5576368570327759,1,0,2.1197338104248047,1.6491031646728516,1,-0.00006103515625,2.1460492610931396,1.7361677885055542,1,-0.00006103515625,2.1602742671966553,1.8178008794784546,1,-0.00006103515625,2.163221597671509,1.8932898044586182,1,-0.00006103515625,2.1553144454956055,1.9617714881896973,1,0,2.1373677253723145,2.0226926803588867,1,0,2.109814405441284,2.075355291366577,1,-0.00006103515625,2.0734684467315674,2.119392156600952,1,0,2.028780698776245,2.1542747020721436,1,-0.00006103515625,1.976517677307129,2.179810047149658,1,-0.00006103515625,1.917189598083496,2.1955723762512207,1,0,1.8516205549240112,2.20173978805542,1,0,1.780150055885315,2.19781756401062,1,-0.00006103515625,1.7036287784576416,2.184189796447754,1,0,1.6226650476455688,2.1608083248138428,1,0,1.537664532661438,2.127802610397339,1,0,1.4495400190353394,2.085606098175049,1,0,1.3588130474090576,2.0344460010528564,1,0,1.2660986185073853,1.9749197959899902,1,-0.00006103515625,1.1717913150787354,1.9072003364562988,1,0,1.0770455598831177,1.8324635028839111,1,0,0.9820021986961365,1.7509821653366089,1,0,0.887607753276825,1.6636899709701538,1,-0.00006103515625,0.7941233515739441,1.5712666511535645,1,-0.00006103515625,0.7025401592254639,1.4751501083374023,1,-0.00006103515625,0.6133766174316406,1.3759444952011108,1,0,0.5272173285484314,1.274971604347229,1,0,0.44457367062568665,1.1732887029647827,1,0,0.36633795499801636,1.072389006614685,1,0,0.29296523332595825,0.9735007286071777,1,0,0.22515062987804413,0.8783506751060486,1,-0.00006103515625,0.16324016451835632,0.7878952026367188,1,0,0.10836085677146912,0.7045895457267761,1,0,0.06078541278839111,0.6296352744102478,1,-0.00006103515625,0.021234679967164993,0.5649715662002563,1,0,-0.00972834788262844,0.512458086013794,1,0,-0.03131181374192238,0.47416239976882935,1,0,-0.04307616502046585,0.45214030146598816,1,0,-0.04424323886632919,0.4485971927642822,1,0,-0.03440660983324051,0.4652467668056488,1,-0.00006103515625,-0.01266445592045784,0.5052540302276611,1,-0.00006103515625,0.021427495405077934,0.5705409646034241,1,-0.00006103515625,0.06859145313501358,0.6636683344841003,1,-0.00006103515625,0.12929531931877136,0.7870483994483948,1,0,0.20450280606746674,0.9439958333969116,1,0,0.29448240995407104,1.1364307403564453,1,0,0.40003058314323425,1.3677465915679932,1,0,0.5217146873474121,1.640364646911621,1,0.0001220703125,0.6602205634117126,1.9578869342803955,1,-0.0001220703125,0.020220020785927773,0.5981940031051636,1,0,0.041372302919626236,0.5999863147735596,1,0.00006103515625,0.06094294786453247,0.6031010746955872,1,0.00006103515625,0.07899951189756393,0.6073834896087646,1,0.00006103515625,0.09558575600385666,0.6126828193664551,1,0,0.11081308871507645,0.6188689470291138,1,0.00006103515625,0.12463707476854324,0.6257946491241455,1,0.00006103515625,0.1372586041688919,0.6333526372909546,1,0.00006103515625,0.14856596291065216,0.6414079070091248,1,0.00006103515625,0.1588001549243927,0.6498842835426331,1,0,0.16783584654331207,0.6586386561393738,1,0.00006103515625,0.17590045928955078,0.6676162481307983,1,0.00006103515625,0.18290399014949799,0.6767164468765259,1,0,0.18903714418411255,0.685869038105011,1,0.00006103515625,0.19423872232437134,0.6950058341026306,1,0.00006103515625,0.19862665235996246,0.7040499448776245,1,0,0.2023082673549652,0.7130024433135986,1,0,0.20522426068782806,0.7217373251914978,1,0,0.20751811563968658,0.7302837371826172,1,0.00006103515625,0.20922479033470154,0.7385852336883545,1,0.00006103515625,0.21050387620925903,0.7466864585876465,1,0.00006103515625,0.21117208898067474,0.7544450759887695,1,0,0.21142829954624176,0.7619547843933105,1,0,0.21134555339813232,0.7691828012466431,1,0.00006103515625,0.21108312904834747,0.7762458920478821,1,0.00006103515625,0.21049731969833374,0.7829850912094116,1,0,0.20970302820205688,0.7895234227180481,1,0.00006103515625,0.20881083607673645,0.7959197163581848,1,0.00006103515625,0.20792819559574127,0.8022719621658325,1,0.00006103515625,0.20685073733329773,0.8082977533340454,1,0,0.2059752494096756,0.8145903944969177,1,0.00006103515625,0.20527033507823944,0.8208849430084229,1,0,0.20447909832000732,0.8270935416221619,1,0.00006103515625,0.2041711062192917,0.8337579369544983,1,0.00006103515625,0.20413242280483246,0.840752363204956,1,0,0.20421577990055084,0.847887396812439,1,0.00006103515625,0.20497745275497437,0.8558769822120667,1,0,0.20589925348758698,0.8641837239265442,1,0,0.20750625431537628,0.8735077381134033,1,0,0.20972998440265656,0.8836448192596436,1,0.00006103515625,0.21243970096111298,0.8946647644042969,1,0,0.21599480509757996,0.9070445895195007,1,0,0.2202954739332199,0.9207706451416016,1,0.00006103515625,0.22522996366024017,0.9358939528465271,1,0.00006103515625,0.2312854826450348,0.9528399705886841,1,0.00006103515625,0.2380162626504898,0.9713027477264404,1,0.00006103515625,0.24583564698696136,0.9922490119934082,1,0.00006103515625,0.254772424697876,1.0152033567428589,1,0.00006103515625,0.2646181881427765,1.0404382944107056,1,0,0.27569544315338135,1.0685720443725586,1,0.00006103515625,0.2881394326686859,1.0997493267059326,1,0.00006103515625,0.3015397787094116,1.1335467100143433,1,0.00006103515625,0.31656891107559204,1.1711409091949463,1,0,0.33268430829048157,1.2118204832077026,1,0.00006103515625,0.35053929686546326,1.2569036483764648,1,0.00006103515625,0.36982113122940063,1.3057903051376343,1,0,0.39044979214668274,1.358917236328125,1,0,0.4128856360912323,1.41692054271698,1,0.00006103515625,0.4371587932109833,1.4798035621643066,1,0.00006103515625,0.4629283547401428,1.5479170083999634,1,0.00006103515625,0.49033015966415405,1.6213467121124268,1,0.00006103515625,0.5200492739677429,1.7010470628738403,1,0.00006103515625,0.5514183044433594,1.786569356918335,1,0,0.5845736265182495,1.8786393404006958,1,0,0,0,0,0,0,0,0,0,0,0,0,0,0,0,0,0,0,0,0,0,0,0,0,0,0,0,0,0,0,0,0,0,0,0,0,0,0,0,0,0,0,0,0,0,0,0,0,0,0,0,0,0,0,0,0,0,0,0,0,0,0,0,0,0,0,0,0,0,0,0,0,0,0,0,0,0,0,0,0,0,0,0,0,0,0,0,0,0,0,0,0,0,0,0,0,0,0,0,0,0,0,0,0,0,0,0,0,0,0,0,0,0,0,0,0,0,0,0,0,0,0,0,0,0,0,0,0,0,0,0,0,0,0,0,0,0,0,0,0,0,0,0,0,0,0,0,0,0,0,0,0,0,0,0,0,0,0,0,0,0,0,0,0,0,0,0,0,0,0,0,0,0,0,0,0,0,0,0,0,0,0,0,0,0,0,0,0,0,0,0,0,0,0,0,0,0,0,0,0,0,0,0,0,0,0,0,0,0,0,0,0,0,0,0,0,0,0,0,0,0,0,0,0,0,0,0,0,0,0,0,0,0,0,0,0,0,0,0,0,0,0,0,0,0,0,0,0,0,0,0,0,0,0,0,0,-0.0001220703125,-0.014603872783482075,0.4664868414402008,1,0,-0.004126233514398336,0.4665202498435974,1,0.00006103515625,0.0032840585336089134,0.4669586420059204,1,0.00006103515625,0.007745422422885895,0.46753355860710144,1,0.00006103515625,0.009428941644728184,0.4679993987083435,1,0,0.008464356884360313,0.4681258797645569,1,0,0.004991245921701193,0.46769747138023376,1,0,-0.0008138441480696201,0.4665232300758362,1,0,-0.008827734738588333,0.464425653219223,1,0,-0.01889468915760517,0.4612419009208679,1,0.00006103515625,-0.030878223478794098,0.4568411707878113,1,0.00006103515625,-0.044615939259529114,0.45108965039253235,1,0.00006103515625,-0.060030169785022736,0.4438680112361908,1,0.00006103515625,-0.0768420398235321,0.4351213872432709,1,0.00006103515625,-0.09502732753753662,0.4247603714466095,1,0,-0.11440929025411606,0.4127248227596283,1,0.00006103515625,-0.13480928540229797,0.39900311827659607,1,0.00006103515625,-0.15610814094543457,0.38353651762008667,1,0.00006103515625,-0.17812371253967285,0.36639294028282166,1,0,-0.20082664489746094,0.3475181460380554,1,0.00006103515625,-0.22388826310634613,0.3269956409931183,1,0,-0.24731558561325073,0.30484169721603394,1,0.00006103515625,-0.2708766758441925,0.28118327260017395,1,0.00006103515625,-0.2944355607032776,0.2560908794403076,1,0,-0.317971408367157,0.229566752910614,1,0.00006103515625,-0.3411266803741455,0.20192007720470428,1,0.00006103515625,-0.3638766407966614,0.17317572236061096,1,0,-0.3861163258552551,0.14348313212394714,1,0.00006103515625,-0.40758925676345825,0.11311656981706619,1,0.00006103515625,-0.42821523547172546,0.08215431123971939,1,0.00006103515625,-0.4478503167629242,0.050894126296043396,1,0.00006103515625,-0.46632739901542664,0.019543783739209175,1,0.00006103515625,-0.4835260510444641,-0.01161186583340168,1,0.00006103515625,-0.4993368983268738,-0.04251809045672417,1,0.00006103515625,-0.5134819149971008,-0.07251200079917908,1,0,-0.5259140729904175,-0.10161145031452179,1,0,-0.5365009903907776,-0.12936854362487793,1,0.00006103515625,-0.5450066328048706,-0.15545427799224854,1,0.00006103515625,-0.5513322949409485,-0.17945335805416107,1,0,-0.55545574426651,-0.20117366313934326,1,0,-0.5570487380027771,-0.21999984979629517,1,0,-0.5560315251350403,-0.23568589985370636,1,0.0001220703125,-0.5521610975265503,-0.24773241579532623,1,0.00006103515625,-0.5455706715583801,-0.25570037961006165,1,0,-0.5359615087509155,-0.25921082496643066,1,0.00006103515625,-0.5229679346084595,-0.2576364576816559,1,0,-0.506761372089386,-0.2506903111934662,1,0.00006103515625,-0.4870462715625763,-0.23752474784851074,1,0.00006103515625,-0.463698148727417,-0.21789316833019257,1,0.00006103515625,-0.4365900754928589,-0.19115608930587769,1,0.00006103515625,-0.4055625796318054,-0.1567709892988205,1,0,-0.37051665782928467,-0.11415586620569229,1,0.00006103515625,-0.33114713430404663,-0.062499020248651505,1,0.00006103515625,-0.2874813377857208,-0.0015719131333753467,1,0.00006103515625,-0.23936311900615692,0.06957538425922394,1,0.00006103515625,-0.18656614422798157,0.151487797498703,1,0.00006103515625,-0.12894803285598755,0.24481773376464844,1,0,-0.06648676097393036,0.35038822889328003,1,0.00006103515625,0.001224846695549786,0.4687142074108124,1,0.00006103515625,0.07400359958410263,0.6007435917854309,1,0.00006103515625,0.15223826467990875,0.7471024990081787,1,0,0.23595239222049713,0.9083747863769531,1,0.00006103515625,0.3254474997520447,1.0857999324798584,1,-0.0001220703125,0.42051535844802856,1.2797083854675293,1,0,-0.0162246972322464,0.7122083306312561,1,0,-0.028564218431711197,0.7109611630439758,1,0,-0.04192483052611351,0.7087361216545105,1,0.0001220703125,-0.056203968822956085,0.7054344415664673,1,0.0001220703125,-0.07133006304502487,0.7009714245796204,1,0.0001220703125,-0.08720497786998749,0.6952729821205139,1,0.0001220703125,-0.10375181585550308,0.6882802248001099,1,0,-0.12090655416250229,0.6799338459968567,1,0,-0.1384616196155548,0.670232892036438,1,0,-0.15653088688850403,0.6591015458106995,1,0.0001220703125,-0.17475493252277374,0.6466035842895508,1,0.0001220703125,-0.19332528114318848,0.6326518654823303,1,0.0001220703125,-0.21191337704658508,0.6173580884933472,1,0,-0.23071090877056122,0.6006472706794739,1,0.0001220703125,-0.24927589297294617,0.5826961994171143,1,0,-0.2678898870944977,0.5633811354637146,1,0,-0.2860872149467468,0.5429633259773254,1,0.0001220703125,-0.30409252643585205,0.5213764309883118,1,0,-0.3216535449028015,0.49878549575805664,1,0.0001220703125,-0.33877453207969666,0.47527429461479187,1,0.0001220703125,-0.3552165627479553,0.45096340775489807,1,0.0001220703125,-0.37109434604644775,0.42597496509552,1,0,-0.3861583471298218,0.4004667401313782,1,0.0001220703125,-0.400389164686203,0.37459126114845276,1,0,-0.41364213824272156,0.34852924942970276,1,0,-0.42601704597473145,0.3223761022090912,1,0.0001220703125,-0.437023788690567,0.296577513217926,1,0,-0.44710373878479004,0.27094122767448425,1,0.0001220703125,-0.4556891620159149,0.2460889369249344,1,0,-0.4629229009151459,0.22204852104187012,1,0.0001220703125,-0.46883031725883484,0.19897037744522095,1,0.0001220703125,-0.47301816940307617,0.1774149388074875,1,0.0001220703125,-0.475589781999588,0.15732979774475098,1,0.0001220703125,-0.47639337182044983,0.13934534788131714,1,0,-0.4756101965904236,0.1231795996427536,1,0.0001220703125,-0.47260481119155884,0.10985679924488068,1,0.0001220703125,-0.46776360273361206,0.09926477819681168,1,0.0001220703125,-0.46070632338523865,0.09196793287992477,1,0.0001220703125,-0.45176076889038086,0.0878886952996254,1,0,-0.44039592146873474,0.08767887204885483,1,0,-0.42661187052726746,0.09207496792078018,1,0,-0.41037464141845703,0.10094191133975983,1,0.0001220703125,-0.3916361331939697,0.11467050015926361,1,0,-0.3703223168849945,0.13411909341812134,1,0.0001220703125,-0.3461339473724365,0.15923012793064117,1,0.0001220703125,-0.3191976249217987,0.19088488817214966,1,0,-0.28960978984832764,0.22888116538524628,1,0,-0.25678175687789917,0.27444174885749817,1,0.0001220703125,-0.22090792655944824,0.3276105225086212,1,0,-0.18193039298057556,0.3891115188598633,1,0,-0.13984884321689606,0.458741694688797,1,0.0001220703125,-0.09419851005077362,0.538286030292511,1,0,-0.045315492898225784,0.6270965337753296,1,0,0.007179623935371637,0.7264277338981628,1,0.0001220703125,0.06328665465116501,0.8363451957702637,1,0.0001220703125,0.12313927710056305,0.9579288959503174,1,0.0001220703125,0.18673576414585114,1.0912857055664062,1,0,0.2540082037448883,1.2369799613952637,1,0,0.3254302442073822,1.396054744720459,1,0,0.40094003081321716,1.5694365501403809,1,0,0.4802481532096863,1.7558053731918335,1,0,0.564127504825592,1.958570957183838,1,0.0001220703125,0.6524341106414795,2.176730155944824,1,-0.0001220703125,0.7445918917655945,2.4106743335723877,1,-0.00006103515625,-0.09271129220724106,0.5279760360717773,1,0,0.12731659412384033,0.5370420217514038,1,0.00006103515625,0.3279373347759247,0.561065673828125,1,0.00006103515625,0.509794294834137,0.5979073643684387,1,0.00006103515625,0.6735453009605408,0.6455316543579102,1,0.00006103515625,0.8197941184043884,0.70199054479599,1,0.00006103515625,0.9492055773735046,0.7654386758804321,1,0.00006103515625,1.0624208450317383,0.8341378569602966,1,0.00006103515625,1.1600381135940552,0.9064202308654785,1,0.00006103515625,1.2427489757537842,0.9807478189468384,1,0.00006103515625,1.3111735582351685,1.0556714534759521,1,0.00006103515625,1.3658936023712158,1.1298019886016846,1,0.00006103515625,1.40767240524292,1.2019246816635132,1,0,1.436977744102478,1.2708220481872559,1,0.00006103515625,1.4546760320663452,1.3354973793029785,1,0.00006103515625,1.461176872253418,1.394930362701416,1,0.00006103515625,1.4572293758392334,1.4482656717300415,1,0.00006103515625,1.443458080291748,1.4947127103805542,1,0.00006103515625,1.4205620288848877,1.5336666107177734,1,0.00006103515625,1.389033317565918,1.5644553899765015,1,0.00006103515625,1.3495787382125854,1.5866435766220093,1,0.00006103515625,1.303004264831543,1.5998914241790771,1,0.00006103515625,1.2496356964111328,1.6038559675216675,1,0.00006103515625,1.1903226375579834,1.5983045101165771,1,0,1.1256983280181885,1.5833090543746948,1,0,1.056262731552124,1.5586860179901123,1,0.00006103515625,0.9828707575798035,1.524711012840271,1,0.00006103515625,0.9059733748435974,1.4814907312393188,1,0.00006103515625,0.8262165188789368,1.4292465448379517,1,0.00006103515625,0.7444673776626587,1.3687063455581665,1,0.00006103515625,0.6610218286514282,1.2998825311660767,1,0.00006103515625,0.5767452120780945,1.2237801551818848,1,0.00006103515625,0.4922424256801605,1.1408525705337524,1,0.00006103515625,0.4080887734889984,1.0520005226135254,1,0.00006103515625,0.324964314699173,0.9580078721046448,1,0,0.2435305267572403,0.8600286841392517,1,0.00006103515625,0.16443093121051788,0.7589769959449768,1,0.00006103515625,0.08823005110025406,0.6561115384101868,1,0.00006103515625,0.015616701915860176,0.5526954531669617,1,0.00006103515625,-0.052756644785404205,0.4500548541545868,1,0.00006103515625,-0.11627257615327835,0.3498207926750183,1,0,-0.17443791031837463,0.25318530201911926,1,0.00006103515625,-0.22621743381023407,0.16242967545986176,1,0.00006103515625,-0.27140945196151733,0.07877543568611145,1,0.00006103515625,-0.3090660870075226,0.004228884354233742,1,0.00006103515625,-0.3387385308742523,-0.05922218784689903,1,0.00006103515625,-0.3597829341888428,-0.10932208597660065,1,0,-0.3715413212776184,-0.14440688490867615,1,0.00006103515625,-0.3730744421482086,-0.1615138202905655,1,0,-0.36422184109687805,-0.1589939296245575,1,0.00006103515625,-0.3440641760826111,-0.13405641913414001,1,0.00006103515625,-0.31209102272987366,-0.08425693213939667,1,0.00006103515625,-0.26742881536483765,-0.006759376730769873,1,0.00006103515625,-0.20976388454437256,0.10105781257152557,1,0.00006103515625,-0.138260155916214,0.2417008876800537,1,0.00006103515625,-0.052315108478069305,0.41875097155570984,1,0.00006103515625,0.04864779859781265,0.6345743536949158,1,0.00006103515625,0.1653306633234024,0.8928780555725098,1,0.00006103515625,0.29843154549598694,1.196431279182434,1,0.00006103515625,0.44841933250427246,1.5490676164627075,1,0.00006103515625,0.6160705089569092,1.953660488128662,1,0.00006103515625,0.8020877838134766,2.4139552116394043,1,0.00006103515625,1.0068960189819336,2.93359375,1,0,1.2312480211257935,3.5163238048553467,1,0.000244140625,-0.14138847589492798,0.5267453193664551,1,0,0.140150785446167,0.536320686340332,1,-0.00006103515625,0.4002832770347595,0.5632652044296265,1,0,0.6396370530128479,0.6054651141166687,1,-0.00006103515625,0.8588250279426575,0.6608901619911194,1,0,1.0584877729415894,0.7275956869125366,1,0,1.239259123802185,0.8037280440330505,1,-0.00006103515625,1.4016973972320557,0.887496829032898,1,-0.00006103515625,1.5465723276138306,0.9772562980651855,1,0,1.674338698387146,1.0713424682617188,1,-0.00006103515625,1.7857747077941895,1.1682976484298706,1,0,1.8813797235488892,1.2666476964950562,1,-0.00006103515625,1.9619009494781494,1.365088939666748,1,-0.00006103515625,2.027806043624878,1.4622936248779297,1,0,2.079960584640503,1.5571885108947754,1,-0.00006103515625,2.118701219558716,1.6485575437545776,1,0,2.1449294090270996,1.7355302572250366,1,-0.00006103515625,2.1590425968170166,1.8170517683029175,1,0,2.1618878841400146,1.892436146736145,1,-0.00006103515625,2.153836488723755,1.9607844352722168,1,-0.00006103515625,2.1357533931732178,2.021573543548584,1,0,2.1080942153930664,2.074101686477661,1,0,2.0716769695281982,2.1180055141448975,1,-0.00006103515625,2.026843309402466,2.152716636657715,1,-0.00006103515625,1.9744929075241089,2.178110361099243,1,-0.00006103515625,1.9150631427764893,2.193711280822754,1,0,1.8493719100952148,2.199716806411743,1,-0.00006103515625,1.7778006792068481,2.195621967315674,1,0,1.701233983039856,2.181840181350708,1,-0.00006103515625,1.6201344728469849,2.158263921737671,1,-0.00006103515625,1.5350396633148193,2.1250743865966797,1,0,1.4468752145767212,2.0827291011810303,1,-0.00006103515625,1.356044054031372,2.0313947200775146,1,-0.00006103515625,1.2632391452789307,1.9717146158218384,1,-0.00006103515625,1.1689656972885132,1.9038344621658325,1,0,1.0741348266601562,1.8289598226547241,1,0,0.9790965914726257,1.747331142425537,1,-0.00006103515625,0.8845900297164917,1.6599043607711792,1,0,0.7911951541900635,1.5673959255218506,1,0,0.6996575593948364,1.4711837768554688,1,0,0.6104503870010376,1.3718931674957275,1,-0.00006103515625,0.5242346525192261,1.270776629447937,1,0,0.44167327880859375,1.1690768003463745,1,-0.00006103515625,0.3634835481643677,1.068158745765686,1,0,0.2902171015739441,0.9693257212638855,1,0,0.22248466312885284,0.8741245865821838,1,-0.00006103515625,0.16065402328968048,0.7837943434715271,1,-0.00006103515625,0.10581302642822266,0.7005246877670288,1,0,0.058410730212926865,0.6257497668266296,1,0,0.019094102084636688,0.5612550973892212,1,-0.00006103515625,-0.011839138343930244,0.5088562369346619,1,-0.00006103515625,-0.03324431553483009,0.47084474563598633,1,0,-0.04475884884595871,0.4491228759288788,1,0,-0.04569857567548752,0.4458959996700287,1,0,-0.03562896326184273,0.46294060349464417,1,0,-0.013565867207944393,0.5034732818603516,1,-0.00006103515625,0.020731961354613304,0.5692028403282166,1,0,0.06825859844684601,0.6630025506019592,1,0,0.1292712688446045,0.7869999408721924,1,-0.00006103515625,0.20470575988292694,0.944532036781311,1,0,0.2951149046421051,1.137802004814148,1,-0.00006103515625,0.40101465582847595,1.3698465824127197,1,0,0.5231476426124573,1.6434630155563354,1,0.0001220703125,0.6622029542922974,1.9620221853256226,1,-0.0001220703125,0.020220020785927773,0.5981940031051636,1,0.00006103515625,0.04136032611131668,0.5999855995178223,1,0.00006103515625,0.06090701371431351,0.6030980348587036,1,0,0.07893472909927368,0.6073751449584961,1,0,0.09546961635351181,0.612666130065918,1,0.00006103515625,0.11065240204334259,0.6188384890556335,1,0.00006103515625,0.12442576140165329,0.6257436275482178,1,0,0.13696084916591644,0.6332771182060242,1,0,0.14818908274173737,0.6412984728813171,1,0,0.15834201872348785,0.649734377861023,1,0,0.16729691624641418,0.6584421396255493,1,0.00006103515625,0.17526176571846008,0.6673668026924133,1,0,0.1821686327457428,0.6763997077941895,1,0,0.1881955862045288,0.6854825615882874,1,0,0.19330881536006927,0.6945326924324036,1,0.00006103515625,0.19757521152496338,0.7034878730773926,1,0.00006103515625,0.2011783868074417,0.7123472690582275,1,0.00006103515625,0.20395906269550323,0.7209745049476624,1,0.00006103515625,0.20615647733211517,0.7294103503227234,1,0.00006103515625,0.2077229917049408,0.7375771999359131,1,0.00006103515625,0.20886820554733276,0.7455351948738098,1,0.00006103515625,0.2094324827194214,0.7531604170799255,1,0.00006103515625,0.20961788296699524,0.7605354189872742,1,0,0.20941376686096191,0.7675980925559998,1,0,0.20900624990463257,0.7745017409324646,1,0.00006103515625,0.20831061899662018,0.7810794115066528,1,0.00006103515625,0.20745433866977692,0.7874602675437927,1,0.00006103515625,0.20645910501480103,0.7936698794364929,1,0.00006103515625,0.20549972355365753,0.7998532056808472,1,0.00006103515625,0.20431867241859436,0.8057156205177307,1,0,0.20335277915000916,0.8118252754211426,1,0,0.20251904428005219,0.8179537057876587,1,0.00006103515625,0.20176266133785248,0.8240300416946411,1,0.00006103515625,0.20137692987918854,0.8305152654647827,1,0.00006103515625,0.2012663334608078,0.8373261094093323,1,0.00006103515625,0.20129942893981934,0.8443508744239807,1,0.00006103515625,0.20203031599521637,0.8521783351898193,1,0.00006103515625,0.2029903680086136,0.8603588938713074,1,0.00006103515625,0.20460200309753418,0.8695966601371765,1,0.00006103515625,0.2068336009979248,0.8796416521072388,1,0,0.20946869254112244,0.8905585408210754,1,0,0.21307767927646637,0.9028849005699158,1,0.00006103515625,0.2174333930015564,0.9165767431259155,1,0.00006103515625,0.22244307398796082,0.9316542148590088,1,0.00006103515625,0.2285386621952057,0.9486122131347656,1,0.00006103515625,0.2353454828262329,0.9671610593795776,1,0.00006103515625,0.24331314861774445,0.9881489276885986,1,0,0.2522994875907898,1.0111844539642334,1,0,0.26223450899124146,1.036571741104126,1,0.00006103515625,0.27365222573280334,1.0649839639663696,1,0.00006103515625,0.28617382049560547,1.096331000328064,1,0.00006103515625,0.2997746169567108,1.1304148435592651,1,0.00006103515625,0.3150334358215332,1.1682902574539185,1,0.00006103515625,0.3314288258552551,1.2094166278839111,1,0,0.3494125306606293,1.254837989807129,1,0.00006103515625,0.3690570592880249,1.304308533668518,1,0,0.3899551033973694,1.3579879999160767,1,0,0.4127822816371918,1.4166524410247803,1,0.00006103515625,0.4373592734336853,1.480269193649292,1,0,0.4633798897266388,1.548972487449646,1,0.00006103515625,0.4913884103298187,1.6233203411102295,1,0.00006103515625,0.5214910507202148,1.7038663625717163,1,0.00006103515625,0.5531888604164124,1.7905261516571045,1,-0.000244140625,0.5866566300392151,1.8833874464035034,1,0,0,0,0,0,0,0,0,0,0,0,0,0,0,0,0,0,0,0,0,0,0,0,0,0,0,0,0,0,0,0,0,0,0,0,0,0,0,0,0,0,0,0,0,0,0,0,0,0,0,0,0,0,0,0,0,0,0,0,0,0,0,0,0,0,0,0,0,0,0,0,0,0,0,0,0,0,0,0,0,0,0,0,0,0,0,0,0,0,0,0,0,0,0,0,0,0,0,0,0,0,0,0,0,0,0,0,0,0,0,0,0,0,0,0,0,0,0,0,0,0,0,0,0,0,0,0,0,0,0,0,0,0,0,0,0,0,0,0,0,0,0,0,0,0,0,0,0,0,0,0,0,0,0,0,0,0,0,0,0,0,0,0,0,0,0,0,0,0,0,0,0,0,0,0,0,0,0,0,0,0,0,0,0,0,0,0,0,0,0,0,0,0,0,0,0,0,0,0,0,0,0,0,0,0,0,0,0,0,0,0,0,0,0,0,0,0,0,0,0,0,0,0,0,0,0,0,0,0,0,0,0,0,0,0,0,0,0,0,0,0,0,0,0,0,0,0,0,0,0,0,0,0,0,0,0,-0.0001220703125,-0.014600994996726513,0.5227399468421936,1,0,-0.004127346444875002,0.522773027420044,1,0.0001220703125,0.003284297650679946,0.5232114791870117,1,0,0.007734385784715414,0.523786187171936,1,0,0.00941435806453228,0.524250864982605,1,0.0001220703125,0.008464711718261242,0.5243779420852661,1,0.0001220703125,0.004975246265530586,0.5239481329917908,1,0,-0.0008391716401092708,0.522769570350647,1,0.0001220703125,-0.008858941495418549,0.520670473575592,1,0,-0.0189666785299778,0.5174762010574341,1,0,-0.030980588868260384,0.513067364692688,1,0,-0.04472525045275688,0.507303774356842,1,0.0001220703125,-0.060148973017930984,0.5000712275505066,1,0,-0.07703868299722672,0.49130406975746155,1,0,-0.09527621418237686,0.4809131920337677,1,0.0001220703125,-0.1146598756313324,0.46886077523231506,1,0.0001220703125,-0.13512741029262543,0.4551025927066803,1,0.0001220703125,-0.15644849836826324,0.4395962357521057,1,0.0001220703125,-0.1785590648651123,0.42239099740982056,1,0,-0.20131878554821014,0.4034612476825714,1,0,-0.22451113164424896,0.382859468460083,1,0,-0.24801521003246307,0.36063703894615173,1,0,-0.2716832458972931,0.3368833661079407,1,0,-0.29535746574401855,0.31167876720428467,1,0.0001220703125,-0.3189743757247925,0.2850678265094757,1,0.0001220703125,-0.34225186705589294,0.2572774291038513,1,0,-0.36519747972488403,0.22836235165596008,1,0.0001220703125,-0.3875519931316376,0.19852831959724426,1,0,-0.4092285633087158,0.16793781518936157,1,0.0001220703125,-0.42997437715530396,0.1367902159690857,1,0.0001220703125,-0.44986528158187866,0.1053089052438736,1,0.0001220703125,-0.4685433804988861,0.0737035721540451,1,0,-0.48593318462371826,0.04219015687704086,1,0,-0.5020142793655396,0.010993597097694874,1,0,-0.516435444355011,-0.01933899149298668,1,0,-0.5290771126747131,-0.04878054931759834,1,0,-0.5398959517478943,-0.07689507305622101,1,0.0001220703125,-0.5486705303192139,-0.10341711342334747,1,0,-0.5554074645042419,-0.12796013057231903,1,0.0001220703125,-0.5597673058509827,-0.1501249074935913,1,0,-0.5617441534996033,-0.16954928636550903,1,0.0001220703125,-0.561018168926239,-0.1857472062110901,1,0,-0.557666540145874,-0.19854296743869781,1,0,-0.5514267086982727,-0.20716573297977448,1,0.0001220703125,-0.5420438647270203,-0.2112892121076584,1,0,-0.5296524167060852,-0.21061015129089355,1,0,-0.5138809680938721,-0.2044546753168106,1,0,-0.4946286976337433,-0.19221410155296326,1,0,-0.4718169569969177,-0.1735207438468933,1,0,-0.44519636034965515,-0.14787104725837708,1,0.0001220703125,-0.41461941599845886,-0.11443997919559479,1,0.0001220703125,-0.3800241947174072,-0.0729936733841896,1,0.0001220703125,-0.3413858413696289,-0.022483263164758682,1,0,-0.29836151003837585,0.03699951246380806,1,0.0001220703125,-0.2507036626338959,0.10694460570812225,1,0,-0.1986706703901291,0.18733184039592743,1,0.0001220703125,-0.14158973097801208,0.27924469113349915,1,0.0001220703125,-0.07981280237436295,0.3832969069480896,1,0,-0.013012697920203209,0.49980461597442627,1,0.0001220703125,0.05916415527462959,0.6301648020744324,1,0,0.13655275106430054,0.7745373249053955,1,0.0001220703125,0.2197275608778,0.9339625239372253,1,0,0.3081192374229431,1.1092625856399536,1,-0.0001220703125,0.4025706946849823,1.3011326789855957,1,-0.000244140625,-0.01622723415493965,0.7813360095024109,1,0,-0.02856620028614998,0.7800889611244202,1,-0.0001220703125,-0.04193298891186714,0.7778633832931519,1,0,-0.05621886998414993,0.7745609879493713,1,0,-0.07135609537363052,0.7700973749160767,1,0,-0.08724551647901535,0.7643958926200867,1,-0.0001220703125,-0.10380836576223373,0.7573991417884827,1,-0.0001220703125,-0.12098279595375061,0.7490458488464355,1,0,-0.13851085305213928,0.7393417358398438,1,-0.0001220703125,-0.1566428691148758,0.7281917333602905,1,0,-0.17489083111286163,0.7156744599342346,1,0,-0.19354765117168427,0.701697587966919,1,0,-0.21218562126159668,0.6863743662834167,1,0,-0.23099543154239655,0.6696401238441467,1,0,-0.24966736137866974,0.6516290307044983,1,0,-0.2683147192001343,0.6322620511054993,1,-0.0001220703125,-0.28667861223220825,0.6117754578590393,1,0,-0.3047827184200287,0.5900914669036865,1,0,-0.32241201400756836,0.5674237012863159,1,0,-0.33968019485473633,0.5437834858894348,1,0,-0.3562295734882355,0.5193541646003723,1,0,-0.37229248881340027,0.49418795108795166,1,0,-0.3874496817588806,0.46852728724479675,1,0,-0.401914119720459,0.4424436688423157,1,-0.0001220703125,-0.41540849208831787,0.4161341190338135,1,0,-0.42791566252708435,0.3897266983985901,1,0,-0.4392014145851135,0.363646537065506,1,-0.0001220703125,-0.4495619237422943,0.3376670777797699,1,0,-0.4583914875984192,0.3124309182167053,1,0,-0.46591392159461975,0.28805550932884216,1,0,-0.4721486270427704,0.26446494460105896,1,0,-0.476654052734375,0.24240083992481232,1,0,-0.4796331524848938,0.22177624702453613,1,0,-0.4808386564254761,0.20320679247379303,1,0,-0.48039212822914124,0.1864033192396164,1,0,-0.4779163897037506,0.1723165512084961,1,0,-0.4734856188297272,0.16099141538143158,1,-0.0001220703125,-0.46699684858322144,0.15274201333522797,1,0,-0.45843827724456787,0.14776183664798737,1,0,-0.4475162625312805,0.14674505591392517,1,-0.0001220703125,-0.4343612790107727,0.1499861776828766,1,0,-0.41858071088790894,0.1576896458864212,1,0,-0.40057915449142456,0.17018380761146545,1,0,-0.37979745864868164,0.18831995129585266,1,0,-0.35641947388648987,0.21201211214065552,1,-0.0001220703125,-0.3302719295024872,0.24199596047401428,1,0,-0.3012838661670685,0.27851957082748413,1,0,-0.26929542422294617,0.3223378360271454,1,0,-0.23412631452083588,0.3736613988876343,1,-0.0001220703125,-0.19614249467849731,0.43320432305336,1,-0.0001220703125,-0.15490493178367615,0.5006766319274902,1,0,-0.11005615442991257,0.5781055092811584,1,0,-0.06198485940694809,0.6645739078521729,1,-0.0001220703125,-0.010599402710795403,0.7613866925239563,1,0,0.04439391568303108,0.8686599731445312,1,0,0.10320282727479935,0.9874464273452759,1,0,0.16577038168907166,1.1179293394088745,1,-0.0001220703125,0.23184169828891754,1.2605974674224854,1,0,0.3022075593471527,1.416452407836914,1,0,0.3765009641647339,1.58649742603302,1,0,0.45459824800491333,1.7690213918685913,1,0,0.5372108817100525,1.9682329893112183,1,0,0.6240070462226868,2.182302474975586,1,-0.0001220703125,0.7149863839149475,2.4122612476348877,1,-0.0001220703125,-0.09271515905857086,0.5878027677536011,1,0,0.12731319665908813,0.5968689322471619,1,0,0.32792988419532776,0.620892345905304,1,0,0.5097866058349609,0.6577334403991699,1,0,0.6735265851020813,0.7053560018539429,1,0,0.8197689652442932,0.7618116736412048,1,0,0.9491605758666992,0.8252547979354858,1,0,1.0623517036437988,0.8939476013183594,1,0,1.1599462032318115,0.9662172198295593,1,0,1.2426207065582275,1.0405312776565552,1,0,1.3110095262527466,1.1154323816299438,1,0,1.3656874895095825,1.189531922340393,1,0.00006103515625,1.407386064529419,1.2616219520568848,1,0,1.436648964881897,1.3304699659347534,1,0.00006103515625,1.454253911972046,1.395094633102417,1,0,1.460647463798523,1.4544427394866943,1,0,1.45659339427948,1.5076934099197388,1,0.00006103515625,1.4427117109298706,1.5540361404418945,1,0,1.4196662902832031,1.5928717851638794,1,0,1.38798189163208,1.6235088109970093,1,0.00006103515625,1.348402976989746,1.645523190498352,1,0,1.3015751838684082,1.6585761308670044,1,0,1.248038411140442,1.6623132228851318,1,0,1.188489556312561,1.6564987897872925,1,0,1.123630166053772,1.6412185430526733,1,0,1.0539908409118652,1.6162747144699097,1,0,0.9802404642105103,1.5819116830825806,1,0,0.9030420780181885,1.538264274597168,1,0,0.8229747414588928,1.4855536222457886,1,0,0.7408433556556702,1.4245061874389648,1,0.00006103515625,0.6570897102355957,1.3551105260849,1,0,0.5723768472671509,1.2783275842666626,1,0.00006103515625,0.48743736743927,1.1947211027145386,1,0,0.40284350514411926,1.1051074266433716,1,0,0.31921622157096863,1.0102643966674805,1,0,0.23729829490184784,0.9113996624946594,1,0,0.15759895741939545,0.8093363046646118,1,0,0.08083126693964005,0.7053852677345276,1,0,0.007577517069876194,0.60080486536026,1,0,-0.06141938641667366,0.4968995451927185,1,0,-0.12566469609737396,0.39529818296432495,1,0,-0.18438738584518433,0.2971665859222412,1,0.00006103515625,-0.23688985407352448,0.20488309860229492,1,0,-0.2829183042049408,0.11951810121536255,1,0,-0.3214552104473114,0.043118685483932495,1,0.00006103515625,-0.3519143760204315,-0.0222068652510643,1,0,-0.37382426857948303,-0.07439019531011581,1,0,-0.38647812604904175,-0.11171752959489822,1,0,-0.3890272378921509,-0.1312076598405838,1,0,-0.3811447322368622,-0.1310988813638687,1,0,-0.36208635568618774,-0.1089516207575798,1,0,-0.33116844296455383,-0.06190484017133713,1,0.00006103515625,-0.28756994009017944,0.012640510685741901,1,0,-0.23117046058177948,0.11723841726779938,1,0,-0.16089527308940887,0.25447648763656616,1,0,-0.07620827853679657,0.4280509054660797,1,0,0.023449644446372986,0.6401298642158508,1,0,0.13878251612186432,0.8944694399833679,1,0,0.27046629786491394,1.193812608718872,1,0,0.4190090596675873,1.542112112045288,1,0,0.5851926803588867,1.9420182704925537,1,0,0.7695533633232117,2.397427558898926,1,0,0.9727666974067688,2.9120750427246094,1,0,1.1954398155212402,3.4895401000976562,1,0.0001220703125,-0.14139381051063538,0.5865392684936523,1,0,0.14014874398708344,0.5961151123046875,1,-0.0001220703125,0.4002783000469208,0.6230595111846924,1,0,0.6396308541297913,0.6652591228485107,1,-0.0001220703125,0.858815610408783,0.7206827402114868,1,0,1.0584697723388672,0.7873865962028503,1,-0.0001220703125,1.2392170429229736,0.8635157942771912,1,0,1.40166437625885,0.9472802877426147,1,0,1.5465244054794312,1.0370359420776367,1,0,1.6742409467697144,1.1311074495315552,1,0,1.7856793403625488,1.2280535697937012,1,0,1.881222128868103,1.3263797760009766,1,0,1.9617269039154053,1.4248076677322388,1,0,2.027599573135376,1.5219807624816895,1,-0.0001220703125,2.079655170440674,1.6168291568756104,1,0,2.118351936340332,1.7081555128097534,1,0,2.144503116607666,1.7950760126113892,1,0,2.1585233211517334,1.8765435218811035,1,-0.0001220703125,2.1612470149993896,1.9518238306045532,1,0,2.153111219406128,2.020099401473999,1,0,2.1349081993103027,2.080768585205078,1,0,2.1071324348449707,2.1331751346588135,1,0,2.070537567138672,2.176931619644165,1,0,2.025562286376953,2.2114882469177246,1,0,1.9730676412582397,2.2367074489593506,1,0,1.9134318828582764,2.2520923614501953,1,0,1.8475816249847412,2.2578697204589844,1,-0.0001220703125,1.7757145166397095,2.2534923553466797,1,0.0001220703125,1.6989680528640747,2.2394349575042725,1,0,1.6176363229751587,2.2155439853668213,1,0,1.53227961063385,2.1819841861724854,1,0,1.4437947273254395,2.1391961574554443,1,0,1.3526942729949951,2.0874552726745605,1,0,1.2596372365951538,2.0272927284240723,1,0,1.1649259328842163,1.958852767944336,1,-0.0001220703125,1.0696645975112915,1.8833483457565308,1,0,0.9743112325668335,1.8011656999588013,1,-0.0001220703125,0.8793646693229675,1.7130157947540283,1,0,0.7854983806610107,1.6197996139526367,1,-0.0001220703125,0.69353187084198,1.5227246284484863,1,0,0.6038649678230286,1.4225859642028809,1,0,0.5172726511955261,1.320628046989441,1,0.0001220703125,0.4341585636138916,1.2179148197174072,1,-0.0001220703125,0.35532766580581665,1.1158840656280518,1,0,0.2814467251300812,1.0158172845840454,1,0,0.21306252479553223,0.919481098651886,1,-0.00006103515625,0.15067318081855774,0.8278185129165649,1,0,0.09527106583118439,0.7432397603988647,1,0,0.04710061475634575,0.6668699979782104,1,-0.00006103515625,0.007056285161525011,0.6008442640304565,1,0,-0.02455596812069416,0.5466710329055786,1,0,-0.04673514887690544,0.5069301128387451,1,0,-0.05909907445311546,0.4832957088947296,1,0,-0.060832977294921875,0.4780203104019165,1,0,-0.05167700722813606,0.49291637539863586,1,0,-0.03056337870657444,0.5312132239341736,1,0,0.002942135091871023,0.5945982336997986,1,-0.00006103515625,0.04942723736166954,0.6858132481575012,1,0,0.10951060056686401,0.8072332739830017,1,-0.00006103515625,0.183900386095047,0.9620668888092041,1,0,0.2731574475765228,1.1522825956344604,1,0,0.3780498206615448,1.381496787071228,1,-0.0001220703125,0.49889081716537476,1.6516826152801514,1,0.0001220703125,0.6368393898010254,1.9669355154037476,1,-0.0001220703125,0.020224623382091522,0.661650538444519,1,-0.0001220703125,0.041354965418577194,0.6634418964385986,1,-0.0001220703125,0.06089569628238678,0.6665542125701904,1,-0.0001220703125,0.07891692966222763,0.6708305478096008,1,0,0.09546492993831635,0.6761202812194824,1,-0.0001220703125,0.11062530428171158,0.6822904944419861,1,-0.0001220703125,0.1243714988231659,0.6891922354698181,1,-0.0001220703125,0.13689757883548737,0.6967212557792664,1,0,0.14813625812530518,0.7047354578971863,1,-0.0001220703125,0.15822909772396088,0.7131603956222534,1,-0.0001220703125,0.16714389622211456,0.7218554615974426,1,-0.0001220703125,0.1750817596912384,0.7307577133178711,1,-0.0001220703125,0.1819515973329544,0.7397626638412476,1,-0.0001220703125,0.18793152272701263,0.7488126158714294,1,-0.0001220703125,0.1929408311843872,0.7578228116035461,1,-0.0001220703125,0.19713744521141052,0.7667235136032104,1,-0.0001220703125,0.20068341493606567,0.7755255699157715,1,-0.0001220703125,0.20338420569896698,0.7840886116027832,1,-0.0001220703125,0.20544272661209106,0.7924313545227051,1,-0.0001220703125,0.20693285763263702,0.8004950881004333,1,-0.0001220703125,0.20790216326713562,0.8083509206771851,1,-0.0001220703125,0.20833832025527954,0.8158364295959473,1,0,0.20844021439552307,0.8230913877487183,1,-0.0001220703125,0.20800933241844177,0.8299518823623657,1,0,0.20750701427459717,0.836690366268158,1,0,0.20659591257572174,0.8430325984954834,1,-0.0001220703125,0.20549404621124268,0.8491286039352417,1,-0.0001220703125,0.20419880747795105,0.8550482392311096,1,0,0.2030819058418274,0.8609715700149536,1,0,0.20169679820537567,0.8664892315864563,1,-0.0001220703125,0.20039665699005127,0.8721830248832703,1,-0.0001220703125,0.19929373264312744,0.8778966069221497,1,0,0.1981637179851532,0.8835204839706421,1,-0.0001220703125,0.19739671051502228,0.8894391655921936,1,-0.0001220703125,0.1969703882932663,0.8957304358482361,1,0,0.1967121809720993,0.902152955532074,1,-0.0001220703125,0.1969199776649475,0.9093021154403687,1,-0.0001220703125,0.19742023944854736,0.9167618751525879,1,-0.0001220703125,0.1986485719680786,0.925176203250885,1,0,0.20048712193965912,0.9344464540481567,1,-0.0001220703125,0.2025613784790039,0.9444319009780884,1,0,0.205765962600708,0.9558752775192261,1,-0.0001220703125,0.20948220789432526,0.968403697013855,1,0,0.21394509077072144,0.9824724197387695,1,-0.0001220703125,0.21934667229652405,0.998059093952179,1,-0.0001220703125,0.2255147248506546,1.015331506729126,1,-0.0001220703125,0.2328999787569046,1.034953236579895,1,0,0.24127766489982605,1.0567065477371216,1,0,0.2505418658256531,1.080372929573059,1,-0.0001220703125,0.26100248098373413,1.1070709228515625,1,-0.0001220703125,0.27278217673301697,1.136657476425171,1,-0.0001220703125,0.2856162190437317,1.1687850952148438,1,-0.0001220703125,0.3000613749027252,1.204797625541687,1,-0.0001220703125,0.315525621175766,1.2437962293624878,1,0,0.33279165625572205,1.287027359008789,1,-0.0001220703125,0.3513479232788086,1.3340599536895752,1,-0.0001220703125,0.3714442551136017,1.3852381706237793,1,0,0.39329004287719727,1.4413338899612427,1,-0.0001220703125,0.416595995426178,1.5020297765731812,1,0,0.44179362058639526,1.568092942237854,1,0,0.4686199128627777,1.6392747163772583,1,-0.0001220703125,0.4974563419818878,1.7166513204574585,1,-0.0001220703125,0.5279233455657959,1.7997865676879883,1,-0.000244140625,0.5603488087654114,1.8892470598220825,1,0,0,0,0,0,0,0,0,0,0,0,0,0,0,0,0,0,0,0,0,0,0,0,0,0,0,0,0,0,0,0,0,0,0,0,0,0,0,0,0,0,0,0,0,0,0,0,0,0,0,0,0,0,0,0,0,0,0,0,0,0,0,0,0,0,0,0,0,0,0,0,0,0,0,0,0,0,0,0,0,0,0,0,0,0,0,0,0,0,0,0,0,0,0,0,0,0,0,0,0,0,0,0,0,0,0,0,0,0,0,0,0,0,0,0,0,0,0,0,0,0,0,0,0,0,0,0,0,0,0,0,0,0,0,0,0,0,0,0,0,0,0,0,0,0,0,0,0,0,0,0,0,0,0,0,0,0,0,0,0,0,0,0,0,0,0,0,0,0,0,0,0,0,0,0,0,0,0,0,0,0,0,0,0,0,0,0,0,0,0,0,0,0,0,0,0,0,0,0,0,0,0,0,0,0,0,0,0,0,0,0,0,0,0,0,0,0,0,0,0,0,0,0,0,0,0,0,0,0,0,0,0,0,0,0,0,0,0,0,0,0,0,0,0,0,0,0,0,0,0,0,0,0,0,0,0,0,0,0,0,0,0,0,0,0,0,0,0,0,0,0,0,0,0,0,0,0,0,0,0,0,0,0,0,0,0,0,0,0,0,0,0,0,0,0,0,0,0,0,0,0,0,0,0,0,0,0,0,0,0,0,0,0,0,0,0,0,0,0,0,0,0,0,0,0,0,0,0,0,0,0,0,0,0,0,0,0,0,0,0,0,0,0,0,0,0,0,0,0,0,0,0,0,0,0,0,0,0,0,0,0,0,0,0,0,0,0,0,0,0,0,0,0,0,0,0,0,0,0,0,0,0,0,0,0,0,0,0,0,0,0,0,0,0,0,0,0,0,0,0,0,0,0,0,0,0,0,0,0,0,0,0,0,0,0,0,0,0,0,0,0,0,0,0,0,0,0,0,0,0,0,0,0,0,0,0,0,0,0,0,0,0,0,0,0,0,0,0,0,0,0,0,0,0,0,0,0,0,0,0,0,0,0,0,0,0,0,0,0,0,0,0,0,0,0,0,0,0,0,0,0,0,0,0,0,0,0,0,0,0,0,0,0,0,0,0,0,0,0,0,0,0,0,0,0,0,0,0,0,0,0,0,0,0,0,0,0,0,0,0,0,0,0,0,0,0,0,0,0,0,0,0,0,0,0,0,0,0,0,0,0,0,0,0,0,0,0,0,0,0,0,0,0,0,0,0,0,0,0,0,0,0,0,0,0,0,0,0,0,0,0,0,0,0,0,0,0,0,0,0,0,0,0,0,0,0,0,0,0,0,0,0,0,0,0,0,0,0,0,0,0,0,0,0,0,0,0,0,0,0,0,0,0,0,0,0,0,0,0,0,0,0,0,0,0,0,0,0,0,0,0,0,0,0,0,0,0,0,0,0,0,0,0,0,0,0,0,0,0,0,0,0,0,0,0,0,0,0,0,0,0,0,0,0,0,0,0,0,0,0,0,0,0,0,0,0,0,0,0,0,0,0,0,0,0,0,0,0,0,0,0,0,0,0,0,0,0,0,0,0,0,0,0,0,0,0,0,0,0,0,0,0,0,0,0,0,0,0,0,0,0,0,0,0,0,0,0,0,0,0,0,0,0,0,0,0,0,0,0,0,0,0,0,0,0,0,0,0,0,0,0,0,0,0,0,0,0,0,0,0,0,0,0,0,0,0,0,0,0,0,0,0,0,0,0,0,0,0,0,0,0,0,0,0,0,0,0,0,0,0,0,0,0,0,0,0,0,0,0,0,0,0,0,0,0,0,0,0,0,0,0,0,0,0,0,0,0,0,0,0,0,0,0,0,0,0,0,0,0,0,0,0,0,0,0,0,0,0,0,0,0,0,0,0,0,0,0,0,0,0,0,0,0,0,0,0,0,0,0,0,0,0,0,0,0,0,0,0,0,0,0,0,0,0,0,0,0,0,0,0,0,0,0,0,0,0,0,0,0,0,0,0,0,0,0,0,0,0,0,0,0,0,0,0,0,0,0,0,0,0,0,0,0,0,0,0,0,0,0,0,0,0,0,0,0,0,0,0,0,0,0,0,0,0,0,0,0,0,0,0,0,0,0,0,0,0,0,0,0,0,0,0,0,0,0,0,0,0,0,0,0,0,0,0,0,0,0,0,0,0,0,0,0,0,0,0,0,0,0,0,0,0,0,0,0,0,0,0,0,0,0,0,0,0,0,0,0,0,0,0,0,0,0,0,0,0,0,0,0,0,0,0,0,0,0,0,0,0,0,0,0,0,0,0,0,0,0,0,0,0,0,0,0,0,0,0,0,0,0,0,0,0,0,0,0,0,0,0,0,0,0,0,0,0,0,0,0,0,0,0,0,0,0,0,0,0,0,0,0,0,0,0,0,0,0,0,0,0,0,0,0,0,0,0,0,0,0,0,0,0,0,0,0,0,0,0,0,0,0,0,0,0,0,0,0,0,0,0,0,0,0,0,0,0,0,0,0,0,0,0,0,0,0,0,0,0,0,0,0,0,0,0,0,0,0,0,0,0,0,0,0,0,0,0,0,0,0,0,0,0,0,0,0,0,0,0,0,0,0,0,0,0,0,0,0,0,0,0,0,0,0,0,0,0,0,0,0,0,0,0,0,0,0,0,0,0,0,0,0,0,0,0,0,0,0,0,0,0,0,0,0,0,0,0,0,0,0,0,0,0,0,0,0,0,0,0,0,0,0,0,0,0,0,0,0,0,0,0,0,0,0,0,0,0,0,0,0,0,0,0,0,0,0,0,0,0,0,0,0,0,0,0,0,0,0,0,0,0,0,0,0,0,0,0,0,0,0,0,0,0,0,0,0,0,0,0,0,0,0,0,0,0,0,0,0,0,0,0,0,0,0,0,0,0,0,0,0,0,0,0,0,0,0,0,0,0,0,0,0,0,0,0,0,0,0,0,0,0,0,0,0,0,0,0,0,0,0,0,0,0,0,0,0,0,0,0,0,0,0,0,0,0,0,0,0,0,0,0,0,0,0,0,0,0,0,0,0,0,0,0,0,0,0,0,0,0,0,0,0,0,0,0,0,0,0,0,0,0,0,0,0,0,0,0,0,0,0,0,0,0,0,0,0,0,0,0,0,0,0,0,0,0,0,0,0,0,0,0,0,0,0,0,0,0,0,0,0,0,0,0,0,0,0,0,0,0,0,0,0,0,0,0,0,0,0,0,0,0,0,0,0,0,0,0,0,0,0,0,0,0,0,0,0,0,0,0,0,0,0,0,0,0,0,0,0,0,0,0,0,0,0,0,0,0,0,0,0,0,0,0,0,0,0,0,0,0,0,0,0,0,0,0,0,0,0,0,0,0,0,0,0,0,0,0,0,0,0,0,0,0,0,0,0,0,0,0,0,0,0,0,0,0,0,0,0,0,0,0,0,0,0,0,0,0,0,0,0,0,0,0,0,0,0,0,0,0,0,0,0,0,0,0,0,0,0,0,0,0,0,0,0,0,0,0,0,0,0,0,0,0,0,0,0,0,0,0,0,0,0,0,0,0,0,0,0,0,0,0,0,0,0,0,0,0,0,0,0,0,0,0,0,0,0,0,0,0,0,0,0,0,0,0,0,0,0,0,0,0,0,0,0,0,0,0,0,0,0,0,0,0,0,0,0,0,0,0,0,0,0,0,0,0,0,0,0,0,0,0,0,0,0,0,0,0,0,0,0,0,0,0,0,0,0,0,0,0,0,0,0,0,0,0,0,0,0,0,0,0,0,0,0,0,0,0,0,0,0,0,0,0,0,0,0,0,0,0,0,0,0,0,0,0,0,0,0,0,0,0,0,0,0,0,0,0,0,0,0,0,0,0,0,0,0,0,0,0,0,0,0,0,0,0,0,0,0,0,0,0,0,0,0,0,0,0,0,0,0,0,0,0,0,0,0,0,0,0,0,0,0,0,0,0,0,0,0,0,0,0,0,0,0,0,0,0,0,0,0,0,0,0,0,0,0,0,0,0,0,0,0,0,0,0,0,0,0,0,0,0,0,0,0,0,0,0,0,0,0,0,0,0,0,0,0,0,0,0,0,0,0,0,0,0,0,0,0,0,0,0,0,0,0,0,0,0,0,0,0,0,0,0,0,0,0,0,0,0,0,0,0,0,0,0,0,0,0,0,0,0,0,0,0,0,0,0,0,0,0,0,0,0,0,0,0,0,0,0,0,0,0,0,0,0,0,0,0,0,0,0,0,0,0,0,0,0,0,0,0,0,0,0,0,0,0,0,0,0,0,0,0,0,0,0,0,0,0,0,0,0,0,0,0,0,0,0,0,0,0,0,0,0,0,0,0,0,0,0,0,0,0,0,0,0,0,0,0,0,0,0,0,0,0,0,0,0,0,0,0,0,0,0,0,0,0,0,0,0,0,0,0,0,0,0,0,0,0,0,0,0,0,0,0,0,0,0,0,0,0,0,0,0,0,0,0,0,0,0,0,0,0,0,0,0,0,0,0,0,0,0,0,0,0,0,0,0,0,0,0,0,0,0,0,0,0,0,0,0,0,0,0,0,0,0,0,0,0,0,0,0,0,0,0,0,0,0,0,0,0,0,0,0,0,0,0,0,0,0,0,0,0,0,0,0,0,0,0,0,0,0,0,0,0,0,0,0,0,0,0,0,0,0,0,0,0,0,0,0,0,0,0,0,0,0,0,0,0,0,0,0,0,0,0,0,0,0,0,0,0,0,0,0,0,0,0,0,0,0,0,0,0,0,0,0,0,0,0,0,0,0,0,0,0,0,0,0,0,0,0,0,0,0,0,0,0,0,0,0,0,0,0,0,0,0,0,0,0,0,0,0,0,0,0,0,0,0,0,0,0,0,0,0,0,0,0,0,0,0,0,0,0,0,0,0,0,0,0,0,0,0,0,0,0,0,0,0,0,0,0,0,0,0,0,0,0,0,0,0,0,0,0,0,0,0,0,0,0,0,0,0,0,0,0,0,0,0,0,0,0,0,0,0,0,0,0,0,0,0,0,0,0,0,0,0,0,0,0,0,0,0,0,0,0,0,0,0,0,0,0,0,0,0,0,0,0,0,0,0,0,0,0,0,0,0,0,0,0,0,0,0,0,0,0,0,0,0,0,0,0,0,0,0,0,0,0,0,0,0,0,0,0,0,0,0,0,0,0,0,0,0,0,0,0,0,0,0,0,0,0,0,0,0,0,0,0,0,0,0,0,0,0,0,0,0,0,0,0,0,0,0,0,0,0,0,0,0,0,0,0,0,0,0,0,0,0,0,0,0,0,0,0,0,0,0,0,0,0,0,0,0,0,0,0,0,0,0,0,0,0,0,0,0,0,0,0,0,0,0,0,0,0,0,0,0,0,0,0,0,0,0,0,0,0,0,0,0,0,0,0,0,0,0,0,0,0,0,0,0,0,0,0,0,0,0,0,0,0,0,0,0,0,0,0,0,0,0,0,0,0,0,0,0,0,0,0,0,0,0,0,0,0,0,0,0,0,0,0,0,0,0,0,0,0,0,0,0,0,0,0,0,0,0,0,0,0,0,0,0,0,0,0,0,0,0,0,0,0,0,0,0,0,0,0,0,0,0,0,0,0,0,0,0,0,0,0,0,0,0,0,0,0,0,0,0,0,0,0,0,0,0,0,0,0,0,0,0,0,0,0,0,0,0,0,0,0,0,0,0,0,0,0,0,0,0,0,0,0,0,0,0,0,0,0,0,0,0,0,0,0,0,0,0,0,0,0,0,0,0,0,0,0,0,0,0,0,0,0,0,0,0,0,0,0,0,0,0,0,0,0,0,0,0,0,0,0,0,0,0,0,0,0,0,0,0,0,0,0,0,0,0,0,0,0,0,0,0,0,0,0,0,0,0,0,0,0,0,0,0,0,0,0,0,0,0,0,0,0,0,0,0,0,0,0,0,0,0,0,0,0,0,0,0,0,0,0,0,0,0,0,0,0,0,0,0,0,0,0,0,0,0,0,0,0,0,0,0,0,0,0,0,0,0,0,0,0,0,0,0,0,0,0,0,0,0,0,0,0,0,0,0,0,0,0,0,0,0,0,0,0,0,0,0,0,0,0,0,0,0,0,0,0,0,0,0,0,0,0,0,0,0,0,0,0,0,0,0,0,0,0,0,0,0,0,0,0,0,0,0,0,0,0,0,0,0,0,0,0,0,0,0,0,0,0,0,0,0,0,0,0,0,0,0,0,0,0,0,0,0,0,0,0,0,0,0,0,0,0,0,0,0,0,0,0,0,0,0,0,0,0,0,0,0,0,0,0,0,0,0,0,0,0,0,0,0,0,0,0,0,0,0,0,0,0,0,0,0,0,0,0,0,0,0,0,0,0,0,0,0,0,0,0,0,0,0,0,0,0,0,0,0,0,0,0,0,0,0,0,0,0,0,0,0,0,0,0,0,0,0,0,0,0,0,0,0,0,0,0,0,0,0,0,0,0,0,0,0,0,0,0,0,0,0,0,0,0,0,0,0,0,0,0,0,0,0,0,0,0,0,0,0,0,0,0,0,0,0,0,0,0,0,0,0,0,0,0,0,0,0,0,0,0,0,0,0,0,0,0,0,0,0,0,0,0,0,0,0,0,0,0,0,0,0,0,0,0,0,0,0,0,0,0,0,0,0,0,0,0,0,0,0,0,0,0,0,0,0,0,0,0,0,0,0,0,0,0,0,0,0,0,0,0,0,0,0,0,0,0,0,0,0,0,0,0,0,0,0,0,0,0,0,0,0,0,0,0,0,0,0,0,0,0,0,0,0,0,0,0,0,0,0,0,0,0,0,0,0,0,0,0,0,0,0,0,0,0,0,0,0,0,0,0,0,0,0,0,0,0,0,0,0,0,0,0,0,0,0,0,0,0,0,0,0,0,0,0,0,0,0,0,0,0,0,0,0,0,0,0,0,0,0,0,0,0,0,0,0,0,0,0,0,0,0,0,0,0,0,0,0,0,0,0,0,0,0,0,0,0,0,0,0,0,0,0,0,0,0,0,0,0,0,0,0,0,0,0,0,0,0,0,0,0,0,0,0,0,0,0,0,0,0,0,0,0,0,0,0,0,0,0,0,0,0,0,0,0,0,0,0,0,0,0,0,0,0,0,0,0,0,0,0,0,0,0,0,0,0,0,0,0,0,0,0,0,0,0,0,0,0,0,0,0,0,0,0,0,0,0,0,0,0,0,0,0,0,0,0,0,0,0,0,0,0,0,0,0,0,0,0,0,0,0,0,0,0,0,0,0,0,0,0,0,0,0,0,0,0,0,0,0,0,0,0,0,0,0,0,0,0,0,0,0,0,0,0,0,0,0,0,0,0,0,0,0,0,0,0,0,0,0,0,0,0,0,0,0,0,0,0,0,0,0,0,0,0,0,0,0,0,0,0,0,0,0,0,0,0,0,0,0,0,0,0,0,0,0,0,0,0,0,0,0,0,0,0,0,0,0,0,0,0,0,0,0,0,0,0,0,0,0,0,0,0,0,0,0,0,0,0,0,0,0,0,0,0,0,0,0,0,0,0,0,0,0,0,0,0,0,0,0,0,0,0,0,0,0,0,0,0,0,0,0,0,0,0,0,0,0,0,0,0,0,0,0,0,0,0,0,0,0,0,0,0,0,0,0,0,0,0,0,0,0,0,0,0,0,0,0,0,0,0,0,0,0,0,0,0,0,0,0,0,0,0,0,0,0,0,0,0,0,0,0,0,0,0,0,0,0,0,0,0,0,0,0,0,0,0,0,0,0,0,0,0,0,0,0,0,0,0,0,0,0,0,0,0,0,0,0,0,0,0,0,0,0,0,0,0,0,0,0,0,0,0,0,0,0,0,0,0,0,0,0,0,0,0,0,0,0,0,0,0,0,0,0,0,0,0,0,0,0,0,0,0,0,0,0,0,0,0,0,0,0,0,0,0,0,0,0,0,0,0,0,0,0,0,0,0,0,0,0,0,0,0,0,0,0,0,0,0,0,0,0,0,0,0,0,0,0,0,0,0,0,0,0,0,0,0,0,0,0,0,0,0,0,0,0,0,0,0,0,0,0,0,0,0,0,0,0,0,0,0,0,0,0,0,0,0,0,0,0,0,0,0,0,0,0,0,0,0,0,0,0,0,0,0,0,0,0,0,0,0,0,0,0,0,0,0,0,0,0,0,0,0,0,0,0,0,0,0,0,0,0,0,0,0,0,0,0,0,0,0,0,0,0,0,0,0,0,0,0,0,0,0,0,0,0,0,0,0,0,0,0,0,0,0,0,0,0,0,0,0,0,0,0,0,0,0,0,0,0,0,0,0,0,0,0,0,0,0,0,0,0,0,0,0,0,0,0,0,0,0,0,0,0,0,0,0,0,0,0,0,0,0,0,0,0,0,0,0,0,0,0,0,0,0,0,0,0,0,0,0,0,0,0,0,0,0,0,0,0,0,0,0,0,0,0,0,0,0,0,0,0,0,0,0,0,0,0,0,0,0,0,0,0,0,0,0,0,0,0,0,0,0,0,0,0,0,0,0,0,0,0,0,0,0,0,0,0,0,0,0,0,0,0,0,0,0,0,0,0,0,0,0,0,0,0,0,0,0,0,0,0,0,0,0,0,0,0,0,0,0,0,0,0,0,0,0,0,0,0,0,0,0,0,0,0,0,0,0,0,0,0,0,0,0,0,0,0,0,0,0,0,0,0,0,0,0,0,0,0,0,0,0,0,0,0,0,0,0,0,0,0,0,0,0,0,0,0,0,0,0,0,0,0,0,0,0,0,0,0,0,0,0,0,0,0,0,0,0,0,0,0,0,0,0,0,0,0,0,0,0,0,0,0,0,0,0,0,0,0,0,0,0,0,0,0,0,0,0,0,0,0,0,0,0,0,0,0,0,0,0,0,0,0,0,0,0,0,0,0,0,0,0,0,0,0,0,0,0,0,0,0,0,0,0,0,0,0,0,0,0,0,0,0,0,0,0,0,0,0,0,0,0,0,0,0,0,0,0,0,0,0,0,0,0,0,0,0,0,0,0,0,0,0,0,0,0,0,0,0,0,0,0,0,0,0,0,0,0,0,0,0,0,0,0,0,0,0,0,0,0,0,0,0,0,0,0,0,0,0,0,0,0,0,0,0,0,0,0,0,0,0,0,0,0,0,0,0,0,0,0,0,0,0,0,0,0,0,0,0,0,0,0,0,0,0,0,0,0,0,0,0,0,0,0,0,0,0,0,0,0,0,0,0,0,0,0,0,0,0,0,0,0,0,0,0,0,0,0,0,0,0,0,0,0,0,0,0,0,0,0,0,0,0,0,0,0,0,0,0,0,0,0,0,0,0,0,0,0,0,0,0,0,0,0,0,0,0,0,0,0,0,0,0,0,0,0,0,0,0,0,0,0,0,0,0,0,0,0,0,0,0,0,0,0,0,0,0,0,0,0,0,0,0,0,0,0,0,0,0,0,0,0,0,0,0,0,0,0,0,0,0,0,0,0,0,0,0,0,0,0,0,0,0,0,0,0,0,0,0,0,0,0,0,0,0,0,0,0,0,0,0,0,0,0,0,0,0,0,0,0,0,0,0,0,0,0,0,0,0,0,0,0,0,0,0,0,0,0,0,0,0,0,0,0,0,0,0,0,0,0,0,0,0,0,0,0,0,0,0,0,0,0,0,0,0,0,0,0,0,0,0,0,0,0,0,0,0,0,0,0,0,0,0,0,0,0,0,0,0,0,0,0,0,0,0,0,0,0,0,0,0,0,0,0,0,0,0,0,0,0,0,0,0,0,0,0,0,0,0,0,0,0,0,0,0,0,0,0,0,0,0,0,0,0,0,0,0,0,0,0,0,0,0,0,0,0,0,0,0,0,0,0,0,0,0,0,0,0,0,0,0,0,0,0,0,0,0,0,0,0,0,0,0,0,0,0,0,0,0,0,0,0,0,0,0,0,0,0,0,0,0,0,0,0,0,0,0,0,0,0,0,0,0,0,0,0,0,0,0,0,0,0,0,0,0,0,0,0,0,0,0,0,0,0,0,0,0,0,0,0,0,0,0,0,0,0,0,0,0,0,0,0,0,0,0,0,0,0,0,0,0,0,0,0,0,0,0,0,0,0,0,0,0,0,0,0,0,0,0,0,0,0,0,0,0,0,0,0,0,0,0,0,0,0,0,0,0,0,0,0,0,0,0,0,0,0,0,0,0,0,0,0,0,0,0,0,0,0,0,0,0,0,0,0,0,0,0,0,0,0,0,0,0,0,0,0,0,0,0,0,0,0,0,0,0,0,0,0,0,0,0,0,0,0,0,0,0,0,0,0,0,0,0,0,0,0,0,0,0,0,0,0,0,0,0,0,0,0,0,0,0,0,0,0,0,0,0,0,0,0,0,0,0,0,0,0,0,0,0,0,0,0,0,0,0,0,0,0,0,0,0,0,0,0,0,0,0,0,0,0,0,0,0,0,0,0,0,0,0,0,0,0,0,0,0,0,0,0,0,0,0,0,0,0,0,0,0,0,0,0,0,0,0,0,0,0,0,0,0,0,0,0,0,0,0,0,0,0,0,0,0,0,0,0,0,0,0,0,0,0,0,0,0,0,0,0,0,0,0,0,0,0,0,0,0,0,0,0,0,0,0,0,0,0,0,0,0,0,0,0,0,0,0,0,0,0,0,0,0,0,0,0,0,0,0,0,0,0,0,0,0,0,0,0,0,0,0,0,0,0,0,0,0,0,0,0,0,0,0,0,0,0,0,0,0,0,0,0,0,0,0,0,0,0,0,0,0,0,0,0,0,0,0,0,0,0,0,0,0,0,0,0,0,0,0,0,0,0,0,0,0,0,0,0,0,0,0,0,0,0,0,0,0,0,0,0,0,0,0,0,0,0,0,0,0,0,0,0,0,0,0,0,0,0,0,0,0,0,0,0,0,0,0,0,0,0]}}