tauAdjFieldsTex [64 x 54] 8
    0.0076    -0.0146     0.2334     1.0000     0.0228    -0.0041     0.2334     1.0000     0.0380     0.0033     0.2334     1.0000     0.0533     0.0077     0.2334     1.0000     0.0685     0.0094     0.2334     1.0000     0.0837     0.0084     0.2334     1.0000     0.0989     0.0050     0.2334     1.0000     0.1141    -0.0008     0.2334     1.0000     0.1294    -0.0089     0.2334     1.0000     0.1446    -0.0190     0.2334     1.0000     0.1598    -0.0310     0.2334     1.0000     0.1750    -0.0447     0.2334     1.0000     0.1902    -0.0602     0.2334     1.0000     0.2055    -0.0770     0.2334     1.0000     0.2207    -0.0953     0.2334     1.0000     0.2359    -0.1147     0.2334     1.0000     0.2511    -0.1351     0.2334     1.0000     0.2663    -0.1565     0.2334     1.0000     0.2816    -0.1786     0.2334     1.0000     0.2968    -0.2013     0.2334     1.0000     0.3120    -0.2245     0.2334     1.0000     0.3272    -0.2480     0.2334     1.0000     0.3424    -0.2717     0.2334     1.0000     0.3577    -0.2954     0.2334     1.0000     0.3729    -0.3190     0.2334     1.0000     0.3881    -0.3423     0.2334     1.0000     0.4033    -0.3652     0.2334     1.0000     0.4185    -0.3876     0.2334     1.0000     0.4338    -0.4092     0.2334     1.0000     0.4490    -0.4301     0.2334     1.0000     0.4642    -0.4499     0.2334     1.0000     0.4794    -0.4686     0.2334     1.0000     0.4946    -0.4860     0.2334     1.0000     0.5099    -0.5020     0.2334     1.0000     0.5251    -0.5164     0.2334     1.0000     0.5403    -0.5291     0.2334     1.0000     0.5555    -0.5399     0.2334     1.0000     0.5707    -0.5487     0.2334     1.0000     0.5860    -0.5554     0.2334     1.0000     0.6012    -0.5598     0.2334     1.0000     0.6164    -0.5617     0.2334     1.0000     0.6316    -0.5611     0.2334     1.0000     0.6468    -0.5577     0.2334     1.0000     0.6621    -0.5514     0.2334     1.0000     0.6773    -0.5421     0.2334     1.0000     0.6925    -0.5297     0.2334     1.0000     0.7077    -0.5139     0.2334     1.0000     0.7229    -0.4946     0.2334     1.0000     0.7382    -0.4718     0.2334     1.0000     0.7534    -0.4452     0.2334     1.0000     0.7686    -0.4147     0.2334     1.0000     0.7838    -0.3802     0.2334     1.0000     0.7990    -0.3414     0.2334     1.0000     0.8143    -0.2984     0.2334     1.0000     0.8295    -0.2508     0.2334     1.0000     0.8447    -0.1987     0.2334     1.0000     0.8599    -0.1417     0.2334     1.0000     0.8751    -0.0799     0.2334     1.0000     0.8904    -0.0130     0.2334     1.0000     0.9056     0.0591     0.2334     1.0000     0.9208     0.1366     0.2334     1.0000     0.9360     0.2195     0.2334     1.0000     0.9512     0.3081     0.2334     1.0000     0.9665     0.4025     0.2334     1.0000
    0.0090    -0.0162     0.3562     1.0000     0.0269    -0.0286     0.3562     1.0000     0.0449    -0.0419     0.3562     1.0000     0.0628    -0.0562     0.3562     1.0000     0.0808    -0.0714     0.3562     1.0000     0.0988    -0.0872     0.3562     1.0000     0.1167    -0.1038     0.3562     1.0000     0.1347    -0.1209     0.3562     1.0000     0.1526    -0.1386     0.3562     1.0000     0.1706    -0.1566     0.3562     1.0000     0.1885    -0.1749     0.3562     1.0000     0.2065    -0.1935     0.3562     1.0000     0.2245    -0.2122     0.3562     1.0000     0.2424    -0.2310     0.3562     1.0000     0.2604    -0.2497     0.3562     1.0000     0.2783    -0.2683     0.3562     1.0000     0.2963    -0.2867     0.3562     1.0000     0.3142    -0.3047     0.3562     1.0000     0.3322    -0.3224     0.3562     1.0000     0.3501    -0.3396     0.3562     1.0000     0.3681    -0.3563     0.3562     1.0000     0.3861    -0.3723     0.3562     1.0000     0.4040    -0.3875     0.3562     1.0000     0.4220    -0.4019     0.3562     1.0000     0.4399    -0.4154     0.3562     1.0000     0.4579    -0.4279     0.3562     1.0000     0.4758    -0.4393     0.3562     1.0000     0.4938    -0.4495     0.3562     1.0000     0.5118    -0.4584     0.3562     1.0000     0.5297    -0.4660     0.3562     1.0000     0.5477    -0.4721     0.3562     1.0000     0.5656    -0.4767     0.3562     1.0000     0.5836    -0.4796     0.3562     1.0000     0.6015    -0.4809     0.3562     1.0000     0.6195    -0.4803     0.3562     1.0000     0.6374    -0.4779     0.3562     1.0000     0.6554    -0.4735     0.3562     1.0000     0.6734    -0.4670     0.3562     1.0000     0.6913    -0.4584     0.3562     1.0000     0.7093    -0.4475     0.3562     1.0000     0.7272    -0.4343     0.3562     1.0000     0.7452    -0.4187     0.3562     1.0000     0.7631    -0.4005     0.3562     1.0000     0.7811    -0.3798     0.3562     1.0000     0.7991    -0.3564     0.3562     1.0000     0.8170    -0.3302     0.3562     1.0000     0.8350    -0.3012     0.3562     1.0000     0.8529    -0.2692     0.3562     1.0000     0.8709    -0.2342     0.3562     1.0000     0.8888    -0.1961     0.3562     1.0000     0.9068    -0.1547     0.3562     1.0000     0.9247    -0.1101     0.3562     1.0000     0.9427    -0.0620     0.3562     1.0000     0.9607    -0.0105     0.3562     1.0000     0.9786     0.0445     0.3562     1.0000     0.9966     0.1033     0.3562     1.0000     1.0145     0.1657     0.3562     1.0000     1.0325     0.2320     0.3562     1.0000     1.0504     0.3022     0.3562     1.0000     1.0684     0.3764     0.3562     1.0000     1.0864     0.4547     0.3562     1.0000     1.1043     0.5372     0.3562     1.0000     1.1223     0.6240     0.3562     1.0000     1.1402     0.7151     0.3562     1.0000
    0.0096    -0.0927     0.2649     1.0000     0.0287     0.1273     0.2649     1.0000     0.0478     0.3279     0.2649     1.0000     0.0669     0.5098     0.2649     1.0000     0.0860     0.6735     0.2649     1.0000     0.1051     0.8198     0.2649     1.0000     0.1242     0.9492     0.2649     1.0000     0.1433     1.0623     0.2649     1.0000     0.1624     1.1599     0.2649     1.0000     0.1815     1.2426     0.2649     1.0000     0.2006     1.3110     0.2649     1.0000     0.2197     1.3657     0.2649     1.0000     0.2388     1.4074     0.2649     1.0000     0.2579     1.4367     0.2649     1.0000     0.2770     1.4542     0.2649     1.0000     0.2961     1.4606     0.2649     1.0000     0.3152     1.4566     0.2649     1.0000     0.3343     1.4427     0.2649     1.0000     0.3534     1.4196     0.2649     1.0000     0.3725     1.3880     0.2649     1.0000     0.3916     1.3484     0.2649     1.0000     0.4107     1.3015     0.2649     1.0000     0.4298     1.2480     0.2649     1.0000     0.4489     1.1885     0.2649     1.0000     0.4680     1.1236     0.2649     1.0000     0.4871     1.0540     0.2649     1.0000     0.5062     0.9802     0.2649     1.0000     0.5253     0.9030     0.2649     1.0000     0.5444     0.8230     0.2649     1.0000     0.5635     0.7408     0.2649     1.0000     0.5826     0.6570     0.2649     1.0000     0.6017     0.5724     0.2649     1.0000     0.6208     0.4874     0.2649     1.0000     0.6399     0.4028     0.2649     1.0000     0.6590     0.3192     0.2649     1.0000     0.6781     0.2373     0.2649     1.0000     0.6972     0.1576     0.2649     1.0000     0.7163     0.0808     0.2649     1.0000     0.7354     0.0076     0.2649     1.0000     0.7545    -0.0614     0.2649     1.0000     0.7736    -0.1256     0.2649     1.0000     0.7927    -0.1844     0.2649     1.0000     0.8118    -0.2370     0.2649     1.0000     0.8309    -0.2829     0.2649     1.0000     0.8500    -0.3214     0.2649     1.0000     0.8691    -0.3520     0.2649     1.0000     0.8882    -0.3738     0.2649     1.0000     0.9073    -0.3864     0.2649     1.0000     0.9264    -0.3891     0.2649     1.0000     0.9455    -0.3812     0.2649     1.0000     0.9646    -0.3621     0.2649     1.0000     0.9837    -0.3311     0.2649     1.0000     1.0028    -0.2877     0.2649     1.0000     1.0219    -0.2312     0.2649     1.0000     1.0410    -0.1609     0.2649     1.0000     1.0601    -0.0762     0.2649     1.0000     1.0792     0.0234     0.2649     1.0000     1.0983     0.1388     0.2649     1.0000     1.1174     0.2704     0.2649     1.0000     1.1365     0.4190     0.2649     1.0000     1.1556     0.5852     0.2649     1.0000     1.1747     0.7696     0.2649     1.0000     1.1938     0.9728     0.2649     1.0000     1.2129     1.1955     0.2649     1.0000
    0.0085    -0.1414     0.2646     1.0000     0.0256     0.1401     0.2646     1.0000     0.0426     0.4003     0.2646     1.0000     0.0597     0.6396     0.2646     1.0000     0.0767     0.8588     0.2646     1.0000     0.0937     1.0585     0.2646     1.0000     0.1108     1.2392     0.2646     1.0000     0.1278     1.4017     0.2646     1.0000     0.1449     1.5465     0.2646     1.0000     0.1619     1.6743     0.2646     1.0000     0.1790     1.7857     0.2646     1.0000     0.1960     1.8812     0.2646     1.0000     0.2130     1.9617     0.2646     1.0000     0.2301     2.0276     0.2646     1.0000     0.2471     2.0796     0.2646     1.0000     0.2642     2.1184     0.2646     1.0000     0.2812     2.1445     0.2646     1.0000     0.2983     2.1586     0.2646     1.0000     0.3153     2.1612     0.2646     1.0000     0.3323     2.1531     0.2646     1.0000     0.3494     2.1349     0.2646     1.0000     0.3664     2.1071     0.2646     1.0000     0.3835     2.0705     0.2646     1.0000     0.4005     2.0256     0.2646     1.0000     0.4176     1.9730     0.2646     1.0000     0.4346     1.9135     0.2646     1.0000     0.4516     1.8475     0.2646     1.0000     0.4687     1.7758     0.2646     1.0000     0.4857     1.6989     0.2646     1.0000     0.5028     1.6176     0.2646     1.0000     0.5198     1.5323     0.2646     1.0000     0.5369     1.4438     0.2646     1.0000     0.5539     1.3527     0.2646     1.0000     0.5709     1.2595     0.2646     1.0000     0.5880     1.1650     0.2646     1.0000     0.6050     1.0697     0.2646     1.0000     0.6221     0.9743     0.2646     1.0000     0.6391     0.8794     0.2646     1.0000     0.6562     0.7856     0.2646     1.0000     0.6732     0.6935     0.2646     1.0000     0.6903     0.6039     0.2646     1.0000     0.7073     0.5172     0.2646     1.0000     0.7243     0.4342     0.2646     1.0000     0.7414     0.3554     0.2646     1.0000     0.7584     0.2815     0.2646     1.0000     0.7755     0.2131     0.2646     1.0000     0.7925     0.1508     0.2646     1.0000     0.8096     0.0953     0.2646     1.0000     0.8266     0.0471     0.2646     1.0000     0.8436     0.0070     0.2646     1.0000     0.8607    -0.0245     0.2646     1.0000     0.8777    -0.0467     0.2646     1.0000     0.8948    -0.0591     0.2646     1.0000     0.9118    -0.0609     0.2646     1.0000     0.9289    -0.0516     0.2646     1.0000     0.9459    -0.0305     0.2646     1.0000     0.9629     0.0029     0.2646     1.0000     0.9800     0.0494     0.2646     1.0000     0.9970     0.1095     0.2646     1.0000     1.0141     0.1839     0.2646     1.0000     1.0311     0.2732     0.2646     1.0000     1.0482     0.3780     0.2646     1.0000     1.0652     0.4990     0.2646     1.0000     1.0822     0.6367     0.2646     1.0000
    0.0086     0.0202     0.2989     1.0000     0.0259     0.0414     0.2989     1.0000     0.0431     0.0609     0.2989     1.0000     0.0604     0.0789     0.2989     1.0000     0.0776     0.0955     0.2989     1.0000     0.0949     0.1106     0.2989     1.0000     0.1121     0.1244     0.2989     1.0000     0.1294     0.1369     0.2989     1.0000     0.1466     0.1482     0.2989     1.0000     0.1639     0.1582     0.2989     1.0000     0.1811     0.1672     0.2989     1.0000     0.1984     0.1751     0.2989     1.0000     0.2156     0.1820     0.2989     1.0000     0.2328     0.1879     0.2989     1.0000     0.2501     0.1930     0.2989     1.0000     0.2673     0.1972     0.2989     1.0000     0.2846     0.2007     0.2989     1.0000     0.3018     0.2034     0.2989     1.0000     0.3191     0.2055     0.2989     1.0000     0.3363     0.2070     0.2989     1.0000     0.3536     0.2079     0.2989     1.0000     0.3708     0.2084     0.2989     1.0000     0.3881     0.2084     0.2989     1.0000     0.4053     0.2081     0.2989     1.0000     0.4226     0.2075     0.2989     1.0000     0.4398     0.2066     0.2989     1.0000     0.4571     0.2055     0.2989     1.0000     0.4743     0.2043     0.2989     1.0000     0.4916     0.2030     0.2989     1.0000     0.5088     0.2017     0.2989     1.0000     0.5261     0.2004     0.2989     1.0000     0.5433     0.1993     0.2989     1.0000     0.5606     0.1983     0.2989     1.0000     0.5778     0.1975     0.2989     1.0000     0.5951     0.1969     0.2989     1.0000     0.6123     0.1967     0.2989     1.0000     0.6296     0.1969     0.2989     1.0000     0.6468     0.1976     0.2989     1.0000     0.6640     0.1987     0.2989     1.0000     0.6813     0.2004     0.2989     1.0000     0.6985     0.2027     0.2989     1.0000     0.7158     0.2057     0.2989     1.0000     0.7330     0.2095     0.2989     1.0000     0.7503     0.2140     0.2989     1.0000     0.7675     0.2194     0.2989     1.0000     0.7848     0.2257     0.2989     1.0000     0.8020     0.2329     0.2989     1.0000     0.8193     0.2412     0.2989     1.0000     0.8365     0.2506     0.2989     1.0000     0.8538     0.2611     0.2989     1.0000     0.8710     0.2728     0.2989     1.0000     0.8883     0.2858     0.2989     1.0000     0.9055     0.3001     0.2989     1.0000     0.9228     0.3157     0.2989     1.0000     0.9400     0.3328     0.2989     1.0000     0.9573     0.3514     0.2989     1.0000     0.9745     0.3715     0.2989     1.0000     0.9918     0.3933     0.2989     1.0000     1.0090     0.4167     0.2989     1.0000     1.0263     0.4418     0.2989     1.0000     1.0435     0.4687     0.2989     1.0000     1.0608     0.4974     0.2989     1.0000     1.0780     0.5281     0.2989     1.0000     1.0952     0.5606     0.2989     1.0000
    0.0000     0.0000     0.0000     0.0000     0.0000     0.0000     0.0000     0.0000     0.0000     0.0000     0.0000     0.0000     0.0000     0.0000     0.0000     0.0000     0.0000     0.0000     0.0000     0.0000     0.0000     0.0000     0.0000     0.0000     0.0000     0.0000     0.0000     0.0000     0.0000     0.0000     0.0000     0.0000     0.0000     0.0000     0.0000     0.0000     0.0000     0.0000     0.0000     0.0000     0.0000     0.0000     0.0000     0.0000     0.0000     0.0000     0.0000     0.0000     0.0000     0.0000     0.0000     0.0000     0.0000     0.0000     0.0000     0.0000     0.0000     0.0000     0.0000     0.0000     0.0000     0.0000     0.0000     0.0000     0.0000     0.0000     0.0000     0.0000     0.0000     0.0000     0.0000     0.0000     0.0000     0.0000     0.0000     0.0000     0.0000     0.0000     0.0000     0.0000     0.0000     0.0000     0.0000     0.0000     0.0000     0.0000     0.0000     0.0000     0.0000     0.0000     0.0000     0.0000     0.0000     0.0000     0.0000     0.0000     0.0000     0.0000     0.0000     0.0000     0.0000     0.0000     0.0000     0.0000     0.0000     0.0000     0.0000     0.0000     0.0000     0.0000     0.0000     0.0000     0.0000     0.0000     0.0000     0.0000     0.0000     0.0000     0.0000     0.0000     0.0000     0.0000     0.0000     0.0000     0.0000     0.0000     0.0000     0.0000     0.0000     0.0000     0.0000     0.0000     0.0000     0.0000     0.0000     0.0000     0.0000     0.0000     0.0000     0.0000     0.0000     0.0000     0.0000     0.0000     0.0000     0.0000     0.0000     0.0000     0.0000     0.0000     0.0000     0.0000     0.0000     0.0000     0.0000     0.0000     0.0000     0.0000     0.0000     0.0000     0.0000     0.0000     0.0000     0.0000     0.0000     0.0000     0.0000     0.0000     0.0000     0.0000     0.0000     0.0000     0.0000     0.0000     0.0000     0.0000     0.0000     0.0000     0.0000     0.0000     0.0000     0.0000     0.0000     0.0000     0.0000     0.0000     0.0000     0.0000     0.0000     0.0000     0.0000     0.0000     0.0000     0.0000     0.0000     0.0000     0.0000     0.0000     0.0000     0.0000     0.0000     0.0000     0.0000     0.0000     0.0000     0.0000     0.0000     0.0000     0.0000     0.0000     0.0000     0.0000     0.0000     0.0000     0.0000     0.0000     0.0000     0.0000     0.0000     0.0000     0.0000     0.0000     0.0000     0.0000     0.0000     0.0000     0.0000     0.0000     0.0000     0.0000     0.0000     0.0000     0.0000     0.0000     0.0000     0.0000     0.0000     0.0000     0.0000     0.0000     0.0000     0.0000     0.0000     0.0000     0.0000     0.0000     0.0000     0.0000     0.0000     0.0000     0.0000     0.0000     0.0000     0.0000     0.0000     0.0000
    0.0076     0.0054     0.2334     1.0000     0.0228     0.0159     0.2334     1.0000     0.0380     0.0233     0.2334     1.0000     0.0533     0.0277     0.2334     1.0000     0.0685     0.0294     0.2334     1.0000     0.0837     0.0284     0.2334     1.0000     0.0989     0.0250     0.2334     1.0000     0.1141     0.0192     0.2334     1.0000     0.1294     0.0111     0.2334     1.0000     0.1446     0.0010     0.2334     1.0000     0.1598    -0.0110     0.2334     1.0000     0.1750    -0.0247     0.2334     1.0000     0.1902    -0.0402     0.2334     1.0000     0.2055    -0.0570     0.2334     1.0000     0.2207    -0.0753     0.2334     1.0000     0.2359    -0.0947     0.2334     1.0000     0.2511    -0.1151     0.2334     1.0000     0.2663    -0.1365     0.2334     1.0000     0.2816    -0.1586     0.2334     1.0000     0.2968    -0.1813     0.2334     1.0000     0.3120    -0.2045     0.2334     1.0000     0.3272    -0.2280     0.2334     1.0000     0.3424    -0.2517     0.2334     1.0000     0.3577    -0.2754     0.2334     1.0000     0.3729    -0.2990     0.2334     1.0000     0.3881    -0.3223     0.2334     1.0000     0.4033    -0.3452     0.2334     1.0000     0.4185    -0.3676     0.2334     1.0000     0.4338    -0.3892     0.2334     1.0000     0.4490    -0.4101     0.2334     1.0000     0.4642    -0.4299     0.2334     1.0000     0.4794    -0.4486     0.2334     1.0000     0.4946    -0.4660     0.2334     1.0000     0.5099    -0.4820     0.2334     1.0000     0.5251    -0.4964     0.2334     1.0000     0.5403    -0.5091     0.2334     1.0000     0.5555    -0.5199     0.2334     1.0000     0.5707    -0.5287     0.2334     1.0000     0.5860    -0.5354     0.2334     1.0000     0.6012    -0.5398     0.2334     1.0000     0.6164    -0.5417     0.2334     1.0000     0.6316    -0.5411     0.2334     1.0000     0.6468    -0.5377     0.2334     1.0000     0.6621    -0.5314     0.2334     1.0000     0.6773    -0.5221     0.2334     1.0000     0.6925    -0.5097     0.2334     1.0000     0.7077    -0.4939     0.2334     1.0000     0.7229    -0.4746     0.2334     1.0000     0.7382    -0.4518     0.2334     1.0000     0.7534    -0.4252     0.2334     1.0000     0.7686    -0.3947     0.2334     1.0000     0.7838    -0.3602     0.2334     1.0000     0.7990    -0.3214     0.2334     1.0000     0.8143    -0.2784     0.2334     1.0000     0.8295    -0.2308     0.2334     1.0000     0.8447    -0.1787     0.2334     1.0000     0.8599    -0.1217     0.2334     1.0000     0.8751    -0.0599     0.2334     1.0000     0.8904     0.0070     0.2334     1.0000     0.9056     0.0791     0.2334     1.0000     0.9208     0.1566     0.2334     1.0000     0.9360     0.2395     0.2334     1.0000     0.9512     0.3281     0.2334     1.0000     0.9665     0.4225     0.2334     1.0000
    0.0090     0.0038     0.3562     1.0000     0.0269    -0.0086     0.3562     1.0000     0.0449    -0.0219     0.3562     1.0000     0.0628    -0.0362     0.3562     1.0000     0.0808    -0.0514     0.3562     1.0000     0.0988    -0.0672     0.3562     1.0000     0.1167    -0.0838     0.3562     1.0000     0.1347    -0.1009     0.3562     1.0000     0.1526    -0.1186     0.3562     1.0000     0.1706    -0.1366     0.3562     1.0000     0.1885    -0.1549     0.3562     1.0000     0.2065    -0.1735     0.3562     1.0000     0.2245    -0.1922     0.3562     1.0000     0.2424    -0.2110     0.3562     1.0000     0.2604    -0.2297     0.3562     1.0000     0.2783    -0.2483     0.3562     1.0000     0.2963    -0.2667     0.3562     1.0000     0.3142    -0.2847     0.3562     1.0000     0.3322    -0.3024     0.3562     1.0000     0.3501    -0.3196     0.3562     1.0000     0.3681    -0.3363     0.3562     1.0000     0.3861    -0.3523     0.3562     1.0000     0.4040    -0.3675     0.3562     1.0000     0.4220    -0.3819     0.3562     1.0000     0.4399    -0.3954     0.3562     1.0000     0.4579    -0.4079     0.3562     1.0000     0.4758    -0.4193     0.3562     1.0000     0.4938    -0.4295     0.3562     1.0000     0.5118    -0.4384     0.3562     1.0000     0.5297    -0.4460     0.3562     1.0000     0.5477    -0.4521     0.3562     1.0000     0.5656    -0.4567     0.3562     1.0000     0.5836    -0.4596     0.3562     1.0000     0.6015    -0.4609     0.3562     1.0000     0.6195    -0.4603     0.3562     1.0000     0.6374    -0.4579     0.3562     1.0000     0.6554    -0.4535     0.3562     1.0000     0.6734    -0.4470     0.3562     1.0000     0.6913    -0.4384     0.3562     1.0000     0.7093    -0.4275     0.3562     1.0000     0.7272    -0.4143     0.3562     1.0000     0.7452    -0.3987     0.3562     1.0000     0.7631    -0.3805     0.3562     1.0000     0.7811    -0.3598     0.3562     1.0000     0.7991    -0.3364     0.3562     1.0000     0.8170    -0.3102     0.3562     1.0000     0.8350    -0.2812     0.3562     1.0000     0.8529    -0.2492     0.3562     1.0000     0.8709    -0.2142     0.3562     1.0000     0.8888    -0.1761     0.3562     1.0000     0.9068    -0.1347     0.3562     1.0000     0.9247    -0.0901     0.3562     1.0000     0.9427    -0.0420     0.3562     1.0000     0.9607     0.0095     0.3562     1.0000     0.9786     0.0645     0.3562     1.0000     0.9966     0.1233     0.3562     1.0000     1.0145     0.1857     0.3562     1.0000     1.0325     0.2520     0.3562     1.0000     1.0504     0.3222     0.3562     1.0000     1.0684     0.3964     0.3562     1.0000     1.0864     0.4747     0.3562     1.0000     1.1043     0.5572     0.3562     1.0000     1.1223     0.6440     0.3562     1.0000     1.1402     0.7351     0.3562     1.0000
    0.0096    -0.0727     0.2649     1.0000     0.0287     0.1473     0.2649     1.0000     0.0478     0.3479     0.2649     1.0000     0.0669     0.5298     0.2649     1.0000     0.0860     0.6935     0.2649     1.0000     0.1051     0.8398     0.2649     1.0000     0.1242     0.9692     0.2649     1.0000     0.1433     1.0823     0.2649     1.0000     0.1624     1.1799     0.2649     1.0000     0.1815     1.2626     0.2649     1.0000     0.2006     1.3310     0.2649     1.0000     0.2197     1.3857     0.2649     1.0000     0.2388     1.4274     0.2649     1.0000     0.2579     1.4567     0.2649     1.0000     0.2770     1.4742     0.2649     1.0000     0.2961     1.4806     0.2649     1.0000     0.3152     1.4766     0.2649     1.0000     0.3343     1.4627     0.2649     1.0000     0.3534     1.4396     0.2649     1.0000     0.3725     1.4080     0.2649     1.0000     0.3916     1.3684     0.2649     1.0000     0.4107     1.3215     0.2649     1.0000     0.4298     1.2680     0.2649     1.0000     0.4489     1.2085     0.2649     1.0000     0.4680     1.1436     0.2649     1.0000     0.4871     1.0740     0.2649     1.0000     0.5062     1.0002     0.2649     1.0000     0.5253     0.9230     0.2649     1.0000     0.5444     0.8430     0.2649     1.0000     0.5635     0.7608     0.2649     1.0000     0.5826     0.6770     0.2649     1.0000     0.6017     0.5924     0.2649     1.0000     0.6208     0.5074     0.2649     1.0000     0.6399     0.4228     0.2649     1.0000     0.6590     0.3392     0.2649     1.0000     0.6781     0.2573     0.2649     1.0000     0.6972     0.1776     0.2649     1.0000     0.7163     0.1008     0.2649     1.0000     0.7354     0.0276     0.2649     1.0000     0.7545    -0.0414     0.2649     1.0000     0.7736    -0.1056     0.2649     1.0000     0.7927    -0.1644     0.2649     1.0000     0.8118    -0.2170     0.2649     1.0000     0.8309    -0.2629     0.2649     1.0000     0.8500    -0.3014     0.2649     1.0000     0.8691    -0.3320     0.2649     1.0000     0.8882    -0.3538     0.2649     1.0000     0.9073    -0.3664     0.2649     1.0000     0.9264    -0.3691     0.2649     1.0000     0.9455    -0.3612     0.2649     1.0000     0.9646    -0.3421     0.2649     1.0000     0.9837    -0.3111     0.2649     1.0000     1.0028    -0.2677     0.2649     1.0000     1.0219    -0.2112     0.2649     1.0000     1.0410    -0.1409     0.2649     1.0000     1.0601    -0.0562     0.2649     1.0000     1.0792     0.0434     0.2649     1.0000     1.0983     0.1588     0.2649     1.0000     1.1174     0.2904     0.2649     1.0000     1.1365     0.4390     0.2649     1.0000     1.1556     0.6052     0.2649     1.0000     1.1747     0.7896     0.2649     1.0000     1.1938     0.9928     0.2649     1.0000     1.2129     1.2155     0.2649     1.0000
    0.0085    -0.1214     0.2646     1.0000     0.0256     0.1601     0.2646     1.0000     0.0426     0.4203     0.2646     1.0000     0.0597     0.6596     0.2646     1.0000     0.0767     0.8788     0.2646     1.0000     0.0937     1.0785     0.2646     1.0000     0.1108     1.2592     0.2646     1.0000     0.1278     1.4217     0.2646     1.0000     0.1449     1.5665     0.2646     1.0000     0.1619     1.6943     0.2646     1.0000     0.1790     1.8057     0.2646     1.0000     0.1960     1.9012     0.2646     1.0000     0.2130     1.9817     0.2646     1.0000     0.2301     2.0476     0.2646     1.0000     0.2471     2.0996     0.2646     1.0000     0.2642     2.1384     0.2646     1.0000     0.2812     2.1645     0.2646     1.0000     0.2983     2.1786     0.2646     1.0000     0.3153     2.1812     0.2646     1.0000     0.3323     2.1731     0.2646     1.0000     0.3494     2.1549     0.2646     1.0000     0.3664     2.1271     0.2646     1.0000     0.3835     2.0905     0.2646     1.0000     0.4005     2.0456     0.2646     1.0000     0.4176     1.9930     0.2646     1.0000     0.4346     1.9335     0.2646     1.0000     0.4516     1.8675     0.2646     1.0000     0.4687     1.7958     0.2646     1.0000     0.4857     1.7189     0.2646     1.0000     0.5028     1.6376     0.2646     1.0000     0.5198     1.5523     0.2646     1.0000     0.5369     1.4638     0.2646     1.0000     0.5539     1.3727     0.2646     1.0000     0.5709     1.2795     0.2646     1.0000     0.5880     1.1850     0.2646     1.0000     0.6050     1.0897     0.2646     1.0000     0.6221     0.9943     0.2646     1.0000     0.6391     0.8994     0.2646     1.0000     0.6562     0.8056     0.2646     1.0000     0.6732     0.7135     0.2646     1.0000     0.6903     0.6239     0.2646     1.0000     0.7073     0.5372     0.2646     1.0000     0.7243     0.4542     0.2646     1.0000     0.7414     0.3754     0.2646     1.0000     0.7584     0.3015     0.2646     1.0000     0.7755     0.2331     0.2646     1.0000     0.7925     0.1708     0.2646     1.0000     0.8096     0.1153     0.2646     1.0000     0.8266     0.0671     0.2646     1.0000     0.8436     0.0270     0.2646     1.0000     0.8607    -0.0045     0.2646     1.0000     0.8777    -0.0267     0.2646     1.0000     0.8948    -0.0391     0.2646     1.0000     0.9118    -0.0409     0.2646     1.0000     0.9289    -0.0316     0.2646     1.0000     0.9459    -0.0105     0.2646     1.0000     0.9629     0.0229     0.2646     1.0000     0.9800     0.0694     0.2646     1.0000     0.9970     0.1295     0.2646     1.0000     1.0141     0.2039     0.2646     1.0000     1.0311     0.2932     0.2646     1.0000     1.0482     0.3980     0.2646     1.0000     1.0652     0.5190     0.2646     1.0000     1.0822     0.6567     0.2646     1.0000
    0.0086     0.0402     0.2989     1.0000     0.0259     0.0614     0.2989     1.0000     0.0431     0.0809     0.2989     1.0000     0.0604     0.0989     0.2989     1.0000     0.0776     0.1155     0.2989     1.0000     0.0949     0.1306     0.2989     1.0000     0.1121     0.1444     0.2989     1.0000     0.1294     0.1569     0.2989     1.0000     0.1466     0.1682     0.2989     1.0000     0.1639     0.1782     0.2989     1.0000     0.1811     0.1872     0.2989     1.0000     0.1984     0.1951     0.2989     1.0000     0.2156     0.2020     0.2989     1.0000     0.2328     0.2079     0.2989     1.0000     0.2501     0.2130     0.2989     1.0000     0.2673     0.2172     0.2989     1.0000     0.2846     0.2207     0.2989     1.0000     0.3018     0.2234     0.2989     1.0000     0.3191     0.2255     0.2989     1.0000     0.3363     0.2270     0.2989     1.0000     0.3536     0.2279     0.2989     1.0000     0.3708     0.2284     0.2989     1.0000     0.3881     0.2284     0.2989     1.0000     0.4053     0.2281     0.2989     1.0000     0.4226     0.2275     0.2989     1.0000     0.4398     0.2266     0.2989     1.0000     0.4571     0.2255     0.2989     1.0000     0.4743     0.2243     0.2989     1.0000     0.4916     0.2230     0.2989     1.0000     0.5088     0.2217     0.2989     1.0000     0.5261     0.2204     0.2989     1.0000     0.5433     0.2193     0.2989     1.0000     0.5606     0.2183     0.2989     1.0000     0.5778     0.2175     0.2989     1.0000     0.5951     0.2169     0.2989     1.0000     0.6123     0.2167     0.2989     1.0000     0.6296     0.2169     0.2989     1.0000     0.6468     0.2176     0.2989     1.0000     0.6640     0.2187     0.2989     1.0000     0.6813     0.2204     0.2989     1.0000     0.6985     0.2227     0.2989     1.0000     0.7158     0.2257     0.2989     1.0000     0.7330     0.2295     0.2989     1.0000     0.7503     0.2340     0.2989     1.0000     0.7675     0.2394     0.2989     1.0000     0.7848     0.2457     0.2989     1.0000     0.8020     0.2529     0.2989     1.0000     0.8193     0.2612     0.2989     1.0000     0.8365     0.2706     0.2989     1.0000     0.8538     0.2811     0.2989     1.0000     0.8710     0.2928     0.2989     1.0000     0.8883     0.3058     0.2989     1.0000     0.9055     0.3201     0.2989     1.0000     0.9228     0.3357     0.2989     1.0000     0.9400     0.3528     0.2989     1.0000     0.9573     0.3714     0.2989     1.0000     0.9745     0.3915     0.2989     1.0000     0.9918     0.4133     0.2989     1.0000     1.0090     0.4367     0.2989     1.0000     1.0263     0.4618     0.2989     1.0000     1.0435     0.4887     0.2989     1.0000     1.0608     0.5174     0.2989     1.0000     1.0780     0.5481     0.2989     1.0000     1.0952     0.5806     0.2989     1.0000
    0.0000     0.0000     0.0000     0.0000     0.0000     0.0000     0.0000     0.0000     0.0000     0.0000     0.0000     0.0000     0.0000     0.0000     0.0000     0.0000     0.0000     0.0000     0.0000     0.0000     0.0000     0.0000     0.0000     0.0000     0.0000     0.0000     0.0000     0.0000     0.0000     0.0000     0.0000     0.0000     0.0000     0.0000     0.0000     0.0000     0.0000     0.0000     0.0000     0.0000     0.0000     0.0000     0.0000     0.0000     0.0000     0.0000     0.0000     0.0000     0.0000     0.0000     0.0000     0.0000     0.0000     0.0000     0.0000     0.0000     0.0000     0.0000     0.0000     0.0000     0.0000     0.0000     0.0000     0.0000     0.0000     0.0000     0.0000     0.0000     0.0000     0.0000     0.0000     0.0000     0.0000     0.0000     0.0000     0.0000     0.0000     0.0000     0.0000     0.0000     0.0000     0.0000     0.0000     0.0000     0.0000     0.0000     0.0000     0.0000     0.0000     0.0000     0.0000     0.0000     0.0000     0.0000     0.0000     0.0000     0.0000     0.0000     0.0000     0.0000     0.0000     0.0000     0.0000     0.0000     0.0000     0.0000     0.0000     0.0000     0.0000     0.0000     0.0000     0.0000     0.0000     0.0000     0.0000     0.0000     0.0000     0.0000     0.0000     0.0000     0.0000     0.0000     0.0000     0.0000     0.0000     0.0000     0.0000     0.0000     0.0000     0.0000     0.0000     0.0000     0.0000     0.0000     0.0000     0.0000     0.0000     0.0000     0.0000     0.0000     0.0000     0.0000     0.0000     0.0000     0.0000     0.0000     0.0000     0.0000     0.0000     0.0000     0.0000     0.0000     0.0000     0.0000     0.0000     0.0000     0.0000     0.0000     0.0000     0.0000     0.0000     0.0000     0.0000     0.0000     0.0000     0.0000     0.0000     0.0000     0.0000     0.0000     0.0000     0.0000     0.0000     0.0000     0.0000     0.0000     0.0000     0.0000     0.0000     0.0000     0.0000     0.0000     0.0000     0.0000     0.0000     0.0000     0.0000     0.0000     0.0000     0.0000     0.0000     0.0000     0.0000     0.0000     0.0000     0.0000     0.0000     0.0000     0.0000     0.0000     0.0000     0.0000     0.0000     0.0000     0.0000     0.0000     0.0000     0.0000     0.0000     0.0000     0.0000     0.0000     0.0000     0.0000     0.0000     0.0000     0.0000     0.0000     0.0000     0.0000     0.0000     0.0000     0.0000     0.0000     0.0000     0.0000     0.0000     0.0000     0.0000     0.0000     0.0000     0.0000     0.0000     0.0000     0.0000     0.0000     0.0000     0.0000     0.0000     0.0000     0.0000     0.0000     0.0000     0.0000     0.0000     0.0000     0.0000     0.0000     0.0000     0.0000     0.0000     0.0000     0.0000     0.0000     0.0000     0.0000
    0.0076    -0.0145     0.2334     1.0000     0.0228    -0.0037     0.2334     1.0000     0.0380     0.0040     0.2334     1.0000     0.0533     0.0088     0.2334     1.0000     0.0685     0.0108     0.2334     1.0000     0.0837     0.0101     0.2334     1.0000     0.0989     0.0070     0.2334     1.0000     0.1141     0.0014     0.2334     1.0000     0.1294    -0.0063     0.2334     1.0000     0.1446    -0.0161     0.2334     1.0000     0.1598    -0.0278     0.2334     1.0000     0.1750    -0.0412     0.2334     1.0000     0.1902    -0.0563     0.2334     1.0000     0.2055    -0.0729     0.2334     1.0000     0.2207    -0.0908     0.2334     1.0000     0.2359    -0.1100     0.2334     1.0000     0.2511    -0.1301     0.2334     1.0000     0.2663    -0.1512     0.2334     1.0000     0.2816    -0.1730     0.2334     1.0000     0.2968    -0.1954     0.2334     1.0000     0.3120    -0.2183     0.2334     1.0000     0.3272    -0.2415     0.2334     1.0000     0.3424    -0.2648     0.2334     1.0000     0.3577    -0.2882     0.2334     1.0000     0.3729    -0.3115     0.2334     1.0000     0.3881    -0.3345     0.2334     1.0000     0.4033    -0.3572     0.2334     1.0000     0.4185    -0.3792     0.2334     1.0000     0.4338    -0.4006     0.2334     1.0000     0.4490    -0.4211     0.2334     1.0000     0.4642    -0.4406     0.2334     1.0000     0.4794    -0.4590     0.2334     1.0000     0.4946    -0.4761     0.2334     1.0000     0.5099    -0.4918     0.2334     1.0000     0.5251    -0.5059     0.2334     1.0000     0.5403    -0.5183     0.2334     1.0000     0.5555    -0.5288     0.2334     1.0000     0.5707    -0.5373     0.2334     1.0000     0.5860    -0.5437     0.2334     1.0000     0.6012    -0.5478     0.2334     1.0000     0.6164    -0.5494     0.2334     1.0000     0.6316    -0.5484     0.2334     1.0000     0.6468    -0.5447     0.2334     1.0000     0.6621    -0.5382     0.2334     1.0000     0.6773    -0.5286     0.2334     1.0000     0.6925    -0.5158     0.2334     1.0000     0.7077    -0.4997     0.2334     1.0000     0.7229    -0.4802     0.2334     1.0000     0.7382    -0.4570     0.2334     1.0000     0.7534    -0.4301     0.2334     1.0000     0.7686    -0.3993     0.2334     1.0000     0.7838    -0.3645     0.2334     1.0000     0.7990    -0.3254     0.2334     1.0000     0.8143    -0.2821     0.2334     1.0000     0.8295    -0.2342     0.2334     1.0000     0.8447    -0.1818     0.2334     1.0000     0.8599    -0.1245     0.2334     1.0000     0.8751    -0.0624     0.2334     1.0000     0.8904     0.0048     0.2334     1.0000     0.9056     0.0772     0.2334     1.0000     0.9208     0.1550     0.2334     1.0000     0.9360     0.2383     0.2334     1.0000     0.9512     0.3272     0.2334     1.0000     0.9665     0.4219     0.2334     1.0000
    0.0090    -0.0160     0.3562     1.0000     0.0269    -0.0280     0.3562     1.0000     0.0449    -0.0410     0.3562     1.0000     0.0628    -0.0550     0.3562     1.0000     0.0808    -0.0697     0.3562     1.0000     0.0988    -0.0853     0.3562     1.0000     0.1167    -0.1015     0.3562     1.0000     0.1347    -0.1182     0.3562     1.0000     0.1526    -0.1355     0.3562     1.0000     0.1706    -0.1532     0.3562     1.0000     0.1885    -0.1712     0.3562     1.0000     0.2065    -0.1894     0.3562     1.0000     0.2245    -0.2077     0.3562     1.0000     0.2424    -0.2261     0.3562     1.0000     0.2604    -0.2445     0.3562     1.0000     0.2783    -0.2627     0.3562     1.0000     0.2963    -0.2807     0.3562     1.0000     0.3142    -0.2985     0.3562     1.0000     0.3322    -0.3158     0.3562     1.0000     0.3501    -0.3326     0.3562     1.0000     0.3681    -0.3489     0.3562     1.0000     0.3861    -0.3645     0.3562     1.0000     0.4040    -0.3794     0.3562     1.0000     0.4220    -0.3935     0.3562     1.0000     0.4399    -0.4066     0.3562     1.0000     0.4579    -0.4187     0.3562     1.0000     0.4758    -0.4297     0.3562     1.0000     0.4938    -0.4396     0.3562     1.0000     0.5118    -0.4482     0.3562     1.0000     0.5297    -0.4554     0.3562     1.0000     0.5477    -0.4611     0.3562     1.0000     0.5656    -0.4654     0.3562     1.0000     0.5836    -0.4680     0.3562     1.0000     0.6015    -0.4689     0.3562     1.0000     0.6195    -0.4680     0.3562     1.0000     0.6374    -0.4652     0.3562     1.0000     0.6554    -0.4604     0.3562     1.0000     0.6734    -0.4535     0.3562     1.0000     0.6913    -0.4445     0.3562     1.0000     0.7093    -0.4333     0.3562     1.0000     0.7272    -0.4197     0.3562     1.0000     0.7452    -0.4038     0.3562     1.0000     0.7631    -0.3853     0.3562     1.0000     0.7811    -0.3642     0.3562     1.0000     0.7991    -0.3404     0.3562     1.0000     0.8170    -0.3139     0.3562     1.0000     0.8350    -0.2845     0.3562     1.0000     0.8529    -0.2522     0.3562     1.0000     0.8709    -0.2168     0.3562     1.0000     0.8888    -0.1783     0.3562     1.0000     0.9068    -0.1366     0.3562     1.0000     0.9247    -0.0916     0.3562     1.0000     0.9427    -0.0432     0.3562     1.0000     0.9607     0.0087     0.3562     1.0000     0.9786     0.0641     0.3562     1.0000     0.9966     0.1232     0.3562     1.0000     1.0145     0.1860     0.3562     1.0000     1.0325     0.2527     0.3562     1.0000     1.0504     0.3232     0.3562     1.0000     1.0684     0.3978     0.3562     1.0000     1.0864     0.4765     0.3562     1.0000     1.1043     0.5593     0.3562     1.0000     1.1223     0.6464     0.3562     1.0000     1.1402     0.7379     0.3562     1.0000
    0.0096    -0.0925     0.2649     1.0000     0.0287     0.1279     0.2649     1.0000     0.0478     0.3289     0.2649     1.0000     0.0669     0.5111     0.2649     1.0000     0.0860     0.6752     0.2649     1.0000     0.1051     0.8219     0.2649     1.0000     0.1242     0.9516     0.2649     1.0000     0.1433     1.0652     0.2649     1.0000     0.1624     1.1632     0.2649     1.0000     0.1815     1.2462     0.2649     1.0000     0.2006     1.3150     0.2649     1.0000     0.2197     1.3701     0.2649     1.0000     0.2388     1.4121     0.2649     1.0000     0.2579     1.4418     0.2649     1.0000     0.2770     1.4597     0.2649     1.0000     0.2961     1.4666     0.2649     1.0000     0.3152     1.4629     0.2649     1.0000     0.3343     1.4494     0.2649     1.0000     0.3534     1.4267     0.2649     1.0000     0.3725     1.3954     0.2649     1.0000     0.3916     1.3562     0.2649     1.0000     0.4107     1.3098     0.2649     1.0000     0.4298     1.2566     0.2649     1.0000     0.4489     1.1975     0.2649     1.0000     0.4680     1.1330     0.2649     1.0000     0.4871     1.0637     0.2649     1.0000     0.5062     0.9904     0.2649     1.0000     0.5253     0.9135     0.2649     1.0000     0.5444     0.8339     0.2649     1.0000     0.5635     0.7521     0.2649     1.0000     0.5826     0.6687     0.2649     1.0000     0.6017     0.5844     0.2649     1.0000     0.6208     0.4998     0.2649     1.0000     0.6399     0.4156     0.2649     1.0000     0.6590     0.3324     0.2649     1.0000     0.6781     0.2508     0.2649     1.0000     0.6972     0.1715     0.2649     1.0000     0.7163     0.0952     0.2649     1.0000     0.7354     0.0223     0.2649     1.0000     0.7545    -0.0463     0.2649     1.0000     0.7736    -0.1101     0.2649     1.0000     0.7927    -0.1685     0.2649     1.0000     0.8118    -0.2208     0.2649     1.0000     0.8309    -0.2663     0.2649     1.0000     0.8500    -0.3044     0.2649     1.0000     0.8691    -0.3346     0.2649     1.0000     0.8882    -0.3561     0.2649     1.0000     0.9073    -0.3683     0.2649     1.0000     0.9264    -0.3705     0.2649     1.0000     0.9455    -0.3623     0.2649     1.0000     0.9646    -0.3428     0.2649     1.0000     0.9837    -0.3114     0.2649     1.0000     1.0028    -0.2677     0.2649     1.0000     1.0219    -0.2107     0.2649     1.0000     1.0410    -0.1401     0.2649     1.0000     1.0601    -0.0550     0.2649     1.0000     1.0792     0.0450     0.2649     1.0000     1.0983     0.1608     0.2649     1.0000     1.1174     0.2928     0.2649     1.0000     1.1365     0.4418     0.2649     1.0000     1.1556     0.6083     0.2649     1.0000     1.1747     0.7930     0.2649     1.0000     1.1938     0.9967     0.2649     1.0000     1.2129     1.2197     0.2649     1.0000
    0.0085    -0.1412     0.2646     1.0000     0.0256     0.1407     0.2646     1.0000     0.0426     0.4011     0.2646     1.0000     0.0597     0.6408     0.2646     1.0000     0.0767     0.8604     0.2646     1.0000     0.0937     1.0603     0.2646     1.0000     0.1108     1.2414     0.2646     1.0000     0.1278     1.4042     0.2646     1.0000     0.1449     1.5494     0.2646     1.0000     0.1619     1.6775     0.2646     1.0000     0.1790     1.7892     0.2646     1.0000     0.1960     1.8852     0.2646     1.0000     0.2130     1.9660     0.2646     1.0000     0.2301     2.0322     0.2646     1.0000     0.2471     2.0846     0.2646     1.0000     0.2642     2.1237     0.2646     1.0000     0.2812     2.1501     0.2646     1.0000     0.2983     2.1645     0.2646     1.0000     0.3153     2.1675     0.2646     1.0000     0.3323     2.1598     0.2646     1.0000     0.3494     2.1419     0.2646     1.0000     0.3664     2.1145     0.2646     1.0000     0.3835     2.0782     0.2646     1.0000     0.4005     2.0336     0.2646     1.0000     0.4176     1.9814     0.2646     1.0000     0.4346     1.9222     0.2646     1.0000     0.4516     1.8565     0.2646     1.0000     0.4687     1.7852     0.2646     1.0000     0.4857     1.7087     0.2646     1.0000     0.5028     1.6276     0.2646     1.0000     0.5198     1.5427     0.2646     1.0000     0.5369     1.4545     0.2646     1.0000     0.5539     1.3637     0.2646     1.0000     0.5709     1.2709     0.2646     1.0000     0.5880     1.1767     0.2646     1.0000     0.6050     1.0818     0.2646     1.0000     0.6221     0.9867     0.2646     1.0000     0.6391     0.8922     0.2646     1.0000     0.6562     0.7987     0.2646     1.0000     0.6732     0.7070     0.2646     1.0000     0.6903     0.6177     0.2646     1.0000     0.7073     0.5313     0.2646     1.0000     0.7243     0.4486     0.2646     1.0000     0.7414     0.3702     0.2646     1.0000     0.7584     0.2966     0.2646     1.0000     0.7755     0.2286     0.2646     1.0000     0.7925     0.1666     0.2646     1.0000     0.8096     0.1115     0.2646     1.0000     0.8266     0.0637     0.2646     1.0000     0.8436     0.0239     0.2646     1.0000     0.8607    -0.0073     0.2646     1.0000     0.8777    -0.0292     0.2646     1.0000     0.8948    -0.0412     0.2646     1.0000     0.9118    -0.0427     0.2646     1.0000     0.9289    -0.0330     0.2646     1.0000     0.9459    -0.0116     0.2646     1.0000     0.9629     0.0222     0.2646     1.0000     0.9800     0.0690     0.2646     1.0000     0.9970     0.1295     0.2646     1.0000     1.0141     0.2042     0.2646     1.0000     1.0311     0.2938     0.2646     1.0000     1.0482     0.3990     0.2646     1.0000     1.0652     0.5203     0.2646     1.0000     1.0822     0.6583     0.2646     1.0000
    0.0086     0.0204     0.2989     1.0000     0.0259     0.0419     0.2989     1.0000     0.0431     0.0618     0.2989     1.0000     0.0604     0.0801     0.2989     1.0000     0.0776     0.0970     0.2989     1.0000     0.0949     0.1125     0.2989     1.0000     0.1121     0.1266     0.2989     1.0000     0.1294     0.1395     0.2989     1.0000     0.1466     0.1511     0.2989     1.0000     0.1639     0.1615     0.2989     1.0000     0.1811     0.1708     0.2989     1.0000     0.1984     0.1791     0.2989     1.0000     0.2156     0.1863     0.2989     1.0000     0.2328     0.1926     0.2989     1.0000     0.2501     0.1980     0.2989     1.0000     0.2673     0.2026     0.2989     1.0000     0.2846     0.2064     0.2989     1.0000     0.3018     0.2094     0.2989     1.0000     0.3191     0.2119     0.2989     1.0000     0.3363     0.2137     0.2989     1.0000     0.3536     0.2150     0.2989     1.0000     0.3708     0.2158     0.2989     1.0000     0.3881     0.2162     0.2989     1.0000     0.4053     0.2162     0.2989     1.0000     0.4226     0.2159     0.2989     1.0000     0.4398     0.2154     0.2989     1.0000     0.4571     0.2147     0.2989     1.0000     0.4743     0.2138     0.2989     1.0000     0.4916     0.2128     0.2989     1.0000     0.5088     0.2119     0.2989     1.0000     0.5261     0.2110     0.2989     1.0000     0.5433     0.2101     0.2989     1.0000     0.5606     0.2095     0.2989     1.0000     0.5778     0.2090     0.2989     1.0000     0.5951     0.2088     0.2989     1.0000     0.6123     0.2090     0.2989     1.0000     0.6296     0.2095     0.2989     1.0000     0.6468     0.2105     0.2989     1.0000     0.6640     0.2120     0.2989     1.0000     0.6813     0.2140     0.2989     1.0000     0.6985     0.2167     0.2989     1.0000     0.7158     0.2201     0.2989     1.0000     0.7330     0.2241     0.2989     1.0000     0.7503     0.2290     0.2989     1.0000     0.7675     0.2347     0.2989     1.0000     0.7848     0.2414     0.2989     1.0000     0.8020     0.2490     0.2989     1.0000     0.8193     0.2576     0.2989     1.0000     0.8365     0.2673     0.2989     1.0000     0.8538     0.2782     0.2989     1.0000     0.8710     0.2902     0.2989     1.0000     0.8883     0.3036     0.2989     1.0000     0.9055     0.3182     0.2989     1.0000     0.9228     0.3342     0.2989     1.0000     0.9400     0.3516     0.2989     1.0000     0.9573     0.3705     0.2989     1.0000     0.9745     0.3910     0.2989     1.0000     0.9918     0.4131     0.2989     1.0000     1.0090     0.4368     0.2989     1.0000     1.0263     0.4623     0.2989     1.0000     1.0435     0.4896     0.2989     1.0000     1.0608     0.5186     0.2989     1.0000     1.0780     0.5496     0.2989     1.0000     1.0952     0.5825     0.2989     1.0000
    0.0000     0.0000     0.0000     0.0000     0.0000     0.0000     0.0000     0.0000     0.0000     0.0000     0.0000     0.0000     0.0000     0.0000     0.0000     0.0000     0.0000     0.0000     0.0000     0.0000     0.0000     0.0000     0.0000     0.0000     0.0000     0.0000     0.0000     0.0000     0.0000     0.0000     0.0000     0.0000     0.0000     0.0000     0.0000     0.0000     0.0000     0.0000     0.0000     0.0000     0.0000     0.0000     0.0000     0.0000     0.0000     0.0000     0.0000     0.0000     0.0000     0.0000     0.0000     0.0000     0.0000     0.0000     0.0000     0.0000     0.0000     0.0000     0.0000     0.0000     0.0000     0.0000     0.0000     0.0000     0.0000     0.0000     0.0000     0.0000     0.0000     0.0000     0.0000     0.0000     0.0000     0.0000     0.0000     0.0000     0.0000     0.0000     0.0000     0.0000     0.0000     0.0000     0.0000     0.0000     0.0000     0.0000     0.0000     0.0000     0.0000     0.0000     0.0000     0.0000     0.0000     0.0000     0.0000     0.0000     0.0000     0.0000     0.0000     0.0000     0.0000     0.0000     0.0000     0.0000     0.0000     0.0000     0.0000     0.0000     0.0000     0.0000     0.0000     0.0000     0.0000     0.0000     0.0000     0.0000     0.0000     0.0000     0.0000     0.0000     0.0000     0.0000     0.0000     0.0000     0.0000     0.0000     0.0000     0.0000     0.0000     0.0000     0.0000     0.0000     0.0000     0.0000     0.0000     0.0000     0.0000     0.0000     0.0000     0.0000     0.0000     0.0000     0.0000     0.0000     0.0000     0.0000     0.0000     0.0000     0.0000     0.0000     0.0000     0.0000     0.0000     0.0000     0.0000     0.0000     0.0000     0.0000     0.0000     0.0000     0.0000     0.0000     0.0000     0.0000     0.0000     0.0000     0.0000     0.0000     0.0000     0.0000     0.0000     0.0000     0.0000     0.0000     0.0000     0.0000     0.0000     0.0000     0.0000     0.0000     0.0000     0.0000     0.0000     0.0000     0.0000     0.0000     0.0000     0.0000     0.0000     0.0000     0.0000     0.0000     0.0000     0.0000     0.0000     0.0000     0.0000     0.0000     0.0000     0.0000     0.0000     0.0000     0.0000     0.0000     0.0000     0.0000     0.0000     0.0000     0.0000     0.0000     0.0000     0.0000     0.0000     0.0000     0.0000     0.0000     0.0000     0.0000     0.0000     0.0000     0.0000     0.0000     0.0000     0.0000     0.0000     0.0000     0.0000     0.0000     0.0000     0.0000     0.0000     0.0000     0.0000     0.0000     0.0000     0.0000     0.0000     0.0000     0.0000     0.0000     0.0000     0.0000     0.0000     0.0000     0.0000     0.0000     0.0000     0.0000     0.0000     0.0000     0.0000     0.0000     0.0000     0.0000     0.0000     0.0000
    0.0076    -0.0146     0.2334     1.0000     0.0228    -0.0041     0.2334     1.0000     0.0380     0.0033     0.2334     1.0000     0.0533     0.0078     0.2334     1.0000     0.0685     0.0095     0.2334     1.0000     0.0837     0.0086     0.2334     1.0000     0.0989     0.0052     0.2334     1.0000     0.1141    -0.0006     0.2334     1.0000     0.1294    -0.0085     0.2334     1.0000     0.1446    -0.0185     0.2334     1.0000     0.1598    -0.0305     0.2334     1.0000     0.1750    -0.0441     0.2334     1.0000     0.1902    -0.0594     0.2334     1.0000     0.2055    -0.0762     0.2334     1.0000     0.2207    -0.0943     0.2334     1.0000     0.2359    -0.1136     0.2334     1.0000     0.2511    -0.1339     0.2334     1.0000     0.2663    -0.1551     0.2334     1.0000     0.2816    -0.1770     0.2334     1.0000     0.2968    -0.1996     0.2334     1.0000     0.3120    -0.2226     0.2334     1.0000     0.3272    -0.2459     0.2334     1.0000     0.3424    -0.2693     0.2334     1.0000     0.3577    -0.2928     0.2334     1.0000     0.3729    -0.3162     0.2334     1.0000     0.3881    -0.3393     0.2334     1.0000     0.4033    -0.3620     0.2334     1.0000     0.4185    -0.3841     0.2334     1.0000     0.4338    -0.4055     0.2334     1.0000     0.4490    -0.4260     0.2334     1.0000     0.4642    -0.4456     0.2334     1.0000     0.4794    -0.4640     0.2334     1.0000     0.4946    -0.4811     0.2334     1.0000     0.5099    -0.4968     0.2334     1.0000     0.5251    -0.5109     0.2334     1.0000     0.5403    -0.5232     0.2334     1.0000     0.5555    -0.5337     0.2334     1.0000     0.5707    -0.5422     0.2334     1.0000     0.5860    -0.5486     0.2334     1.0000     0.6012    -0.5526     0.2334     1.0000     0.6164    -0.5541     0.2334     1.0000     0.6316    -0.5531     0.2334     1.0000     0.6468    -0.5493     0.2334     1.0000     0.6621    -0.5426     0.2334     1.0000     0.6773    -0.5329     0.2334     1.0000     0.6925    -0.5201     0.2334     1.0000     0.7077    -0.5039     0.2334     1.0000     0.7229    -0.4842     0.2334     1.0000     0.7382    -0.4609     0.2334     1.0000     0.7534    -0.4338     0.2334     1.0000     0.7686    -0.4029     0.2334     1.0000     0.7838    -0.3679     0.2334     1.0000     0.7990    -0.3287     0.2334     1.0000     0.8143    -0.2851     0.2334     1.0000     0.8295    -0.2371     0.2334     1.0000     0.8447    -0.1844     0.2334     1.0000     0.8599    -0.1269     0.2334     1.0000     0.8751    -0.0646     0.2334     1.0000     0.8904     0.0029     0.2334     1.0000     0.9056     0.0755     0.2334     1.0000     0.9208     0.1535     0.2334     1.0000     0.9360     0.2371     0.2334     1.0000     0.9512     0.3262     0.2334     1.0000     0.9665     0.4212     0.2334     1.0000
    0.0090    -0.0162     0.3562     1.0000     0.0269    -0.0286     0.3562     1.0000     0.0449    -0.0419     0.3562     1.0000     0.0628    -0.0561     0.3562     1.0000     0.0808    -0.0712     0.3562     1.0000     0.0988    -0.0870     0.3562     1.0000     0.1167    -0.1035     0.3562     1.0000     0.1347    -0.1206     0.3562     1.0000     0.1526    -0.1381     0.3562     1.0000     0.1706    -0.1560     0.3562     1.0000     0.1885    -0.1742     0.3562     1.0000     0.2065    -0.1926     0.3562     1.0000     0.2245    -0.2112     0.3562     1.0000     0.2424    -0.2298     0.3562     1.0000     0.2604    -0.2483     0.3562     1.0000     0.2783    -0.2667     0.3562     1.0000     0.2963    -0.2849     0.3562     1.0000     0.3142    -0.3028     0.3562     1.0000     0.3322    -0.3202     0.3562     1.0000     0.3501    -0.3372     0.3562     1.0000     0.3681    -0.3536     0.3562     1.0000     0.3861    -0.3693     0.3562     1.0000     0.4040    -0.3842     0.3562     1.0000     0.4220    -0.3983     0.3562     1.0000     0.4399    -0.4115     0.3562     1.0000     0.4579    -0.4237     0.3562     1.0000     0.4758    -0.4347     0.3562     1.0000     0.4938    -0.4446     0.3562     1.0000     0.5118    -0.4532     0.3562     1.0000     0.5297    -0.4604     0.3562     1.0000     0.5477    -0.4661     0.3562     1.0000     0.5656    -0.4703     0.3562     1.0000     0.5836    -0.4728     0.3562     1.0000     0.6015    -0.4737     0.3562     1.0000     0.6195    -0.4727     0.3562     1.0000     0.6374    -0.4698     0.3562     1.0000     0.6554    -0.4649     0.3562     1.0000     0.6734    -0.4579     0.3562     1.0000     0.6913    -0.4488     0.3562     1.0000     0.7093    -0.4374     0.3562     1.0000     0.7272    -0.4237     0.3562     1.0000     0.7452    -0.4076     0.3562     1.0000     0.7631    -0.3889     0.3562     1.0000     0.7811    -0.3676     0.3562     1.0000     0.7991    -0.3436     0.3562     1.0000     0.8170    -0.3169     0.3562     1.0000     0.8350    -0.2873     0.3562     1.0000     0.8529    -0.2547     0.3562     1.0000     0.8709    -0.2190     0.3562     1.0000     0.8888    -0.1803     0.3562     1.0000     0.9068    -0.1383     0.3562     1.0000     0.9247    -0.0930     0.3562     1.0000     0.9427    -0.0443     0.3562     1.0000     0.9607     0.0079     0.3562     1.0000     0.9786     0.0637     0.3562     1.0000     0.9966     0.1231     0.3562     1.0000     1.0145     0.1863     0.3562     1.0000     1.0325     0.2533     0.3562     1.0000     1.0504     0.3243     0.3562     1.0000     1.0684     0.3993     0.3562     1.0000     1.0864     0.4783     0.3562     1.0000     1.1043     0.5616     0.3562     1.0000     1.1223     0.6492     0.3562     1.0000     1.1402     0.7411     0.3562     1.0000
    0.0096    -0.0927     0.2649     1.0000     0.0287     0.1273     0.2649     1.0000     0.0478     0.3280     0.2649     1.0000     0.0669     0.5099     0.2649     1.0000     0.0860     0.6737     0.2649     1.0000     0.1051     0.8200     0.2649     1.0000     0.1242     0.9495     0.2649     1.0000     0.1433     1.0628     0.2649     1.0000     0.1624     1.1605     0.2649     1.0000     0.1815     1.2433     0.2649     1.0000     0.2006     1.3118     0.2649     1.0000     0.2197     1.3667     0.2649     1.0000     0.2388     1.4085     0.2649     1.0000     0.2579     1.4380     0.2649     1.0000     0.2770     1.4557     0.2649     1.0000     0.2961     1.4624     0.2649     1.0000     0.3152     1.4586     0.2649     1.0000     0.3343     1.4449     0.2649     1.0000     0.3534     1.4221     0.2649     1.0000     0.3725     1.3908     0.2649     1.0000     0.3916     1.3515     0.2649     1.0000     0.4107     1.3049     0.2649     1.0000     0.4298     1.2517     0.2649     1.0000     0.4489     1.1925     0.2649     1.0000     0.4680     1.1280     0.2649     1.0000     0.4871     1.0587     0.2649     1.0000     0.5062     0.9854     0.2649     1.0000     0.5253     0.9086     0.2649     1.0000     0.5444     0.8289     0.2649     1.0000     0.5635     0.7472     0.2649     1.0000     0.5826     0.6638     0.2649     1.0000     0.6017     0.5796     0.2649     1.0000     0.6208     0.4951     0.2649     1.0000     0.6399     0.4110     0.2649     1.0000     0.6590     0.3279     0.2649     1.0000     0.6781     0.2465     0.2649     1.0000     0.6972     0.1673     0.2649     1.0000     0.7163     0.0911     0.2649     1.0000     0.7354     0.0184     0.2649     1.0000     0.7545    -0.0500     0.2649     1.0000     0.7736    -0.1136     0.2649     1.0000     0.7927    -0.1718     0.2649     1.0000     0.8118    -0.2238     0.2649     1.0000     0.8309    -0.2691     0.2649     1.0000     0.8500    -0.3070     0.2649     1.0000     0.8691    -0.3368     0.2649     1.0000     0.8882    -0.3580     0.2649     1.0000     0.9073    -0.3699     0.2649     1.0000     0.9264    -0.3719     0.2649     1.0000     0.9455    -0.3633     0.2649     1.0000     0.9646    -0.3435     0.2649     1.0000     0.9837    -0.3118     0.2649     1.0000     1.0028    -0.2676     0.2649     1.0000     1.0219    -0.2103     0.2649     1.0000     1.0410    -0.1392     0.2649     1.0000     1.0601    -0.0538     0.2649     1.0000     1.0792     0.0467     0.2649     1.0000     1.0983     0.1629     0.2649     1.0000     1.1174     0.2954     0.2649     1.0000     1.1365     0.4449     0.2649     1.0000     1.1556     0.6119     0.2649     1.0000     1.1747     0.7972     0.2649     1.0000     1.1938     1.0013     0.2649     1.0000     1.2129     1.2249     0.2649     1.0000
    0.0085    -0.1414     0.2646     1.0000     0.0256     0.1402     0.2646     1.0000     0.0426     0.4003     0.2646     1.0000     0.0597     0.6397     0.2646     1.0000     0.0767     0.8589     0.2646     1.0000     0.0937     1.0587     0.2646     1.0000     0.1108     1.2395     0.2646     1.0000     0.1278     1.4020     0.2646     1.0000     0.1449     1.5469     0.2646     1.0000     0.1619     1.6748     0.2646     1.0000     0.1790     1.7863     0.2646     1.0000     0.1960     1.8820     0.2646     1.0000     0.2130     1.9626     0.2646     1.0000     0.2301     2.0287     0.2646     1.0000     0.2471     2.0809     0.2646     1.0000     0.2642     2.1198     0.2646     1.0000     0.2812     2.1461     0.2646     1.0000     0.2983     2.1603     0.2646     1.0000     0.3153     2.1632     0.2646     1.0000     0.3323     2.1553     0.2646     1.0000     0.3494     2.1373     0.2646     1.0000     0.3664     2.1098     0.2646     1.0000     0.3835     2.0734     0.2646     1.0000     0.4005     2.0288     0.2646     1.0000     0.4176     1.9765     0.2646     1.0000     0.4346     1.9172     0.2646     1.0000     0.4516     1.8516     0.2646     1.0000     0.4687     1.7802     0.2646     1.0000     0.4857     1.7037     0.2646     1.0000     0.5028     1.6226     0.2646     1.0000     0.5198     1.5377     0.2646     1.0000     0.5369     1.4496     0.2646     1.0000     0.5539     1.3588     0.2646     1.0000     0.5709     1.2660     0.2646     1.0000     0.5880     1.1719     0.2646     1.0000     0.6050     1.0770     0.2646     1.0000     0.6221     0.9820     0.2646     1.0000     0.6391     0.8875     0.2646     1.0000     0.6562     0.7942     0.2646     1.0000     0.6732     0.7026     0.2646     1.0000     0.6903     0.6134     0.2646     1.0000     0.7073     0.5272     0.2646     1.0000     0.7243     0.4447     0.2646     1.0000     0.7414     0.3664     0.2646     1.0000     0.7584     0.2930     0.2646     1.0000     0.7755     0.2251     0.2646     1.0000     0.7925     0.1633     0.2646     1.0000     0.8096     0.1084     0.2646     1.0000     0.8266     0.0608     0.2646     1.0000     0.8436     0.0212     0.2646     1.0000     0.8607    -0.0097     0.2646     1.0000     0.8777    -0.0313     0.2646     1.0000     0.8948    -0.0431     0.2646     1.0000     0.9118    -0.0443     0.2646     1.0000     0.9289    -0.0343     0.2646     1.0000     0.9459    -0.0126     0.2646     1.0000     0.9629     0.0215     0.2646     1.0000     0.9800     0.0686     0.2646     1.0000     0.9970     0.1294     0.2646     1.0000     1.0141     0.2045     0.2646     1.0000     1.0311     0.2945     0.2646     1.0000     1.0482     0.4000     0.2646     1.0000     1.0652     0.5217     0.2646     1.0000     1.0822     0.6601     0.2646     1.0000
    0.0086     0.0202     0.2989     1.0000     0.0259     0.0414     0.2989     1.0000     0.0431     0.0609     0.2989     1.0000     0.0604     0.0790     0.2989     1.0000     0.0776     0.0956     0.2989     1.0000     0.0949     0.1108     0.2989     1.0000     0.1121     0.1247     0.2989     1.0000     0.1294     0.1372     0.2989     1.0000     0.1466     0.1486     0.2989     1.0000     0.1639     0.1588     0.2989     1.0000     0.1811     0.1678     0.2989     1.0000     0.1984     0.1759     0.2989     1.0000     0.2156     0.1829     0.2989     1.0000     0.2328     0.1890     0.2989     1.0000     0.2501     0.1942     0.2989     1.0000     0.2673     0.1986     0.2989     1.0000     0.2846     0.2023     0.2989     1.0000     0.3018     0.2052     0.2989     1.0000     0.3191     0.2075     0.2989     1.0000     0.3363     0.2092     0.2989     1.0000     0.3536     0.2104     0.2989     1.0000     0.3708     0.2111     0.2989     1.0000     0.3881     0.2114     0.2989     1.0000     0.4053     0.2114     0.2989     1.0000     0.4226     0.2110     0.2989     1.0000     0.4398     0.2105     0.2989     1.0000     0.4571     0.2097     0.2989     1.0000     0.4743     0.2088     0.2989     1.0000     0.4916     0.2078     0.2989     1.0000     0.5088     0.2069     0.2989     1.0000     0.5261     0.2060     0.2989     1.0000     0.5433     0.2052     0.2989     1.0000     0.5606     0.2045     0.2989     1.0000     0.5778     0.2041     0.2989     1.0000     0.5951     0.2040     0.2989     1.0000     0.6123     0.2042     0.2989     1.0000     0.6296     0.2049     0.2989     1.0000     0.6468     0.2059     0.2989     1.0000     0.6640     0.2075     0.2989     1.0000     0.6813     0.2097     0.2989     1.0000     0.6985     0.2125     0.2989     1.0000     0.7158     0.2160     0.2989     1.0000     0.7330     0.2202     0.2989     1.0000     0.7503     0.2253     0.2989     1.0000     0.7675     0.2312     0.2989     1.0000     0.7848     0.2380     0.2989     1.0000     0.8020     0.2458     0.2989     1.0000     0.8193     0.2546     0.2989     1.0000     0.8365     0.2646     0.2989     1.0000     0.8538     0.2757     0.2989     1.0000     0.8710     0.2880     0.2989     1.0000     0.8883     0.3016     0.2989     1.0000     0.9055     0.3165     0.2989     1.0000     0.9228     0.3328     0.2989     1.0000     0.9400     0.3505     0.2989     1.0000     0.9573     0.3697     0.2989     1.0000     0.9745     0.3905     0.2989     1.0000     0.9918     0.4129     0.2989     1.0000     1.0090     0.4370     0.2989     1.0000     1.0263     0.4628     0.2989     1.0000     1.0435     0.4905     0.2989     1.0000     1.0608     0.5199     0.2989     1.0000     1.0780     0.5513     0.2989     1.0000     1.0952     0.5846     0.2989     1.0000
    0.0000     0.0000     0.0000     0.0000     0.0000     0.0000     0.0000     0.0000     0.0000     0.0000     0.0000     0.0000     0.0000     0.0000     0.0000     0.0000     0.0000     0.0000     0.0000     0.0000     0.0000     0.0000     0.0000     0.0000     0.0000     0.0000     0.0000     0.0000     0.0000     0.0000     0.0000     0.0000     0.0000     0.0000     0.0000     0.0000     0.0000     0.0000     0.0000     0.0000     0.0000     0.0000     0.0000     0.0000     0.0000     0.0000     0.0000     0.0000     0.0000     0.0000     0.0000     0.0000     0.0000     0.0000     0.0000     0.0000     0.0000     0.0000     0.0000     0.0000     0.0000     0.0000     0.0000     0.0000     0.0000     0.0000     0.0000     0.0000     0.0000     0.0000     0.0000     0.0000     0.0000     0.0000     0.0000     0.0000     0.0000     0.0000     0.0000     0.0000     0.0000     0.0000     0.0000     0.0000     0.0000     0.0000     0.0000     0.0000     0.0000     0.0000     0.0000     0.0000     0.0000     0.0000     0.0000     0.0000     0.0000     0.0000     0.0000     0.0000     0.0000     0.0000     0.0000     0.0000     0.0000     0.0000     0.0000     0.0000     0.0000     0.0000     0.0000     0.0000     0.0000     0.0000     0.0000     0.0000     0.0000     0.0000     0.0000     0.0000     0.0000     0.0000     0.0000     0.0000     0.0000     0.0000     0.0000     0.0000     0.0000     0.0000     0.0000     0.0000     0.0000     0.0000     0.0000     0.0000     0.0000     0.0000     0.0000     0.0000     0.0000     0.0000     0.0000     0.0000     0.0000     0.0000     0.0000     0.0000     0.0000     0.0000     0.0000     0.0000     0.0000     0.0000     0.0000     0.0000     0.0000     0.0000     0.0000     0.0000     0.0000     0.0000     0.0000     0.0000     0.0000     0.0000     0.0000     0.0000     0.0000     0.0000     0.0000     0.0000     0.0000     0.0000     0.0000     0.0000     0.0000     0.0000     0.0000     0.0000     0.0000     0.0000     0.0000     0.0000     0.0000     0.0000     0.0000     0.0000     0.0000     0.0000     0.0000     0.0000     0.0000     0.0000     0.0000     0.0000     0.0000     0.0000     0.0000     0.0000     0.0000     0.0000     0.0000     0.0000     0.0000     0.0000     0.0000     0.0000     0.0000     0.0000     0.0000     0.0000     0.0000     0.0000     0.0000     0.0000     0.0000     0.0000     0.0000     0.0000     0.0000     0.0000     0.0000     0.0000     0.0000     0.0000     0.0000     0.0000     0.0000     0.0000     0.0000     0.0000     0.0000     0.0000     0.0000     0.0000     0.0000     0.0000     0.0000     0.0000     0.0000     0.0000     0.0000     0.0000     0.0000     0.0000     0.0000     0.0000     0.0000     0.0000     0.0000     0.0000     0.0000     0.0000     0.0000     0.0000
    0.0076    -0.0146     0.2334     1.0000     0.0228    -0.0041     0.2334     1.0000     0.0380     0.0033     0.2334     1.0000     0.0533     0.0077     0.2334     1.0000     0.0685     0.0094     0.2334     1.0000     0.0837     0.0085     0.2334     1.0000     0.0989     0.0050     0.2334     1.0000     0.1141    -0.0008     0.2334     1.0000     0.1294    -0.0088     0.2334     1.0000     0.1446    -0.0189     0.2334     1.0000     0.1598    -0.0309     0.2334     1.0000     0.1750    -0.0446     0.2334     1.0000     0.1902    -0.0600     0.2334     1.0000     0.2055    -0.0769     0.2334     1.0000     0.2207    -0.0950     0.2334     1.0000     0.2359    -0.1144     0.2334     1.0000     0.2511    -0.1348     0.2334     1.0000     0.2663    -0.1561     0.2334     1.0000     0.2816    -0.1782     0.2334     1.0000     0.2968    -0.2008     0.2334     1.0000     0.3120    -0.2239     0.2334     1.0000     0.3272    -0.2473     0.2334     1.0000     0.3424    -0.2709     0.2334     1.0000     0.3577    -0.2945     0.2334     1.0000     0.3729    -0.3179     0.2334     1.0000     0.3881    -0.3411     0.2334     1.0000     0.4033    -0.3639     0.2334     1.0000     0.4185    -0.3861     0.2334     1.0000     0.4338    -0.4076     0.2334     1.0000     0.4490    -0.4282     0.2334     1.0000     0.4642    -0.4479     0.2334     1.0000     0.4794    -0.4664     0.2334     1.0000     0.4946    -0.4836     0.2334     1.0000     0.5099    -0.4993     0.2334     1.0000     0.5251    -0.5135     0.2334     1.0000     0.5403    -0.5259     0.2334     1.0000     0.5555    -0.5365     0.2334     1.0000     0.5707    -0.5450     0.2334     1.0000     0.5860    -0.5514     0.2334     1.0000     0.6012    -0.5555     0.2334     1.0000     0.6164    -0.5570     0.2334     1.0000     0.6316    -0.5560     0.2334     1.0000     0.6468    -0.5523     0.2334     1.0000     0.6621    -0.5456     0.2334     1.0000     0.6773    -0.5359     0.2334     1.0000     0.6925    -0.5230     0.2334     1.0000     0.7077    -0.5068     0.2334     1.0000     0.7229    -0.4871     0.2334     1.0000     0.7382    -0.4637     0.2334     1.0000     0.7534    -0.4366     0.2334     1.0000     0.7686    -0.4056     0.2334     1.0000     0.7838    -0.3705     0.2334     1.0000     0.7990    -0.3312     0.2334     1.0000     0.8143    -0.2876     0.2334     1.0000     0.8295    -0.2394     0.2334     1.0000     0.8447    -0.1866     0.2334     1.0000     0.8599    -0.1290     0.2334     1.0000     0.8751    -0.0665     0.2334     1.0000     0.8904     0.0011     0.2334     1.0000     0.9056     0.0740     0.2334     1.0000     0.9208     0.1522     0.2334     1.0000     0.9360     0.2359     0.2334     1.0000     0.9512     0.3254     0.2334     1.0000     0.9665     0.4206     0.2334     1.0000
    0.0090    -0.0162     0.3562     1.0000     0.0269    -0.0286     0.3562     1.0000     0.0449    -0.0419     0.3562     1.0000     0.0628    -0.0562     0.3562     1.0000     0.0808    -0.0713     0.3562     1.0000     0.0988    -0.0872     0.3562     1.0000     0.1167    -0.1038     0.3562     1.0000     0.1347    -0.1209     0.3562     1.0000     0.1526    -0.1385     0.3562     1.0000     0.1706    -0.1565     0.3562     1.0000     0.1885    -0.1748     0.3562     1.0000     0.2065    -0.1933     0.3562     1.0000     0.2245    -0.2120     0.3562     1.0000     0.2424    -0.2307     0.3562     1.0000     0.2604    -0.2493     0.3562     1.0000     0.2783    -0.2678     0.3562     1.0000     0.2963    -0.2861     0.3562     1.0000     0.3142    -0.3041     0.3562     1.0000     0.3322    -0.3217     0.3562     1.0000     0.3501    -0.3388     0.3562     1.0000     0.3681    -0.3553     0.3562     1.0000     0.3861    -0.3711     0.3562     1.0000     0.4040    -0.3862     0.3562     1.0000     0.4220    -0.4004     0.3562     1.0000     0.4399    -0.4137     0.3562     1.0000     0.4579    -0.4260     0.3562     1.0000     0.4758    -0.4371     0.3562     1.0000     0.4938    -0.4471     0.3562     1.0000     0.5118    -0.4557     0.3562     1.0000     0.5297    -0.4630     0.3562     1.0000     0.5477    -0.4688     0.3562     1.0000     0.5656    -0.4731     0.3562     1.0000     0.5836    -0.4757     0.3562     1.0000     0.6015    -0.4765     0.3562     1.0000     0.6195    -0.4756     0.3562     1.0000     0.6374    -0.4727     0.3562     1.0000     0.6554    -0.4679     0.3562     1.0000     0.6734    -0.4609     0.3562     1.0000     0.6913    -0.4518     0.3562     1.0000     0.7093    -0.4404     0.3562     1.0000     0.7272    -0.4266     0.3562     1.0000     0.7452    -0.4104     0.3562     1.0000     0.7631    -0.3917     0.3562     1.0000     0.7811    -0.3703     0.3562     1.0000     0.7991    -0.3462     0.3562     1.0000     0.8170    -0.3193     0.3562     1.0000     0.8350    -0.2896     0.3562     1.0000     0.8529    -0.2568     0.3562     1.0000     0.8709    -0.2210     0.3562     1.0000     0.8888    -0.1820     0.3562     1.0000     0.9068    -0.1398     0.3562     1.0000     0.9247    -0.0943     0.3562     1.0000     0.9427    -0.0453     0.3562     1.0000     0.9607     0.0072     0.3562     1.0000     0.9786     0.0633     0.3562     1.0000     0.9966     0.1231     0.3562     1.0000     1.0145     0.1866     0.3562     1.0000     1.0325     0.2540     0.3562     1.0000     1.0504     0.3254     0.3562     1.0000     1.0684     0.4008     0.3562     1.0000     1.0864     0.4804     0.3562     1.0000     1.1043     0.5642     0.3562     1.0000     1.1223     0.6522     0.3562     1.0000     1.1402     0.7447     0.3562     1.0000
    0.0096    -0.0927     0.2649     1.0000     0.0287     0.1273     0.2649     1.0000     0.0478     0.3279     0.2649     1.0000     0.0669     0.5098     0.2649     1.0000     0.0860     0.6735     0.2649     1.0000     0.1051     0.8198     0.2649     1.0000     0.1242     0.9492     0.2649     1.0000     0.1433     1.0624     0.2649     1.0000     0.1624     1.1600     0.2649     1.0000     0.1815     1.2427     0.2649     1.0000     0.2006     1.3111     0.2649     1.0000     0.2197     1.3659     0.2649     1.0000     0.2388     1.4076     0.2649     1.0000     0.2579     1.4370     0.2649     1.0000     0.2770     1.4546     0.2649     1.0000     0.2961     1.4612     0.2649     1.0000     0.3152     1.4572     0.2649     1.0000     0.3343     1.4435     0.2649     1.0000     0.3534     1.4205     0.2649     1.0000     0.3725     1.3890     0.2649     1.0000     0.3916     1.3496     0.2649     1.0000     0.4107     1.3029     0.2649     1.0000     0.4298     1.2496     0.2649     1.0000     0.4489     1.1903     0.2649     1.0000     0.4680     1.1257     0.2649     1.0000     0.4871     1.0563     0.2649     1.0000     0.5062     0.9828     0.2649     1.0000     0.5253     0.9059     0.2649     1.0000     0.5444     0.8262     0.2649     1.0000     0.5635     0.7444     0.2649     1.0000     0.5826     0.6610     0.2649     1.0000     0.6017     0.5767     0.2649     1.0000     0.6208     0.4922     0.2649     1.0000     0.6399     0.4081     0.2649     1.0000     0.6590     0.3250     0.2649     1.0000     0.6781     0.2435     0.2649     1.0000     0.6972     0.1644     0.2649     1.0000     0.7163     0.0882     0.2649     1.0000     0.7354     0.0156     0.2649     1.0000     0.7545    -0.0528     0.2649     1.0000     0.7736    -0.1164     0.2649     1.0000     0.7927    -0.1744     0.2649     1.0000     0.8118    -0.2263     0.2649     1.0000     0.8309    -0.2714     0.2649     1.0000     0.8500    -0.3092     0.2649     1.0000     0.8691    -0.3388     0.2649     1.0000     0.8882    -0.3598     0.2649     1.0000     0.9073    -0.3715     0.2649     1.0000     0.9264    -0.3732     0.2649     1.0000     0.9455    -0.3643     0.2649     1.0000     0.9646    -0.3441     0.2649     1.0000     0.9837    -0.3121     0.2649     1.0000     1.0028    -0.2675     0.2649     1.0000     1.0219    -0.2098     0.2649     1.0000     1.0410    -0.1383     0.2649     1.0000     1.0601    -0.0524     0.2649     1.0000     1.0792     0.0486     0.2649     1.0000     1.0983     0.1653     0.2649     1.0000     1.1174     0.2983     0.2649     1.0000     1.1365     0.4484     0.2649     1.0000     1.1556     0.6160     0.2649     1.0000     1.1747     0.8020     0.2649     1.0000     1.1938     1.0068     0.2649     1.0000     1.2129     1.2312     0.2649     1.0000
    0.0085    -0.1414     0.2646     1.0000     0.0256     0.1401     0.2646     1.0000     0.0426     0.4003     0.2646     1.0000     0.0597     0.6396     0.2646     1.0000     0.0767     0.8588     0.2646     1.0000     0.0937     1.0585     0.2646     1.0000     0.1108     1.2392     0.2646     1.0000     0.1278     1.4017     0.2646     1.0000     0.1449     1.5466     0.2646     1.0000     0.1619     1.6744     0.2646     1.0000     0.1790     1.7858     0.2646     1.0000     0.1960     1.8814     0.2646     1.0000     0.2130     1.9619     0.2646     1.0000     0.2301     2.0279     0.2646     1.0000     0.2471     2.0799     0.2646     1.0000     0.2642     2.1187     0.2646     1.0000     0.2812     2.1449     0.2646     1.0000     0.2983     2.1591     0.2646     1.0000     0.3153     2.1619     0.2646     1.0000     0.3323     2.1539     0.2646     1.0000     0.3494     2.1358     0.2646     1.0000     0.3664     2.1081     0.2646     1.0000     0.3835     2.0716     0.2646     1.0000     0.4005     2.0269     0.2646     1.0000     0.4176     1.9745     0.2646     1.0000     0.4346     1.9151     0.2646     1.0000     0.4516     1.8494     0.2646     1.0000     0.4687     1.7779     0.2646     1.0000     0.4857     1.7012     0.2646     1.0000     0.5028     1.6201     0.2646     1.0000     0.5198     1.5351     0.2646     1.0000     0.5369     1.4469     0.2646     1.0000     0.5539     1.3561     0.2646     1.0000     0.5709     1.2632     0.2646     1.0000     0.5880     1.1691     0.2646     1.0000     0.6050     1.0741     0.2646     1.0000     0.6221     0.9791     0.2646     1.0000     0.6391     0.8846     0.2646     1.0000     0.6562     0.7912     0.2646     1.0000     0.6732     0.6996     0.2646     1.0000     0.6903     0.6104     0.2646     1.0000     0.7073     0.5243     0.2646     1.0000     0.7243     0.4418     0.2646     1.0000     0.7414     0.3635     0.2646     1.0000     0.7584     0.2902     0.2646     1.0000     0.7755     0.2224     0.2646     1.0000     0.7925     0.1607     0.2646     1.0000     0.8096     0.1059     0.2646     1.0000     0.8266     0.0584     0.2646     1.0000     0.8436     0.0190     0.2646     1.0000     0.8607    -0.0117     0.2646     1.0000     0.8777    -0.0332     0.2646     1.0000     0.8948    -0.0447     0.2646     1.0000     0.9118    -0.0457     0.2646     1.0000     0.9289    -0.0356     0.2646     1.0000     0.9459    -0.0136     0.2646     1.0000     0.9629     0.0208     0.2646     1.0000     0.9800     0.0682     0.2646     1.0000     0.9970     0.1294     0.2646     1.0000     1.0141     0.2048     0.2646     1.0000     1.0311     0.2951     0.2646     1.0000     1.0482     0.4010     0.2646     1.0000     1.0652     0.5231     0.2646     1.0000     1.0822     0.6620     0.2646     1.0000
    0.0086     0.0202     0.2989     1.0000     0.0259     0.0414     0.2989     1.0000     0.0431     0.0609     0.2989     1.0000     0.0604     0.0789     0.2989     1.0000     0.0776     0.0955     0.2989     1.0000     0.0949     0.1106     0.2989     1.0000     0.1121     0.1244     0.2989     1.0000     0.1294     0.1369     0.2989     1.0000     0.1466     0.1482     0.2989     1.0000     0.1639     0.1583     0.2989     1.0000     0.1811     0.1673     0.2989     1.0000     0.1984     0.1752     0.2989     1.0000     0.2156     0.1822     0.2989     1.0000     0.2328     0.1882     0.2989     1.0000     0.2501     0.1933     0.2989     1.0000     0.2673     0.1976     0.2989     1.0000     0.2846     0.2011     0.2989     1.0000     0.3018     0.2040     0.2989     1.0000     0.3191     0.2061     0.2989     1.0000     0.3363     0.2077     0.2989     1.0000     0.3536     0.2088     0.2989     1.0000     0.3708     0.2094     0.2989     1.0000     0.3881     0.2096     0.2989     1.0000     0.4053     0.2094     0.2989     1.0000     0.4226     0.2090     0.2989     1.0000     0.4398     0.2083     0.2989     1.0000     0.4571     0.2074     0.2989     1.0000     0.4743     0.2064     0.2989     1.0000     0.4916     0.2054     0.2989     1.0000     0.5088     0.2043     0.2989     1.0000     0.5261     0.2034     0.2989     1.0000     0.5433     0.2025     0.2989     1.0000     0.5606     0.2018     0.2989     1.0000     0.5778     0.2013     0.2989     1.0000     0.5951     0.2012     0.2989     1.0000     0.6123     0.2013     0.2989     1.0000     0.6296     0.2019     0.2989     1.0000     0.6468     0.2030     0.2989     1.0000     0.6640     0.2046     0.2989     1.0000     0.6813     0.2067     0.2989     1.0000     0.6985     0.2096     0.2989     1.0000     0.7158     0.2131     0.2989     1.0000     0.7330     0.2174     0.2989     1.0000     0.7503     0.2225     0.2989     1.0000     0.7675     0.2284     0.2989     1.0000     0.7848     0.2353     0.2989     1.0000     0.8020     0.2433     0.2989     1.0000     0.8193     0.2522     0.2989     1.0000     0.8365     0.2623     0.2989     1.0000     0.8538     0.2736     0.2989     1.0000     0.8710     0.2860     0.2989     1.0000     0.8883     0.2998     0.2989     1.0000     0.9055     0.3149     0.2989     1.0000     0.9228     0.3314     0.2989     1.0000     0.9400     0.3494     0.2989     1.0000     0.9573     0.3689     0.2989     1.0000     0.9745     0.3900     0.2989     1.0000     0.9918     0.4128     0.2989     1.0000     1.0090     0.4372     0.2989     1.0000     1.0263     0.4634     0.2989     1.0000     1.0435     0.4914     0.2989     1.0000     1.0608     0.5213     0.2989     1.0000     1.0780     0.5531     0.2989     1.0000     1.0952     0.5869     0.2989     1.0000
    0.0000     0.0000     0.0000     0.0000     0.0000     0.0000     0.0000     0.0000     0.0000     0.0000     0.0000     0.0000     0.0000     0.0000     0.0000     0.0000     0.0000     0.0000     0.0000     0.0000     0.0000     0.0000     0.0000     0.0000     0.0000     0.0000     0.0000     0.0000     0.0000     0.0000     0.0000     0.0000     0.0000     0.0000     0.0000     0.0000     0.0000     0.0000     0.0000     0.0000     0.0000     0.0000     0.0000     0.0000     0.0000     0.0000     0.0000     0.0000     0.0000     0.0000     0.0000     0.0000     0.0000     0.0000     0.0000     0.0000     0.0000     0.0000     0.0000     0.0000     0.0000     0.0000     0.0000     0.0000     0.0000     0.0000     0.0000     0.0000     0.0000     0.0000     0.0000     0.0000     0.0000     0.0000     0.0000     0.0000     0.0000     0.0000     0.0000     0.0000     0.0000     0.0000     0.0000     0.0000     0.0000     0.0000     0.0000     0.0000     0.0000     0.0000     0.0000     0.0000     0.0000     0.0000     0.0000     0.0000     0.0000     0.0000     0.0000     0.0000     0.0000     0.0000     0.0000     0.0000     0.0000     0.0000     0.0000     0.0000     0.0000     0.0000     0.0000     0.0000     0.0000     0.0000     0.0000     0.0000     0.0000     0.0000     0.0000     0.0000     0.0000     0.0000     0.0000     0.0000     0.0000     0.0000     0.0000     0.0000     0.0000     0.0000     0.0000     0.0000     0.0000     0.0000     0.0000     0.0000     0.0000     0.0000     0.0000     0.0000     0.0000     0.0000     0.0000     0.0000     0.0000     0.0000     0.0000     0.0000     0.0000     0.0000     0.0000     0.0000     0.0000     0.0000     0.0000     0.0000     0.0000     0.0000     0.0000     0.0000     0.0000     0.0000     0.0000     0.0000     0.0000     0.0000     0.0000     0.0000     0.0000     0.0000     0.0000     0.0000     0.0000     0.0000     0.0000     0.0000     0.0000     0.0000     0.0000     0.0000     0.0000     0.0000     0.0000     0.0000     0.0000     0.0000     0.0000     0.0000     0.0000     0.0000     0.0000     0.0000     0.0000     0.0000     0.0000     0.0000     0.0000     0.0000     0.0000     0.0000     0.0000     0.0000     0.0000     0.0000     0.0000     0.0000     0.0000     0.0000     0.0000     0.0000     0.0000     0.0000     0.0000     0.0000     0.0000     0.0000     0.0000     0.0000     0.0000     0.0000     0.0000     0.0000     0.0000     0.0000     0.0000     0.0000     0.0000     0.0000     0.0000     0.0000     0.0000     0.0000     0.0000     0.0000     0.0000     0.0000     0.0000     0.0000     0.0000     0.0000     0.0000     0.0000     0.0000     0.0000     0.0000     0.0000     0.0000     0.0000     0.0000     0.0000     0.0000     0.0000     0.0000     0.0000     0.0000     0.0000
    0.0076    -0.0146     0.2615     1.0000     0.0228    -0.0041     0.2615     1.0000     0.0380     0.0033     0.2615     1.0000     0.0533     0.0077     0.2615     1.0000     0.0685     0.0094     0.2615     1.0000     0.0837     0.0084     0.2615     1.0000     0.0989     0.0050     0.2615     1.0000     0.1141    -0.0008     0.2615     1.0000     0.1294    -0.0089     0.2615     1.0000     0.1446    -0.0190     0.2615     1.0000     0.1598    -0.0310     0.2615     1.0000     0.1750    -0.0447     0.2615     1.0000     0.1902    -0.0602     0.2615     1.0000     0.2055    -0.0770     0.2615     1.0000     0.2207    -0.0953     0.2615     1.0000     0.2359    -0.1147     0.2615     1.0000     0.2511    -0.1351     0.2615     1.0000     0.2663    -0.1565     0.2615     1.0000     0.2816    -0.1786     0.2615     1.0000     0.2968    -0.2013     0.2615     1.0000     0.3120    -0.2245     0.2615     1.0000     0.3272    -0.2480     0.2615     1.0000     0.3424    -0.2717     0.2615     1.0000     0.3577    -0.2954     0.2615     1.0000     0.3729    -0.3190     0.2615     1.0000     0.3881    -0.3423     0.2615     1.0000     0.4033    -0.3652     0.2615     1.0000     0.4185    -0.3876     0.2615     1.0000     0.4338    -0.4092     0.2615     1.0000     0.4490    -0.4301     0.2615     1.0000     0.4642    -0.4499     0.2615     1.0000     0.4794    -0.4686     0.2615     1.0000     0.4946    -0.4860     0.2615     1.0000     0.5099    -0.5020     0.2615     1.0000     0.5251    -0.5164     0.2615     1.0000     0.5403    -0.5291     0.2615     1.0000     0.5555    -0.5399     0.2615     1.0000     0.5707    -0.5487     0.2615     1.0000     0.5860    -0.5554     0.2615     1.0000     0.6012    -0.5598     0.2615     1.0000     0.6164    -0.5617     0.2615     1.0000     0.6316    -0.5611     0.2615     1.0000     0.6468    -0.5577     0.2615     1.0000     0.6621    -0.5514     0.2615     1.0000     0.6773    -0.5421     0.2615     1.0000     0.6925    -0.5297     0.2615     1.0000     0.7077    -0.5139     0.2615     1.0000     0.7229    -0.4946     0.2615     1.0000     0.7382    -0.4718     0.2615     1.0000     0.7534    -0.4452     0.2615     1.0000     0.7686    -0.4147     0.2615     1.0000     0.7838    -0.3802     0.2615     1.0000     0.7990    -0.3414     0.2615     1.0000     0.8143    -0.2984     0.2615     1.0000     0.8295    -0.2508     0.2615     1.0000     0.8447    -0.1987     0.2615     1.0000     0.8599    -0.1417     0.2615     1.0000     0.8751    -0.0799     0.2615     1.0000     0.8904    -0.0130     0.2615     1.0000     0.9056     0.0591     0.2615     1.0000     0.9208     0.1366     0.2615     1.0000     0.9360     0.2195     0.2615     1.0000     0.9512     0.3081     0.2615     1.0000     0.9665     0.4025     0.2615     1.0000
    0.0090    -0.0162     0.3908     1.0000     0.0269    -0.0286     0.3908     1.0000     0.0449    -0.0419     0.3908     1.0000     0.0628    -0.0562     0.3908     1.0000     0.0808    -0.0714     0.3908     1.0000     0.0988    -0.0872     0.3908     1.0000     0.1167    -0.1038     0.3908     1.0000     0.1347    -0.1209     0.3908     1.0000     0.1526    -0.1386     0.3908     1.0000     0.1706    -0.1566     0.3908     1.0000     0.1885    -0.1749     0.3908     1.0000     0.2065    -0.1935     0.3908     1.0000     0.2245    -0.2122     0.3908     1.0000     0.2424    -0.2310     0.3908     1.0000     0.2604    -0.2497     0.3908     1.0000     0.2783    -0.2683     0.3908     1.0000     0.2963    -0.2867     0.3908     1.0000     0.3142    -0.3047     0.3908     1.0000     0.3322    -0.3224     0.3908     1.0000     0.3501    -0.3396     0.3908     1.0000     0.3681    -0.3563     0.3908     1.0000     0.3861    -0.3723     0.3908     1.0000     0.4040    -0.3875     0.3908     1.0000     0.4220    -0.4019     0.3908     1.0000     0.4399    -0.4154     0.3908     1.0000     0.4579    -0.4279     0.3908     1.0000     0.4758    -0.4393     0.3908     1.0000     0.4938    -0.4495     0.3908     1.0000     0.5118    -0.4584     0.3908     1.0000     0.5297    -0.4660     0.3908     1.0000     0.5477    -0.4721     0.3908     1.0000     0.5656    -0.4767     0.3908     1.0000     0.5836    -0.4796     0.3908     1.0000     0.6015    -0.4809     0.3908     1.0000     0.6195    -0.4803     0.3908     1.0000     0.6374    -0.4779     0.3908     1.0000     0.6554    -0.4735     0.3908     1.0000     0.6734    -0.4670     0.3908     1.0000     0.6913    -0.4584     0.3908     1.0000     0.7093    -0.4475     0.3908     1.0000     0.7272    -0.4343     0.3908     1.0000     0.7452    -0.4187     0.3908     1.0000     0.7631    -0.4005     0.3908     1.0000     0.7811    -0.3798     0.3908     1.0000     0.7991    -0.3564     0.3908     1.0000     0.8170    -0.3302     0.3908     1.0000     0.8350    -0.3012     0.3908     1.0000     0.8529    -0.2692     0.3908     1.0000     0.8709    -0.2342     0.3908     1.0000     0.8888    -0.1961     0.3908     1.0000     0.9068    -0.1547     0.3908     1.0000     0.9247    -0.1101     0.3908     1.0000     0.9427    -0.0620     0.3908     1.0000     0.9607    -0.0105     0.3908     1.0000     0.9786     0.0445     0.3908     1.0000     0.9966     0.1033     0.3908     1.0000     1.0145     0.1657     0.3908     1.0000     1.0325     0.2320     0.3908     1.0000     1.0504     0.3022     0.3908     1.0000     1.0684     0.3764     0.3908     1.0000     1.0864     0.4547     0.3908     1.0000     1.1043     0.5372     0.3908     1.0000     1.1223     0.6240     0.3908     1.0000     1.1402     0.7151     0.3908     1.0000
    0.0096    -0.0927     0.2948     1.0000     0.0287     0.1273     0.2948     1.0000     0.0478     0.3279     0.2948     1.0000     0.0669     0.5098     0.2948     1.0000     0.0860     0.6735     0.2948     1.0000     0.1051     0.8198     0.2948     1.0000     0.1242     0.9492     0.2948     1.0000     0.1433     1.0623     0.2948     1.0000     0.1624     1.1599     0.2948     1.0000     0.1815     1.2426     0.2948     1.0000     0.2006     1.3110     0.2948     1.0000     0.2197     1.3657     0.2948     1.0000     0.2388     1.4074     0.2948     1.0000     0.2579     1.4367     0.2948     1.0000     0.2770     1.4542     0.2948     1.0000     0.2961     1.4606     0.2948     1.0000     0.3152     1.4566     0.2948     1.0000     0.3343     1.4427     0.2948     1.0000     0.3534     1.4196     0.2948     1.0000     0.3725     1.3880     0.2948     1.0000     0.3916     1.3484     0.2948     1.0000     0.4107     1.3015     0.2948     1.0000     0.4298     1.2480     0.2948     1.0000     0.4489     1.1885     0.2948     1.0000     0.4680     1.1236     0.2948     1.0000     0.4871     1.0540     0.2948     1.0000     0.5062     0.9802     0.2948     1.0000     0.5253     0.9030     0.2948     1.0000     0.5444     0.8230     0.2948     1.0000     0.5635     0.7408     0.2948     1.0000     0.5826     0.6570     0.2948     1.0000     0.6017     0.5724     0.2948     1.0000     0.6208     0.4874     0.2948     1.0000     0.6399     0.4028     0.2948     1.0000     0.6590     0.3192     0.2948     1.0000     0.6781     0.2373     0.2948     1.0000     0.6972     0.1576     0.2948     1.0000     0.7163     0.0808     0.2948     1.0000     0.7354     0.0076     0.2948     1.0000     0.7545    -0.0614     0.2948     1.0000     0.7736    -0.1256     0.2948     1.0000     0.7927    -0.1844     0.2948     1.0000     0.8118    -0.2370     0.2948     1.0000     0.8309    -0.2829     0.2948     1.0000     0.8500    -0.3214     0.2948     1.0000     0.8691    -0.3520     0.2948     1.0000     0.8882    -0.3738     0.2948     1.0000     0.9073    -0.3864     0.2948     1.0000     0.9264    -0.3891     0.2948     1.0000     0.9455    -0.3812     0.2948     1.0000     0.9646    -0.3621     0.2948     1.0000     0.9837    -0.3311     0.2948     1.0000     1.0028    -0.2877     0.2948     1.0000     1.0219    -0.2312     0.2948     1.0000     1.0410    -0.1609     0.2948     1.0000     1.0601    -0.0762     0.2948     1.0000     1.0792     0.0234     0.2948     1.0000     1.0983     0.1388     0.2948     1.0000     1.1174     0.2704     0.2948     1.0000     1.1365     0.4190     0.2948     1.0000     1.1556     0.5852     0.2948     1.0000     1.1747     0.7696     0.2948     1.0000     1.1938     0.9728     0.2948     1.0000     1.2129     1.1955     0.2948     1.0000
    0.0085    -0.1414     0.2945     1.0000     0.0256     0.1401     0.2945     1.0000     0.0426     0.4003     0.2945     1.0000     0.0597     0.6396     0.2945     1.0000     0.0767     0.8588     0.2945     1.0000     0.0937     1.0585     0.2945     1.0000     0.1108     1.2392     0.2945     1.0000     0.1278     1.4017     0.2945     1.0000     0.1449     1.5465     0.2945     1.0000     0.1619     1.6743     0.2945     1.0000     0.1790     1.7857     0.2945     1.0000     0.1960     1.8812     0.2945     1.0000     0.2130     1.9617     0.2945     1.0000     0.2301     2.0276     0.2945     1.0000     0.2471     2.0796     0.2945     1.0000     0.2642     2.1184     0.2945     1.0000     0.2812     2.1445     0.2945     1.0000     0.2983     2.1586     0.2945     1.0000     0.3153     2.1612     0.2945     1.0000     0.3323     2.1531     0.2945     1.0000     0.3494     2.1349     0.2945     1.0000     0.3664     2.1071     0.2945     1.0000     0.3835     2.0705     0.2945     1.0000     0.4005     2.0256     0.2945     1.0000     0.4176     1.9730     0.2945     1.0000     0.4346     1.9135     0.2945     1.0000     0.4516     1.8475     0.2945     1.0000     0.4687     1.7758     0.2945     1.0000     0.4857     1.6989     0.2945     1.0000     0.5028     1.6176     0.2945     1.0000     0.5198     1.5323     0.2945     1.0000     0.5369     1.4438     0.2945     1.0000     0.5539     1.3527     0.2945     1.0000     0.5709     1.2595     0.2945     1.0000     0.5880     1.1650     0.2945     1.0000     0.6050     1.0697     0.2945     1.0000     0.6221     0.9743     0.2945     1.0000     0.6391     0.8794     0.2945     1.0000     0.6562     0.7856     0.2945     1.0000     0.6732     0.6935     0.2945     1.0000     0.6903     0.6039     0.2945     1.0000     0.7073     0.5172     0.2945     1.0000     0.7243     0.4342     0.2945     1.0000     0.7414     0.3554     0.2945     1.0000     0.7584     0.2815     0.2945     1.0000     0.7755     0.2131     0.2945     1.0000     0.7925     0.1508     0.2945     1.0000     0.8096     0.0953     0.2945     1.0000     0.8266     0.0471     0.2945     1.0000     0.8436     0.0070     0.2945     1.0000     0.8607    -0.0245     0.2945     1.0000     0.8777    -0.0467     0.2945     1.0000     0.8948    -0.0591     0.2945     1.0000     0.9118    -0.0609     0.2945     1.0000     0.9289    -0.0516     0.2945     1.0000     0.9459    -0.0305     0.2945     1.0000     0.9629     0.0029     0.2945     1.0000     0.9800     0.0494     0.2945     1.0000     0.9970     0.1095     0.2945     1.0000     1.0141     0.1839     0.2945     1.0000     1.0311     0.2732     0.2945     1.0000     1.0482     0.3780     0.2945     1.0000     1.0652     0.4990     0.2945     1.0000     1.0822     0.6367     0.2945     1.0000
    0.0086     0.0202     0.3307     1.0000     0.0259     0.0414     0.3307     1.0000     0.0431     0.0609     0.3307     1.0000     0.0604     0.0789     0.3307     1.0000     0.0776     0.0955     0.3307     1.0000     0.0949     0.1106     0.3307     1.0000     0.1121     0.1244     0.3307     1.0000     0.1294     0.1369     0.3307     1.0000     0.1466     0.1482     0.3307     1.0000     0.1639     0.1582     0.3307     1.0000     0.1811     0.1672     0.3307     1.0000     0.1984     0.1751     0.3307     1.0000     0.2156     0.1820     0.3307     1.0000     0.2328     0.1879     0.3307     1.0000     0.2501     0.1930     0.3307     1.0000     0.2673     0.1972     0.3307     1.0000     0.2846     0.2007     0.3307     1.0000     0.3018     0.2034     0.3307     1.0000     0.3191     0.2055     0.3307     1.0000     0.3363     0.2070     0.3307     1.0000     0.3536     0.2079     0.3307     1.0000     0.3708     0.2084     0.3307     1.0000     0.3881     0.2084     0.3307     1.0000     0.4053     0.2081     0.3307     1.0000     0.4226     0.2075     0.3307     1.0000     0.4398     0.2066     0.3307     1.0000     0.4571     0.2055     0.3307     1.0000     0.4743     0.2043     0.3307     1.0000     0.4916     0.2030     0.3307     1.0000     0.5088     0.2017     0.3307     1.0000     0.5261     0.2004     0.3307     1.0000     0.5433     0.1993     0.3307     1.0000     0.5606     0.1983     0.3307     1.0000     0.5778     0.1975     0.3307     1.0000     0.5951     0.1969     0.3307     1.0000     0.6123     0.1967     0.3307     1.0000     0.6296     0.1969     0.3307     1.0000     0.6468     0.1976     0.3307     1.0000     0.6640     0.1987     0.3307     1.0000     0.6813     0.2004     0.3307     1.0000     0.6985     0.2027     0.3307     1.0000     0.7158     0.2057     0.3307     1.0000     0.7330     0.2095     0.3307     1.0000     0.7503     0.2140     0.3307     1.0000     0.7675     0.2194     0.3307     1.0000     0.7848     0.2257     0.3307     1.0000     0.8020     0.2329     0.3307     1.0000     0.8193     0.2412     0.3307     1.0000     0.8365     0.2506     0.3307     1.0000     0.8538     0.2611     0.3307     1.0000     0.8710     0.2728     0.3307     1.0000     0.8883     0.2858     0.3307     1.0000     0.9055     0.3001     0.3307     1.0000     0.9228     0.3157     0.3307     1.0000     0.9400     0.3328     0.3307     1.0000     0.9573     0.3514     0.3307     1.0000     0.9745     0.3715     0.3307     1.0000     0.9918     0.3933     0.3307     1.0000     1.0090     0.4167     0.3307     1.0000     1.0263     0.4418     0.3307     1.0000     1.0435     0.4687     0.3307     1.0000     1.0608     0.4974     0.3307     1.0000     1.0780     0.5281     0.3307     1.0000     1.0952     0.5606     0.3307     1.0000
    0.0000     0.0000     0.0000     0.0000     0.0000     0.0000     0.0000     0.0000     0.0000     0.0000     0.0000     0.0000     0.0000     0.0000     0.0000     0.0000     0.0000     0.0000     0.0000     0.0000     0.0000     0.0000     0.0000     0.0000     0.0000     0.0000     0.0000     0.0000     0.0000     0.0000     0.0000     0.0000     0.0000     0.0000     0.0000     0.0000     0.0000     0.0000     0.0000     0.0000     0.0000     0.0000     0.0000     0.0000     0.0000     0.0000     0.0000     0.0000     0.0000     0.0000     0.0000     0.0000     0.0000     0.0000     0.0000     0.0000     0.0000     0.0000     0.0000     0.0000     0.0000     0.0000     0.0000     0.0000     0.0000     0.0000     0.0000     0.0000     0.0000     0.0000     0.0000     0.0000     0.0000     0.0000     0.0000     0.0000     0.0000     0.0000     0.0000     0.0000     0.0000     0.0000     0.0000     0.0000     0.0000     0.0000     0.0000     0.0000     0.0000     0.0000     0.0000     0.0000     0.0000     0.0000     0.0000     0.0000     0.0000     0.0000     0.0000     0.0000     0.0000     0.0000     0.0000     0.0000     0.0000     0.0000     0.0000     0.0000     0.0000     0.0000     0.0000     0.0000     0.0000     0.0000     0.0000     0.0000     0.0000     0.0000     0.0000     0.0000     0.0000     0.0000     0.0000     0.0000     0.0000     0.0000     0.0000     0.0000     0.0000     0.0000     0.0000     0.0000     0.0000     0.0000     0.0000     0.0000     0.0000     0.0000     0.0000     0.0000     0.0000     0.0000     0.0000     0.0000     0.0000     0.0000     0.0000     0.0000     0.0000     0.0000     0.0000     0.0000     0.0000     0.0000     0.0000     0.0000     0.0000     0.0000     0.0000     0.0000     0.0000     0.0000     0.0000     0.0000     0.0000     0.0000     0.0000     0.0000     0.0000     0.0000     0.0000     0.0000     0.0000     0.0000     0.0000     0.0000     0.0000     0.0000     0.0000     0.0000     0.0000     0.0000     0.0000     0.0000     0.0000     0.0000     0.0000     0.0000     0.0000     0.0000     0.0000     0.0000     0.0000     0.0000     0.0000     0.0000     0.0000     0.0000     0.0000     0.0000     0.0000     0.0000     0.0000     0.0000     0.0000     0.0000     0.0000     0.0000     0.0000     0.0000     0.0000     0.0000     0.0000     0.0000     0.0000     0.0000     0.0000     0.0000     0.0000     0.0000     0.0000     0.0000     0.0000     0.0000     0.0000     0.0000     0.0000     0.0000     0.0000     0.0000     0.0000     0.0000     0.0000     0.0000     0.0000     0.0000     0.0000     0.0000     0.0000     0.0000     0.0000     0.0000     0.0000     0.0000     0.0000     0.0000     0.0000     0.0000     0.0000     0.0000     0.0000     0.0000     0.0000     0.0000     0.0000     0.0000
    0.0000     0.0000     0.0000     0.0000     0.0000     0.0000     0.0000     0.0000     0.0000     0.0000     0.0000     0.0000     0.0000     0.0000     0.0000     0.0000     0.0000     0.0000     0.0000     0.0000     0.0000     0.0000     0.0000     0.0000     0.0000     0.0000     0.0000     0.0000     0.0000     0.0000     0.0000     0.0000     0.0000     0.0000     0.0000     0.0000     0.0000     0.0000     0.0000     0.0000     0.0000     0.0000     0.0000     0.0000     0.0000     0.0000     0.0000     0.0000     0.0000     0.0000     0.0000     0.0000     0.0000     0.0000     0.0000     0.0000     0.0000     0.0000     0.0000     0.0000     0.0000     0.0000     0.0000     0.0000     0.0000     0.0000     0.0000     0.0000     0.0000     0.0000     0.0000     0.0000     0.0000     0.0000     0.0000     0.0000     0.0000     0.0000     0.0000     0.0000     0.0000     0.0000     0.0000     0.0000     0.0000     0.0000     0.0000     0.0000     0.0000     0.0000     0.0000     0.0000     0.0000     0.0000     0.0000     0.0000     0.0000     0.0000     0.0000     0.0000     0.0000     0.0000     0.0000     0.0000     0.0000     0.0000     0.0000     0.0000     0.0000     0.0000     0.0000     0.0000     0.0000     0.0000     0.0000     0.0000     0.0000     0.0000     0.0000     0.0000     0.0000     0.0000     0.0000     0.0000     0.0000     0.0000     0.0000     0.0000     0.0000     0.0000     0.0000     0.0000     0.0000     0.0000     0.0000     0.0000     0.0000     0.0000     0.0000     0.0000     0.0000     0.0000     0.0000     0.0000     0.0000     0.0000     0.0000     0.0000     0.0000     0.0000     0.0000     0.0000     0.0000     0.0000     0.0000     0.0000     0.0000     0.0000     0.0000     0.0000     0.0000     0.0000     0.0000     0.0000     0.0000     0.0000     0.0000     0.0000     0.0000     0.0000     0.0000     0.0000     0.0000     0.0000     0.0000     0.0000     0.0000     0.0000     0.0000     0.0000     0.0000     0.0000     0.0000     0.0000     0.0000     0.0000     0.0000     0.0000     0.0000     0.0000     0.0000     0.0000     0.0000     0.0000     0.0000     0.0000     0.0000     0.0000     0.0000     0.0000     0.0000     0.0000     0.0000     0.0000     0.0000     0.0000     0.0000     0.0000     0.0000     0.0000     0.0000     0.0000     0.0000     0.0000     0.0000     0.0000     0.0000     0.0000     0.0000     0.0000     0.0000     0.0000     0.0000     0.0000     0.0000     0.0000     0.0000     0.0000     0.0000     0.0000     0.0000     0.0000     0.0000     0.0000     0.0000     0.0000     0.0000     0.0000     0.0000     0.0000     0.0000     0.0000     0.0000     0.0000     0.0000     0.0000     0.0000     0.0000     0.0000     0.0000     0.0000     0.0000     0.0000     0.0000     0.0000     0.0000
    0.0000     0.0000     0.0000     0.0000     0.0000     0.0000     0.0000     0.0000     0.0000     0.0000     0.0000     0.0000     0.0000     0.0000     0.0000     0.0000     0.0000     0.0000     0.0000     0.0000     0.0000     0.0000     0.0000     0.0000     0.0000     0.0000     0.0000     0.0000     0.0000     0.0000     0.0000     0.0000     0.0000     0.0000     0.0000     0.0000     0.0000     0.0000     0.0000     0.0000     0.0000     0.0000     0.0000     0.0000     0.0000     0.0000     0.0000     0.0000     0.0000     0.0000     0.0000     0.0000     0.0000     0.0000     0.0000     0.0000     0.0000     0.0000     0.0000     0.0000     0.0000     0.0000     0.0000     0.0000     0.0000     0.0000     0.0000     0.0000     0.0000     0.0000     0.0000     0.0000     0.0000     0.0000     0.0000     0.0000     0.0000     0.0000     0.0000     0.0000     0.0000     0.0000     0.0000     0.0000     0.0000     0.0000     0.0000     0.0000     0.0000     0.0000     0.0000     0.0000     0.0000     0.0000     0.0000     0.0000     0.0000     0.0000     0.0000     0.0000     0.0000     0.0000     0.0000     0.0000     0.0000     0.0000     0.0000     0.0000     0.0000     0.0000     0.0000     0.0000     0.0000     0.0000     0.0000     0.0000     0.0000     0.0000     0.0000     0.0000     0.0000     0.0000     0.0000     0.0000     0.0000     0.0000     0.0000     0.0000     0.0000     0.0000     0.0000     0.0000     0.0000     0.0000     0.0000     0.0000     0.0000     0.0000     0.0000     0.0000     0.0000     0.0000     0.0000     0.0000     0.0000     0.0000     0.0000     0.0000     0.0000     0.0000     0.0000     0.0000     0.0000     0.0000     0.0000     0.0000     0.0000     0.0000     0.0000     0.0000     0.0000     0.0000     0.0000     0.0000     0.0000     0.0000     0.0000     0.0000     0.0000     0.0000     0.0000     0.0000     0.0000     0.0000     0.0000     0.0000     0.0000     0.0000     0.0000     0.0000     0.0000     0.0000     0.0000     0.0000     0.0000     0.0000     0.0000     0.0000     0.0000     0.0000     0.0000     0.0000     0.0000     0.0000     0.0000     0.0000     0.0000     0.0000     0.0000     0.0000     0.0000     0.0000     0.0000     0.0000     0.0000     0.0000     0.0000     0.0000     0.0000     0.0000     0.0000     0.0000     0.0000     0.0000     0.0000     0.0000     0.0000     0.0000     0.0000     0.0000     0.0000     0.0000     0.0000     0.0000     0.0000     0.0000     0.0000     0.0000     0.0000     0.0000     0.0000     0.0000     0.0000     0.0000     0.0000     0.0000     0.0000     0.0000     0.0000     0.0000     0.0000     0.0000     0.0000     0.0000     0.0000     0.0000     0.0000     0.0000     0.0000     0.0000     0.0000     0.0000     0.0000     0.0000     0.0000     0.0000
    0.0000     0.0000     0.0000     0.0000     0.0000     0.0000     0.0000     0.0000     0.0000     0.0000     0.0000     0.0000     0.0000     0.0000     0.0000     0.0000     0.0000     0.0000     0.0000     0.0000     0.0000     0.0000     0.0000     0.0000     0.0000     0.0000     0.0000     0.0000     0.0000     0.0000     0.0000     0.0000     0.0000     0.0000     0.0000     0.0000     0.0000     0.0000     0.0000     0.0000     0.0000     0.0000     0.0000     0.0000     0.0000     0.0000     0.0000     0.0000     0.0000     0.0000     0.0000     0.0000     0.0000     0.0000     0.0000     0.0000     0.0000     0.0000     0.0000     0.0000     0.0000     0.0000     0.0000     0.0000     0.0000     0.0000     0.0000     0.0000     0.0000     0.0000     0.0000     0.0000     0.0000     0.0000     0.0000     0.0000     0.0000     0.0000     0.0000     0.0000     0.0000     0.0000     0.0000     0.0000     0.0000     0.0000     0.0000     0.0000     0.0000     0.0000     0.0000     0.0000     0.0000     0.0000     0.0000     0.0000     0.0000     0.0000     0.0000     0.0000     0.0000     0.0000     0.0000     0.0000     0.0000     0.0000     0.0000     0.0000     0.0000     0.0000     0.0000     0.0000     0.0000     0.0000     0.0000     0.0000     0.0000     0.0000     0.0000     0.0000     0.0000     0.0000     0.0000     0.0000     0.0000     0.0000     0.0000     0.0000     0.0000     0.0000     0.0000     0.0000     0.0000     0.0000     0.0000     0.0000     0.0000     0.0000     0.0000     0.0000     0.0000     0.0000     0.0000     0.0000     0.0000     0.0000     0.0000     0.0000     0.0000     0.0000     0.0000     0.0000     0.0000     0.0000     0.0000     0.0000     0.0000     0.0000     0.0000     0.0000     0.0000     0.0000     0.0000     0.0000     0.0000     0.0000     0.0000     0.0000     0.0000     0.0000     0.0000     0.0000     0.0000     0.0000     0.0000     0.0000     0.0000     0.0000     0.0000     0.0000     0.0000     0.0000     0.0000     0.0000     0.0000     0.0000     0.0000     0.0000     0.0000     0.0000     0.0000     0.0000     0.0000     0.0000     0.0000     0.0000     0.0000     0.0000     0.0000     0.0000     0.0000     0.0000     0.0000     0.0000     0.0000     0.0000     0.0000     0.0000     0.0000     0.0000     0.0000     0.0000     0.0000     0.0000     0.0000     0.0000     0.0000     0.0000     0.0000     0.0000     0.0000     0.0000     0.0000     0.0000     0.0000     0.0000     0.0000     0.0000     0.0000     0.0000     0.0000     0.0000     0.0000     0.0000     0.0000     0.0000     0.0000     0.0000     0.0000     0.0000     0.0000     0.0000     0.0000     0.0000     0.0000     0.0000     0.0000     0.0000     0.0000     0.0000     0.0000     0.0000     0.0000     0.0000     0.0000     0.0000
    0.0000     0.0000     0.0000     0.0000     0.0000     0.0000     0.0000     0.0000     0.0000     0.0000     0.0000     0.0000     0.0000     0.0000     0.0000     0.0000     0.0000     0.0000     0.0000     0.0000     0.0000     0.0000     0.0000     0.0000     0.0000     0.0000     0.0000     0.0000     0.0000     0.0000     0.0000     0.0000     0.0000     0.0000     0.0000     0.0000     0.0000     0.0000     0.0000     0.0000     0.0000     0.0000     0.0000     0.0000     0.0000     0.0000     0.0000     0.0000     0.0000     0.0000     0.0000     0.0000     0.0000     0.0000     0.0000     0.0000     0.0000     0.0000     0.0000     0.0000     0.0000     0.0000     0.0000     0.0000     0.0000     0.0000     0.0000     0.0000     0.0000     0.0000     0.0000     0.0000     0.0000     0.0000     0.0000     0.0000     0.0000     0.0000     0.0000     0.0000     0.0000     0.0000     0.0000     0.0000     0.0000     0.0000     0.0000     0.0000     0.0000     0.0000     0.0000     0.0000     0.0000     0.0000     0.0000     0.0000     0.0000     0.0000     0.0000     0.0000     0.0000     0.0000     0.0000     0.0000     0.0000     0.0000     0.0000     0.0000     0.0000     0.0000     0.0000     0.0000     0.0000     0.0000     0.0000     0.0000     0.0000     0.0000     0.0000     0.0000     0.0000     0.0000     0.0000     0.0000     0.0000     0.0000     0.0000     0.0000     0.0000     0.0000     0.0000     0.0000     0.0000     0.0000     0.0000     0.0000     0.0000     0.0000     0.0000     0.0000     0.0000     0.0000     0.0000     0.0000     0.0000     0.0000     0.0000     0.0000     0.0000     0.0000     0.0000     0.0000     0.0000     0.0000     0.0000     0.0000     0.0000     0.0000     0.0000     0.0000     0.0000     0.0000     0.0000     0.0000     0.0000     0.0000     0.0000     0.0000     0.0000     0.0000     0.0000     0.0000     0.0000     0.0000     0.0000     0.0000     0.0000     0.0000     0.0000     0.0000     0.0000     0.0000     0.0000     0.0000     0.0000     0.0000     0.0000     0.0000     0.0000     0.0000     0.0000     0.0000     0.0000     0.0000     0.0000     0.0000     0.0000     0.0000     0.0000     0.0000     0.0000     0.0000     0.0000     0.0000     0.0000     0.0000     0.0000     0.0000     0.0000     0.0000     0.0000     0.0000     0.0000     0.0000     0.0000     0.0000     0.0000     0.0000     0.0000     0.0000     0.0000     0.0000     0.0000     0.0000     0.0000     0.0000     0.0000     0.0000     0.0000     0.0000     0.0000     0.0000     0.0000     0.0000     0.0000     0.0000     0.0000     0.0000     0.0000     0.0000     0.0000     0.0000     0.0000     0.0000     0.0000     0.0000     0.0000     0.0000     0.0000     0.0000     0.0000     0.0000     0.0000     0.0000     0.0000     0.0000
    0.0000     0.0000     0.0000     0.0000     0.0000     0.0000     0.0000     0.0000     0.0000     0.0000     0.0000     0.0000     0.0000     0.0000     0.0000     0.0000     0.0000     0.0000     0.0000     0.0000     0.0000     0.0000     0.0000     0.0000     0.0000     0.0000     0.0000     0.0000     0.0000     0.0000     0.0000     0.0000     0.0000     0.0000     0.0000     0.0000     0.0000     0.0000     0.0000     0.0000     0.0000     0.0000     0.0000     0.0000     0.0000     0.0000     0.0000     0.0000     0.0000     0.0000     0.0000     0.0000     0.0000     0.0000     0.0000     0.0000     0.0000     0.0000     0.0000     0.0000     0.0000     0.0000     0.0000     0.0000     0.0000     0.0000     0.0000     0.0000     0.0000     0.0000     0.0000     0.0000     0.0000     0.0000     0.0000     0.0000     0.0000     0.0000     0.0000     0.0000     0.0000     0.0000     0.0000     0.0000     0.0000     0.0000     0.0000     0.0000     0.0000     0.0000     0.0000     0.0000     0.0000     0.0000     0.0000     0.0000     0.0000     0.0000     0.0000     0.0000     0.0000     0.0000     0.0000     0.0000     0.0000     0.0000     0.0000     0.0000     0.0000     0.0000     0.0000     0.0000     0.0000     0.0000     0.0000     0.0000     0.0000     0.0000     0.0000     0.0000     0.0000     0.0000     0.0000     0.0000     0.0000     0.0000     0.0000     0.0000     0.0000     0.0000     0.0000     0.0000     0.0000     0.0000     0.0000     0.0000     0.0000     0.0000     0.0000     0.0000     0.0000     0.0000     0.0000     0.0000     0.0000     0.0000     0.0000     0.0000     0.0000     0.0000     0.0000     0.0000     0.0000     0.0000     0.0000     0.0000     0.0000     0.0000     0.0000     0.0000     0.0000     0.0000     0.0000     0.0000     0.0000     0.0000     0.0000     0.0000     0.0000     0.0000     0.0000     0.0000     0.0000     0.0000     0.0000     0.0000     0.0000     0.0000     0.0000     0.0000     0.0000     0.0000     0.0000     0.0000     0.0000     0.0000     0.0000     0.0000     0.0000     0.0000     0.0000     0.0000     0.0000     0.0000     0.0000     0.0000     0.0000     0.0000     0.0000     0.0000     0.0000     0.0000     0.0000     0.0000     0.0000     0.0000     0.0000     0.0000     0.0000     0.0000     0.0000     0.0000     0.0000     0.0000     0.0000     0.0000     0.0000     0.0000     0.0000     0.0000     0.0000     0.0000     0.0000     0.0000     0.0000     0.0000     0.0000     0.0000     0.0000     0.0000     0.0000     0.0000     0.0000     0.0000     0.0000     0.0000     0.0000     0.0000     0.0000     0.0000     0.0000     0.0000     0.0000     0.0000     0.0000     0.0000     0.0000     0.0000     0.0000     0.0000     0.0000     0.0000     0.0000     0.0000     0.0000     0.0000
    0.0000     0.0000     0.0000     0.0000     0.0000     0.0000     0.0000     0.0000     0.0000     0.0000     0.0000     0.0000     0.0000     0.0000     0.0000     0.0000     0.0000     0.0000     0.0000     0.0000     0.0000     0.0000     0.0000     0.0000     0.0000     0.0000     0.0000     0.0000     0.0000     0.0000     0.0000     0.0000     0.0000     0.0000     0.0000     0.0000     0.0000     0.0000     0.0000     0.0000     0.0000     0.0000     0.0000     0.0000     0.0000     0.0000     0.0000     0.0000     0.0000     0.0000     0.0000     0.0000     0.0000     0.0000     0.0000     0.0000     0.0000     0.0000     0.0000     0.0000     0.0000     0.0000     0.0000     0.0000     0.0000     0.0000     0.0000     0.0000     0.0000     0.0000     0.0000     0.0000     0.0000     0.0000     0.0000     0.0000     0.0000     0.0000     0.0000     0.0000     0.0000     0.0000     0.0000     0.0000     0.0000     0.0000     0.0000     0.0000     0.0000     0.0000     0.0000     0.0000     0.0000     0.0000     0.0000     0.0000     0.0000     0.0000     0.0000     0.0000     0.0000     0.0000     0.0000     0.0000     0.0000     0.0000     0.0000     0.0000     0.0000     0.0000     0.0000     0.0000     0.0000     0.0000     0.0000     0.0000     0.0000     0.0000     0.0000     0.0000     0.0000     0.0000     0.0000     0.0000     0.0000     0.0000     0.0000     0.0000     0.0000     0.0000     0.0000     0.0000     0.0000     0.0000     0.0000     0.0000     0.0000     0.0000     0.0000     0.0000     0.0000     0.0000     0.0000     0.0000     0.0000     0.0000     0.0000     0.0000     0.0000     0.0000     0.0000     0.0000     0.0000     0.0000     0.0000     0.0000     0.0000     0.0000     0.0000     0.0000     0.0000     0.0000     0.0000     0.0000     0.0000     0.0000     0.0000     0.0000     0.0000     0.0000     0.0000     0.0000     0.0000     0.0000     0.0000     0.0000     0.0000     0.0000     0.0000     0.0000     0.0000     0.0000     0.0000     0.0000     0.0000     0.0000     0.0000     0.0000     0.0000     0.0000     0.0000     0.0000     0.0000     0.0000     0.0000     0.0000     0.0000     0.0000     0.0000     0.0000     0.0000     0.0000     0.0000     0.0000     0.0000     0.0000     0.0000     0.0000     0.0000     0.0000     0.0000     0.0000     0.0000     0.0000     0.0000     0.0000     0.0000     0.0000     0.0000     0.0000     0.0000     0.0000     0.0000     0.0000     0.0000     0.0000     0.0000     0.0000     0.0000     0.0000     0.0000     0.0000     0.0000     0.0000     0.0000     0.0000     0.0000     0.0000     0.0000     0.0000     0.0000     0.0000     0.0000     0.0000     0.0000     0.0000     0.0000     0.0000     0.0000     0.0000     0.0000     0.0000     0.0000     0.0000     0.0000     0.0000
    0.0000     0.0000     0.0000     0.0000     0.0000     0.0000     0.0000     0.0000     0.0000     0.0000     0.0000     0.0000     0.0000     0.0000     0.0000     0.0000     0.0000     0.0000     0.0000     0.0000     0.0000     0.0000     0.0000     0.0000     0.0000     0.0000     0.0000     0.0000     0.0000     0.0000     0.0000     0.0000     0.0000     0.0000     0.0000     0.0000     0.0000     0.0000     0.0000     0.0000     0.0000     0.0000     0.0000     0.0000     0.0000     0.0000     0.0000     0.0000     0.0000     0.0000     0.0000     0.0000     0.0000     0.0000     0.0000     0.0000     0.0000     0.0000     0.0000     0.0000     0.0000     0.0000     0.0000     0.0000     0.0000     0.0000     0.0000     0.0000     0.0000     0.0000     0.0000     0.0000     0.0000     0.0000     0.0000     0.0000     0.0000     0.0000     0.0000     0.0000     0.0000     0.0000     0.0000     0.0000     0.0000     0.0000     0.0000     0.0000     0.0000     0.0000     0.0000     0.0000     0.0000     0.0000     0.0000     0.0000     0.0000     0.0000     0.0000     0.0000     0.0000     0.0000     0.0000     0.0000     0.0000     0.0000     0.0000     0.0000     0.0000     0.0000     0.0000     0.0000     0.0000     0.0000     0.0000     0.0000     0.0000     0.0000     0.0000     0.0000     0.0000     0.0000     0.0000     0.0000     0.0000     0.0000     0.0000     0.0000     0.0000     0.0000     0.0000     0.0000     0.0000     0.0000     0.0000     0.0000     0.0000     0.0000     0.0000     0.0000     0.0000     0.0000     0.0000     0.0000     0.0000     0.0000     0.0000     0.0000     0.0000     0.0000     0.0000     0.0000     0.0000     0.0000     0.0000     0.0000     0.0000     0.0000     0.0000     0.0000     0.0000     0.0000     0.0000     0.0000     0.0000     0.0000     0.0000     0.0000     0.0000     0.0000     0.0000     0.0000     0.0000     0.0000     0.0000     0.0000     0.0000     0.0000     0.0000     0.0000     0.0000     0.0000     0.0000     0.0000     0.0000     0.0000     0.0000     0.0000     0.0000     0.0000     0.0000     0.0000     0.0000     0.0000     0.0000     0.0000     0.0000     0.0000     0.0000     0.0000     0.0000     0.0000     0.0000     0.0000     0.0000     0.0000     0.0000     0.0000     0.0000     0.0000     0.0000     0.0000     0.0000     0.0000     0.0000     0.0000     0.0000     0.0000     0.0000     0.0000     0.0000     0.0000     0.0000     0.0000     0.0000     0.0000     0.0000     0.0000     0.0000     0.0000     0.0000     0.0000     0.0000     0.0000     0.0000     0.0000     0.0000     0.0000     0.0000     0.0000     0.0000     0.0000     0.0000     0.0000     0.0000     0.0000     0.0000     0.0000     0.0000     0.0000     0.0000     0.0000     0.0000     0.0000     0.0000     0.0000
    0.0000     0.0000     0.0000     0.0000     0.0000     0.0000     0.0000     0.0000     0.0000     0.0000     0.0000     0.0000     0.0000     0.0000     0.0000     0.0000     0.0000     0.0000     0.0000     0.0000     0.0000     0.0000     0.0000     0.0000     0.0000     0.0000     0.0000     0.0000     0.0000     0.0000     0.0000     0.0000     0.0000     0.0000     0.0000     0.0000     0.0000     0.0000     0.0000     0.0000     0.0000     0.0000     0.0000     0.0000     0.0000     0.0000     0.0000     0.0000     0.0000     0.0000     0.0000     0.0000     0.0000     0.0000     0.0000     0.0000     0.0000     0.0000     0.0000     0.0000     0.0000     0.0000     0.0000     0.0000     0.0000     0.0000     0.0000     0.0000     0.0000     0.0000     0.0000     0.0000     0.0000     0.0000     0.0000     0.0000     0.0000     0.0000     0.0000     0.0000     0.0000     0.0000     0.0000     0.0000     0.0000     0.0000     0.0000     0.0000     0.0000     0.0000     0.0000     0.0000     0.0000     0.0000     0.0000     0.0000     0.0000     0.0000     0.0000     0.0000     0.0000     0.0000     0.0000     0.0000     0.0000     0.0000     0.0000     0.0000     0.0000     0.0000     0.0000     0.0000     0.0000     0.0000     0.0000     0.0000     0.0000     0.0000     0.0000     0.0000     0.0000     0.0000     0.0000     0.0000     0.0000     0.0000     0.0000     0.0000     0.0000     0.0000     0.0000     0.0000     0.0000     0.0000     0.0000     0.0000     0.0000     0.0000     0.0000     0.0000     0.0000     0.0000     0.0000     0.0000     0.0000     0.0000     0.0000     0.0000     0.0000     0.0000     0.0000     0.0000     0.0000     0.0000     0.0000     0.0000     0.0000     0.0000     0.0000     0.0000     0.0000     0.0000     0.0000     0.0000     0.0000     0.0000     0.0000     0.0000     0.0000     0.0000     0.0000     0.0000     0.0000     0.0000     0.0000     0.0000     0.0000     0.0000     0.0000     0.0000     0.0000     0.0000     0.0000     0.0000     0.0000     0.0000     0.0000     0.0000     0.0000     0.0000     0.0000     0.0000     0.0000     0.0000     0.0000     0.0000     0.0000     0.0000     0.0000     0.0000     0.0000     0.0000     0.0000     0.0000     0.0000     0.0000     0.0000     0.0000     0.0000     0.0000     0.0000     0.0000     0.0000     0.0000     0.0000     0.0000     0.0000     0.0000     0.0000     0.0000     0.0000     0.0000     0.0000     0.0000     0.0000     0.0000     0.0000     0.0000     0.0000     0.0000     0.0000     0.0000     0.0000     0.0000     0.0000     0.0000     0.0000     0.0000     0.0000     0.0000     0.0000     0.0000     0.0000     0.0000     0.0000     0.0000     0.0000     0.0000     0.0000     0.0000     0.0000     0.0000     0.0000     0.0000     0.0000     0.0000
    0.0000     0.0000     0.0000     0.0000     0.0000     0.0000     0.0000     0.0000     0.0000     0.0000     0.0000     0.0000     0.0000     0.0000     0.0000     0.0000     0.0000     0.0000     0.0000     0.0000     0.0000     0.0000     0.0000     0.0000     0.0000     0.0000     0.0000     0.0000     0.0000     0.0000     0.0000     0.0000     0.0000     0.0000     0.0000     0.0000     0.0000     0.0000     0.0000     0.0000     0.0000     0.0000     0.0000     0.0000     0.0000     0.0000     0.0000     0.0000     0.0000     0.0000     0.0000     0.0000     0.0000     0.0000     0.0000     0.0000     0.0000     0.0000     0.0000     0.0000     0.0000     0.0000     0.0000     0.0000     0.0000     0.0000     0.0000     0.0000     0.0000     0.0000     0.0000     0.0000     0.0000     0.0000     0.0000     0.0000     0.0000     0.0000     0.0000     0.0000     0.0000     0.0000     0.0000     0.0000     0.0000     0.0000     0.0000     0.0000     0.0000     0.0000     0.0000     0.0000     0.0000     0.0000     0.0000     0.0000     0.0000     0.0000     0.0000     0.0000     0.0000     0.0000     0.0000     0.0000     0.0000     0.0000     0.0000     0.0000     0.0000     0.0000     0.0000     0.0000     0.0000     0.0000     0.0000     0.0000     0.0000     0.0000     0.0000     0.0000     0.0000     0.0000     0.0000     0.0000     0.0000     0.0000     0.0000     0.0000     0.0000     0.0000     0.0000     0.0000     0.0000     0.0000     0.0000     0.0000     0.0000     0.0000     0.0000     0.0000     0.0000     0.0000     0.0000     0.0000     0.0000     0.0000     0.0000     0.0000     0.0000     0.0000     0.0000     0.0000     0.0000     0.0000     0.0000     0.0000     0.0000     0.0000     0.0000     0.0000     0.0000     0.0000     0.0000     0.0000     0.0000     0.0000     0.0000     0.0000     0.0000     0.0000     0.0000     0.0000     0.0000     0.0000     0.0000     0.0000     0.0000     0.0000     0.0000     0.0000     0.0000     0.0000     0.0000     0.0000     0.0000     0.0000     0.0000     0.0000     0.0000     0.0000     0.0000     0.0000     0.0000     0.0000     0.0000     0.0000     0.0000     0.0000     0.0000     0.0000     0.0000     0.0000     0.0000     0.0000     0.0000     0.0000     0.0000     0.0000     0.0000     0.0000     0.0000     0.0000     0.0000     0.0000     0.0000     0.0000     0.0000     0.0000     0.0000     0.0000     0.0000     0.0000     0.0000     0.0000     0.0000     0.0000     0.0000     0.0000     0.0000     0.0000     0.0000     0.0000     0.0000     0.0000     0.0000     0.0000     0.0000     0.0000     0.0000     0.0000     0.0000     0.0000     0.0000     0.0000     0.0000     0.0000     0.0000     0.0000     0.0000     0.0000     0.0000     0.0000     0.0000     0.0000     0.0000     0.0000
    0.0000     0.0000     0.0000     0.0000     0.0000     0.0000     0.0000     0.0000     0.0000     0.0000     0.0000     0.0000     0.0000     0.0000     0.0000     0.0000     0.0000     0.0000     0.0000     0.0000     0.0000     0.0000     0.0000     0.0000     0.0000     0.0000     0.0000     0.0000     0.0000     0.0000     0.0000     0.0000     0.0000     0.0000     0.0000     0.0000     0.0000     0.0000     0.0000     0.0000     0.0000     0.0000     0.0000     0.0000     0.0000     0.0000     0.0000     0.0000     0.0000     0.0000     0.0000     0.0000     0.0000     0.0000     0.0000     0.0000     0.0000     0.0000     0.0000     0.0000     0.0000     0.0000     0.0000     0.0000     0.0000     0.0000     0.0000     0.0000     0.0000     0.0000     0.0000     0.0000     0.0000     0.0000     0.0000     0.0000     0.0000     0.0000     0.0000     0.0000     0.0000     0.0000     0.0000     0.0000     0.0000     0.0000     0.0000     0.0000     0.0000     0.0000     0.0000     0.0000     0.0000     0.0000     0.0000     0.0000     0.0000     0.0000     0.0000     0.0000     0.0000     0.0000     0.0000     0.0000     0.0000     0.0000     0.0000     0.0000     0.0000     0.0000     0.0000     0.0000     0.0000     0.0000     0.0000     0.0000     0.0000     0.0000     0.0000     0.0000     0.0000     0.0000     0.0000     0.0000     0.0000     0.0000     0.0000     0.0000     0.0000     0.0000     0.0000     0.0000     0.0000     0.0000     0.0000     0.0000     0.0000     0.0000     0.0000     0.0000     0.0000     0.0000     0.0000     0.0000     0.0000     0.0000     0.0000     0.0000     0.0000     0.0000     0.0000     0.0000     0.0000     0.0000     0.0000     0.0000     0.0000     0.0000     0.0000     0.0000     0.0000     0.0000     0.0000     0.0000     0.0000     0.0000     0.0000     0.0000     0.0000     0.0000     0.0000     0.0000     0.0000     0.0000     0.0000     0.0000     0.0000     0.0000     0.0000     0.0000     0.0000     0.0000     0.0000     0.0000     0.0000     0.0000     0.0000     0.0000     0.0000     0.0000     0.0000     0.0000     0.0000     0.0000     0.0000     0.0000     0.0000     0.0000     0.0000     0.0000     0.0000     0.0000     0.0000     0.0000     0.0000     0.0000     0.0000     0.0000     0.0000     0.0000     0.0000     0.0000     0.0000     0.0000     0.0000     0.0000     0.0000     0.0000     0.0000     0.0000     0.0000     0.0000     0.0000     0.0000     0.0000     0.0000     0.0000     0.0000     0.0000     0.0000     0.0000     0.0000     0.0000     0.0000     0.0000     0.0000     0.0000     0.0000     0.0000     0.0000     0.0000     0.0000     0.0000     0.0000     0.0000     0.0000     0.0000     0.0000     0.0000     0.0000     0.0000     0.0000     0.0000     0.0000     0.0000     0.0000
    0.0000     0.0000     0.0000     0.0000     0.0000     0.0000     0.0000     0.0000     0.0000     0.0000     0.0000     0.0000     0.0000     0.0000     0.0000     0.0000     0.0000     0.0000     0.0000     0.0000     0.0000     0.0000     0.0000     0.0000     0.0000     0.0000     0.0000     0.0000     0.0000     0.0000     0.0000     0.0000     0.0000     0.0000     0.0000     0.0000     0.0000     0.0000     0.0000     0.0000     0.0000     0.0000     0.0000     0.0000     0.0000     0.0000     0.0000     0.0000     0.0000     0.0000     0.0000     0.0000     0.0000     0.0000     0.0000     0.0000     0.0000     0.0000     0.0000     0.0000     0.0000     0.0000     0.0000     0.0000     0.0000     0.0000     0.0000     0.0000     0.0000     0.0000     0.0000     0.0000     0.0000     0.0000     0.0000     0.0000     0.0000     0.0000     0.0000     0.0000     0.0000     0.0000     0.0000     0.0000     0.0000     0.0000     0.0000     0.0000     0.0000     0.0000     0.0000     0.0000     0.0000     0.0000     0.0000     0.0000     0.0000     0.0000     0.0000     0.0000     0.0000     0.0000     0.0000     0.0000     0.0000     0.0000     0.0000     0.0000     0.0000     0.0000     0.0000     0.0000     0.0000     0.0000     0.0000     0.0000     0.0000     0.0000     0.0000     0.0000     0.0000     0.0000     0.0000     0.0000     0.0000     0.0000     0.0000     0.0000     0.0000     0.0000     0.0000     0.0000     0.0000     0.0000     0.0000     0.0000     0.0000     0.0000     0.0000     0.0000     0.0000     0.0000     0.0000     0.0000     0.0000     0.0000     0.0000     0.0000     0.0000     0.0000     0.0000     0.0000     0.0000     0.0000     0.0000     0.0000     0.0000     0.0000     0.0000     0.0000     0.0000     0.0000     0.0000     0.0000     0.0000     0.0000     0.0000     0.0000     0.0000     0.0000     0.0000     0.0000     0.0000     0.0000     0.0000     0.0000     0.0000     0.0000     0.0000     0.0000     0.0000     0.0000     0.0000     0.0000     0.0000     0.0000     0.0000     0.0000     0.0000     0.0000     0.0000     0.0000     0.0000     0.0000     0.0000     0.0000     0.0000     0.0000     0.0000     0.0000     0.0000     0.0000     0.0000     0.0000     0.0000     0.0000     0.0000     0.0000     0.0000     0.0000     0.0000     0.0000     0.0000     0.0000     0.0000     0.0000     0.0000     0.0000     0.0000     0.0000     0.0000     0.0000     0.0000     0.0000     0.0000     0.0000     0.0000     0.0000     0.0000     0.0000     0.0000     0.0000     0.0000     0.0000     0.0000     0.0000     0.0000     0.0000     0.0000     0.0000     0.0000     0.0000     0.0000     0.0000     0.0000     0.0000     0.0000     0.0000     0.0000     0.0000     0.0000     0.0000     0.0000     0.0000     0.0000     0.0000
    0.0000     0.0000     0.0000     0.0000     0.0000     0.0000     0.0000     0.0000     0.0000     0.0000     0.0000     0.0000     0.0000     0.0000     0.0000     0.0000     0.0000     0.0000     0.0000     0.0000     0.0000     0.0000     0.0000     0.0000     0.0000     0.0000     0.0000     0.0000     0.0000     0.0000     0.0000     0.0000     0.0000     0.0000     0.0000     0.0000     0.0000     0.0000     0.0000     0.0000     0.0000     0.0000     0.0000     0.0000     0.0000     0.0000     0.0000     0.0000     0.0000     0.0000     0.0000     0.0000     0.0000     0.0000     0.0000     0.0000     0.0000     0.0000     0.0000     0.0000     0.0000     0.0000     0.0000     0.0000     0.0000     0.0000     0.0000     0.0000     0.0000     0.0000     0.0000     0.0000     0.0000     0.0000     0.0000     0.0000     0.0000     0.0000     0.0000     0.0000     0.0000     0.0000     0.0000     0.0000     0.0000     0.0000     0.0000     0.0000     0.0000     0.0000     0.0000     0.0000     0.0000     0.0000     0.0000     0.0000     0.0000     0.0000     0.0000     0.0000     0.0000     0.0000     0.0000     0.0000     0.0000     0.0000     0.0000     0.0000     0.0000     0.0000     0.0000     0.0000     0.0000     0.0000     0.0000     0.0000     0.0000     0.0000     0.0000     0.0000     0.0000     0.0000     0.0000     0.0000     0.0000     0.0000     0.0000     0.0000     0.0000     0.0000     0.0000     0.0000     0.0000     0.0000     0.0000     0.0000     0.0000     0.0000     0.0000     0.0000     0.0000     0.0000     0.0000     0.0000     0.0000     0.0000     0.0000     0.0000     0.0000     0.0000     0.0000     0.0000     0.0000     0.0000     0.0000     0.0000     0.0000     0.0000     0.0000     0.0000     0.0000     0.0000     0.0000     0.0000     0.0000     0.0000     0.0000     0.0000     0.0000     0.0000     0.0000     0.0000     0.0000     0.0000     0.0000     0.0000     0.0000     0.0000     0.0000     0.0000     0.0000     0.0000     0.0000     0.0000     0.0000     0.0000     0.0000     0.0000     0.0000     0.0000     0.0000     0.0000     0.0000     0.0000     0.0000     0.0000     0.0000     0.0000     0.0000     0.0000     0.0000     0.0000     0.0000     0.0000     0.0000     0.0000     0.0000     0.0000     0.0000     0.0000     0.0000     0.0000     0.0000     0.0000     0.0000     0.0000     0.0000     0.0000     0.0000     0.0000     0.0000     0.0000     0.0000     0.0000     0.0000     0.0000     0.0000     0.0000     0.0000     0.0000     0.0000     0.0000     0.0000     0.0000     0.0000     0.0000     0.0000     0.0000     0.0000     0.0000     0.0000     0.0000     0.0000     0.0000     0.0000     0.0000     0.0000     0.0000     0.0000     0.0000     0.0000     0.0000     0.0000     0.0000     0.0000     0.0000
    0.0000     0.0000     0.0000     0.0000     0.0000     0.0000     0.0000     0.0000     0.0000     0.0000     0.0000     0.0000     0.0000     0.0000     0.0000     0.0000     0.0000     0.0000     0.0000     0.0000     0.0000     0.0000     0.0000     0.0000     0.0000     0.0000     0.0000     0.0000     0.0000     0.0000     0.0000     0.0000     0.0000     0.0000     0.0000     0.0000     0.0000     0.0000     0.0000     0.0000     0.0000     0.0000     0.0000     0.0000     0.0000     0.0000     0.0000     0.0000     0.0000     0.0000     0.0000     0.0000     0.0000     0.0000     0.0000     0.0000     0.0000     0.0000     0.0000     0.0000     0.0000     0.0000     0.0000     0.0000     0.0000     0.0000     0.0000     0.0000     0.0000     0.0000     0.0000     0.0000     0.0000     0.0000     0.0000     0.0000     0.0000     0.0000     0.0000     0.0000     0.0000     0.0000     0.0000     0.0000     0.0000     0.0000     0.0000     0.0000     0.0000     0.0000     0.0000     0.0000     0.0000     0.0000     0.0000     0.0000     0.0000     0.0000     0.0000     0.0000     0.0000     0.0000     0.0000     0.0000     0.0000     0.0000     0.0000     0.0000     0.0000     0.0000     0.0000     0.0000     0.0000     0.0000     0.0000     0.0000     0.0000     0.0000     0.0000     0.0000     0.0000     0.0000     0.0000     0.0000     0.0000     0.0000     0.0000     0.0000     0.0000     0.0000     0.0000     0.0000     0.0000     0.0000     0.0000     0.0000     0.0000     0.0000     0.0000     0.0000     0.0000     0.0000     0.0000     0.0000     0.0000     0.0000     0.0000     0.0000     0.0000     0.0000     0.0000     0.0000     0.0000     0.0000     0.0000     0.0000     0.0000     0.0000     0.0000     0.0000     0.0000     0.0000     0.0000     0.0000     0.0000     0.0000     0.0000     0.0000     0.0000     0.0000     0.0000     0.0000     0.0000     0.0000     0.0000     0.0000     0.0000     0.0000     0.0000     0.0000     0.0000     0.0000     0.0000     0.0000     0.0000     0.0000     0.0000     0.0000     0.0000     0.0000     0.0000     0.0000     0.0000     0.0000     0.0000     0.0000     0.0000     0.0000     0.0000     0.0000     0.0000     0.0000     0.0000     0.0000     0.0000     0.0000     0.0000     0.0000     0.0000     0.0000     0.0000     0.0000     0.0000     0.0000     0.0000     0.0000     0.0000     0.0000     0.0000     0.0000     0.0000     0.0000     0.0000     0.0000     0.0000     0.0000     0.0000     0.0000     0.0000     0.0000     0.0000     0.0000     0.0000     0.0000     0.0000     0.0000     0.0000     0.0000     0.0000     0.0000     0.0000     0.0000     0.0000     0.0000     0.0000     0.0000     0.0000     0.0000     0.0000     0.0000     0.0000     0.0000     0.0000     0.0000     0.0000     0.0000
    0.0000     0.0000     0.0000     0.0000     0.0000     0.0000     0.0000     0.0000     0.0000     0.0000     0.0000     0.0000     0.0000     0.0000     0.0000     0.0000     0.0000     0.0000     0.0000     0.0000     0.0000     0.0000     0.0000     0.0000     0.0000     0.0000     0.0000     0.0000     0.0000     0.0000     0.0000     0.0000     0.0000     0.0000     0.0000     0.0000     0.0000     0.0000     0.0000     0.0000     0.0000     0.0000     0.0000     0.0000     0.0000     0.0000     0.0000     0.0000     0.0000     0.0000     0.0000     0.0000     0.0000     0.0000     0.0000     0.0000     0.0000     0.0000     0.0000     0.0000     0.0000     0.0000     0.0000     0.0000     0.0000     0.0000     0.0000     0.0000     0.0000     0.0000     0.0000     0.0000     0.0000     0.0000     0.0000     0.0000     0.0000     0.0000     0.0000     0.0000     0.0000     0.0000     0.0000     0.0000     0.0000     0.0000     0.0000     0.0000     0.0000     0.0000     0.0000     0.0000     0.0000     0.0000     0.0000     0.0000     0.0000     0.0000     0.0000     0.0000     0.0000     0.0000     0.0000     0.0000     0.0000     0.0000     0.0000     0.0000     0.0000     0.0000     0.0000     0.0000     0.0000     0.0000     0.0000     0.0000     0.0000     0.0000     0.0000     0.0000     0.0000     0.0000     0.0000     0.0000     0.0000     0.0000     0.0000     0.0000     0.0000     0.0000     0.0000     0.0000     0.0000     0.0000     0.0000     0.0000     0.0000     0.0000     0.0000     0.0000     0.0000     0.0000     0.0000     0.0000     0.0000     0.0000     0.0000     0.0000     0.0000     0.0000     0.0000     0.0000     0.0000     0.0000     0.0000     0.0000     0.0000     0.0000     0.0000     0.0000     0.0000     0.0000     0.0000     0.0000     0.0000     0.0000     0.0000     0.0000     0.0000     0.0000     0.0000     0.0000     0.0000     0.0000     0.0000     0.0000     0.0000     0.0000     0.0000     0.0000     0.0000     0.0000     0.0000     0.0000     0.0000     0.0000     0.0000     0.0000     0.0000     0.0000     0.0000     0.0000     0.0000     0.0000     0.0000     0.0000     0.0000     0.0000     0.0000     0.0000     0.0000     0.0000     0.0000     0.0000     0.0000     0.0000     0.0000     0.0000     0.0000     0.0000     0.0000     0.0000     0.0000     0.0000     0.0000     0.0000     0.0000     0.0000     0.0000     0.0000     0.0000     0.0000     0.0000     0.0000     0.0000     0.0000     0.0000     0.0000     0.0000     0.0000     0.0000     0.0000     0.0000     0.0000     0.0000     0.0000     0.0000     0.0000     0.0000     0.0000     0.0000     0.0000     0.0000     0.0000     0.0000     0.0000     0.0000     0.0000     0.0000     0.0000     0.0000     0.0000     0.0000     0.0000     0.0000     0.0000
    0.0000     0.0000     0.0000     0.0000     0.0000     0.0000     0.0000     0.0000     0.0000     0.0000     0.0000     0.0000     0.0000     0.0000     0.0000     0.0000     0.0000     0.0000     0.0000     0.0000     0.0000     0.0000     0.0000     0.0000     0.0000     0.0000     0.0000     0.0000     0.0000     0.0000     0.0000     0.0000     0.0000     0.0000     0.0000     0.0000     0.0000     0.0000     0.0000     0.0000     0.0000     0.0000     0.0000     0.0000     0.0000     0.0000     0.0000     0.0000     0.0000     0.0000     0.0000     0.0000     0.0000     0.0000     0.0000     0.0000     0.0000     0.0000     0.0000     0.0000     0.0000     0.0000     0.0000     0.0000     0.0000     0.0000     0.0000     0.0000     0.0000     0.0000     0.0000     0.0000     0.0000     0.0000     0.0000     0.0000     0.0000     0.0000     0.0000     0.0000     0.0000     0.0000     0.0000     0.0000     0.0000     0.0000     0.0000     0.0000     0.0000     0.0000     0.0000     0.0000     0.0000     0.0000     0.0000     0.0000     0.0000     0.0000     0.0000     0.0000     0.0000     0.0000     0.0000     0.0000     0.0000     0.0000     0.0000     0.0000     0.0000     0.0000     0.0000     0.0000     0.0000     0.0000     0.0000     0.0000     0.0000     0.0000     0.0000     0.0000     0.0000     0.0000     0.0000     0.0000     0.0000     0.0000     0.0000     0.0000     0.0000     0.0000     0.0000     0.0000     0.0000     0.0000     0.0000     0.0000     0.0000     0.0000     0.0000     0.0000     0.0000     0.0000     0.0000     0.0000     0.0000     0.0000     0.0000     0.0000     0.0000     0.0000     0.0000     0.0000     0.0000     0.0000     0.0000     0.0000     0.0000     0.0000     0.0000     0.0000     0.0000     0.0000     0.0000     0.0000     0.0000     0.0000     0.0000     0.0000     0.0000     0.0000     0.0000     0.0000     0.0000     0.0000     0.0000     0.0000     0.0000     0.0000     0.0000     0.0000     0.0000     0.0000     0.0000     0.0000     0.0000     0.0000     0.0000     0.0000     0.0000     0.0000     0.0000     0.0000     0.0000     0.0000     0.0000     0.0000     0.0000     0.0000     0.0000     0.0000     0.0000     0.0000     0.0000     0.0000     0.0000     0.0000     0.0000     0.0000     0.0000     0.0000     0.0000     0.0000     0.0000     0.0000     0.0000     0.0000     0.0000     0.0000     0.0000     0.0000     0.0000     0.0000     0.0000     0.0000     0.0000     0.0000     0.0000     0.0000     0.0000     0.0000     0.0000     0.0000     0.0000     0.0000     0.0000     0.0000     0.0000     0.0000     0.0000     0.0000     0.0000     0.0000     0.0000     0.0000     0.0000     0.0000     0.0000     0.0000     0.0000     0.0000     0.0000     0.0000     0.0000     0.0000     0.0000     0.0000
    0.0000     0.0000     0.0000     0.0000     0.0000     0.0000     0.0000     0.0000     0.0000     0.0000     0.0000     0.0000     0.0000     0.0000     0.0000     0.0000     0.0000     0.0000     0.0000     0.0000     0.0000     0.0000     0.0000     0.0000     0.0000     0.0000     0.0000     0.0000     0.0000     0.0000     0.0000     0.0000     0.0000     0.0000     0.0000     0.0000     0.0000     0.0000     0.0000     0.0000     0.0000     0.0000     0.0000     0.0000     0.0000     0.0000     0.0000     0.0000     0.0000     0.0000     0.0000     0.0000     0.0000     0.0000     0.0000     0.0000     0.0000     0.0000     0.0000     0.0000     0.0000     0.0000     0.0000     0.0000     0.0000     0.0000     0.0000     0.0000     0.0000     0.0000     0.0000     0.0000     0.0000     0.0000     0.0000     0.0000     0.0000     0.0000     0.0000     0.0000     0.0000     0.0000     0.0000     0.0000     0.0000     0.0000     0.0000     0.0000     0.0000     0.0000     0.0000     0.0000     0.0000     0.0000     0.0000     0.0000     0.0000     0.0000     0.0000     0.0000     0.0000     0.0000     0.0000     0.0000     0.0000     0.0000     0.0000     0.0000     0.0000     0.0000     0.0000     0.0000     0.0000     0.0000     0.0000     0.0000     0.0000     0.0000     0.0000     0.0000     0.0000     0.0000     0.0000     0.0000     0.0000     0.0000     0.0000     0.0000     0.0000     0.0000     0.0000     0.0000     0.0000     0.0000     0.0000     0.0000     0.0000     0.0000     0.0000     0.0000     0.0000     0.0000     0.0000     0.0000     0.0000     0.0000     0.0000     0.0000     0.0000     0.0000     0.0000     0.0000     0.0000     0.0000     0.0000     0.0000     0.0000     0.0000     0.0000     0.0000     0.0000     0.0000     0.0000     0.0000     0.0000     0.0000     0.0000     0.0000     0.0000     0.0000     0.0000     0.0000     0.0000     0.0000     0.0000     0.0000     0.0000     0.0000     0.0000     0.0000     0.0000     0.0000     0.0000     0.0000     0.0000     0.0000     0.0000     0.0000     0.0000     0.0000     0.0000     0.0000     0.0000     0.0000     0.0000     0.0000     0.0000     0.0000     0.0000     0.0000     0.0000     0.0000     0.0000     0.0000     0.0000     0.0000     0.0000     0.0000     0.0000     0.0000     0.0000     0.0000     0.0000     0.0000     0.0000     0.0000     0.0000     0.0000     0.0000     0.0000     0.0000     0.0000     0.0000     0.0000     0.0000     0.0000     0.0000     0.0000     0.0000     0.0000     0.0000     0.0000     0.0000     0.0000     0.0000     0.0000     0.0000     0.0000     0.0000     0.0000     0.0000     0.0000     0.0000     0.0000     0.0000     0.0000     0.0000     0.0000     0.0000     0.0000     0.0000     0.0000     0.0000     0.0000     0.0000     0.0000
    0.0000     0.0000     0.0000     0.0000     0.0000     0.0000     0.0000     0.0000     0.0000     0.0000     0.0000     0.0000     0.0000     0.0000     0.0000     0.0000     0.0000     0.0000     0.0000     0.0000     0.0000     0.0000     0.0000     0.0000     0.0000     0.0000     0.0000     0.0000     0.0000     0.0000     0.0000     0.0000     0.0000     0.0000     0.0000     0.0000     0.0000     0.0000     0.0000     0.0000     0.0000     0.0000     0.0000     0.0000     0.0000     0.0000     0.0000     0.0000     0.0000     0.0000     0.0000     0.0000     0.0000     0.0000     0.0000     0.0000     0.0000     0.0000     0.0000     0.0000     0.0000     0.0000     0.0000     0.0000     0.0000     0.0000     0.0000     0.0000     0.0000     0.0000     0.0000     0.0000     0.0000     0.0000     0.0000     0.0000     0.0000     0.0000     0.0000     0.0000     0.0000     0.0000     0.0000     0.0000     0.0000     0.0000     0.0000     0.0000     0.0000     0.0000     0.0000     0.0000     0.0000     0.0000     0.0000     0.0000     0.0000     0.0000     0.0000     0.0000     0.0000     0.0000     0.0000     0.0000     0.0000     0.0000     0.0000     0.0000     0.0000     0.0000     0.0000     0.0000     0.0000     0.0000     0.0000     0.0000     0.0000     0.0000     0.0000     0.0000     0.0000     0.0000     0.0000     0.0000     0.0000     0.0000     0.0000     0.0000     0.0000     0.0000     0.0000     0.0000     0.0000     0.0000     0.0000     0.0000     0.0000     0.0000     0.0000     0.0000     0.0000     0.0000     0.0000     0.0000     0.0000     0.0000     0.0000     0.0000     0.0000     0.0000     0.0000     0.0000     0.0000     0.0000     0.0000     0.0000     0.0000     0.0000     0.0000     0.0000     0.0000     0.0000     0.0000     0.0000     0.0000     0.0000     0.0000     0.0000     0.0000     0.0000     0.0000     0.0000     0.0000     0.0000     0.0000     0.0000     0.0000     0.0000     0.0000     0.0000     0.0000     0.0000     0.0000     0.0000     0.0000     0.0000     0.0000     0.0000     0.0000     0.0000     0.0000     0.0000     0.0000     0.0000     0.0000     0.0000     0.0000     0.0000     0.0000     0.0000     0.0000     0.0000     0.0000     0.0000     0.0000     0.0000     0.0000     0.0000     0.0000     0.0000     0.0000     0.0000     0.0000     0.0000     0.0000     0.0000     0.0000     0.0000     0.0000     0.0000     0.0000     0.0000     0.0000     0.0000     0.0000     0.0000     0.0000     0.0000     0.0000     0.0000     0.0000     0.0000     0.0000     0.0000     0.0000     0.0000     0.0000     0.0000     0.0000     0.0000     0.0000     0.0000     0.0000     0.0000     0.0000     0.0000     0.0000     0.0000     0.0000     0.0000     0.0000     0.0000     0.0000     0.0000     0.0000     0.0000
    0.0000     0.0000     0.0000     0.0000     0.0000     0.0000     0.0000     0.0000     0.0000     0.0000     0.0000     0.0000     0.0000     0.0000     0.0000     0.0000     0.0000     0.0000     0.0000     0.0000     0.0000     0.0000     0.0000     0.0000     0.0000     0.0000     0.0000     0.0000     0.0000     0.0000     0.0000     0.0000     0.0000     0.0000     0.0000     0.0000     0.0000     0.0000     0.0000     0.0000     0.0000     0.0000     0.0000     0.0000     0.0000     0.0000     0.0000     0.0000     0.0000     0.0000     0.0000     0.0000     0.0000     0.0000     0.0000     0.0000     0.0000     0.0000     0.0000     0.0000     0.0000     0.0000     0.0000     0.0000     0.0000     0.0000     0.0000     0.0000     0.0000     0.0000     0.0000     0.0000     0.0000     0.0000     0.0000     0.0000     0.0000     0.0000     0.0000     0.0000     0.0000     0.0000     0.0000     0.0000     0.0000     0.0000     0.0000     0.0000     0.0000     0.0000     0.0000     0.0000     0.0000     0.0000     0.0000     0.0000     0.0000     0.0000     0.0000     0.0000     0.0000     0.0000     0.0000     0.0000     0.0000     0.0000     0.0000     0.0000     0.0000     0.0000     0.0000     0.0000     0.0000     0.0000     0.0000     0.0000     0.0000     0.0000     0.0000     0.0000     0.0000     0.0000     0.0000     0.0000     0.0000     0.0000     0.0000     0.0000     0.0000     0.0000     0.0000     0.0000     0.0000     0.0000     0.0000     0.0000     0.0000     0.0000     0.0000     0.0000     0.0000     0.0000     0.0000     0.0000     0.0000     0.0000     0.0000     0.0000     0.0000     0.0000     0.0000     0.0000     0.0000     0.0000     0.0000     0.0000     0.0000     0.0000     0.0000     0.0000     0.0000     0.0000     0.0000     0.0000     0.0000     0.0000     0.0000     0.0000     0.0000     0.0000     0.0000     0.0000     0.0000     0.0000     0.0000     0.0000     0.0000     0.0000     0.0000     0.0000     0.0000     0.0000     0.0000     0.0000     0.0000     0.0000     0.0000     0.0000     0.0000     0.0000     0.0000     0.0000     0.0000     0.0000     0.0000     0.0000     0.0000     0.0000     0.0000     0.0000     0.0000     0.0000     0.0000     0.0000     0.0000     0.0000     0.0000     0.0000     0.0000     0.0000     0.0000     0.0000     0.0000     0.0000     0.0000     0.0000     0.0000     0.0000     0.0000     0.0000     0.0000     0.0000     0.0000     0.0000     0.0000     0.0000     0.0000     0.0000     0.0000     0.0000     0.0000     0.0000     0.0000     0.0000     0.0000     0.0000     0.0000     0.0000     0.0000     0.0000     0.0000     0.0000     0.0000     0.0000     0.0000     0.0000     0.0000     0.0000     0.0000     0.0000     0.0000     0.0000     0.0000     0.0000     0.0000     0.0000
{"varName":"tauAdjFieldsTex","savedAt":"2026-05-18T12:17:09.754Z","value":{"__backupType":"texture2D","w":64,"h":54,"dim":4,"format":[6408,34836,5126],"unit":28,"program":8,"data":[0.007609994150698185,-0.014604211784899235,0.2333543747663498,1,0.02282998338341713,-0.004124560859054327,0.2333543747663498,1,0.03804996982216835,0.003275050548836589,0.2333543747663498,1,0.05326995998620987,0.007739977911114693,0.2333543747663498,1,0.06848994642496109,0.0094155790284276,0.2333543747663498,1,0.08370993286371231,0.008447209373116493,0.2333543747663498,1,0.09892992675304413,0.0049802265129983425,0.2333543747663498,1,0.11414991319179535,-0.0008400219376198947,0.2333543747663498,1,0.12936989963054657,-0.008868163451552391,0.2333543747663498,1,0.1445898860692978,-0.018958866596221924,0.2333543747663498,1,0.159809872508049,-0.030966741964221,0.2333543747663498,1,0.17502985894680023,-0.04474645480513573,0.2333543747663498,1,0.19024986028671265,-0.06015267223119736,0.2333543747663498,1,0.20546984672546387,-0.07703997939825058,0.2333543747663498,1,0.2206898331642151,-0.09526307135820389,0.2333543747663498,1,0.2359098196029663,-0.11467655748128891,0.2333543747663498,1,0.25112980604171753,-0.13513511419296265,0.2333543747663498,1,0.26634979248046875,-0.1564933955669403,0.2333543747663498,1,0.28156977891921997,-0.17860595881938934,0.2333543747663498,1,0.2967897653579712,-0.20132750272750854,0.2333543747663498,1,0.3120097517967224,-0.2245127260684967,0.2333543747663498,1,0.32722973823547363,-0.24801623821258545,0.2333543747663498,1,0.34244972467422485,-0.2716926336288452,0.2333543747663498,1,0.3576697111129761,-0.2953965365886688,0.2333543747663498,1,0.3728897273540497,-0.3189827799797058,0.2333543747663498,1,0.3881097137928009,-0.34230583906173706,0.2333543747663498,1,0.4033297002315521,-0.3652203679084778,0.2333543747663498,1,0.41854968667030334,-0.3875810205936432,0.2333543747663498,1,0.43376967310905457,-0.4092423617839813,0.2333543747663498,1,0.4489896595478058,-0.4300592839717865,0.2333543747663498,1,0.464209645986557,-0.4498862326145172,0.2333543747663498,1,0.4794296324253082,-0.4685777425765991,0.2333543747663498,1,0.49464961886405945,-0.4859888255596161,0.2333543747663498,1,0.5098696351051331,-0.5019738674163818,0.2333543747663498,1,0.5250896215438843,-0.5163875222206116,0.2333543747663498,1,0.5403096079826355,-0.5290843844413757,0.2333543747663498,1,0.5555295944213867,-0.539919376373291,0.2333543747663498,1,0.5707495808601379,-0.5487468242645264,0.2333543747663498,1,0.5859695672988892,-0.5554212927818298,0.2333543747663498,1,0.6011895537376404,-0.5597979426383972,0.2333543747663498,1,0.6164095401763916,-0.5617309808731079,0.2333543747663498,1,0.6316295266151428,-0.5610752701759338,0.2333543747663498,1,0.646849513053894,-0.557685375213623,0.2333543747663498,1,0.6620694994926453,-0.5514156818389893,0.2333543747663498,1,0.6772894859313965,-0.5421209931373596,0.2333543747663498,1,0.6925094723701477,-0.5296563506126404,0.2333543747663498,1,0.7077294588088989,-0.5138760805130005,0.2333543747663498,1,0.7229494452476501,-0.4946345090866089,0.2333543747663498,1,0.7381694316864014,-0.47178706526756287,0.2333543747663498,1,0.7533894181251526,-0.4451874792575836,0.2333543747663498,1,0.7686094045639038,-0.4146912097930908,0.2333543747663498,1,0.783829391002655,-0.38015216588974,0.2333543747663498,1,0.7990493774414062,-0.3414256274700165,0.2333543747663498,1,0.8142693638801575,-0.29836583137512207,0.2333543747663498,1,0.8294893503189087,-0.2508276700973511,0.2333543747663498,1,0.8447093367576599,-0.19866563379764557,0.2333543747663498,1,0.8599293231964111,-0.14173436164855957,0.2333543747663498,1,0.8751493096351624,-0.07988876104354858,0.2333543747663498,1,0.8903692960739136,-0.012983125634491444,0.2333543747663498,1,0.9055892825126648,0.05912761017680168,0.2333543747663498,1,0.920809268951416,0.1365896612405777,0.2333543747663498,1,0.9360292553901672,0.21954664587974548,0.2333543747663498,1,0.9512492418289185,0.30814579129219055,0.2333543747663498,1,0.9664692282676697,0.40253108739852905,0.2333543747663498,1,0.008978135883808136,-0.01622370444238186,0.35624992847442627,1,0.026934407651424408,-0.02856479585170746,0.35624992847442627,1,0.04489067941904068,-0.041925299912691116,0.35624992847442627,1,0.06284695118665695,-0.056217093020677567,0.35624992847442627,1,0.08080322295427322,-0.0713520422577858,0.35624992847442627,1,0.0987594947218895,-0.0872420221567154,0.35624992847442627,1,0.11671576648950577,-0.10379888862371445,0.35624992847442627,1,0.13467204570770264,-0.12093454599380493,0.35624992847442627,1,0.15262830257415771,-0.13856081664562225,0.35624992847442627,1,0.17058458924293518,-0.15658962726593018,0.35624992847442627,1,0.18854084610939026,-0.17493277788162231,0.35624992847442627,1,0.20649713277816772,-0.19350223243236542,0.35624992847442627,1,0.2244533896446228,-0.2122097760438919,0.35624992847442627,1,0.24240967631340027,-0.23096732795238495,0.35624992847442627,1,0.26036593317985535,-0.24968673288822174,0.35624992847442627,1,0.2783222198486328,-0.26827988028526306,0.35624992847442627,1,0.2962784767150879,-0.2866586148738861,0.35624992847442627,1,0.31423476338386536,-0.30473482608795166,0.35624992847442627,1,0.33219102025032043,-0.3224203884601593,0.35624992847442627,1,0.3501473069190979,-0.3396271765232086,0.35624992847442627,1,0.368103563785553,-0.3562670350074768,0.35624992847442627,1,0.38605985045433044,-0.37225183844566345,0.35624992847442627,1,0.4040161073207855,-0.3874935507774353,0.35624992847442627,1,0.421972393989563,-0.4019038677215576,0.35624992847442627,1,0.43992865085601807,-0.41539475321769714,0.35624992847442627,1,0.45788493752479553,-0.42787817120552063,0.35624992847442627,1,0.4758411943912506,-0.4392658472061157,0.35624992847442627,1,0.4937974810600281,-0.4494697153568268,0.35624992847442627,1,0.5117537379264832,-0.45840156078338623,0.35624992847442627,1,0.5297099947929382,-0.4659733474254608,0.35624992847442627,1,0.5476663112640381,-0.4720970392227173,0.35624992847442627,1,0.5656225681304932,-0.4766842722892761,0.35624992847442627,1,0.5835788249969482,-0.47964709997177124,0.35624992847442627,1,0.6015350818634033,-0.4808972477912903,0.35624992847442627,1,0.6194913983345032,-0.48034676909446716,0.35624992847442627,1,0.6374476552009583,-0.4779074192047119,0.35624992847442627,1,0.6554039120674133,-0.4734910726547241,0.35624992847442627,1,0.6733601689338684,-0.46700960397720337,0.35624992847442627,1,0.6913164854049683,-0.45837482810020447,0.35624992847442627,1,0.7092727422714233,-0.44749876856803894,0.35624992847442627,1,0.7272289991378784,-0.43429329991340637,0.35624992847442627,1,0.7451852560043335,-0.41866999864578247,0.35624992847442627,1,0.7631415724754333,-0.4005410373210907,0.35624992847442627,1,0.7810978293418884,-0.3798180818557739,0.35624992847442627,1,0.7990540862083435,-0.35641321539878845,0.35624992847442627,1,0.8170103430747986,-0.3302382528781891,0.35624992847442627,1,0.8349666595458984,-0.3012048304080963,0.35624992847442627,1,0.8529229164123535,-0.2692252993583679,0.35624992847442627,1,0.8708791732788086,-0.2342109978199005,0.35624992847442627,1,0.8888354301452637,-0.1960740089416504,0.35624992847442627,1,0.9067917466163635,-0.15472613275051117,0.35624992847442627,1,0.9247480034828186,-0.11007967591285706,0.35624992847442627,1,0.9427042603492737,-0.06204591318964958,0.35624992847442627,1,0.9606605172157288,-0.010537151247262955,0.35624992847442627,1,0.9786168336868286,0.04453521594405174,0.35624992847442627,1,0.9965730905532837,0.10325868427753448,0.35624992847442627,1,1.0145293474197388,0.16572195291519165,0.35624992847442627,1,1.0324856042861938,0.23201300203800201,0.35624992847442627,1,1.050441861152649,0.3022194802761078,0.35624992847442627,1,1.068398118019104,0.3764299750328064,0.35624992847442627,1,1.0863544940948486,0.45473334193229675,0.35624992847442627,1,1.1043107509613037,0.5372162461280823,0.35624992847442627,1,1.1222670078277588,0.6239675879478455,0.35624992847442627,1,1.1402232646942139,0.7150756120681763,0.35624992847442627,1,0.00955026876181364,-0.0927080288529396,0.26487335562705994,1,0.028650805354118347,0.12731225788593292,0.26487335562705994,1,0.04775134474039078,0.3279323875904083,0.26487335562705994,1,0.06685188412666321,0.5097898244857788,0.26487335562705994,1,0.08595241606235504,0.6735219955444336,0.26487335562705994,1,0.10505295544862747,0.8197665214538574,0.26487335562705994,1,0.1241534948348999,0.9491608142852783,0.26487335562705994,1,0.14325402677059174,1.0623424053192139,0.26487335562705994,1,0.16235457360744476,1.1599489450454712,0.26487335562705994,1,0.1814551055431366,1.2426173686981201,0.26487335562705994,1,0.20055563747882843,1.310985803604126,0.26487335562705994,1,0.21965618431568146,1.3656915426254272,0.26487335562705994,1,0.2387567162513733,1.4073718786239624,0.26487335562705994,1,0.2578572630882263,1.4366644620895386,0.26487335562705994,1,0.27695778012275696,1.4542068243026733,0.26487335562705994,1,0.29605832695961,1.4606366157531738,0.26487335562705994,1,0.315158873796463,1.4565907716751099,0.26487335562705994,1,0.33425942063331604,1.4427071809768677,0.26487335562705994,1,0.3533599376678467,1.4196233749389648,0.26487335562705994,1,0.3724604845046997,1.3879767656326294,0.26487335562705994,1,0.39156103134155273,1.348405122756958,0.26487335562705994,1,0.4106615483760834,1.3015450239181519,0.26487335562705994,1,0.4297620952129364,1.2480353116989136,0.26487335562705994,1,0.44886264204978943,1.188511848449707,0.26487335562705994,1,0.46796315908432007,1.123613715171814,0.26487335562705994,1,0.4870637059211731,1.0539777278900146,0.26487335562705994,1,0.5061642527580261,0.9802411794662476,0.26487335562705994,1,0.5252647995948792,0.9030421376228333,0.26487335562705994,1,0.5443653464317322,0.8230173587799072,0.26487335562705994,1,0.5634658336639404,0.7408052682876587,0.26487335562705994,1,0.5825663805007935,0.6570414900779724,0.26487335562705994,1,0.6016669273376465,0.5723660588264465,0.26487335562705994,1,0.6207674741744995,0.48741456866264343,0.26487335562705994,1,0.6398680210113525,0.40282565355300903,0.26487335562705994,1,0.6589685678482056,0.3192359209060669,0.26487335562705994,1,0.6780690550804138,0.23728269338607788,0.26487335562705994,1,0.6971696019172668,0.15760459005832672,0.26487335562705994,1,0.7162701487541199,0.08083915710449219,0.26487335562705994,1,0.7353706955909729,0.0076229930855333805,0.26487335562705994,1,0.7544712424278259,-0.06140686199069023,0.26487335562705994,1,0.773571789264679,-0.12561094760894775,0.26487335562705994,1,0.792672336101532,-0.18435423076152802,0.26487335562705994,1,0.8117728233337402,-0.23699752986431122,0.26487335562705994,1,0.8308733701705933,-0.2829035520553589,0.26487335562705994,1,0.8499739170074463,-0.32143574953079224,0.26487335562705994,1,0.8690744638442993,-0.35195499658584595,0.26487335562705994,1,0.8881750106811523,-0.3738242983818054,0.26487335562705994,1,0.9072755575180054,-0.38640859723091125,0.26487335562705994,1,0.9263760447502136,-0.38906776905059814,0.26487335562705994,1,0.9454765915870667,-0.3811640739440918,0.26487335562705994,1,0.9645771384239197,-0.36206138134002686,0.26487335562705994,1,0.9836776852607727,-0.3311215937137604,0.26487335562705994,1,1.002778172492981,-0.2877075970172882,0.26487335562705994,1,1.021878719329834,-0.2311805784702301,0.26487335562705994,1,1.040979266166687,-0.1609082818031311,0.26487335562705994,1,1.06007981300354,-0.0762440636754036,0.26487335562705994,1,1.079180359840393,0.023442335426807404,0.26487335562705994,1,1.098280906677246,0.1387910693883896,0.26487335562705994,1,1.1173814535140991,0.2704381048679352,0.26487335562705994,1,1.1364820003509521,0.4190252423286438,0.26487335562705994,1,1.1555825471878052,0.585184633731842,0.26487335562705994,1,1.1746830940246582,0.7695544362068176,0.26487335562705994,1,1.1937836408615112,0.9727746844291687,0.26487335562705994,1,1.2128841876983643,1.1954830884933472,0.26487335562705994,1,0.00852162390947342,-0.14139677584171295,0.2645774185657501,1,0.025564871728420258,0.14014893770217896,0.2645774185657501,1,0.042608119547367096,0.4002830386161804,0.2645774185657501,1,0.059651367366313934,0.6396313905715942,0.2645774185657501,1,0.07669461518526077,0.8588200211524963,0.2645774185657501,1,0.09373786300420761,1.0584748983383179,0.2645774185657501,1,0.11078111082315445,1.2392220497131348,0.2645774185657501,1,0.12782436609268188,1.4016873836517334,0.2645774185657501,1,0.14486759901046753,1.5464967489242554,0.2645774185657501,1,0.16191086173057556,1.674276351928711,0.2645774185657501,1,0.1789540946483612,1.7856515645980835,0.2645774185657501,1,0.19599735736846924,1.8812494277954102,0.2645774185657501,1,0.21304059028625488,1.9616947174072266,0.2645774185657501,1,0.23008385300636292,2.0276143550872803,0.2645774185657501,1,0.24712708592414856,2.0796337127685547,0.2645774185657501,1,0.2641703486442566,2.1183788776397705,0.2645774185657501,1,0.28121358156204224,2.1444764137268066,0.2645774185657501,1,0.29825684428215027,2.1585512161254883,0.2645774185657501,1,0.3153000771999359,2.1612298488616943,0.2645774185657501,1,0.33234333992004395,2.1531383991241455,0.2645774185657501,1,0.3493865728378296,2.1349029541015625,0.2645774185657501,1,0.3664298355579376,2.1071486473083496,0.2645774185657501,1,0.38347306847572327,2.0705020427703857,0.2645774185657501,1,0.4005163311958313,2.0255889892578125,0.2645774185657501,1,0.41755956411361694,1.9730355739593506,0.2645774185657501,1,0.434602826833725,1.9134676456451416,0.2645774185657501,1,0.4516460597515106,1.847511649131775,0.2645774185657501,1,0.46868932247161865,1.7757922410964966,0.2645774185657501,1,0.4857325553894043,1.698937177658081,0.2645774185657501,1,0.5027757883071899,1.617570400238037,0.2645774185657501,1,0.5198190808296204,1.5323200225830078,0.2645774185657501,1,0.536862313747406,1.4438107013702393,0.2645774185657501,1,0.5539055466651917,1.3526679277420044,0.2645774185657501,1,0.5709487795829773,1.2595195770263672,0.2645774185657501,1,0.5879920721054077,1.16498863697052,0.2645774185657501,1,0.6050353050231934,1.0697051286697388,0.2645774185657501,1,0.622078537940979,0.9742924571037292,0.2645774185657501,1,0.6391217708587646,0.8793748021125793,0.2645774185657501,1,0.6561650633811951,0.7855817079544067,0.2645774185657501,1,0.6732082962989807,0.6935380697250366,0.2645774185657501,1,0.6902515292167664,0.6038684844970703,0.2645774185657501,1,0.707294762134552,0.517199695110321,0.2645774185657501,1,0.7243380546569824,0.4341582655906677,0.2645774185657501,1,0.7413812875747681,0.35537010431289673,0.2645774185657501,1,0.7584245204925537,0.2814597189426422,0.2645774185657501,1,0.7754677534103394,0.2130550891160965,0.2645774185657501,1,0.7925110459327698,0.15078134834766388,0.2645774185657501,1,0.8095542788505554,0.09526316821575165,0.2645774185657501,1,0.8265975117683411,0.047129493206739426,0.2645774185657501,1,0.8436407446861267,0.007003985811024904,0.2645774185657501,1,0.8606840372085571,-0.024488823488354683,0.2645774185657501,1,0.8777272701263428,-0.04671984165906906,0.2645774185657501,1,0.8947705030441284,-0.05906388536095619,0.2645774185657501,1,0.9118137359619141,-0.060894813388586044,0.2645774185657501,1,0.9288570284843445,-0.051589351147413254,0.2645774185657501,1,0.9459002614021301,-0.030518054962158203,0.2645774185657501,1,0.9629434943199158,0.002943258034065366,0.2645774185657501,1,0.9799867272377014,0.04942268133163452,0.2645774185657501,1,0.9970300197601318,0.10954313725233078,0.2645774185657501,1,1.0140732526779175,0.18393155932426453,0.2645774185657501,1,1.0311164855957031,0.2732140123844147,0.2645774185657501,1,1.0481597185134888,0.3780166804790497,0.2645774185657501,1,1.0652029514312744,0.49896445870399475,0.2645774185657501,1,1.08224618434906,0.6366854310035706,0.2645774185657501,1,0.008623998612165451,0.020229196175932884,0.29892274737358093,1,0.025871995836496353,0.041358739137649536,0.29892274737358093,1,0.043119993060827255,0.06090399622917175,0.29892274737358093,1,0.06036799028515816,0.07892297208309174,0.29892274737358093,1,0.07761599123477936,0.09547366946935654,0.29892274737358093,1,0.09486398100852966,0.11061406880617142,0.29892274737358093,1,0.11211198568344116,0.12440221756696701,0.29892274737358093,1,0.12935997545719147,0.1368960738182068,0.29892274737358093,1,0.14660798013210297,0.14815367758274078,0.29892274737358093,1,0.16385596990585327,0.15823298692703247,0.29892274737358093,1,0.18110397458076477,0.16719207167625427,0.29892274737358093,1,0.19835196435451508,0.17508883774280548,0.29892274737358093,1,0.21559996902942657,0.1819814145565033,0.29892274737358093,1,0.23284795880317688,0.18792767822742462,0.29892274737358093,1,0.2500959634780884,0.19298575818538666,0.29892274737358093,1,0.2673439681529999,0.1972135454416275,0.29892274737358093,1,0.284591943025589,0.2006690949201584,0.29892274737358093,1,0.3018399477005005,0.20341043174266815,0.29892274737358093,1,0.319087952375412,0.20549549162387848,0.29892274737358093,1,0.3363359570503235,0.2069823145866394,0.29892274737358093,1,0.3535839319229126,0.20792895555496216,0.29892274737358093,1,0.3708319365978241,0.20839335024356842,0.29892274737358093,1,0.3880799412727356,0.20843347907066345,0.29892274737358093,1,0.4053279459476471,0.20810742676258087,0.29892274737358093,1,0.4225759208202362,0.20747315883636475,0.29892274737358093,1,0.4398239254951477,0.20658867061138153,0.29892274737358093,1,0.4570719301700592,0.2055119127035141,0.29892274737358093,1,0.4743199348449707,0.20430104434490204,0.29892274737358093,1,0.4915679097175598,0.20301392674446106,0.29892274737358093,1,0.5088159441947937,0.20170858502388,0.29892274737358093,1,0.5260639190673828,0.2004430890083313,0.29892274737358093,1,0.5433118939399719,0.19927537441253662,0.29892274737358093,1,0.5605599284172058,0.1982634961605072,0.29892274737358093,1,0.5778079032897949,0.19746540486812592,0.29892274737358093,1,0.595055878162384,0.1969391256570816,0.29892274737358093,1,0.6123039126396179,0.19674265384674072,0.29892274737358093,1,0.629551887512207,0.19693401455879211,0.29892274737358093,1,0.6467999219894409,0.19757120311260223,0.29892274737358093,1,0.66404789686203,0.1987122744321823,0.29892274737358093,1,0.6812958717346191,0.20041505992412567,0.29892274737358093,1,0.698543906211853,0.20273776352405548,0.29892274737358093,1,0.7157918810844421,0.20573829114437103,0.29892274737358093,1,0.7330398559570312,0.2094746232032776,0.29892274737358093,1,0.7502878904342651,0.21400481462478638,0.29892274737358093,1,0.7675358653068542,0.21938683092594147,0.29892274737358093,1,0.7847838997840881,0.2256787121295929,0.29892274737358093,1,0.8020318746566772,0.23293854296207428,0.29892274737358093,1,0.8192798495292664,0.24122405052185059,0.29892274737358093,1,0.8365278840065002,0.25059348344802856,0.29892274737358093,1,0.8537758588790894,0.26110488176345825,0.29892274737358093,1,0.8710238337516785,0.27281615138053894,0.29892274737358093,1,0.8882718682289124,0.2857851982116699,0.29892274737358093,1,0.9055198431015015,0.3000701069831848,0.29892274737358093,1,0.9227678775787354,0.31572893261909485,0.29892274737358093,1,0.9400158524513245,0.3328196406364441,0.29892274737358093,1,0.9572638273239136,0.3514001667499542,0.29892274737358093,1,0.9745118618011475,0.3715287148952484,0.29892274737358093,1,0.9917598366737366,0.39326295256614685,0.29892274737358093,1,1.0090078115463257,0.41666096448898315,0.29892274737358093,1,1.0262558460235596,0.44178149104118347,0.29892274737358093,1,1.0435038805007935,0.46868154406547546,0.29892274737358093,1,1.0607517957687378,0.4974193274974823,0.29892274737358093,1,1.0779998302459717,0.5280532240867615,0.29892274737358093,1,1.0952478647232056,0.5606409311294556,0.29892274737358093,1,0,0,0,0,0,0,0,0,0,0,0,0,0,0,0,0,0,0,0,0,0,0,0,0,0,0,0,0,0,0,0,0,0,0,0,0,0,0,0,0,0,0,0,0,0,0,0,0,0,0,0,0,0,0,0,0,0,0,0,0,0,0,0,0,0,0,0,0,0,0,0,0,0,0,0,0,0,0,0,0,0,0,0,0,0,0,0,0,0,0,0,0,0,0,0,0,0,0,0,0,0,0,0,0,0,0,0,0,0,0,0,0,0,0,0,0,0,0,0,0,0,0,0,0,0,0,0,0,0,0,0,0,0,0,0,0,0,0,0,0,0,0,0,0,0,0,0,0,0,0,0,0,0,0,0,0,0,0,0,0,0,0,0,0,0,0,0,0,0,0,0,0,0,0,0,0,0,0,0,0,0,0,0,0,0,0,0,0,0,0,0,0,0,0,0,0,0,0,0,0,0,0,0,0,0,0,0,0,0,0,0,0,0,0,0,0,0,0,0,0,0,0,0,0,0,0,0,0,0,0,0,0,0,0,0,0,0,0,0,0,0,0,0,0,0,0,0,0,0,0,0,0,0,0,0,0,0.007609994150698185,0.005395787302404642,0.2333543747663498,1,0.02282998338341713,0.01587543822824955,0.2333543747663498,1,0.03804996982216835,0.023275049403309822,0.2333543747663498,1,0.05326995998620987,0.027739981189370155,0.2333543747663498,1,0.06848994642496109,0.02941557951271534,0.2333543747663498,1,0.08370993286371231,0.02844720520079136,0.2333543747663498,1,0.09892992675304413,0.024980222806334496,0.2333543747663498,1,0.11414991319179535,0.01915997453033924,0.2333543747663498,1,0.12936989963054657,0.011131832376122475,0.2333543747663498,1,0.1445898860692978,0.0010411393595859408,0.2333543747663498,1,0.159809872508049,-0.01096674706786871,0.2333543747663498,1,0.17502985894680023,-0.02474645897746086,0.2333543747663498,1,0.19024986028671265,-0.04015267640352249,0.2333543747663498,1,0.20546984672546387,-0.05703998729586601,0.2333543747663498,1,0.2206898331642151,-0.07526307553052902,0.2333543747663498,1,0.2359098196029663,-0.09467656165361404,0.2333543747663498,1,0.25112980604171753,-0.11513511836528778,0.2333543747663498,1,0.26634979248046875,-0.13649338483810425,0.2333543747663498,1,0.28156977891921997,-0.15860594809055328,0.2333543747663498,1,0.2967897653579712,-0.18132752180099487,0.2333543747663498,1,0.3120097517967224,-0.20451274514198303,0.2333543747663498,1,0.32722973823547363,-0.2280162274837494,0.2333543747663498,1,0.34244972467422485,-0.25169259309768677,0.2333543747663498,1,0.3576697111129761,-0.27539655566215515,0.2333543747663498,1,0.3728897273540497,-0.29898279905319214,0.2333543747663498,1,0.3881097137928009,-0.3223058581352234,0.2333543747663498,1,0.4033297002315521,-0.34522032737731934,0.2333543747663498,1,0.41854968667030334,-0.3675810396671295,0.2333543747663498,1,0.43376967310905457,-0.38924238085746765,0.2333543747663498,1,0.4489896595478058,-0.4100593030452728,0.2333543747663498,1,0.464209645986557,-0.429886132478714,0.2333543747663498,1,0.4794296324253082,-0.44857776165008545,0.2333543747663498,1,0.49464961886405945,-0.4659888446331024,0.2333543747663498,1,0.5098696351051331,-0.48197388648986816,0.2333543747663498,1,0.5250896215438843,-0.49638745188713074,0.2333543747663498,1,0.5403096079826355,-0.5090844035148621,0.2333543747663498,1,0.5555295944213867,-0.5199193954467773,0.2333543747663498,1,0.5707495808601379,-0.5287468433380127,0.2333543747663498,1,0.5859695672988892,-0.5354213118553162,0.2333543747663498,1,0.6011895537376404,-0.5397979617118835,0.2333543747663498,1,0.6164095401763916,-0.5417309999465942,0.2333543747663498,1,0.6316295266151428,-0.5410752892494202,0.2333543747663498,1,0.646849513053894,-0.5376853942871094,0.2333543747663498,1,0.6620694994926453,-0.5314157009124756,0.2333543747663498,1,0.6772894859313965,-0.522121012210846,0.2333543747663498,1,0.6925094723701477,-0.5096563696861267,0.2333543747663498,1,0.7077294588088989,-0.49387606978416443,0.2333543747663498,1,0.7229494452476501,-0.4746345281600952,0.2333543747663498,1,0.7381694316864014,-0.4517870843410492,0.2333543747663498,1,0.7533894181251526,-0.42518749833106995,0.2333543747663498,1,0.7686094045639038,-0.39469122886657715,0.2333543747663498,1,0.783829391002655,-0.3601521849632263,0.2333543747663498,1,0.7990493774414062,-0.3214256465435028,0.2333543747663498,1,0.8142693638801575,-0.2783658504486084,0.2333543747663498,1,0.8294893503189087,-0.2308276742696762,0.2333543747663498,1,0.8447093367576599,-0.1786656528711319,0.2333543747663498,1,0.8599293231964111,-0.1217343732714653,0.2333543747663498,1,0.8751493096351624,-0.05988830700516701,0.2333543747663498,1,0.8903692960739136,0.007016854826360941,0.2333543747663498,1,0.9055892825126648,0.07912759482860565,0.2333543747663498,1,0.920809268951416,0.15658964216709137,0.2333543747663498,1,0.9360292553901672,0.23954662680625916,0.2333543747663498,1,0.9512492418289185,0.3281457722187042,0.2333543747663498,1,0.9664692282676697,0.4225310683250427,0.2333543747663498,1,0.008978135883808136,0.003776293247938156,0.35624992847442627,1,0.026934407651424408,-0.008564796298742294,0.35624992847442627,1,0.04489067941904068,-0.021925300359725952,0.35624992847442627,1,0.06284695118665695,-0.0362170934677124,0.35624992847442627,1,0.08080322295427322,-0.05135204270482063,0.35624992847442627,1,0.0987594947218895,-0.06724202632904053,0.35624992847442627,1,0.11671576648950577,-0.08379889279603958,0.35624992847442627,1,0.13467204570770264,-0.10093455016613007,0.35624992847442627,1,0.15262830257415771,-0.11856082826852798,0.35624992847442627,1,0.17058458924293518,-0.1365896314382553,0.35624992847442627,1,0.18854084610939026,-0.15493278205394745,0.35624992847442627,1,0.20649713277816772,-0.17350223660469055,0.35624992847442627,1,0.2244533896446228,-0.19220976531505585,0.35624992847442627,1,0.24240967631340027,-0.21096733212471008,0.35624992847442627,1,0.26036593317985535,-0.22968672215938568,0.35624992847442627,1,0.2783222198486328,-0.2482798844575882,0.35624992847442627,1,0.2962784767150879,-0.26665860414505005,0.35624992847442627,1,0.31423476338386536,-0.284734845161438,0.35624992847442627,1,0.33219102025032043,-0.30242040753364563,0.35624992847442627,1,0.3501473069190979,-0.31962719559669495,0.35624992847442627,1,0.368103563785553,-0.33626702427864075,0.35624992847442627,1,0.38605985045433044,-0.35225188732147217,0.35624992847442627,1,0.4040161073207855,-0.36749351024627686,0.35624992847442627,1,0.421972393989563,-0.38190388679504395,0.35624992847442627,1,0.43992865085601807,-0.39539477229118347,0.35624992847442627,1,0.45788493752479553,-0.4078781306743622,0.35624992847442627,1,0.4758411943912506,-0.4192658066749573,0.35624992847442627,1,0.4937974810600281,-0.42946967482566833,0.35624992847442627,1,0.5117537379264832,-0.43840157985687256,0.35624992847442627,1,0.5297099947929382,-0.44597336649894714,0.35624992847442627,1,0.5476663112640381,-0.45209699869155884,0.35624992847442627,1,0.5656225681304932,-0.4566842317581177,0.35624992847442627,1,0.5835788249969482,-0.45964711904525757,0.35624992847442627,1,0.6015350818634033,-0.4608972668647766,0.35624992847442627,1,0.6194913983345032,-0.4603467881679535,0.35624992847442627,1,0.6374476552009583,-0.45790743827819824,0.35624992847442627,1,0.6554039120674133,-0.4534909725189209,0.35624992847442627,1,0.6733601689338684,-0.4470096230506897,0.35624992847442627,1,0.6913164854049683,-0.4383748471736908,0.35624992847442627,1,0.7092727422714233,-0.42749878764152527,0.35624992847442627,1,0.7272289991378784,-0.4142933189868927,0.35624992847442627,1,0.7451852560043335,-0.3986700177192688,0.35624992847442627,1,0.7631415724754333,-0.380541056394577,0.35624992847442627,1,0.7810978293418884,-0.35981810092926025,0.35624992847442627,1,0.7990540862083435,-0.3364132344722748,0.35624992847442627,1,0.8170103430747986,-0.3102382719516754,0.35624992847442627,1,0.8349666595458984,-0.28120484948158264,0.35624992847442627,1,0.8529229164123535,-0.24922530353069305,0.35624992847442627,1,0.8708791732788086,-0.21421101689338684,0.35624992847442627,1,0.8888354301452637,-0.17607402801513672,0.35624992847442627,1,0.9067917466163635,-0.1347261518239975,0.35624992847442627,1,0.9247480034828186,-0.09007945656776428,0.35624992847442627,1,0.9427042603492737,-0.04204593226313591,0.35624992847442627,1,0.9606605172157288,0.009462829679250717,0.35624992847442627,1,0.9786168336868286,0.06453520059585571,0.35624992847442627,1,0.9965730905532837,0.12325866520404816,0.35624992847442627,1,1.0145293474197388,0.18572193384170532,0.35624992847442627,1,1.0324856042861938,0.2520129680633545,0.35624992847442627,1,1.050441861152649,0.32221946120262146,0.35624992847442627,1,1.068398118019104,0.39643019437789917,0.35624992847442627,1,1.0863544940948486,0.4747333228588104,0.35624992847442627,1,1.1043107509613037,0.557216227054596,0.35624992847442627,1,1.1222670078277588,0.6439675688743591,0.35624992847442627,1,1.1402232646942139,0.7350755929946899,0.35624992847442627,1,0.00955026876181364,-0.07270803302526474,0.26487335562705994,1,0.028650805354118347,0.1473122537136078,0.26487335562705994,1,0.04775134474039078,0.347932368516922,0.26487335562705994,1,0.06685188412666321,0.5297898054122925,0.26487335562705994,1,0.08595241606235504,0.6935219764709473,0.26487335562705994,1,0.10505295544862747,0.8397665023803711,0.26487335562705994,1,0.1241534948348999,0.9691609144210815,0.26487335562705994,1,0.14325402677059174,1.0823423862457275,0.26487335562705994,1,0.16235457360744476,1.1799489259719849,0.26487335562705994,1,0.1814551055431366,1.2626173496246338,0.26487335562705994,1,0.20055563747882843,1.3309860229492188,0.26487335562705994,1,0.21965618431568146,1.385691523551941,0.26487335562705994,1,0.2387567162513733,1.427371859550476,0.26487335562705994,1,0.2578572630882263,1.4566644430160522,0.26487335562705994,1,0.27695778012275696,1.474206805229187,0.26487335562705994,1,0.29605832695961,1.4806365966796875,0.26487335562705994,1,0.315158873796463,1.4765907526016235,0.26487335562705994,1,0.33425942063331604,1.4627074003219604,0.26487335562705994,1,0.3533599376678467,1.4396233558654785,0.26487335562705994,1,0.3724604845046997,1.407976746559143,0.26487335562705994,1,0.39156103134155273,1.3684051036834717,0.26487335562705994,1,0.4106615483760834,1.3215450048446655,0.26487335562705994,1,0.4297620952129364,1.2680352926254272,0.26487335562705994,1,0.44886264204978943,1.2085118293762207,0.26487335562705994,1,0.46796315908432007,1.1436136960983276,0.26487335562705994,1,0.4870637059211731,1.0739777088165283,0.26487335562705994,1,0.5061642527580261,1.0002411603927612,0.26487335562705994,1,0.5252647995948792,0.9230421185493469,0.26487335562705994,1,0.5443653464317322,0.8430173397064209,0.26487335562705994,1,0.5634658336639404,0.7608052492141724,0.26487335562705994,1,0.5825663805007935,0.6770414710044861,0.26487335562705994,1,0.6016669273376465,0.5923660397529602,0.26487335562705994,1,0.6207674741744995,0.5074145197868347,0.26487335562705994,1,0.6398680210113525,0.4228256344795227,0.26487335562705994,1,0.6589685678482056,0.33923542499542236,0.26487335562705994,1,0.6780690550804138,0.25728315114974976,0.26487335562705994,1,0.6971696019172668,0.1776050478219986,0.26487335562705994,1,0.7162701487541199,0.10083866119384766,0.26487335562705994,1,0.7353706955909729,0.027623450383543968,0.26487335562705994,1,0.7544712424278259,-0.041406404227018356,0.26487335562705994,1,0.773571789264679,-0.10561145097017288,0.26487335562705994,1,0.792672336101532,-0.16435472667217255,0.26487335562705994,1,0.8117728233337402,-0.21699707210063934,0.26487335562705994,1,0.8308733701705933,-0.2629040479660034,0.26487335562705994,1,0.8499739170074463,-0.30143624544143677,0.26487335562705994,1,0.8690744638442993,-0.3319545388221741,0.26487335562705994,1,0.8881750106811523,-0.35382479429244995,0.26487335562705994,1,0.9072755575180054,-0.3664090931415558,0.26487335562705994,1,0.9263760447502136,-0.36906731128692627,0.26487335562705994,1,0.9454765915870667,-0.36116456985473633,0.26487335562705994,1,0.9645771384239197,-0.3420618772506714,0.26487335562705994,1,0.9836776852607727,-0.3111211359500885,0.26487335562705994,1,1.002778172492981,-0.26770809292793274,0.26487335562705994,1,1.021878719329834,-0.21118012070655823,0.26487335562705994,1,1.040979266166687,-0.14090782403945923,0.26487335562705994,1,1.06007981300354,-0.05624360218644142,0.26487335562705994,1,1.079180359840393,0.04344279319047928,0.26487335562705994,1,1.098280906677246,0.15879152715206146,0.26487335562705994,1,1.1173814535140991,0.29043856263160706,0.26487335562705994,1,1.1364820003509521,0.43902379274368286,0.26487335562705994,1,1.1555825471878052,0.6051850914955139,0.26487335562705994,1,1.1746830940246582,0.7895548939704895,0.26487335562705994,1,1.1937836408615112,0.9927751421928406,0.26487335562705994,1,1.2128841876983643,1.215483546257019,0.26487335562705994,1,0.00852162390947342,-0.12139678001403809,0.2645774185657501,1,0.025564871728420258,0.16014894843101501,0.2645774185657501,1,0.042608119547367096,0.4202830493450165,0.2645774185657501,1,0.059651367366313934,0.6596314311027527,0.2645774185657501,1,0.07669461518526077,0.8788201212882996,0.2645774185657501,1,0.09373786300420761,1.078474998474121,0.2645774185657501,1,0.11078111082315445,1.259222149848938,0.2645774185657501,1,0.12782436609268188,1.421687364578247,0.2645774185657501,1,0.14486759901046753,1.566496729850769,0.2645774185657501,1,0.16191086173057556,1.6942763328552246,0.2645774185657501,1,0.1789540946483612,1.8056517839431763,0.2645774185657501,1,0.19599735736846924,1.9012494087219238,0.2645774185657501,1,0.21304059028625488,1.9816949367523193,0.2645774185657501,1,0.23008385300636292,2.047614336013794,0.2645774185657501,1,0.24712708592414856,2.0996336936950684,0.2645774185657501,1,0.2641703486442566,2.1383793354034424,0.2645774185657501,1,0.28121358156204224,2.1644763946533203,0.2645774185657501,1,0.29825684428215027,2.178551197052002,0.2645774185657501,1,0.3153000771999359,2.181229829788208,0.2645774185657501,1,0.33234333992004395,2.173138380050659,0.2645774185657501,1,0.3493865728378296,2.154902935028076,0.2645774185657501,1,0.3664298355579376,2.1271486282348633,0.2645774185657501,1,0.38347306847572327,2.0905020236968994,0.2645774185657501,1,0.4005163311958313,2.045588970184326,0.2645774185657501,1,0.41755956411361694,1.9930360317230225,0.2645774185657501,1,0.434602826833725,1.9334676265716553,0.2645774185657501,1,0.4516460597515106,1.8675116300582886,0.2645774185657501,1,0.46868932247161865,1.7957926988601685,0.2645774185657501,1,0.4857325553894043,1.7189366817474365,0.2645774185657501,1,0.5027757883071899,1.637570858001709,0.2645774185657501,1,0.5198190808296204,1.5523204803466797,0.2645774185657501,1,0.536862313747406,1.4638102054595947,0.2645774185657501,1,0.5539055466651917,1.3726683855056763,0.2645774185657501,1,0.5709487795829773,1.2795190811157227,0.2645774185657501,1,0.5879920721054077,1.184989094734192,0.2645774185657501,1,0.6050353050231934,1.0897055864334106,0.2645774185657501,1,0.622078537940979,0.9942919611930847,0.2645774185657501,1,0.6391217708587646,0.8993752598762512,0.2645774185657501,1,0.6561650633811951,0.8055812120437622,0.2645774185657501,1,0.6732082962989807,0.7135375738143921,0.2645774185657501,1,0.6902515292167664,0.6238689422607422,0.2645774185657501,1,0.707294762134552,0.5371991991996765,0.2645774185657501,1,0.7243380546569824,0.4541587233543396,0.2645774185657501,1,0.7413812875747681,0.3753705620765686,0.2645774185657501,1,0.7584245204925537,0.3014592230319977,0.2645774185657501,1,0.7754677534103394,0.23305554687976837,0.2645774185657501,1,0.7925110459327698,0.17078085243701935,0.2645774185657501,1,0.8095542788505554,0.11526362597942352,0.2645774185657501,1,0.8265975117683411,0.0671299546957016,0.2645774185657501,1,0.8436407446861267,0.027003489434719086,0.2645774185657501,1,0.8606840372085571,-0.004488365259021521,0.2645774185657501,1,0.8777272701263428,-0.026720337569713593,0.2645774185657501,1,0.8947705030441284,-0.03906342759728432,0.2645774185657501,1,0.9118137359619141,-0.04089435562491417,0.2645774185657501,1,0.9288570284843445,-0.03158889338374138,0.2645774185657501,1,0.9459002614021301,-0.010517596267163754,0.2645774185657501,1,0.9629434943199158,0.022943716496229172,0.2645774185657501,1,0.9799867272377014,0.0694231390953064,0.2645774185657501,1,0.9970300197601318,0.12954169511795044,0.2645774185657501,1,1.0140732526779175,0.2039320170879364,0.2645774185657501,1,1.0311164855957031,0.29321447014808655,0.2645774185657501,1,1.0481597185134888,0.39801523089408875,0.2645774185657501,1,1.0652029514312744,0.5189648866653442,0.2645774185657501,1,1.08224618434906,0.6566858887672424,0.2645774185657501,1,0.008623998612165451,0.0402291938662529,0.29892274737358093,1,0.025871995836496353,0.061358742415905,0.29892274737358093,1,0.043119993060827255,0.08090400695800781,0.29892274737358093,1,0.06036799028515816,0.0989229753613472,0.29892274737358093,1,0.07761599123477936,0.115473672747612,0.29892274737358093,1,0.09486398100852966,0.13061407208442688,0.29892274737358093,1,0.11211198568344116,0.14440220594406128,0.29892274737358093,1,0.12935997545719147,0.15689606964588165,0.29892274737358093,1,0.14660798013210297,0.16815367341041565,0.29892274737358093,1,0.16385596990585327,0.17823298275470734,0.29892274737358093,1,0.18110397458076477,0.18719205260276794,0.29892274737358093,1,0.19835196435451508,0.19508884847164154,0.29892274737358093,1,0.21559996902942657,0.20198139548301697,0.29892274737358093,1,0.23284795880317688,0.20792768895626068,0.29892274737358093,1,0.2500959634780884,0.21298573911190033,0.29892274737358093,1,0.2673439681529999,0.21721355617046356,0.29892274737358093,1,0.284591943025589,0.22066910564899445,0.29892274737358093,1,0.3018399477005005,0.22341041266918182,0.29892274737358093,1,0.319087952375412,0.22549547255039215,0.29892274737358093,1,0.3363359570503235,0.22698232531547546,0.29892274737358093,1,0.3535839319229126,0.22792896628379822,0.29892274737358093,1,0.3708319365978241,0.2283933311700821,0.29892274737358093,1,0.3880799412727356,0.2284335196018219,0.29892274737358093,1,0.4053279459476471,0.22810740768909454,0.29892274737358093,1,0.4225759208202362,0.22747313976287842,0.29892274737358093,1,0.4398239254951477,0.2265886515378952,0.29892274737358093,1,0.4570719301700592,0.22551195323467255,0.29892274737358093,1,0.4743199348449707,0.2243010252714157,0.29892274737358093,1,0.4915679097175598,0.22301390767097473,0.29892274737358093,1,0.5088159441947937,0.22170862555503845,0.29892274737358093,1,0.5260639190673828,0.22044312953948975,0.29892274737358093,1,0.5433118939399719,0.21927541494369507,0.29892274737358093,1,0.5605599284172058,0.21826346218585968,0.29892274737358093,1,0.5778079032897949,0.2174653857946396,0.29892274737358093,1,0.595055878162384,0.21693910658359528,0.29892274737358093,1,0.6123039126396179,0.2167426347732544,0.29892274737358093,1,0.629551887512207,0.2169339954853058,0.29892274737358093,1,0.6467999219894409,0.21757124364376068,0.29892274737358093,1,0.66404789686203,0.21871225535869598,0.29892274737358093,1,0.6812958717346191,0.22041504085063934,0.29892274737358093,1,0.698543906211853,0.22273774445056915,0.29892274737358093,1,0.7157918810844421,0.2257382720708847,0.29892274737358093,1,0.7330398559570312,0.22947460412979126,0.29892274737358093,1,0.7502878904342651,0.23400485515594482,0.29892274737358093,1,0.7675358653068542,0.23938681185245514,0.29892274737358093,1,0.7847838997840881,0.24567869305610657,0.29892274737358093,1,0.8020318746566772,0.25293850898742676,0.29892274737358093,1,0.8192798495292664,0.26122403144836426,0.29892274737358093,1,0.8365278840065002,0.2705935835838318,0.29892274737358093,1,0.8537758588790894,0.2811048626899719,0.29892274737358093,1,0.8710238337516785,0.29281625151634216,0.29892274737358093,1,0.8882718682289124,0.3057851791381836,0.29892274737358093,1,0.9055198431015015,0.3200700879096985,0.29892274737358093,1,0.9227678775787354,0.3357289135456085,0.29892274737358093,1,0.9400158524513245,0.35281962156295776,0.29892274737358093,1,0.9572638273239136,0.3714001476764679,0.29892274737358093,1,0.9745118618011475,0.39152881503105164,0.29892274737358093,1,0.9917598366737366,0.4132629334926605,0.29892274737358093,1,1.0090078115463257,0.4366610646247864,0.29892274737358093,1,1.0262558460235596,0.46178147196769714,0.29892274737358093,1,1.0435038805007935,0.48868152499198914,0.29892274737358093,1,1.0607517957687378,0.5174193382263184,0.29892274737358093,1,1.0779998302459717,0.5480532050132751,0.29892274737358093,1,1.0952478647232056,0.5806409120559692,0.29892274737358093,1,0,0,0,0,0,0,0,0,0,0,0,0,0,0,0,0,0,0,0,0,0,0,0,0,0,0,0,0,0,0,0,0,0,0,0,0,0,0,0,0,0,0,0,0,0,0,0,0,0,0,0,0,0,0,0,0,0,0,0,0,0,0,0,0,0,0,0,0,0,0,0,0,0,0,0,0,0,0,0,0,0,0,0,0,0,0,0,0,0,0,0,0,0,0,0,0,0,0,0,0,0,0,0,0,0,0,0,0,0,0,0,0,0,0,0,0,0,0,0,0,0,0,0,0,0,0,0,0,0,0,0,0,0,0,0,0,0,0,0,0,0,0,0,0,0,0,0,0,0,0,0,0,0,0,0,0,0,0,0,0,0,0,0,0,0,0,0,0,0,0,0,0,0,0,0,0,0,0,0,0,0,0,0,0,0,0,0,0,0,0,0,0,0,0,0,0,0,0,0,0,0,0,0,0,0,0,0,0,0,0,0,0,0,0,0,0,0,0,0,0,0,0,0,0,0,0,0,0,0,0,0,0,0,0,0,0,0,0,0,0,0,0,0,0,0,0,0,0,0,0,0,0,0,0,0,0,0.007609994150698185,-0.01445201225578785,0.2333543747663498,1,0.02282998338341713,-0.0036679613403975964,0.2333543747663498,1,0.03804996982216835,0.0040360488928854465,0.2333543747663498,1,0.05326995998620987,0.008805377408862114,0.2333543747663498,1,0.06848994642496109,0.010785375721752644,0.2333543747663498,1,0.08370993286371231,0.010121406987309456,0.2333543747663498,1,0.09892992675304413,0.006958825048059225,0.2333543747663498,1,0.11414991319179535,0.00144297000952065,0.2333543747663498,1,0.12936989963054657,-0.0062807705253362656,0.2333543747663498,1,0.1445898860692978,-0.01606707274913788,0.2333543747663498,1,0.159809872508049,-0.027770547196269035,0.2333543747663498,1,0.17502985894680023,-0.041245874017477036,0.2333543747663498,1,0.19024986028671265,-0.05634767562150955,0.2333543747663498,1,0.20546984672546387,-0.07293059676885605,0.2333543747663498,1,0.2206898331642151,-0.09084927290678024,0.2333543747663498,1,0.2359098196029663,-0.10995837301015854,0.2333543747663498,1,0.25112980604171753,-0.13011251389980316,0.2333543747663498,1,0.26634979248046875,-0.1511664092540741,0.2333543747663498,1,0.28156977891921997,-0.1729745715856552,0.2333543747663498,1,0.2967897653579712,-0.1953917145729065,0.2333543747663498,1,0.3120097517967224,-0.21827253699302673,0.2333543747663498,1,0.32722973823547363,-0.24147164821624756,0.2333543747663498,1,0.34244972467422485,-0.2648436427116394,0.2333543747663498,1,0.3576697111129761,-0.2882431447505951,0.2333543747663498,1,0.3728897273540497,-0.31152504682540894,0.2333543747663498,1,0.3881097137928009,-0.3345436453819275,0.2333543747663498,1,0.4033297002315521,-0.3571537733078003,0.2333543747663498,1,0.41854968667030334,-0.3792100250720978,0.2333543747663498,1,0.43376967310905457,-0.40056702494621277,0.2333543747663498,1,0.4489896595478058,-0.42107948660850525,0.2333543747663498,1,0.464209645986557,-0.44060197472572327,0.2333543747663498,1,0.4794296324253082,-0.4589892625808716,0.2333543747663498,1,0.49464961886405945,-0.47609588503837585,0.2333543747663498,1,0.5098696351051331,-0.4917764663696289,0.2333543747663498,1,0.5250896215438843,-0.505885660648346,0.2333543747663498,1,0.5403096079826355,-0.5182783007621765,0.2333543747663498,1,0.5555295944213867,-0.5288087129592896,0.2333543747663498,1,0.5707495808601379,-0.5373319387435913,0.2333543747663498,1,0.5859695672988892,-0.5437019467353821,0.2333543747663498,1,0.6011895537376404,-0.5477742552757263,0.2333543747663498,1,0.6164095401763916,-0.5494028329849243,0.2333543747663498,1,0.6316295266151428,-0.5484426617622375,0.2333543747663498,1,0.646849513053894,-0.5447483062744141,0.2333543747663498,1,0.6620694994926453,-0.5381743907928467,0.2333543747663498,1,0.6772894859313965,-0.5285752415657043,0.2333543747663498,1,0.6925094723701477,-0.5158063769340515,0.2333543747663498,1,0.7077294588088989,-0.49972137808799744,0.2333543747663498,1,0.7229494452476501,-0.48017561435699463,0.2333543747663498,1,0.7381694316864014,-0.4570237100124359,0.2333543747663498,1,0.7533894181251526,-0.43011966347694397,0.2333543747663498,1,0.7686094045639038,-0.3993189334869385,0.2333543747663498,1,0.783829391002655,-0.36447566747665405,0.2333543747663498,1,0.7990493774414062,-0.32544466853141785,0.2333543747663498,1,0.8142693638801575,-0.28208041191101074,0.2333543747663498,1,0.8294893503189087,-0.23423801362514496,0.2333543747663498,1,0.8447093367576599,-0.18177177011966705,0.2333543747663498,1,0.8599293231964111,-0.12453579157590866,0.2333543747663498,1,0.8751493096351624,-0.06238550320267677,0.2333543747663498,1,0.8903692960739136,0.004824357572942972,0.2333543747663498,1,0.9055892825126648,0.07723931968212128,0.2333543747663498,1,0.920809268951416,0.1550055891275406,0.2333543747663498,1,0.9360292553901672,0.23826727271080017,0.2333543747663498,1,0.9512492418289185,0.32717064023017883,0.2333543747663498,1,0.9664692282676697,0.42186063528060913,0.2333543747663498,1,0.008978135883808136,-0.016044143587350845,0.35624992847442627,1,0.026934407651424408,-0.02802610956132412,0.35624992847442627,1,0.04489067941904068,-0.0410274863243103,0.35624992847442627,1,0.06284695118665695,-0.05496015399694443,0.35624992847442627,1,0.08080322295427322,-0.06973597407341003,0.35624992847442627,1,0.0987594947218895,-0.0852668359875679,0.35624992847442627,1,0.11671576648950577,-0.10146457701921463,0.35624992847442627,1,0.13467204570770264,-0.11824110895395279,0.35624992847442627,1,0.15262830257415771,-0.13550825417041779,0.35624992847442627,1,0.17058458924293518,-0.15317794680595398,0.35624992847442627,1,0.18854084610939026,-0.1711619794368744,0.35624992847442627,1,0.20649713277816772,-0.18937228620052338,0.35624992847442627,1,0.2244533896446228,-0.20772071182727814,0.35624992847442627,1,0.24240967631340027,-0.22611914575099945,0.35624992847442627,1,0.26036593317985535,-0.24447940289974213,0.35624992847442627,1,0.2783222198486328,-0.2627134323120117,0.35624992847442627,1,0.2962784767150879,-0.28073304891586304,0.35624992847442627,1,0.31423476338386536,-0.29845014214515686,0.35624992847442627,1,0.33219102025032043,-0.3157765865325928,0.35624992847442627,1,0.3501473069190979,-0.33262425661087036,0.35624992847442627,1,0.368103563785553,-0.34890496730804443,0.35624992847442627,1,0.38605985045433044,-0.3645307123661041,0.35624992847442627,1,0.4040161073207855,-0.3794131875038147,0.35624992847442627,1,0.421972393989563,-0.39346444606781006,0.35624992847442627,1,0.43992865085601807,-0.40659621357917786,0.35624992847442627,1,0.45788493752479553,-0.41872045397758484,0.35624992847442627,1,0.4758411943912506,-0.4297490119934082,0.35624992847442627,1,0.4937974810600281,-0.43959376215934753,0.35624992847442627,1,0.5117537379264832,-0.44816648960113525,0.35624992847442627,1,0.5297099947929382,-0.4553791582584381,0.35624992847442627,1,0.5476663112640381,-0.46114373207092285,0.35624992847442627,1,0.5656225681304932,-0.46537184715270996,0.35624992847442627,1,0.5835788249969482,-0.4679754972457886,0.35624992847442627,1,0.6015350818634033,-0.46886664628982544,0.35624992847442627,1,0.6194913983345032,-0.4679569900035858,0.35624992847442627,1,0.6374476552009583,-0.46515846252441406,0.35624992847442627,1,0.6554039120674133,-0.46038293838500977,0.35624992847442627,1,0.6733601689338684,-0.45354241132736206,0.35624992847442627,1,0.6913164854049683,-0.4445485770702362,0.35624992847442627,1,0.7092727422714233,-0.4333133399486542,0.35624992847442627,1,0.7272289991378784,-0.4197486937046051,0.35624992847442627,1,0.7451852560043335,-0.40376633405685425,0.35624992847442627,1,0.7631415724754333,-0.38527819514274597,0.35624992847442627,1,0.7810978293418884,-0.36419618129730225,0.35624992847442627,1,0.7990540862083435,-0.3404322564601898,0.35624992847442627,1,0.8170103430747986,-0.3138979971408844,0.35624992847442627,1,0.8349666595458984,-0.2845055162906647,0.35624992847442627,1,0.8529229164123535,-0.2521668076515198,0.35624992847442627,1,0.8708791732788086,-0.21679344773292542,0.35624992847442627,1,0.8888354301452637,-0.17829740047454834,0.35624992847442627,1,0.9067917466163635,-0.13659034669399261,0.35624992847442627,1,0.9247480034828186,-0.09158459305763245,0.35624992847442627,1,0.9427042603492737,-0.04319201037287712,0.35624992847442627,1,0.9606605172157288,0.008676048368215561,0.35624992847442627,1,0.9786168336868286,0.06410747766494751,0.35624992847442627,1,0.9965730905532837,0.12319023907184601,0.35624992847442627,1,1.0145293474197388,0.18601256608963013,0.35624992847442627,1,1.0324856042861938,0.25266265869140625,0.35624992847442627,1,1.050441861152649,0.32322821021080017,0.35624992847442627,1,1.068398118019104,0.39779800176620483,0.35624992847442627,1,1.0863544940948486,0.47646042704582214,0.35624992847442627,1,1.1043107509613037,0.5593023896217346,0.35624992847442627,1,1.1222670078277588,0.6464130282402039,0.35624992847442627,1,1.1402232646942139,0.7378801107406616,0.35624992847442627,1,0.00955026876181364,-0.09251701831817627,0.26487335562705994,1,0.028650805354118347,0.12788528203964233,0.26487335562705994,1,0.04775134474039078,0.3288874328136444,0.26487335562705994,1,0.06685188412666321,0.5111268758773804,0.26487335562705994,1,0.08595241606235504,0.6752410531044006,0.26487335562705994,1,0.10505295544862747,0.8218675851821899,0.26487335562705994,1,0.1241534948348999,0.9516439437866211,0.26487335562705994,1,0.14325402677059174,1.065207600593567,0.26487335562705994,1,0.16235457360744476,1.163196086883545,0.26487335562705994,1,0.1814551055431366,1.246246576309204,0.26487335562705994,1,0.20055563747882843,1.3149971961975098,0.26487335562705994,1,0.21965618431568146,1.3700846433639526,0.26487335562705994,1,0.2387567162513733,1.4121471643447876,0.26487335562705994,1,0.2578572630882263,1.4418216943740845,0.26487335562705994,1,0.27695778012275696,1.45974600315094,0.26487335562705994,1,0.29605832695961,1.4665579795837402,0.26487335562705994,1,0.315158873796463,1.462894082069397,0.26487335562705994,1,0.33425942063331604,1.4493924379348755,0.26487335562705994,1,0.3533599376678467,1.4266910552978516,0.26487335562705994,1,0.3724604845046997,1.3954259157180786,0.26487335562705994,1,0.39156103134155273,1.356236219406128,0.26487335562705994,1,0.4106615483760834,1.3097585439682007,0.26487335562705994,1,0.4297620952129364,1.256630778312683,0.26487335562705994,1,0.44886264204978943,1.1974897384643555,0.26487335562705994,1,0.46796315908432007,1.132973074913025,0.26487335562705994,1,0.4870637059211731,1.0637190341949463,0.26487335562705994,1,0.5061642527580261,0.9903649091720581,0.26487335562705994,1,0.5252647995948792,0.9135478138923645,0.26487335562705994,1,0.5443653464317322,0.833904504776001,0.26487335562705994,1,0.5634658336639404,0.7520748376846313,0.26487335562705994,1,0.5825663805007935,0.6686930060386658,0.26487335562705994,1,0.6016669273376465,0.5843995213508606,0.26487335562705994,1,0.6207674741744995,0.4998304545879364,0.26487335562705994,1,0.6398680210113525,0.4156230092048645,0.26487335562705994,1,0.6589685678482056,0.33241569995880127,0.26487335562705994,1,0.6780690550804138,0.25084489583969116,0.26487335562705994,1,0.6971696019172668,0.1715492159128189,0.26487335562705994,1,0.7162701487541199,0.09516429901123047,0.26487335562705994,1,0.7353706955909729,0.02233055792748928,0.26487335562705994,1,0.7544712424278259,-0.04631687328219414,0.26487335562705994,1,0.773571789264679,-0.11013949662446976,0.26487335562705994,1,0.792672336101532,-0.16850034892559052,0.26487335562705994,1,0.8117728233337402,-0.2207612246274948,0.26487335562705994,1,0.8308733701705933,-0.26628577709198,0.26487335562705994,1,0.8499739170074463,-0.3044355511665344,0.26487335562705994,1,0.8690744638442993,-0.33457237482070923,0.26487335562705994,1,0.8881750106811523,-0.3560611605644226,0.26487335562705994,1,0.9072755575180054,-0.36826303601264954,0.26487335562705994,1,0.9263760447502136,-0.3705397844314575,0.26487335562705994,1,0.9454765915870667,-0.36225461959838867,0.26487335562705994,1,0.9645771384239197,-0.3427695035934448,0.26487335562705994,1,0.9836776852607727,-0.31144729256629944,0.26487335562705994,1,1.002778172492981,-0.26765182614326477,0.26487335562705994,1,1.021878719329834,-0.21074333786964417,0.26487335562705994,1,1.040979266166687,-0.14008766412734985,0.26487335562705994,1,1.06007981300354,-0.055041972547769547,0.26487335562705994,1,1.079180359840393,0.045025892555713654,0.26487335562705994,1,1.098280906677246,0.16075609624385834,0.26487335562705994,1,1.1173814535140991,0.29278650879859924,0.26487335562705994,1,1.1364820003509521,0.44175511598587036,0.26487335562705994,1,1.1555825471878052,0.6082959771156311,0.26487335562705994,1,1.1746830940246582,0.793049156665802,0.26487335562705994,1,1.1937836408615112,0.9966508746147156,0.26487335562705994,1,1.2128841876983643,1.2197407484054565,0.26487335562705994,1,0.00852162390947342,-0.14122633635997772,0.2645774185657501,1,0.025564871728420258,0.14066025614738464,0.2645774185657501,1,0.042608119547367096,0.40113523602485657,0.2645774185657501,1,0.059651367366313934,0.6408244371414185,0.2645774185657501,1,0.07669461518526077,0.8603540062904358,0.2645774185657501,1,0.09373786300420761,1.060349702835083,0.2645774185657501,1,0.11078111082315445,1.2414377927780151,0.2645774185657501,1,0.12782436609268188,1.4042439460754395,0.2645774185657501,1,0.14486759901046753,1.5493940114974976,0.2645774185657501,1,0.16191086173057556,1.6775145530700684,0.2645774185657501,1,0.1789540946483612,1.7892309427261353,0.2645774185657501,1,0.19599735736846924,1.885169506072998,0.2645774185657501,1,0.21304059028625488,1.9659557342529297,0.2645774185657501,1,0.23008385300636292,2.0322160720825195,0.2645774185657501,1,0.24712708592414856,2.0845766067504883,0.2645774185657501,1,0.2641703486442566,2.1236627101898193,0.2645774185657501,1,0.28121358156204224,2.1501007080078125,0.2645774185657501,1,0.29825684428215027,2.1645164489746094,0.2645774185657501,1,0.3153000771999359,2.1675360202789307,0.2645774185657501,1,0.33234333992004395,2.159785509109497,0.2645774185657501,1,0.3493865728378296,2.141890525817871,0.2645774185657501,1,0.3664298355579376,2.1144771575927734,0.2645774185657501,1,0.38347306847572327,2.078171491622925,0.2645774185657501,1,0.4005163311958313,2.033599853515625,0.2645774185657501,1,0.41755956411361694,1.9813873767852783,0.2645774185657501,1,0.434602826833725,1.9221599102020264,0.2645774185657501,1,0.4516460597515106,1.856544852256775,0.2645774185657501,1,0.46868932247161865,1.7851659059524536,0.2645774185657501,1,0.4857325553894043,1.7086513042449951,0.2645774185657501,1,0.5027757883071899,1.627626895904541,0.2645774185657501,1,0.5198190808296204,1.5427169799804688,0.2645774185657501,1,0.536862313747406,1.4545481204986572,0.2645774185657501,1,0.5539055466651917,1.3637467622756958,0.2645774185657501,1,0.5709487795829773,1.2709388732910156,0.2645774185657501,1,0.5879920721054077,1.176749348640442,0.2645774185657501,1,0.6050353050231934,1.0818063020706177,0.2645774185657501,1,0.622078537940979,0.9867340922355652,0.2645774185657501,1,0.6391217708587646,0.8921578526496887,0.2645774185657501,1,0.6561650633811951,0.7987052202224731,0.2645774185657501,1,0.6732082962989807,0.7070020437240601,0.2645774185657501,1,0.6902515292167664,0.6176738739013672,0.2645774185657501,1,0.707294762134552,0.531345546245575,0.2645774185657501,1,0.7243380546569824,0.44864553213119507,0.2645774185657501,1,0.7413812875747681,0.3701978325843811,0.2645774185657501,1,0.7584245204925537,0.2966279089450836,0.2645774185657501,1,0.7754677534103394,0.22856469452381134,0.2645774185657501,1,0.7925110459327698,0.16663141548633575,0.2645774185657501,1,0.8095542788505554,0.11145465075969696,0.2645774185657501,1,0.8265975117683411,0.06366144120693207,0.2645774185657501,1,0.8436407446861267,0.023876391351222992,0.2645774185657501,1,0.8606840372085571,-0.007274047937244177,0.2645774185657501,1,0.8777272701263428,-0.02916460484266281,0.2645774185657501,1,0.8947705030441284,-0.041167233139276505,0.2645774185657501,1,0.9118137359619141,-0.04265865311026573,0.2645774185657501,1,0.9288570284843445,-0.033011775463819504,0.2645774185657501,1,0.9459002614021301,-0.011599062941968441,0.2645774185657501,1,0.9629434943199158,0.022203665226697922,0.2645774185657501,1,0.9799867272377014,0.06902259588241577,0.2645774185657501,1,0.9970300197601318,0.12948256731033325,0.2645774185657501,1,1.0140732526779175,0.20421239733695984,0.2645774185657501,1,1.0311164855957031,0.29383817315101624,0.2645774185657501,1,1.0481597185134888,0.39898034930229187,0.2645774185657501,1,1.0652029514312744,0.520269513130188,0.2645774185657501,1,1.08224618434906,0.6583319306373596,0.2645774185657501,1,0.008623998612165451,0.02040167525410652,0.29892274737358093,1,0.025871995836496353,0.0418761782348156,0.29892274737358093,1,0.043119993060827255,0.06176639348268509,0.29892274737358093,1,0.06036799028515816,0.08013033121824265,0.29892274737358093,1,0.07761599123477936,0.09702599048614502,0.29892274737358093,1,0.09486398100852966,0.11251134425401688,0.29892274737358093,1,0.11211198568344116,0.12664444744586945,0.29892274737358093,1,0.12935997545719147,0.1394832730293274,0.29892274737358093,1,0.14660798013210297,0.15108582377433777,0.29892274737358093,1,0.16385596990585327,0.16151009500026703,0.29892274737358093,1,0.18110397458076477,0.1708141267299652,0.29892274737358093,1,0.19835196435451508,0.17905588448047638,0.29892274737358093,1,0.21559996902942657,0.18629339337348938,0.29892274737358093,1,0.23284795880317688,0.19258464872837067,0.29892274737358093,1,0.2500959634780884,0.1979876607656479,0.29892274737358093,1,0.2673439681529999,0.2025604099035263,0.29892274737358093,1,0.284591943025589,0.20636092126369476,0.29892274737358093,1,0.3018399477005005,0.2094472199678421,0.29892274737358093,1,0.319087952375412,0.21187724173069,0.29892274737358093,1,0.3363359570503235,0.2137090265750885,0.29892274737358093,1,0.3535839319229126,0.21500062942504883,0.29892274737358093,1,0.3708319365978241,0.21580995619297028,0.29892274737358093,1,0.3880799412727356,0.21619507670402527,0.29892274737358093,1,0.4053279459476471,0.21621395647525787,0.29892274737358093,1,0.4225759208202362,0.2159246802330017,0.29892274737358093,1,0.4398239254951477,0.21538512408733368,0.29892274737358093,1,0.4570719301700592,0.2146533578634262,0.29892274737358093,1,0.4743199348449707,0.21378742158412933,0.29892274737358093,1,0.4915679097175598,0.21284529566764832,0.29892274737358093,1,0.5088159441947937,0.21188494563102722,0.29892274737358093,1,0.5260639190673828,0.2109643816947937,0.29892274737358093,1,0.5433118939399719,0.21014165878295898,0.29892274737358093,1,0.5605599284172058,0.20947463810443878,0.29892274737358093,1,0.5778079032897949,0.20902155339717865,0.29892274737358093,1,0.595055878162384,0.20884020626544952,0.29892274737358093,1,0.6123039126396179,0.2089887261390686,0.29892274737358093,1,0.629551887512207,0.20952507853507996,0.29892274737358093,1,0.6467999219894409,0.21050719916820526,0.29892274737358093,1,0.66404789686203,0.21199320256710052,0.29892274737358093,1,0.6812958717346191,0.21404092013835907,0.29892274737358093,1,0.698543906211853,0.21670861542224884,0.29892274737358093,1,0.7157918810844421,0.22005413472652435,0.29892274737358093,1,0.7330398559570312,0.2241353988647461,0.29892274737358093,1,0.7502878904342651,0.22901058197021484,0.29892274737358093,1,0.7675358653068542,0.23473753035068512,0.29892274737358093,1,0.7847838997840881,0.2413744032382965,0.29892274737358093,1,0.8020318746566772,0.2489791065454483,0.29892274737358093,1,0.8192798495292664,0.25760960578918457,0.29892274737358093,1,0.8365278840065002,0.2673240303993225,0.29892274737358093,1,0.8537758588790894,0.27818042039871216,0.29892274737358093,1,0.8710238337516785,0.2902366816997528,0.29892274737358093,1,0.8882718682289124,0.3035506010055542,0.29892274737358093,1,0.9055198431015015,0.31818050146102905,0.29892274737358093,1,0.9227678775787354,0.33418431878089905,0.29892274737358093,1,0.9400158524513245,0.3516198992729187,0.29892274737358093,1,0.9572638273239136,0.3705454170703888,0.29892274737358093,1,0.9745118618011475,0.39101895689964294,0.29892274737358093,1,0.9917598366737366,0.4130980670452118,0.29892274737358093,1,1.0090078115463257,0.4368411898612976,0.29892274737358093,1,1.0262558460235596,0.46230658888816833,0.29892274737358093,1,1.0435038805007935,0.4895516335964203,0.29892274737358093,1,1.0607517957687378,0.5186343193054199,0.29892274737358093,1,1.0779998302459717,0.5496131777763367,0.29892274737358093,1,1.0952478647232056,0.5825458765029907,0.29892274737358093,1,0,0,0,0,0,0,0,0,0,0,0,0,0,0,0,0,0,0,0,0,0,0,0,0,0,0,0,0,0,0,0,0,0,0,0,0,0,0,0,0,0,0,0,0,0,0,0,0,0,0,0,0,0,0,0,0,0,0,0,0,0,0,0,0,0,0,0,0,0,0,0,0,0,0,0,0,0,0,0,0,0,0,0,0,0,0,0,0,0,0,0,0,0,0,0,0,0,0,0,0,0,0,0,0,0,0,0,0,0,0,0,0,0,0,0,0,0,0,0,0,0,0,0,0,0,0,0,0,0,0,0,0,0,0,0,0,0,0,0,0,0,0,0,0,0,0,0,0,0,0,0,0,0,0,0,0,0,0,0,0,0,0,0,0,0,0,0,0,0,0,0,0,0,0,0,0,0,0,0,0,0,0,0,0,0,0,0,0,0,0,0,0,0,0,0,0,0,0,0,0,0,0,0,0,0,0,0,0,0,0,0,0,0,0,0,0,0,0,0,0,0,0,0,0,0,0,0,0,0,0,0,0,0,0,0,0,0,0,0,0,0,0,0,0,0,0,0,0,0,0,0,0,0,0,0,0,0.007609994150698185,-0.014603053219616413,0.2333543747663498,1,0.02282998338341713,-0.004114136565476656,0.2333543747663498,1,0.03804996982216835,0.0033040065318346024,0.2333543747663498,1,0.05326995998620987,0.007796731777489185,0.2333543747663498,1,0.06848994642496109,0.009509396739304066,0.2333543747663498,1,0.08370993286371231,0.00858735665678978,0.2333543747663498,1,0.09892992675304413,0.005175968632102013,0.2333543747663498,1,0.11414991319179535,-0.0005794173921458423,0.2333543747663498,1,0.12936989963054657,-0.008533433079719543,0.2333543747663498,1,0.1445898860692978,-0.01854074001312256,0.2333543747663498,1,0.159809872508049,-0.030455956235527992,0.2333543747663498,1,0.17502985894680023,-0.0441337488591671,0.2333543747663498,1,0.19024986028671265,-0.05942877382040024,0.2333543747663498,1,0.20546984672546387,-0.07619563490152359,0.2333543747663498,1,0.2206898331642151,-0.09428899735212326,0.2333543747663498,1,0.2359098196029663,-0.11356348544359207,0.2333543747663498,1,0.25112980604171753,-0.13387379050254822,0.2333543747663498,1,0.26634979248046875,-0.15507453680038452,0.2333543747663498,1,0.28156977891921997,-0.17702032625675201,0.2333543747663498,1,0.2967897653579712,-0.1995658278465271,0.2333543747663498,1,0.3120097517967224,-0.22256574034690857,0.2333543747663498,1,0.32722973823547363,-0.24587467312812805,0.2333543747663498,1,0.34244972467422485,-0.2693471908569336,0.2333543747663498,1,0.3576697111129761,-0.2928380072116852,0.2333543747663498,1,0.3728897273540497,-0.3162018656730652,0.2333543747663498,1,0.3881097137928009,-0.3392932415008545,0.2333543747663498,1,0.4033297002315521,-0.3619668483734131,0.2333543747663498,1,0.41854968667030334,-0.3840773403644562,0.2333543747663498,1,0.43376967310905457,-0.4054792821407318,0.2333543747663498,1,0.4489896595478058,-0.4260275065898895,0.2333543747663498,1,0.464209645986557,-0.44557633996009827,0.2333543747663498,1,0.4794296324253082,-0.46398067474365234,0.2333543747663498,1,0.49464961886405945,-0.4810952842235565,0.2333543747663498,1,0.5098696351051331,-0.4967745542526245,0.2333543747663498,1,0.5250896215438843,-0.5108731389045715,0.2333543747663498,1,0.5403096079826355,-0.5232457518577576,0.2333543747663498,1,0.5555295944213867,-0.5337470769882202,0.2333543747663498,1,0.5707495808601379,-0.5422317981719971,0.2333543747663498,1,0.5859695672988892,-0.5485541224479675,0.2333543747663498,1,0.6011895537376404,-0.5525693297386169,0.2333543747663498,1,0.6164095401763916,-0.5541316270828247,0.2333543747663498,1,0.6316295266151428,-0.5530961155891418,0.2333543747663498,1,0.646849513053894,-0.5493171215057373,0.2333543747663498,1,0.6620694994926453,-0.5426490306854248,0.2333543747663498,1,0.6772894859313965,-0.5329466462135315,0.2333543747663498,1,0.6925094723701477,-0.5200650095939636,0.2333543747663498,1,0.7077294588088989,-0.5038584470748901,0.2333543747663498,1,0.7229494452476501,-0.4841815233230591,0.2333543747663498,1,0.7381694316864014,-0.46088919043540955,0.2333543747663498,1,0.7533894181251526,-0.4338356554508209,0.2333543747663498,1,0.7686094045639038,-0.4028759002685547,0.2333543747663498,1,0.783829391002655,-0.36786454916000366,0.2333543747663498,1,0.7990493774414062,-0.3286561667919159,0.2333543747663498,1,0.8142693638801575,-0.28510522842407227,0.2333543747663498,1,0.8294893503189087,-0.2370666116476059,0.2333543747663498,1,0.8447093367576599,-0.18439485132694244,0.2333543747663498,1,0.8599293231964111,-0.12694478034973145,0.2333543747663498,1,0.8751493096351624,-0.0645708441734314,0.2333543747663498,1,0.8903692960739136,0.002872186480090022,0.2333543747663498,1,0.9055892825126648,0.07552938163280487,0.2333543747663498,1,0.920809268951416,0.15354742109775543,0.2333543747663498,1,0.9360292553901672,0.23706993460655212,0.2333543747663498,1,0.9512492418289185,0.32624319195747375,0.2333543747663498,1,0.9664692282676697,0.4212126135826111,0.2333543747663498,1,0.008978135883808136,-0.016222093254327774,0.35624992847442627,1,0.026934407651424408,-0.02855028584599495,0.35624992847442627,1,0.04489067941904068,-0.04188499599695206,0.35624992847442627,1,0.06284695118665695,-0.05613809823989868,0.35624992847442627,1,0.08080322295427322,-0.07122145593166351,0.35624992847442627,1,0.0987594947218895,-0.08704695105552673,0.35624992847442627,1,0.11671576648950577,-0.10352644324302673,0.35624992847442627,1,0.13467204570770264,-0.1205718070268631,0.35624992847442627,1,0.15262830257415771,-0.1380949169397354,0.35624992847442627,1,0.17058458924293518,-0.15600764751434326,0.35624992847442627,1,0.18854084610939026,-0.17422182857990265,0.35624992847442627,1,0.20649713277816772,-0.19264940917491913,0.35624992847442627,1,0.2244533896446228,-0.21120218932628632,0.35624992847442627,1,0.24240967631340027,-0.22979207336902618,0.35624992847442627,1,0.26036593317985535,-0.24833090603351593,0.35624992847442627,1,0.2783222198486328,-0.2667306065559387,0.35624992847442627,1,0.2962784767150879,-0.28490301966667175,0.35624992847442627,1,0.31423476338386536,-0.30275994539260864,0.35624992847442627,1,0.33219102025032043,-0.3202133774757385,0.35624992847442627,1,0.3501473069190979,-0.3371751308441162,0.35624992847442627,1,0.368103563785553,-0.3535570502281189,0.35624992847442627,1,0.38605985045433044,-0.36927101016044617,0.35624992847442627,1,0.4040161073207855,-0.3842289447784424,0.35624992847442627,1,0.421972393989563,-0.39834266901016235,0.35624992847442627,1,0.43992865085601807,-0.4115240275859833,0.35624992847442627,1,0.45788493752479553,-0.4236849844455719,0.35624992847442627,1,0.4758411943912506,-0.43473732471466064,0.35624992847442627,1,0.4937974810600281,-0.44459298253059387,0.35624992847442627,1,0.5117537379264832,-0.453163743019104,0.35624992847442627,1,0.5297099947929382,-0.460361510515213,0.35624992847442627,1,0.5476663112640381,-0.46609824895858765,0.35624992847442627,1,0.5656225681304932,-0.47028565406799316,0.35624992847442627,1,0.5835788249969482,-0.4728357791900635,0.35624992847442627,1,0.6015350818634033,-0.473660409450531,0.35624992847442627,1,0.6194913983345032,-0.47267135977745056,0.35624992847442627,1,0.6374476552009583,-0.46978068351745605,0.35624992847442627,1,0.6554039120674133,-0.4648998975753784,0.35624992847442627,1,0.6733601689338684,-0.45794135332107544,0.35624992847442627,1,0.6913164854049683,-0.4488165080547333,0.35624992847442627,1,0.7092727422714233,-0.43743738532066345,0.35624992847442627,1,0.7272289991378784,-0.42371609807014465,0.35624992847442627,1,0.7451852560043335,-0.4075639843940735,0.35624992847442627,1,0.7631415724754333,-0.38889333605766296,0.35624992847442627,1,0.7810978293418884,-0.36761581897735596,0.35624992847442627,1,0.7990540862083435,-0.34364351630210876,0.35624992847442627,1,0.8170103430747986,-0.31688812375068665,0.35624992847442627,1,0.8349666595458984,-0.2872615158557892,0.35624992847442627,1,0.8529229164123535,-0.2546756863594055,0.35624992847442627,1,0.8708791732788086,-0.2190423309803009,0.35624992847442627,1,0.8888354301452637,-0.18027353286743164,0.35624992847442627,1,0.9067917466163635,-0.1382807344198227,0.35624992847442627,1,0.9247480034828186,-0.09297648072242737,0.35624992847442627,1,0.9427042603492737,-0.0442722849547863,0.35624992847442627,1,0.9606605172157288,0.007920261472463608,0.35624992847442627,1,0.9786168336868286,0.06368905305862427,0.35624992847442627,1,0.9965730905532837,0.12312181293964386,0.35624992847442627,1,1.0145293474197388,0.18630725145339966,0.35624992847442627,1,1.0324856042861938,0.25333356857299805,0.35624992847442627,1,1.050441861152649,0.3242879807949066,0.35624992847442627,1,1.068398118019104,0.3992595076560974,0.35624992847442627,1,1.0863544940948486,0.47833678126335144,0.35624992847442627,1,1.1043107509613037,0.561606228351593,0.35624992847442627,1,1.1222670078277588,0.6491572260856628,0.35624992847442627,1,1.1402232646942139,0.7410777807235718,0.35624992847442627,1,0.00955026876181364,-0.09270620346069336,0.26487335562705994,1,0.028650805354118347,0.12732867896556854,0.26487335562705994,1,0.04775134474039078,0.3279779851436615,0.26487335562705994,1,0.06685188412666321,0.5098792314529419,0.26487335562705994,1,0.08595241606235504,0.6736697554588318,0.26487335562705994,1,0.10505295544862747,0.8199872374534607,0.26487335562705994,1,0.1241534948348999,0.9494690895080566,0.26487335562705994,1,0.14325402677059174,1.0627528429031372,0.26487335562705994,1,0.16235457360744476,1.1604760885238647,0.26487335562705994,1,0.1814551055431366,1.2432758808135986,0.26487335562705994,1,0.20055563747882843,1.3117902278900146,0.26487335562705994,1,0.21965618431568146,1.3666565418243408,0.26487335562705994,1,0.2387567162513733,1.408511996269226,0.26487335562705994,1,0.2578572630882263,1.437994360923767,0.26487335562705994,1,0.27695778012275696,1.455741047859192,0.26487335562705994,1,0.29605832695961,1.462389588356018,0.26487335562705994,1,0.315158873796463,1.4585773944854736,0.26487335562705994,1,0.33425942063331604,1.444941759109497,0.26487335562705994,1,0.3533599376678467,1.4221206903457642,0.26487335562705994,1,0.3724604845046997,1.3907513618469238,0.26487335562705994,1,0.39156103134155273,1.3514715433120728,0.26487335562705994,1,0.4106615483760834,1.3049179315567017,0.26487335562705994,1,0.4297620952129364,1.2517292499542236,0.26487335562705994,1,0.44886264204978943,1.192541480064392,0.26487335562705994,1,0.46796315908432007,1.1279937028884888,0.26487335562705994,1,0.4870637059211731,1.0587223768234253,0.26487335562705994,1,0.5061642527580261,0.9853653311729431,0.26487335562705994,1,0.5252647995948792,0.9085603356361389,0.26487335562705994,1,0.5443653464317322,0.8289440870285034,0.26487335562705994,1,0.5634658336639404,0.7471551895141602,0.26487335562705994,1,0.5825663805007935,0.6638292670249939,0.26487335562705994,1,0.6016669273376465,0.5796061158180237,0.26487335562705994,1,0.6207674741744995,0.49512168765068054,0.26487335562705994,1,0.6398680210113525,0.4110143780708313,0.26487335562705994,1,0.6589685678482056,0.3279210329055786,0.26487335562705994,1,0.6780690550804138,0.24647849798202515,0.26487335562705994,1,0.6971696019172668,0.16732586920261383,0.26487335562705994,1,0.7162701487541199,0.09110069274902344,0.26487335562705994,1,0.7353706955909729,0.018438613042235374,0.26487335562705994,1,0.7544712424278259,-0.05002237483859062,0.26487335562705994,1,0.773571789264679,-0.11364234238862991,0.26487335562705994,1,0.792672336101532,-0.17178718745708466,0.26487335562705994,1,0.8117728233337402,-0.22381775081157684,0.26487335562705994,1,0.8308733701705933,-0.2690962553024292,0.26487335562705994,1,0.8499739170074463,-0.30698567628860474,0.26487335562705994,1,0.8690744638442993,-0.33684974908828735,0.26487335562705994,1,0.8881750106811523,-0.3580476641654968,0.26487335562705994,1,0.9072755575180054,-0.36994531750679016,0.26487335562705994,1,0.9263760447502136,-0.37190449237823486,0.26487335562705994,1,0.9454765915870667,-0.3632845878601074,0.26487335562705994,1,0.9645771384239197,-0.3434532880783081,0.26487335562705994,1,0.9836776852607727,-0.31176868081092834,0.26487335562705994,1,1.002778172492981,-0.2675955593585968,0.26487335562705994,1,1.021878719329834,-0.21029511094093323,0.26487335562705994,1,1.040979266166687,-0.13923507928848267,0.26487335562705994,1,1.06007981300354,-0.053767863661050797,0.26487335562705994,1,1.079180359840393,0.046734876930713654,0.26487335562705994,1,1.098280906677246,0.1629152148962021,0.26487335562705994,1,1.1173814535140991,0.29540911316871643,0.26487335562705994,1,1.1364820003509521,0.4448564648628235,0.26487335562705994,1,1.1555825471878052,0.6118913292884827,0.26487335562705994,1,1.1746830940246582,0.7971518635749817,0.26487335562705994,1,1.1937836408615112,1.001278042793274,0.26487335562705994,1,1.2128841876983643,1.2249058485031128,0.26487335562705994,1,0.00852162390947342,-0.14139533042907715,0.2645774185657501,1,0.025564871728420258,0.14016200602054596,0.2645774185657501,1,0.042608119547367096,0.40031933784484863,0.2645774185657501,1,0.059651367366313934,0.639702558517456,0.2645774185657501,1,0.07669461518526077,0.858937680721283,0.2645774185657501,1,0.09373786300420761,1.0586506128311157,0.2645774185657501,1,0.11078111082315445,1.2394675016403198,0.2645774185657501,1,0.12782436609268188,1.402014136314392,0.2645774185657501,1,0.14486759901046753,1.5469164848327637,0.2645774185657501,1,0.16191086173057556,1.6748006343841553,0.2645774185657501,1,0.1789540946483612,1.7862920761108398,0.2645774185657501,1,0.19599735736846924,1.882017731666565,0.2645774185657501,1,0.21304059028625488,1.9626024961471558,0.2645774185657501,1,0.23008385300636292,2.0286731719970703,0.2645774185657501,1,0.24712708592414856,2.080855131149292,0.2645774185657501,1,0.2641703486442566,2.119774580001831,0.2645774185657501,1,0.28121358156204224,2.1460580825805664,0.2645774185657501,1,0.29825684428215027,2.1603305339813232,0.2645774185657501,1,0.3153000771999359,2.1632182598114014,0.2645774185657501,1,0.33234333992004395,2.1553473472595215,0.2645774185657501,1,0.3493865728378296,2.1373443603515625,0.2645774185657501,1,0.3664298355579376,2.1098341941833496,0.2645774185657501,1,0.38347306847572327,2.0734431743621826,0.2645774185657501,1,0.4005163311958313,2.0287973880767822,0.2645774185657501,1,0.41755956411361694,1.9765228033065796,0.2645774185657501,1,0.434602826833725,1.9172453880310059,0.2645774185657501,1,0.4516460597515106,1.8515914678573608,0.2645774185657501,1,0.46868932247161865,1.7801856994628906,0.2645774185657501,1,0.4857325553894043,1.7036559581756592,0.2645774185657501,1,0.5027757883071899,1.6226261854171753,0.2645774185657501,1,0.5198190808296204,1.537724494934082,0.2645774185657501,1,0.536862313747406,1.4495753049850464,0.2645774185657501,1,0.5539055466651917,1.3588041067123413,0.2645774185657501,1,0.5709487795829773,1.2660393714904785,0.2645774185657501,1,0.5879920721054077,1.1719034910202026,0.2645774185657501,1,0.6050353050231934,1.0770267248153687,0.2645774185657501,1,0.622078537940979,0.9820320010185242,0.2645774185657501,1,0.6391217708587646,0.8875444531440735,0.2645774185657501,1,0.6561650633811951,0.794192910194397,0.2645774185657501,1,0.6732082962989807,0.7026022672653198,0.2645774185657501,1,0.6902515292167664,0.6133975982666016,0.2645774185657501,1,0.707294762134552,0.5272051692008972,0.2645774185657501,1,0.7243380546569824,0.4446520209312439,0.2645774185657501,1,0.7413812875747681,0.3663631081581116,0.2645774185657501,1,0.7584245204925537,0.2929638922214508,0.2645774185657501,1,0.7754677534103394,0.22508187592029572,0.2645774185657501,1,0.7925110459327698,0.163343146443367,0.2645774185657501,1,0.8095542788505554,0.10837142169475555,0.2645774185657501,1,0.8265975117683411,0.06079564616084099,0.2645774185657501,1,0.8436407446861267,0.021238528192043304,0.2645774185657501,1,0.8606840372085571,-0.009672539308667183,0.2645774185657501,1,0.8777272701263428,-0.03131132572889328,0.2645774185657501,1,0.8947705030441284,-0.043051693588495255,0.2645774185657501,1,0.9118137359619141,-0.04426654800772667,0.2645774185657501,1,0.9288570284843445,-0.034331660717725754,0.2645774185657501,1,0.9459002614021301,-0.012623309157788754,0.2645774185657501,1,0.9629434943199158,0.021488409489393234,0.2645774185657501,1,0.9799867272377014,0.0686296820640564,0.2645774185657501,1,0.9970300197601318,0.12942534685134888,0.2645774185657501,1,1.0140732526779175,0.2044984996318817,0.2645774185657501,1,1.0311164855957031,0.2944771349430084,0.2645774185657501,1,1.0481597185134888,0.3999893367290497,0.2645774185657501,1,1.0652029514312744,0.5216580629348755,0.2645774185657501,1,1.08224618434906,0.6601114869117737,0.2645774185657501,1,0.008623998612165451,0.02023068442940712,0.29892274737358093,1,0.025871995836496353,0.04137212783098221,0.29892274737358093,1,0.043119993060827255,0.0609411858022213,0.29892274737358093,1,0.06036799028515816,0.07899586111307144,0.29892274737358093,1,0.07761599123477936,0.09559415280818939,0.29892274737358093,1,0.09486398100852966,0.1107940524816513,0.29892274737358093,1,0.11211198568344116,0.12465360015630722,0.29892274737358093,1,0.12935997545719147,0.1372307538986206,0.29892274737358093,1,0.14660798013210297,0.1485835462808609,0.29892274737358093,1,0.16385596990585327,0.15876996517181396,0.29892274737358093,1,0.18110397458076477,0.16784803569316864,0.29892274737358093,1,0.19835196435451508,0.1758757084608078,0.29892274737358093,1,0.21559996902942657,0.18291108310222626,0.29892274737358093,1,0.23284795880317688,0.1890120506286621,0.29892274737358093,1,0.2500959634780884,0.19423671066761017,0.29892274737358093,1,0.2673439681529999,0.19864299893379211,0.29892274737358093,1,0.284591943025589,0.20228895545005798,0.29892274737358093,1,0.3018399477005005,0.20523257553577423,0.29892274737358093,1,0.319087952375412,0.20753183960914612,0.29892274737358093,1,0.3363359570503235,0.2092447578907013,0.29892274737358093,1,0.3535839319229126,0.210429385304451,0.29892274737358093,1,0.3708319365978241,0.21114367246627808,0.29892274737358093,1,0.3880799412727356,0.21144558489322662,0.29892274737358093,1,0.4053279459476471,0.21139323711395264,0.29892274737358093,1,0.4225759208202362,0.2110445648431778,0.29892274737358093,1,0.4398239254951477,0.21045757830142975,0.29892274737358093,1,0.4570719301700592,0.20969021320343018,0.29892274737358093,1,0.4743199348449707,0.20880062878131866,0.29892274737358093,1,0.4915679097175598,0.20784670114517212,0.29892274737358093,1,0.5088159441947937,0.20688645541667938,0.29892274737358093,1,0.5260639190673828,0.20597794651985168,0.29892274737358093,1,0.5433118939399719,0.2051791250705719,0.29892274737358093,1,0.5605599284172058,0.20454803109169006,0.29892274737358093,1,0.5778079032897949,0.20414264500141144,0.29892274737358093,1,0.595055878162384,0.20402094721794128,0.29892274737358093,1,0.6123039126396179,0.20424096286296844,0.29892274737358093,1,0.629551887512207,0.20486071705818176,0.29892274737358093,1,0.6467999219894409,0.2059382051229477,0.29892274737358093,1,0.66404789686203,0.20753146708011627,0.29892274737358093,1,0.6812958717346191,0.20969833433628082,0.29892274737358093,1,0.698543906211853,0.2124970406293869,0.29892274737358093,1,0.7157918810844421,0.2159854620695114,0.29892274737358093,1,0.7330398559570312,0.22022151947021484,0.29892274737358093,1,0.7502878904342651,0.22526347637176514,0.29892274737358093,1,0.7675358653068542,0.23116905987262726,0.29892274737358093,1,0.7847838997840881,0.2379964292049408,0.29892274737358093,1,0.8020318746566772,0.24580366909503937,0.29892274737358093,1,0.8192798495292664,0.2546483874320984,0.29892274737358093,1,0.8365278840065002,0.26458901166915894,0.29892274737358093,1,0.8537758588790894,0.27568352222442627,0.29892274737358093,1,0.8710238337516785,0.2879897654056549,0.29892274737358093,1,0.8882718682289124,0.30156564712524414,0.29892274737358093,1,0.9055198431015015,0.31646937131881714,0.29892274737358093,1,0.9227678775787354,0.33275893330574036,0.29892274737358093,1,0.9400158524513245,0.3504921793937683,0.29892274737358093,1,0.9572638273239136,0.36972716450691223,0.29892274737358093,1,0.9745118618011475,0.3905220925807953,0.29892274737358093,1,0.9917598366737366,0.4129347503185272,0.29892274737358093,1,1.0090078115463257,0.437022864818573,0.29892274737358093,1,1.0262558460235596,0.4628455340862274,0.29892274737358093,1,1.0435038805007935,0.49045953154563904,0.29892274737358093,1,1.0607517957687378,0.519923210144043,0.29892274737358093,1,1.0779998302459717,0.5512948632240295,0.29892274737358093,1,1.0952478647232056,0.5846322774887085,0.29892274737358093,1,0,0,0,0,0,0,0,0,0,0,0,0,0,0,0,0,0,0,0,0,0,0,0,0,0,0,0,0,0,0,0,0,0,0,0,0,0,0,0,0,0,0,0,0,0,0,0,0,0,0,0,0,0,0,0,0,0,0,0,0,0,0,0,0,0,0,0,0,0,0,0,0,0,0,0,0,0,0,0,0,0,0,0,0,0,0,0,0,0,0,0,0,0,0,0,0,0,0,0,0,0,0,0,0,0,0,0,0,0,0,0,0,0,0,0,0,0,0,0,0,0,0,0,0,0,0,0,0,0,0,0,0,0,0,0,0,0,0,0,0,0,0,0,0,0,0,0,0,0,0,0,0,0,0,0,0,0,0,0,0,0,0,0,0,0,0,0,0,0,0,0,0,0,0,0,0,0,0,0,0,0,0,0,0,0,0,0,0,0,0,0,0,0,0,0,0,0,0,0,0,0,0,0,0,0,0,0,0,0,0,0,0,0,0,0,0,0,0,0,0,0,0,0,0,0,0,0,0,0,0,0,0,0,0,0,0,0,0,0,0,0,0,0,0,0,0,0,0,0,0,0,0,0,0,0,0,0.007609994150698185,-0.014604203402996063,0.2333543747663498,1,0.02282998338341713,-0.004124322906136513,0.2333543747663498,1,0.03804996982216835,0.003276152303442359,0.2333543747663498,1,0.05326995998620987,0.007743001449853182,0.2333543747663498,1,0.06848994642496109,0.009422005154192448,0.2333543747663498,1,0.08370993286371231,0.008458941243588924,0.2333543747663498,1,0.09892992675304413,0.004999591037631035,0.2333543747663498,1,0.11414991319179535,-0.0008102740393951535,0.2333543747663498,1,0.12936989963054657,-0.00882485881447792,0.2333543747663498,1,0.1445898860692978,-0.018898408859968185,0.2333543747663498,1,0.159809872508049,-0.030885115265846252,0.2333543747663498,1,0.17502985894680023,-0.044639211148023605,0.2333543747663498,1,0.19024986028671265,-0.06001495197415352,0.2333543747663498,1,0.20546984672546387,-0.07686648517847061,0.2333543747663498,1,0.2206898331642151,-0.09504810720682144,0.2333543747663498,1,0.2359098196029663,-0.11441397666931152,0.2333543747663498,1,0.25112980604171753,-0.13481836020946503,0.2333543747663498,1,0.26634979248046875,-0.15611548721790314,0.2333543747663498,1,0.28156977891921997,-0.17815949022769928,0.2333543747663498,1,0.2967897653579712,-0.20080465078353882,0.2333543747663498,1,0.3120097517967224,-0.22390523552894592,0.2333543747663498,1,0.32722973823547363,-0.2473154515028,0.2333543747663498,1,0.34244972467422485,-0.2708894610404968,0.2333543747663498,1,0.3576697111129761,-0.29448142647743225,0.2333543747663498,1,0.3728897273540497,-0.31794577836990356,0.2333543747663498,1,0.3881097137928009,-0.3411366045475006,0.2333543747663498,1,0.4033297002315521,-0.36390814185142517,0.2333543747663498,1,0.41854968667030334,-0.38611453771591187,0.2333543747663498,1,0.43376967310905457,-0.4076100289821625,0.2333543747663498,1,0.4489896595478058,-0.4282490313053131,0.2333543747663498,1,0.464209645986557,-0.44788557291030884,0.2333543747663498,1,0.4794296324253082,-0.4663738012313843,0.2333543747663498,1,0.49464961886405945,-0.4835682213306427,0.2333543747663498,1,0.5098696351051331,-0.49932289123535156,0.2333543747663498,1,0.5250896215438843,-0.5134919881820679,0.2333543747663498,1,0.5403096079826355,-0.5259296894073486,0.2333543747663498,1,0.5555295944213867,-0.5364904999732971,0.2333543747663498,1,0.5707495808601379,-0.5450283288955688,0.2333543747663498,1,0.5859695672988892,-0.5513973236083984,0.2333543747663498,1,0.6011895537376404,-0.5554522275924683,0.2333543747663498,1,0.6164095401763916,-0.5570467710494995,0.2333543747663498,1,0.6316295266151428,-0.5560353994369507,0.2333543747663498,1,0.646849513053894,-0.5522723197937012,0.2333543747663498,1,0.6620694994926453,-0.5456115007400513,0.2333543747663498,1,0.6772894859313965,-0.5359072685241699,0.2333543747663498,1,0.6925094723701477,-0.52301424741745,0.2333543747663498,1,0.7077294588088989,-0.5067862868309021,0.2333543747663498,1,0.7229494452476501,-0.4870774447917938,0.2333543747663498,1,0.7381694316864014,-0.46374258399009705,0.2333543747663498,1,0.7533894181251526,-0.4366350769996643,0.2333543747663498,1,0.7686094045639038,-0.40560993552207947,0.2333543747663498,1,0.783829391002655,-0.3705206513404846,0.2333543747663498,1,0.7990493774414062,-0.3312220871448517,0.2333543747663498,1,0.8142693638801575,-0.287568062543869,0.2333543747663498,1,0.8294893503189087,-0.23941302299499512,0.2333543747663498,1,0.8447093367576599,-0.18661107122898102,0.2333543747663498,1,0.8599293231964111,-0.12901638448238373,0.2333543747663498,1,0.8751493096351624,-0.06648348271846771,0.2333543747663498,1,0.8903692960739136,0.001133799902163446,0.2333543747663498,1,0.9055892825126648,0.07398092746734619,0.2333543747663498,1,0.920809268951416,0.15220454335212708,0.2333543747663498,1,0.9360292553901672,0.23594868183135986,0.2333543747663498,1,0.9512492418289185,0.3253610134124756,0.2333543747663498,1,0.9664692282676697,0.4205859303474426,0.2333543747663498,1,0.008978135883808136,-0.016223691403865814,0.35624992847442627,1,0.026934407651424408,-0.02856440469622612,0.35624992847442627,1,0.04489067941904068,-0.041923489421606064,0.35624992847442627,1,0.06284695118665695,-0.05621212720870972,0.35624992847442627,1,0.08080322295427322,-0.07134149223566055,0.35624992847442627,1,0.0987594947218895,-0.08722275495529175,0.35624992847442627,1,0.11671576648950577,-0.10376708954572678,0.35624992847442627,1,0.13467204570770264,-0.1208856999874115,0.35624992847442627,1,0.15262830257415771,-0.1384897083044052,0.35624992847442627,1,0.17058458924293518,-0.15649035573005676,0.35624992847442627,1,0.18854084610939026,-0.17479874193668365,0.35624992847442627,1,0.20649713277816772,-0.19332613050937653,0.35624992847442627,1,0.2244533896446228,-0.21198362112045288,0.35624992847442627,1,0.24240967631340027,-0.23068243265151978,0.35624992847442627,1,0.26036593317985535,-0.2493337243795395,0.35624992847442627,1,0.2783222198486328,-0.2678487002849579,0.35624992847442627,1,0.2962784767150879,-0.2861384451389313,0.35624992847442627,1,0.31423476338386536,-0.3041142523288727,0.35624992847442627,1,0.33219102025032043,-0.3216872215270996,0.35624992847442627,1,0.3501473069190979,-0.3387685716152191,0.35624992847442627,1,0.368103563785553,-0.35526949167251587,0.35624992847442627,1,0.38605985045433044,-0.371101051568985,0.35624992847442627,1,0.4040161073207855,-0.38617458939552307,0.35624992847442627,1,0.421972393989563,-0.40040114521980286,0.35624992847442627,1,0.43992865085601807,-0.413691908121109,0.35624992847442627,1,0.45788493752479553,-0.42595818638801575,0.35624992847442627,1,0.4758411943912506,-0.4371110200881958,0.35624992847442627,1,0.4937974810600281,-0.44706159830093384,0.35624992847442627,1,0.5117537379264832,-0.45572108030319214,0.35624992847442627,1,0.5297099947929382,-0.46300071477890015,0.35624992847442627,1,0.5476663112640381,-0.4688117206096649,0.35624992847442627,1,0.5656225681304932,-0.4730651080608368,0.35624992847442627,1,0.5835788249969482,-0.47567218542099,0.35624992847442627,1,0.6015350818634033,-0.47654402256011963,0.35624992847442627,1,0.6194913983345032,-0.4755919277667999,0.35624992847442627,1,0.6374476552009583,-0.4727270305156708,0.35624992847442627,1,0.6554039120674133,-0.46786046028137207,0.35624992847442627,1,0.6733601689338684,-0.4609034061431885,0.35624992847442627,1,0.6913164854049683,-0.4517669975757599,0.35624992847442627,1,0.7092727422714233,-0.4403625428676605,0.35624992847442627,1,0.7272289991378784,-0.42660123109817505,0.35624992847442627,1,0.7451852560043335,-0.41039398312568665,0.35624992847442627,1,0.7631415724754333,-0.3916521966457367,0.35624992847442627,1,0.7810978293418884,-0.3702869415283203,0.35624992847442627,1,0.7990540862083435,-0.3462095260620117,0.35624992847442627,1,0.8170103430747986,-0.3193310797214508,0.35624992847442627,1,0.8349666595458984,-0.2895625829696655,0.35624992847442627,1,0.8529229164123535,-0.256815642118454,0.35624992847442627,1,0.8708791732788086,-0.22100098431110382,0.35624992847442627,1,0.8888354301452637,-0.18202991783618927,0.35624992847442627,1,0.9067917466163635,-0.13981357216835022,0.35624992847442627,1,0.9247480034828186,-0.09426356106996536,0.35624992847442627,1,0.9427042603492737,-0.04529046639800072,0.35624992847442627,1,0.9606605172157288,0.00719410041347146,0.35624992847442627,1,0.9786168336868286,0.06327944993972778,0.35624992847442627,1,0.9965730905532837,0.12305375188589096,0.35624992847442627,1,1.0145293474197388,0.18660642206668854,0.35624992847442627,1,1.0324856042861938,0.2540261149406433,0.35624992847442627,1,1.050441861152649,0.3254011869430542,0.35624992847442627,1,1.068398118019104,0.40082094073295593,0.35624992847442627,1,1.0863544940948486,0.48037490248680115,0.35624992847442627,1,1.1043107509613037,0.5641504526138306,0.35624992847442627,1,1.1222670078277588,0.6522371172904968,0.35624992847442627,1,1.1402232646942139,0.744723916053772,0.35624992847442627,1,0.00955026876181364,-0.09270801395177841,0.26487335562705994,1,0.028650805354118347,0.12731271982192993,0.26487335562705994,1,0.04775134474039078,0.3279345631599426,0.26487335562705994,1,0.06685188412666321,0.5097957849502563,0.26487335562705994,1,0.08595241606235504,0.6735346913337708,0.26487335562705994,1,0.10505295544862747,0.819789707660675,0.26487335562705994,1,0.1241534948348999,0.9491990804672241,0.26487335562705994,1,0.14325402677059174,1.062401294708252,0.26487335562705994,1,0.16235457360744476,1.1600345373153687,0.26487335562705994,1,0.1814551055431366,1.2427369356155396,0.26487335562705994,1,0.20055563747882843,1.3111470937728882,0.26487335562705994,1,0.21965618431568146,1.3659034967422485,0.26487335562705994,1,0.2387567162513733,1.4076441526412964,0.26487335562705994,1,0.2578572630882263,1.4370074272155762,0.26487335562705994,1,0.27695778012275696,1.4546318054199219,0.26487335562705994,1,0.29605832695961,1.461155652999878,0.26487335562705994,1,0.315158873796463,1.4572168588638306,0.26487335562705994,1,0.33425942063331604,1.4434541463851929,0.26487335562705994,1,0.3533599376678467,1.4205057621002197,0.26487335562705994,1,0.3724604845046997,1.3890101909637451,0.26487335562705994,1,0.39156103134155273,1.3496057987213135,0.26487335562705994,1,0.4106615483760834,1.3029301166534424,0.26487335562705994,1,0.4297620952129364,1.2496228218078613,0.26487335562705994,1,0.44886264204978943,1.190320611000061,0.26487335562705994,1,0.46796315908432007,1.12566339969635,0.26487335562705994,1,0.4870637059211731,1.056288719177246,0.26487335562705994,1,0.5061642527580261,0.9828348755836487,0.26487335562705994,1,0.5252647995948792,0.9059406518936157,0.26487335562705994,1,0.5443653464317322,0.8262436985969543,0.26487335562705994,1,0.5634658336639404,0.7443832755088806,0.26487335562705994,1,0.5825663805007935,0.6609958410263062,0.26487335562705994,1,0.6016669273376465,0.576722264289856,0.26487335562705994,1,0.6207674741744995,0.4921989440917969,0.26487335562705994,1,0.6398680210113525,0.40806540846824646,0.26487335562705994,1,0.6589685678482056,0.32495906949043274,0.26487335562705994,1,0.6780690550804138,0.24351805448532104,0.26487335562705994,1,0.6971696019172668,0.16438186168670654,0.26487335562705994,1,0.7162701487541199,0.08818887174129486,0.26487335562705994,1,0.7353706955909729,0.015576504170894623,0.26487335562705994,1,0.7544712424278259,-0.05281735956668854,0.26487335562705994,1,0.773571789264679,-0.11635243147611618,0.26487335562705994,1,0.792672336101532,-0.17439281940460205,0.26487335562705994,1,0.8117728233337402,-0.226298525929451,0.26487335562705994,1,0.8308733701705933,-0.27143141627311707,0.26487335562705994,1,0.8499739170074463,-0.30915409326553345,0.26487335562705994,1,0.8690744638442993,-0.33882662653923035,0.26487335562705994,1,0.8881750106811523,-0.3598111569881439,0.26487335562705994,1,0.9072755575180054,-0.3714717924594879,0.26487335562705994,1,0.9263760447502136,-0.37316760420799255,0.26487335562705994,1,0.9454765915870667,-0.3642599582672119,0.26487335562705994,1,0.9645771384239197,-0.34411194920539856,0.26487335562705994,1,0.9836776852607727,-0.3120846152305603,0.26487335562705994,1,1.002778172492981,-0.26753997802734375,0.26487335562705994,1,1.021878719329834,-0.20983843505382538,0.26487335562705994,1,1.040979266166687,-0.13834688067436218,0.26487335562705994,1,1.06007981300354,-0.0524178147315979,0.26487335562705994,1,1.079180359840393,0.04857983440160751,0.26487335562705994,1,1.098280906677246,0.1652870625257492,0.26487335562705994,1,1.1173814535140991,0.29834067821502686,0.26487335562705994,1,1.1364820003509521,0.44838330149650574,0.26487335562705994,1,1.1555825471878052,0.6160479784011841,0.26487335562705994,1,1.1746830940246582,0.8019736409187317,0.26487335562705994,1,1.1937836408615112,1.0068011283874512,0.26487335562705994,1,1.2128841876983643,1.2311691045761108,0.26487335562705994,1,0.00852162390947342,-0.14139676094055176,0.2645774185657501,1,0.025564871728420258,0.1401492804288864,0.2645774185657501,1,0.042608119547367096,0.4002845883369446,0.2645774185657501,1,0.059651367366313934,0.6396356225013733,0.2645774185657501,1,0.07669461518526077,0.8588290810585022,0.2645774185657501,1,0.09373786300420761,1.0584913492202759,0.2645774185657501,1,0.11078111082315445,1.2392492294311523,0.2645774185657501,1,0.12782436609268188,1.4017291069030762,0.2645774185657501,1,0.14486759901046753,1.5465575456619263,0.2645774185657501,1,0.16191086173057556,1.674361228942871,0.2645774185657501,1,0.1789540946483612,1.7857661247253418,0.2645774185657501,1,0.19599735736846924,1.8813999891281128,0.2645774185657501,1,0.21304059028625488,1.9618881940841675,0.2645774185657501,1,0.23008385300636292,2.027858018875122,0.2645774185657501,1,0.24712708592414856,2.0799355506896973,0.2645774185657501,1,0.2641703486442566,2.1187477111816406,0.2645774185657501,1,0.28121358156204224,2.144921064376831,0.2645774185657501,1,0.29825684428215027,2.1590819358825684,0.2645774185657501,1,0.3153000771999359,2.1618568897247314,0.2645774185657501,1,0.33234333992004395,2.153872489929199,0.2645774185657501,1,0.3493865728378296,2.135755777359009,0.2645774185657501,1,0.3664298355579376,2.108132839202881,0.2645774185657501,1,0.38347306847572327,2.0716300010681152,0.2645774185657501,1,0.4005163311958313,2.02687406539917,0.2645774185657501,1,0.41755956411361694,1.9744917154312134,0.2645774185657501,1,0.434602826833725,1.915109395980835,0.2645774185657501,1,0.4516460597515106,1.8493542671203613,0.2645774185657501,1,0.46868932247161865,1.7778514623641968,0.2645774185657501,1,0.4857325553894043,1.7012293338775635,0.2645774185657501,1,0.5027757883071899,1.6201122999191284,0.2645774185657501,1,0.5198190808296204,1.5351293087005615,0.2645774185657501,1,0.536862313747406,1.4469053745269775,0.2645774185657501,1,0.5539055466651917,1.3560669422149658,0.2645774185657501,1,0.5709487795829773,1.2632421255111694,0.2645774185657501,1,0.5879920721054077,1.169054627418518,0.2645774185657501,1,0.6050353050231934,1.0741349458694458,0.2645774185657501,1,0.622078537940979,0.9791072607040405,0.2645774185657501,1,0.6391217708587646,0.8845962285995483,0.2645774185657501,1,0.6561650633811951,0.7912321090698242,0.2645774185657501,1,0.6732082962989807,0.6996402740478516,0.2645774185657501,1,0.6902515292167664,0.610446035861969,0.2645774185657501,1,0.707294762134552,0.5242765545845032,0.2645774185657501,1,0.7243380546569824,0.4417591392993927,0.2645774185657501,1,0.7413812875747681,0.36352023482322693,0.2645774185657501,1,0.7584245204925537,0.29018494486808777,0.2645774185657501,1,0.7754677534103394,0.2223818451166153,0.2645774185657501,1,0.7925110459327698,0.16073669493198395,0.2645774185657501,1,0.8095542788505554,0.1058746948838234,0.2645774185657501,1,0.8265975117683411,0.058425430208444595,0.2645774185657501,1,0.8436407446861267,0.019013144075870514,0.2645774185657501,1,0.8606840372085571,-0.011737031862139702,0.2645774185657501,1,0.8777272701263428,-0.03319541737437248,0.2645774185657501,1,0.8947705030441284,-0.044736236333847046,0.2645774185657501,1,0.9118137359619141,-0.04573274776339531,0.2645774185657501,1,0.9288570284843445,-0.03556108474731445,0.2645774185657501,1,0.9459002614021301,-0.013591211289167404,0.2645774185657501,1,0.9629434943199158,0.02080165036022663,0.2645774185657501,1,0.9799867272377014,0.06824618577957153,0.2645774185657501,1,0.9970300197601318,0.1293659210205078,0.2645774185657501,1,1.0140732526779175,0.20478837192058563,0.2645774185657501,1,1.0311164855957031,0.29514020681381226,0.2645774185657501,1,1.0481597185134888,0.4010481834411621,0.2645774185657501,1,1.0652029514312744,0.5231378078460693,0.2645774185657501,1,1.08224618434906,0.6620377898216248,0.2645774185657501,1,0.008623998612165451,0.02022920921444893,0.29892274737358093,1,0.025871995836496353,0.04135908558964729,0.29892274737358093,1,0.043119993060827255,0.06090560182929039,0.29892274737358093,1,0.06036799028515816,0.07892736792564392,0.29892274737358093,1,0.07761599123477936,0.09548301994800568,0.29892274737358093,1,0.09486398100852966,0.11063114553689957,0.29892274737358093,1,0.11211198568344116,0.12443039566278458,0.29892274737358093,1,0.12935997545719147,0.13693936169147491,0.29892274737358093,1,0.14660798013210297,0.14821669459342957,0.29892274737358093,1,0.16385596990585327,0.15832097828388214,0.29892274737358093,1,0.18110397458076477,0.16731087863445282,0.29892274737358093,1,0.19835196435451508,0.17524492740631104,0.29892274737358093,1,0.21559996902942657,0.18218185007572174,0.29892274737358093,1,0.23284795880317688,0.18818016350269318,0.29892274737358093,1,0.2500959634780884,0.19329862296581268,0.29892274737358093,1,0.2673439681529999,0.19759570062160492,0.29892274737358093,1,0.284591943025589,0.20113009214401245,0.29892274737358093,1,0.3018399477005005,0.20396043360233307,0.29892274737358093,1,0.319087952375412,0.2061452567577362,0.29892274737358093,1,0.3363359570503235,0.20774325728416443,0.29892274737358093,1,0.3535839319229126,0.20881305634975433,0.29892274737358093,1,0.3708319365978241,0.20941326022148132,0.29892274737358093,1,0.3880799412727356,0.20960241556167603,0.29892274737358093,1,0.4053279459476471,0.2094392627477646,0.29892274737358093,1,0.4225759208202362,0.20898234844207764,0.29892274737358093,1,0.4398239254951477,0.20829030871391296,0.29892274737358093,1,0.4570719301700592,0.2074216902256012,0.29892274737358093,1,0.4743199348449707,0.20643527805805206,0.29892274737358093,1,0.4915679097175598,0.2053895741701126,0.29892274737358093,1,0.5088159441947937,0.20434316992759705,0.29892274737358093,1,0.5260639190673828,0.20335477590560913,0.29892274737358093,1,0.5433118939399719,0.2024829387664795,0.29892274737358093,1,0.5605599284172058,0.2017863541841507,0.29892274737358093,1,0.5778079032897949,0.20132355391979218,0.29892274737358093,1,0.595055878162384,0.2011532038450241,0.29892274737358093,1,0.6123039126396179,0.2013338953256607,0.29892274737358093,1,0.629551887512207,0.20192429423332214,0.29892274737358093,1,0.6467999219894409,0.20298297703266144,0.29892274737358093,1,0.66404789686203,0.20456863939762115,0.29892274737358093,1,0.6812958717346191,0.20673972368240356,0.29892274737358093,1,0.698543906211853,0.20955504477024078,0.29892274737358093,1,0.7157918810844421,0.21307311952114105,0.29892274737358093,1,0.7330398559570312,0.21735255420207977,0.29892274737358093,1,0.7502878904342651,0.22245202958583832,0.29892274737358093,1,0.7675358653068542,0.2284301072359085,0.29892274737358093,1,0.7847838997840881,0.23534545302391052,0.29892274737358093,1,0.8020318746566772,0.24325674772262573,0.29892274737358093,1,0.8192798495292664,0.2522223889827728,0.29892274737358093,1,0.8365278840065002,0.26230117678642273,0.29892274737358093,1,0.8537758588790894,0.2735517621040344,0.29892274737358093,1,0.8710238337516785,0.2860327363014221,0.29892274737358093,1,0.8882718682289124,0.29980260133743286,0.29892274737358093,1,0.9055198431015015,0.31492000818252563,0.29892274737358093,1,0.9227678775787354,0.3314436674118042,0.29892274737358093,1,0.9400158524513245,0.3494321405887604,0.29892274737358093,1,0.9572638273239136,0.3689440190792084,0.29892274737358093,1,0.9745118618011475,0.39003804326057434,0.29892274737358093,1,0.9917598366737366,0.41277259588241577,0.29892274737358093,1,1.0090078115463257,0.43720629811286926,0.29892274737358093,1,1.0262558460235596,0.4633985459804535,0.29892274737358093,1,1.0435038805007935,0.49140694737434387,0.29892274737358093,1,1.0607517957687378,0.5212903618812561,0.29892274737358093,1,1.0779998302459717,0.553107738494873,0.29892274737358093,1,1.0952478647232056,0.5869174003601074,0.29892274737358093,1,0,0,0,0,0,0,0,0,0,0,0,0,0,0,0,0,0,0,0,0,0,0,0,0,0,0,0,0,0,0,0,0,0,0,0,0,0,0,0,0,0,0,0,0,0,0,0,0,0,0,0,0,0,0,0,0,0,0,0,0,0,0,0,0,0,0,0,0,0,0,0,0,0,0,0,0,0,0,0,0,0,0,0,0,0,0,0,0,0,0,0,0,0,0,0,0,0,0,0,0,0,0,0,0,0,0,0,0,0,0,0,0,0,0,0,0,0,0,0,0,0,0,0,0,0,0,0,0,0,0,0,0,0,0,0,0,0,0,0,0,0,0,0,0,0,0,0,0,0,0,0,0,0,0,0,0,0,0,0,0,0,0,0,0,0,0,0,0,0,0,0,0,0,0,0,0,0,0,0,0,0,0,0,0,0,0,0,0,0,0,0,0,0,0,0,0,0,0,0,0,0,0,0,0,0,0,0,0,0,0,0,0,0,0,0,0,0,0,0,0,0,0,0,0,0,0,0,0,0,0,0,0,0,0,0,0,0,0,0,0,0,0,0,0,0,0,0,0,0,0,0,0,0,0,0,0,0.007609994150698185,-0.014604211784899235,0.26148080825805664,1,0.02282998338341713,-0.004124560859054327,0.26148080825805664,1,0.03804996982216835,0.003275050548836589,0.26148080825805664,1,0.05326995998620987,0.007739977911114693,0.26148080825805664,1,0.06848994642496109,0.0094155790284276,0.26148080825805664,1,0.08370993286371231,0.008447209373116493,0.26148080825805664,1,0.09892992675304413,0.0049802265129983425,0.26148080825805664,1,0.11414991319179535,-0.0008400219376198947,0.26148080825805664,1,0.12936989963054657,-0.008868163451552391,0.26148080825805664,1,0.1445898860692978,-0.018958866596221924,0.26148080825805664,1,0.159809872508049,-0.030966741964221,0.26148080825805664,1,0.17502985894680023,-0.04474645480513573,0.26148080825805664,1,0.19024986028671265,-0.06015267223119736,0.26148080825805664,1,0.20546984672546387,-0.07703997939825058,0.26148080825805664,1,0.2206898331642151,-0.09526307135820389,0.26148080825805664,1,0.2359098196029663,-0.11467655748128891,0.26148080825805664,1,0.25112980604171753,-0.13513511419296265,0.26148080825805664,1,0.26634979248046875,-0.1564933955669403,0.26148080825805664,1,0.28156977891921997,-0.17860595881938934,0.26148080825805664,1,0.2967897653579712,-0.20132750272750854,0.26148080825805664,1,0.3120097517967224,-0.2245127260684967,0.26148080825805664,1,0.32722973823547363,-0.24801623821258545,0.26148080825805664,1,0.34244972467422485,-0.2716926336288452,0.26148080825805664,1,0.3576697111129761,-0.2953965365886688,0.26148080825805664,1,0.3728897273540497,-0.3189827799797058,0.26148080825805664,1,0.3881097137928009,-0.34230583906173706,0.26148080825805664,1,0.4033297002315521,-0.3652203679084778,0.26148080825805664,1,0.41854968667030334,-0.3875810205936432,0.26148080825805664,1,0.43376967310905457,-0.4092423617839813,0.26148080825805664,1,0.4489896595478058,-0.4300592839717865,0.26148080825805664,1,0.464209645986557,-0.4498862326145172,0.26148080825805664,1,0.4794296324253082,-0.4685777425765991,0.26148080825805664,1,0.49464961886405945,-0.4859888255596161,0.26148080825805664,1,0.5098696351051331,-0.5019738674163818,0.26148080825805664,1,0.5250896215438843,-0.5163875222206116,0.26148080825805664,1,0.5403096079826355,-0.5290843844413757,0.26148080825805664,1,0.5555295944213867,-0.539919376373291,0.26148080825805664,1,0.5707495808601379,-0.5487468242645264,0.26148080825805664,1,0.5859695672988892,-0.5554212927818298,0.26148080825805664,1,0.6011895537376404,-0.5597979426383972,0.26148080825805664,1,0.6164095401763916,-0.5617309808731079,0.26148080825805664,1,0.6316295266151428,-0.5610752701759338,0.26148080825805664,1,0.646849513053894,-0.557685375213623,0.26148080825805664,1,0.6620694994926453,-0.5514156818389893,0.26148080825805664,1,0.6772894859313965,-0.5421209931373596,0.26148080825805664,1,0.6925094723701477,-0.5296563506126404,0.26148080825805664,1,0.7077294588088989,-0.5138760805130005,0.26148080825805664,1,0.7229494452476501,-0.4946345090866089,0.26148080825805664,1,0.7381694316864014,-0.47178706526756287,0.26148080825805664,1,0.7533894181251526,-0.4451874792575836,0.26148080825805664,1,0.7686094045639038,-0.4146912097930908,0.26148080825805664,1,0.783829391002655,-0.38015216588974,0.26148080825805664,1,0.7990493774414062,-0.3414256274700165,0.26148080825805664,1,0.8142693638801575,-0.29836583137512207,0.26148080825805664,1,0.8294893503189087,-0.2508276700973511,0.26148080825805664,1,0.8447093367576599,-0.19866563379764557,0.26148080825805664,1,0.8599293231964111,-0.14173436164855957,0.26148080825805664,1,0.8751493096351624,-0.07988876104354858,0.26148080825805664,1,0.8903692960739136,-0.012983125634491444,0.26148080825805664,1,0.9055892825126648,0.05912761017680168,0.26148080825805664,1,0.920809268951416,0.1365896612405777,0.26148080825805664,1,0.9360292553901672,0.21954664587974548,0.26148080825805664,1,0.9512492418289185,0.30814579129219055,0.26148080825805664,1,0.9664692282676697,0.40253108739852905,0.26148080825805664,1,0.008978135883808136,-0.01622370444238186,0.39081382751464844,1,0.026934407651424408,-0.02856479585170746,0.39081382751464844,1,0.04489067941904068,-0.041925299912691116,0.39081382751464844,1,0.06284695118665695,-0.056217093020677567,0.39081382751464844,1,0.08080322295427322,-0.0713520422577858,0.39081382751464844,1,0.0987594947218895,-0.0872420221567154,0.39081382751464844,1,0.11671576648950577,-0.10379888862371445,0.39081382751464844,1,0.13467204570770264,-0.12093454599380493,0.39081382751464844,1,0.15262830257415771,-0.13856081664562225,0.39081382751464844,1,0.17058458924293518,-0.15658962726593018,0.39081382751464844,1,0.18854084610939026,-0.17493277788162231,0.39081382751464844,1,0.20649713277816772,-0.19350223243236542,0.39081382751464844,1,0.2244533896446228,-0.2122097760438919,0.39081382751464844,1,0.24240967631340027,-0.23096732795238495,0.39081382751464844,1,0.26036593317985535,-0.24968673288822174,0.39081382751464844,1,0.2783222198486328,-0.26827988028526306,0.39081382751464844,1,0.2962784767150879,-0.2866586148738861,0.39081382751464844,1,0.31423476338386536,-0.30473482608795166,0.39081382751464844,1,0.33219102025032043,-0.3224203884601593,0.39081382751464844,1,0.3501473069190979,-0.3396271765232086,0.39081382751464844,1,0.368103563785553,-0.3562670350074768,0.39081382751464844,1,0.38605985045433044,-0.37225183844566345,0.39081382751464844,1,0.4040161073207855,-0.3874935507774353,0.39081382751464844,1,0.421972393989563,-0.4019038677215576,0.39081382751464844,1,0.43992865085601807,-0.41539475321769714,0.39081382751464844,1,0.45788493752479553,-0.42787817120552063,0.39081382751464844,1,0.4758411943912506,-0.4392658472061157,0.39081382751464844,1,0.4937974810600281,-0.4494697153568268,0.39081382751464844,1,0.5117537379264832,-0.45840156078338623,0.39081382751464844,1,0.5297099947929382,-0.4659733474254608,0.39081382751464844,1,0.5476663112640381,-0.4720970392227173,0.39081382751464844,1,0.5656225681304932,-0.4766842722892761,0.39081382751464844,1,0.5835788249969482,-0.47964709997177124,0.39081382751464844,1,0.6015350818634033,-0.4808972477912903,0.39081382751464844,1,0.6194913983345032,-0.48034676909446716,0.39081382751464844,1,0.6374476552009583,-0.4779074192047119,0.39081382751464844,1,0.6554039120674133,-0.4734910726547241,0.39081382751464844,1,0.6733601689338684,-0.46700960397720337,0.39081382751464844,1,0.6913164854049683,-0.45837482810020447,0.39081382751464844,1,0.7092727422714233,-0.44749876856803894,0.39081382751464844,1,0.7272289991378784,-0.43429329991340637,0.39081382751464844,1,0.7451852560043335,-0.41866999864578247,0.39081382751464844,1,0.7631415724754333,-0.4005410373210907,0.39081382751464844,1,0.7810978293418884,-0.3798180818557739,0.39081382751464844,1,0.7990540862083435,-0.35641321539878845,0.39081382751464844,1,0.8170103430747986,-0.3302382528781891,0.39081382751464844,1,0.8349666595458984,-0.3012048304080963,0.39081382751464844,1,0.8529229164123535,-0.2692252993583679,0.39081382751464844,1,0.8708791732788086,-0.2342109978199005,0.39081382751464844,1,0.8888354301452637,-0.1960740089416504,0.39081382751464844,1,0.9067917466163635,-0.15472613275051117,0.39081382751464844,1,0.9247480034828186,-0.11007967591285706,0.39081382751464844,1,0.9427042603492737,-0.06204591318964958,0.39081382751464844,1,0.9606605172157288,-0.010537151247262955,0.39081382751464844,1,0.9786168336868286,0.04453521594405174,0.39081382751464844,1,0.9965730905532837,0.10325868427753448,0.39081382751464844,1,1.0145293474197388,0.16572195291519165,0.39081382751464844,1,1.0324856042861938,0.23201300203800201,0.39081382751464844,1,1.050441861152649,0.3022194802761078,0.39081382751464844,1,1.068398118019104,0.3764299750328064,0.39081382751464844,1,1.0863544940948486,0.45473334193229675,0.39081382751464844,1,1.1043107509613037,0.5372162461280823,0.39081382751464844,1,1.1222670078277588,0.6239675879478455,0.39081382751464844,1,1.1402232646942139,0.7150756120681763,0.39081382751464844,1,0.00955026876181364,-0.0927080288529396,0.29478687047958374,1,0.028650805354118347,0.12731225788593292,0.29478687047958374,1,0.04775134474039078,0.3279323875904083,0.29478687047958374,1,0.06685188412666321,0.5097898244857788,0.29478687047958374,1,0.08595241606235504,0.6735219955444336,0.29478687047958374,1,0.10505295544862747,0.8197665214538574,0.29478687047958374,1,0.1241534948348999,0.9491608142852783,0.29478687047958374,1,0.14325402677059174,1.0623424053192139,0.29478687047958374,1,0.16235457360744476,1.1599489450454712,0.29478687047958374,1,0.1814551055431366,1.2426173686981201,0.29478687047958374,1,0.20055563747882843,1.310985803604126,0.29478687047958374,1,0.21965618431568146,1.3656915426254272,0.29478687047958374,1,0.2387567162513733,1.4073718786239624,0.29478687047958374,1,0.2578572630882263,1.4366644620895386,0.29478687047958374,1,0.27695778012275696,1.4542068243026733,0.29478687047958374,1,0.29605832695961,1.4606366157531738,0.29478687047958374,1,0.315158873796463,1.4565907716751099,0.29478687047958374,1,0.33425942063331604,1.4427071809768677,0.29478687047958374,1,0.3533599376678467,1.4196233749389648,0.29478687047958374,1,0.3724604845046997,1.3879767656326294,0.29478687047958374,1,0.39156103134155273,1.348405122756958,0.29478687047958374,1,0.4106615483760834,1.3015450239181519,0.29478687047958374,1,0.4297620952129364,1.2480353116989136,0.29478687047958374,1,0.44886264204978943,1.188511848449707,0.29478687047958374,1,0.46796315908432007,1.123613715171814,0.29478687047958374,1,0.4870637059211731,1.0539777278900146,0.29478687047958374,1,0.5061642527580261,0.9802411794662476,0.29478687047958374,1,0.5252647995948792,0.9030421376228333,0.29478687047958374,1,0.5443653464317322,0.8230173587799072,0.29478687047958374,1,0.5634658336639404,0.7408052682876587,0.29478687047958374,1,0.5825663805007935,0.6570414900779724,0.29478687047958374,1,0.6016669273376465,0.5723660588264465,0.29478687047958374,1,0.6207674741744995,0.48741456866264343,0.29478687047958374,1,0.6398680210113525,0.40282565355300903,0.29478687047958374,1,0.6589685678482056,0.3192359209060669,0.29478687047958374,1,0.6780690550804138,0.23728269338607788,0.29478687047958374,1,0.6971696019172668,0.15760459005832672,0.29478687047958374,1,0.7162701487541199,0.08083915710449219,0.29478687047958374,1,0.7353706955909729,0.0076229930855333805,0.29478687047958374,1,0.7544712424278259,-0.06140686199069023,0.29478687047958374,1,0.773571789264679,-0.12561094760894775,0.29478687047958374,1,0.792672336101532,-0.18435423076152802,0.29478687047958374,1,0.8117728233337402,-0.23699752986431122,0.29478687047958374,1,0.8308733701705933,-0.2829035520553589,0.29478687047958374,1,0.8499739170074463,-0.32143574953079224,0.29478687047958374,1,0.8690744638442993,-0.35195499658584595,0.29478687047958374,1,0.8881750106811523,-0.3738242983818054,0.29478687047958374,1,0.9072755575180054,-0.38640859723091125,0.29478687047958374,1,0.9263760447502136,-0.38906776905059814,0.29478687047958374,1,0.9454765915870667,-0.3811640739440918,0.29478687047958374,1,0.9645771384239197,-0.36206138134002686,0.29478687047958374,1,0.9836776852607727,-0.3311215937137604,0.29478687047958374,1,1.002778172492981,-0.2877075970172882,0.29478687047958374,1,1.021878719329834,-0.2311805784702301,0.29478687047958374,1,1.040979266166687,-0.1609082818031311,0.29478687047958374,1,1.06007981300354,-0.0762440636754036,0.29478687047958374,1,1.079180359840393,0.023442335426807404,0.29478687047958374,1,1.098280906677246,0.1387910693883896,0.29478687047958374,1,1.1173814535140991,0.2704381048679352,0.29478687047958374,1,1.1364820003509521,0.4190252423286438,0.29478687047958374,1,1.1555825471878052,0.585184633731842,0.29478687047958374,1,1.1746830940246582,0.7695544362068176,0.29478687047958374,1,1.1937836408615112,0.9727746844291687,0.29478687047958374,1,1.2128841876983643,1.1954830884933472,0.29478687047958374,1,0.00852162390947342,-0.14139677584171295,0.29447463154792786,1,0.025564871728420258,0.14014893770217896,0.29447463154792786,1,0.042608119547367096,0.4002830386161804,0.29447463154792786,1,0.059651367366313934,0.6396313905715942,0.29447463154792786,1,0.07669461518526077,0.8588200211524963,0.29447463154792786,1,0.09373786300420761,1.0584748983383179,0.29447463154792786,1,0.11078111082315445,1.2392220497131348,0.29447463154792786,1,0.12782436609268188,1.4016873836517334,0.29447463154792786,1,0.14486759901046753,1.5464967489242554,0.29447463154792786,1,0.16191086173057556,1.674276351928711,0.29447463154792786,1,0.1789540946483612,1.7856515645980835,0.29447463154792786,1,0.19599735736846924,1.8812494277954102,0.29447463154792786,1,0.21304059028625488,1.9616947174072266,0.29447463154792786,1,0.23008385300636292,2.0276143550872803,0.29447463154792786,1,0.24712708592414856,2.0796337127685547,0.29447463154792786,1,0.2641703486442566,2.1183788776397705,0.29447463154792786,1,0.28121358156204224,2.1444764137268066,0.29447463154792786,1,0.29825684428215027,2.1585512161254883,0.29447463154792786,1,0.3153000771999359,2.1612298488616943,0.29447463154792786,1,0.33234333992004395,2.1531383991241455,0.29447463154792786,1,0.3493865728378296,2.1349029541015625,0.29447463154792786,1,0.3664298355579376,2.1071486473083496,0.29447463154792786,1,0.38347306847572327,2.0705020427703857,0.29447463154792786,1,0.4005163311958313,2.0255889892578125,0.29447463154792786,1,0.41755956411361694,1.9730355739593506,0.29447463154792786,1,0.434602826833725,1.9134676456451416,0.29447463154792786,1,0.4516460597515106,1.847511649131775,0.29447463154792786,1,0.46868932247161865,1.7757922410964966,0.29447463154792786,1,0.4857325553894043,1.698937177658081,0.29447463154792786,1,0.5027757883071899,1.617570400238037,0.29447463154792786,1,0.5198190808296204,1.5323200225830078,0.29447463154792786,1,0.536862313747406,1.4438107013702393,0.29447463154792786,1,0.5539055466651917,1.3526679277420044,0.29447463154792786,1,0.5709487795829773,1.2595195770263672,0.29447463154792786,1,0.5879920721054077,1.16498863697052,0.29447463154792786,1,0.6050353050231934,1.0697051286697388,0.29447463154792786,1,0.622078537940979,0.9742924571037292,0.29447463154792786,1,0.6391217708587646,0.8793748021125793,0.29447463154792786,1,0.6561650633811951,0.7855817079544067,0.29447463154792786,1,0.6732082962989807,0.6935380697250366,0.29447463154792786,1,0.6902515292167664,0.6038684844970703,0.29447463154792786,1,0.707294762134552,0.517199695110321,0.29447463154792786,1,0.7243380546569824,0.4341582655906677,0.29447463154792786,1,0.7413812875747681,0.35537010431289673,0.29447463154792786,1,0.7584245204925537,0.2814597189426422,0.29447463154792786,1,0.7754677534103394,0.2130550891160965,0.29447463154792786,1,0.7925110459327698,0.15078134834766388,0.29447463154792786,1,0.8095542788505554,0.09526316821575165,0.29447463154792786,1,0.8265975117683411,0.047129493206739426,0.29447463154792786,1,0.8436407446861267,0.007003985811024904,0.29447463154792786,1,0.8606840372085571,-0.024488823488354683,0.29447463154792786,1,0.8777272701263428,-0.04671984165906906,0.29447463154792786,1,0.8947705030441284,-0.05906388536095619,0.29447463154792786,1,0.9118137359619141,-0.060894813388586044,0.29447463154792786,1,0.9288570284843445,-0.051589351147413254,0.29447463154792786,1,0.9459002614021301,-0.030518054962158203,0.29447463154792786,1,0.9629434943199158,0.002943258034065366,0.29447463154792786,1,0.9799867272377014,0.04942268133163452,0.29447463154792786,1,0.9970300197601318,0.10954313725233078,0.29447463154792786,1,1.0140732526779175,0.18393155932426453,0.29447463154792786,1,1.0311164855957031,0.2732140123844147,0.29447463154792786,1,1.0481597185134888,0.3780166804790497,0.29447463154792786,1,1.0652029514312744,0.49896445870399475,0.29447463154792786,1,1.08224618434906,0.6366854310035706,0.29447463154792786,1,0.008623998612165451,0.020229196175932884,0.3306509554386139,1,0.025871995836496353,0.041358739137649536,0.3306509554386139,1,0.043119993060827255,0.06090399622917175,0.3306509554386139,1,0.06036799028515816,0.07892297208309174,0.3306509554386139,1,0.07761599123477936,0.09547366946935654,0.3306509554386139,1,0.09486398100852966,0.11061406880617142,0.3306509554386139,1,0.11211198568344116,0.12440221756696701,0.3306509554386139,1,0.12935997545719147,0.1368960738182068,0.3306509554386139,1,0.14660798013210297,0.14815367758274078,0.3306509554386139,1,0.16385596990585327,0.15823298692703247,0.3306509554386139,1,0.18110397458076477,0.16719207167625427,0.3306509554386139,1,0.19835196435451508,0.17508883774280548,0.3306509554386139,1,0.21559996902942657,0.1819814145565033,0.3306509554386139,1,0.23284795880317688,0.18792767822742462,0.3306509554386139,1,0.2500959634780884,0.19298575818538666,0.3306509554386139,1,0.2673439681529999,0.1972135454416275,0.3306509554386139,1,0.284591943025589,0.2006690949201584,0.3306509554386139,1,0.3018399477005005,0.20341043174266815,0.3306509554386139,1,0.319087952375412,0.20549549162387848,0.3306509554386139,1,0.3363359570503235,0.2069823145866394,0.3306509554386139,1,0.3535839319229126,0.20792895555496216,0.3306509554386139,1,0.3708319365978241,0.20839335024356842,0.3306509554386139,1,0.3880799412727356,0.20843347907066345,0.3306509554386139,1,0.4053279459476471,0.20810742676258087,0.3306509554386139,1,0.4225759208202362,0.20747315883636475,0.3306509554386139,1,0.4398239254951477,0.20658867061138153,0.3306509554386139,1,0.4570719301700592,0.2055119127035141,0.3306509554386139,1,0.4743199348449707,0.20430104434490204,0.3306509554386139,1,0.4915679097175598,0.20301392674446106,0.3306509554386139,1,0.5088159441947937,0.20170858502388,0.3306509554386139,1,0.5260639190673828,0.2004430890083313,0.3306509554386139,1,0.5433118939399719,0.19927537441253662,0.3306509554386139,1,0.5605599284172058,0.1982634961605072,0.3306509554386139,1,0.5778079032897949,0.19746540486812592,0.3306509554386139,1,0.595055878162384,0.1969391256570816,0.3306509554386139,1,0.6123039126396179,0.19674265384674072,0.3306509554386139,1,0.629551887512207,0.19693401455879211,0.3306509554386139,1,0.6467999219894409,0.19757120311260223,0.3306509554386139,1,0.66404789686203,0.1987122744321823,0.3306509554386139,1,0.6812958717346191,0.20041505992412567,0.3306509554386139,1,0.698543906211853,0.20273776352405548,0.3306509554386139,1,0.7157918810844421,0.20573829114437103,0.3306509554386139,1,0.7330398559570312,0.2094746232032776,0.3306509554386139,1,0.7502878904342651,0.21400481462478638,0.3306509554386139,1,0.7675358653068542,0.21938683092594147,0.3306509554386139,1,0.7847838997840881,0.2256787121295929,0.3306509554386139,1,0.8020318746566772,0.23293854296207428,0.3306509554386139,1,0.8192798495292664,0.24122405052185059,0.3306509554386139,1,0.8365278840065002,0.25059348344802856,0.3306509554386139,1,0.8537758588790894,0.26110488176345825,0.3306509554386139,1,0.8710238337516785,0.27281615138053894,0.3306509554386139,1,0.8882718682289124,0.2857851982116699,0.3306509554386139,1,0.9055198431015015,0.3000701069831848,0.3306509554386139,1,0.9227678775787354,0.31572893261909485,0.3306509554386139,1,0.9400158524513245,0.3328196406364441,0.3306509554386139,1,0.9572638273239136,0.3514001667499542,0.3306509554386139,1,0.9745118618011475,0.3715287148952484,0.3306509554386139,1,0.9917598366737366,0.39326295256614685,0.3306509554386139,1,1.0090078115463257,0.41666096448898315,0.3306509554386139,1,1.0262558460235596,0.44178149104118347,0.3306509554386139,1,1.0435038805007935,0.46868154406547546,0.3306509554386139,1,1.0607517957687378,0.4974193274974823,0.3306509554386139,1,1.0779998302459717,0.5280532240867615,0.3306509554386139,1,1.0952478647232056,0.5606409311294556,0.3306509554386139,1,0,0,0,0,0,0,0,0,0,0,0,0,0,0,0,0,0,0,0,0,0,0,0,0,0,0,0,0,0,0,0,0,0,0,0,0,0,0,0,0,0,0,0,0,0,0,0,0,0,0,0,0,0,0,0,0,0,0,0,0,0,0,0,0,0,0,0,0,0,0,0,0,0,0,0,0,0,0,0,0,0,0,0,0,0,0,0,0,0,0,0,0,0,0,0,0,0,0,0,0,0,0,0,0,0,0,0,0,0,0,0,0,0,0,0,0,0,0,0,0,0,0,0,0,0,0,0,0,0,0,0,0,0,0,0,0,0,0,0,0,0,0,0,0,0,0,0,0,0,0,0,0,0,0,0,0,0,0,0,0,0,0,0,0,0,0,0,0,0,0,0,0,0,0,0,0,0,0,0,0,0,0,0,0,0,0,0,0,0,0,0,0,0,0,0,0,0,0,0,0,0,0,0,0,0,0,0,0,0,0,0,0,0,0,0,0,0,0,0,0,0,0,0,0,0,0,0,0,0,0,0,0,0,0,0,0,0,0,0,0,0,0,0,0,0,0,0,0,0,0,0,0,0,0,0,0,0,0,0,0,0,0,0,0,0,0,0,0,0,0,0,0,0,0,0,0,0,0,0,0,0,0,0,0,0,0,0,0,0,0,0,0,0,0,0,0,0,0,0,0,0,0,0,0,0,0,0,0,0,0,0,0,0,0,0,0,0,0,0,0,0,0,0,0,0,0,0,0,0,0,0,0,0,0,0,0,0,0,0,0,0,0,0,0,0,0,0,0,0,0,0,0,0,0,0,0,0,0,0,0,0,0,0,0,0,0,0,0,0,0,0,0,0,0,0,0,0,0,0,0,0,0,0,0,0,0,0,0,0,0,0,0,0,0,0,0,0,0,0,0,0,0,0,0,0,0,0,0,0,0,0,0,0,0,0,0,0,0,0,0,0,0,0,0,0,0,0,0,0,0,0,0,0,0,0,0,0,0,0,0,0,0,0,0,0,0,0,0,0,0,0,0,0,0,0,0,0,0,0,0,0,0,0,0,0,0,0,0,0,0,0,0,0,0,0,0,0,0,0,0,0,0,0,0,0,0,0,0,0,0,0,0,0,0,0,0,0,0,0,0,0,0,0,0,0,0,0,0,0,0,0,0,0,0,0,0,0,0,0,0,0,0,0,0,0,0,0,0,0,0,0,0,0,0,0,0,0,0,0,0,0,0,0,0,0,0,0,0,0,0,0,0,0,0,0,0,0,0,0,0,0,0,0,0,0,0,0,0,0,0,0,0,0,0,0,0,0,0,0,0,0,0,0,0,0,0,0,0,0,0,0,0,0,0,0,0,0,0,0,0,0,0,0,0,0,0,0,0,0,0,0,0,0,0,0,0,0,0,0,0,0,0,0,0,0,0,0,0,0,0,0,0,0,0,0,0,0,0,0,0,0,0,0,0,0,0,0,0,0,0,0,0,0,0,0,0,0,0,0,0,0,0,0,0,0,0,0,0,0,0,0,0,0,0,0,0,0,0,0,0,0,0,0,0,0,0,0,0,0,0,0,0,0,0,0,0,0,0,0,0,0,0,0,0,0,0,0,0,0,0,0,0,0,0,0,0,0,0,0,0,0,0,0,0,0,0,0,0,0,0,0,0,0,0,0,0,0,0,0,0,0,0,0,0,0,0,0,0,0,0,0,0,0,0,0,0,0,0,0,0,0,0,0,0,0,0,0,0,0,0,0,0,0,0,0,0,0,0,0,0,0,0,0,0,0,0,0,0,0,0,0,0,0,0,0,0,0,0,0,0,0,0,0,0,0,0,0,0,0,0,0,0,0,0,0,0,0,0,0,0,0,0,0,0,0,0,0,0,0,0,0,0,0,0,0,0,0,0,0,0,0,0,0,0,0,0,0,0,0,0,0,0,0,0,0,0,0,0,0,0,0,0,0,0,0,0,0,0,0,0,0,0,0,0,0,0,0,0,0,0,0,0,0,0,0,0,0,0,0,0,0,0,0,0,0,0,0,0,0,0,0,0,0,0,0,0,0,0,0,0,0,0,0,0,0,0,0,0,0,0,0,0,0,0,0,0,0,0,0,0,0,0,0,0,0,0,0,0,0,0,0,0,0,0,0,0,0,0,0,0,0,0,0,0,0,0,0,0,0,0,0,0,0,0,0,0,0,0,0,0,0,0,0,0,0,0,0,0,0,0,0,0,0,0,0,0,0,0,0,0,0,0,0,0,0,0,0,0,0,0,0,0,0,0,0,0,0,0,0,0,0,0,0,0,0,0,0,0,0,0,0,0,0,0,0,0,0,0,0,0,0,0,0,0,0,0,0,0,0,0,0,0,0,0,0,0,0,0,0,0,0,0,0,0,0,0,0,0,0,0,0,0,0,0,0,0,0,0,0,0,0,0,0,0,0,0,0,0,0,0,0,0,0,0,0,0,0,0,0,0,0,0,0,0,0,0,0,0,0,0,0,0,0,0,0,0,0,0,0,0,0,0,0,0,0,0,0,0,0,0,0,0,0,0,0,0,0,0,0,0,0,0,0,0,0,0,0,0,0,0,0,0,0,0,0,0,0,0,0,0,0,0,0,0,0,0,0,0,0,0,0,0,0,0,0,0,0,0,0,0,0,0,0,0,0,0,0,0,0,0,0,0,0,0,0,0,0,0,0,0,0,0,0,0,0,0,0,0,0,0,0,0,0,0,0,0,0,0,0,0,0,0,0,0,0,0,0,0,0,0,0,0,0,0,0,0,0,0,0,0,0,0,0,0,0,0,0,0,0,0,0,0,0,0,0,0,0,0,0,0,0,0,0,0,0,0,0,0,0,0,0,0,0,0,0,0,0,0,0,0,0,0,0,0,0,0,0,0,0,0,0,0,0,0,0,0,0,0,0,0,0,0,0,0,0,0,0,0,0,0,0,0,0,0,0,0,0,0,0,0,0,0,0,0,0,0,0,0,0,0,0,0,0,0,0,0,0,0,0,0,0,0,0,0,0,0,0,0,0,0,0,0,0,0,0,0,0,0,0,0,0,0,0,0,0,0,0,0,0,0,0,0,0,0,0,0,0,0,0,0,0,0,0,0,0,0,0,0,0,0,0,0,0,0,0,0,0,0,0,0,0,0,0,0,0,0,0,0,0,0,0,0,0,0,0,0,0,0,0,0,0,0,0,0,0,0,0,0,0,0,0,0,0,0,0,0,0,0,0,0,0,0,0,0,0,0,0,0,0,0,0,0,0,0,0,0,0,0,0,0,0,0,0,0,0,0,0,0,0,0,0,0,0,0,0,0,0,0,0,0,0,0,0,0,0,0,0,0,0,0,0,0,0,0,0,0,0,0,0,0,0,0,0,0,0,0,0,0,0,0,0,0,0,0,0,0,0,0,0,0,0,0,0,0,0,0,0,0,0,0,0,0,0,0,0,0,0,0,0,0,0,0,0,0,0,0,0,0,0,0,0,0,0,0,0,0,0,0,0,0,0,0,0,0,0,0,0,0,0,0,0,0,0,0,0,0,0,0,0,0,0,0,0,0,0,0,0,0,0,0,0,0,0,0,0,0,0,0,0,0,0,0,0,0,0,0,0,0,0,0,0,0,0,0,0,0,0,0,0,0,0,0,0,0,0,0,0,0,0,0,0,0,0,0,0,0,0,0,0,0,0,0,0,0,0,0,0,0,0,0,0,0,0,0,0,0,0,0,0,0,0,0,0,0,0,0,0,0,0,0,0,0,0,0,0,0,0,0,0,0,0,0,0,0,0,0,0,0,0,0,0,0,0,0,0,0,0,0,0,0,0,0,0,0,0,0,0,0,0,0,0,0,0,0,0,0,0,0,0,0,0,0,0,0,0,0,0,0,0,0,0,0,0,0,0,0,0,0,0,0,0,0,0,0,0,0,0,0,0,0,0,0,0,0,0,0,0,0,0,0,0,0,0,0,0,0,0,0,0,0,0,0,0,0,0,0,0,0,0,0,0,0,0,0,0,0,0,0,0,0,0,0,0,0,0,0,0,0,0,0,0,0,0,0,0,0,0,0,0,0,0,0,0,0,0,0,0,0,0,0,0,0,0,0,0,0,0,0,0,0,0,0,0,0,0,0,0,0,0,0,0,0,0,0,0,0,0,0,0,0,0,0,0,0,0,0,0,0,0,0,0,0,0,0,0,0,0,0,0,0,0,0,0,0,0,0,0,0,0,0,0,0,0,0,0,0,0,0,0,0,0,0,0,0,0,0,0,0,0,0,0,0,0,0,0,0,0,0,0,0,0,0,0,0,0,0,0,0,0,0,0,0,0,0,0,0,0,0,0,0,0,0,0,0,0,0,0,0,0,0,0,0,0,0,0,0,0,0,0,0,0,0,0,0,0,0,0,0,0,0,0,0,0,0,0,0,0,0,0,0,0,0,0,0,0,0,0,0,0,0,0,0,0,0,0,0,0,0,0,0,0,0,0,0,0,0,0,0,0,0,0,0,0,0,0,0,0,0,0,0,0,0,0,0,0,0,0,0,0,0,0,0,0,0,0,0,0,0,0,0,0,0,0,0,0,0,0,0,0,0,0,0,0,0,0,0,0,0,0,0,0,0,0,0,0,0,0,0,0,0,0,0,0,0,0,0,0,0,0,0,0,0,0,0,0,0,0,0,0,0,0,0,0,0,0,0,0,0,0,0,0,0,0,0,0,0,0,0,0,0,0,0,0,0,0,0,0,0,0,0,0,0,0,0,0,0,0,0,0,0,0,0,0,0,0,0,0,0,0,0,0,0,0,0,0,0,0,0,0,0,0,0,0,0,0,0,0,0,0,0,0,0,0,0,0,0,0,0,0,0,0,0,0,0,0,0,0,0,0,0,0,0,0,0,0,0,0,0,0,0,0,0,0,0,0,0,0,0,0,0,0,0,0,0,0,0,0,0,0,0,0,0,0,0,0,0,0,0,0,0,0,0,0,0,0,0,0,0,0,0,0,0,0,0,0,0,0,0,0,0,0,0,0,0,0,0,0,0,0,0,0,0,0,0,0,0,0,0,0,0,0,0,0,0,0,0,0,0,0,0,0,0,0,0,0,0,0,0,0,0,0,0,0,0,0,0,0,0,0,0,0,0,0,0,0,0,0,0,0,0,0,0,0,0,0,0,0,0,0,0,0,0,0,0,0,0,0,0,0,0,0,0,0,0,0,0,0,0,0,0,0,0,0,0,0,0,0,0,0,0,0,0,0,0,0,0,0,0,0,0,0,0,0,0,0,0,0,0,0,0,0,0,0,0,0,0,0,0,0,0,0,0,0,0,0,0,0,0,0,0,0,0,0,0,0,0,0,0,0,0,0,0,0,0,0,0,0,0,0,0,0,0,0,0,0,0,0,0,0,0,0,0,0,0,0,0,0,0,0,0,0,0,0,0,0,0,0,0,0,0,0,0,0,0,0,0,0,0,0,0,0,0,0,0,0,0,0,0,0,0,0,0,0,0,0,0,0,0,0,0,0,0,0,0,0,0,0,0,0,0,0,0,0,0,0,0,0,0,0,0,0,0,0,0,0,0,0,0,0,0,0,0,0,0,0,0,0,0,0,0,0,0,0,0,0,0,0,0,0,0,0,0,0,0,0,0,0,0,0,0,0,0,0,0,0,0,0,0,0,0,0,0,0,0,0,0,0,0,0,0,0,0,0,0,0,0,0,0,0,0,0,0,0,0,0,0,0,0,0,0,0,0,0,0,0,0,0,0,0,0,0,0,0,0,0,0,0,0,0,0,0,0,0,0,0,0,0,0,0,0,0,0,0,0,0,0,0,0,0,0,0,0,0,0,0,0,0,0,0,0,0,0,0,0,0,0,0,0,0,0,0,0,0,0,0,0,0,0,0,0,0,0,0,0,0,0,0,0,0,0,0,0,0,0,0,0,0,0,0,0,0,0,0,0,0,0,0,0,0,0,0,0,0,0,0,0,0,0,0,0,0,0,0,0,0,0,0,0,0,0,0,0,0,0,0,0,0,0,0,0,0,0,0,0,0,0,0,0,0,0,0,0,0,0,0,0,0,0,0,0,0,0,0,0,0,0,0,0,0,0,0,0,0,0,0,0,0,0,0,0,0,0,0,0,0,0,0,0,0,0,0,0,0,0,0,0,0,0,0,0,0,0,0,0,0,0,0,0,0,0,0,0,0,0,0,0,0,0,0,0,0,0,0,0,0,0,0,0,0,0,0,0,0,0,0,0,0,0,0,0,0,0,0,0,0,0,0,0,0,0,0,0,0,0,0,0,0,0,0,0,0,0,0,0,0,0,0,0,0,0,0,0,0,0,0,0,0,0,0,0,0,0,0,0,0,0,0,0,0,0,0,0,0,0,0,0,0,0,0,0,0,0,0,0,0,0,0,0,0,0,0,0,0,0,0,0,0,0,0,0,0,0,0,0,0,0,0,0,0,0,0,0,0,0,0,0,0,0,0,0,0,0,0,0,0,0,0,0,0,0,0,0,0,0,0,0,0,0,0,0,0,0,0,0,0,0,0,0,0,0,0,0,0,0,0,0,0,0,0,0,0,0,0,0,0,0,0,0,0,0,0,0,0,0,0,0,0,0,0,0,0,0,0,0,0,0,0,0,0,0,0,0,0,0,0,0,0,0,0,0,0,0,0,0,0,0,0,0,0,0,0,0,0,0,0,0,0,0,0,0,0,0,0,0,0,0,0,0,0,0,0,0,0,0,0,0,0,0,0,0,0,0,0,0,0,0,0,0,0,0,0,0,0,0,0,0,0,0,0,0,0,0,0,0,0,0,0,0,0,0,0,0,0,0,0,0,0,0,0,0,0,0,0,0,0,0,0,0,0,0,0,0,0,0,0,0,0,0,0,0,0,0,0,0,0,0,0,0,0,0,0,0,0,0,0,0,0,0,0,0,0,0,0,0,0,0,0,0,0,0,0,0,0,0,0,0,0,0,0,0,0,0,0,0,0,0,0,0,0,0,0,0,0,0,0,0,0,0,0,0,0,0,0,0,0,0,0,0,0,0,0,0,0,0,0,0,0,0,0,0,0,0,0,0,0,0,0,0,0,0,0,0,0,0,0,0,0,0,0,0,0,0,0,0,0,0,0,0,0,0,0,0,0,0,0,0,0,0,0,0,0,0,0,0,0,0,0,0,0,0,0,0,0,0,0,0,0,0,0,0,0,0,0,0,0,0,0,0,0,0,0,0,0,0,0,0,0,0,0,0,0,0,0,0,0,0,0,0,0,0,0,0,0,0,0,0,0,0,0,0,0,0,0,0,0,0,0,0,0,0,0,0,0,0,0,0,0,0,0,0,0,0,0,0,0,0,0,0,0,0,0,0,0,0,0,0,0,0,0,0,0,0,0,0,0,0,0,0,0,0,0,0,0,0,0,0,0,0,0,0,0,0,0,0,0,0,0,0,0,0,0,0,0,0,0,0,0,0,0,0,0,0,0,0,0,0,0,0,0,0,0,0,0,0,0,0,0,0,0,0,0,0,0,0,0,0,0,0,0,0,0,0,0,0,0,0,0,0,0,0,0,0,0,0,0,0,0,0,0,0,0,0,0,0,0,0,0,0,0,0,0,0,0,0,0,0,0,0,0,0,0,0,0,0,0,0,0,0,0,0,0,0,0,0,0,0,0,0,0,0,0,0,0,0,0,0,0,0,0,0,0,0,0,0,0,0,0,0,0,0,0,0,0,0,0,0,0,0,0,0,0,0,0,0,0,0,0,0,0,0,0,0,0,0,0,0,0,0,0,0,0,0,0,0,0,0,0,0,0,0,0,0,0,0,0,0,0,0,0,0,0,0,0,0,0,0,0,0,0,0,0,0,0,0,0,0,0,0,0,0,0,0,0,0,0,0,0,0,0,0,0,0,0,0,0,0,0,0,0,0,0,0,0,0,0,0,0,0,0,0,0,0,0,0,0,0,0,0,0,0,0,0,0,0,0,0,0,0,0,0,0,0,0,0,0,0,0,0,0,0,0,0,0,0,0,0,0,0,0,0,0,0,0,0,0,0,0,0,0,0,0,0,0,0,0,0,0,0,0,0,0,0,0,0,0,0,0,0,0,0,0,0,0,0,0,0,0,0,0,0,0,0,0,0,0,0,0,0,0,0,0,0,0,0,0,0,0,0,0,0,0,0,0,0,0,0,0,0,0,0,0,0,0,0,0,0,0,0,0,0,0,0,0,0,0,0,0,0,0,0,0,0,0,0,0,0,0,0,0,0,0,0,0,0,0,0,0,0,0,0,0,0,0,0,0,0,0,0,0,0,0,0,0,0,0,0,0,0,0,0,0,0,0,0,0,0,0,0,0,0,0,0,0,0,0,0,0,0,0,0,0,0,0,0,0,0,0,0,0,0,0,0,0,0,0,0,0,0,0,0,0,0,0,0,0,0,0,0,0,0,0,0,0,0,0,0,0,0,0,0,0,0,0,0,0,0,0,0,0,0,0,0,0,0,0,0,0,0,0,0,0,0,0,0,0,0,0,0,0,0,0,0,0,0,0,0,0,0,0,0,0,0,0,0,0,0,0,0,0,0,0,0,0,0,0,0,0,0,0,0,0,0,0,0,0,0,0,0,0,0,0,0,0,0,0,0,0,0,0,0,0,0,0,0,0,0,0,0,0,0,0,0,0,0,0,0,0,0,0,0,0,0,0,0,0,0,0,0,0,0,0,0,0,0,0,0,0,0,0,0,0,0,0,0,0,0,0,0,0,0,0,0,0,0,0,0,0,0,0,0,0,0,0,0,0,0,0,0,0,0,0,0,0,0,0,0,0,0,0,0,0,0,0,0,0,0,0,0,0,0,0,0,0,0,0,0,0,0,0,0,0,0,0,0,0,0,0,0,0,0,0,0,0,0,0,0,0,0,0,0,0,0,0,0,0,0,0,0,0,0,0,0,0,0,0,0,0,0,0,0,0,0,0,0,0,0,0,0,0,0,0,0,0,0,0,0,0,0,0,0,0,0,0,0,0,0,0,0,0,0,0,0,0,0,0,0,0,0,0,0,0,0,0,0,0,0,0,0,0,0,0,0,0,0,0,0,0,0,0,0,0,0,0,0,0,0,0,0,0,0,0,0,0,0,0,0,0,0,0,0,0,0,0,0,0,0,0,0,0,0,0,0,0,0,0,0,0,0,0,0,0,0,0,0,0,0,0,0,0,0,0,0,0,0,0,0,0,0,0,0,0,0,0,0,0,0,0,0,0,0,0,0,0,0,0,0,0,0,0,0,0,0,0,0,0,0,0,0,0,0,0,0,0,0,0,0,0,0,0,0,0,0,0,0,0,0,0,0,0,0,0,0,0,0,0,0,0,0,0,0,0,0,0,0,0,0,0,0,0,0,0,0,0,0,0,0,0,0,0,0,0,0,0,0,0,0,0,0,0,0,0,0,0,0,0,0,0,0,0,0,0,0,0,0,0,0,0,0,0,0,0,0,0,0,0,0,0,0,0,0,0,0,0,0,0,0,0,0,0,0,0,0,0,0,0,0,0,0,0,0,0,0,0,0,0,0,0,0,0,0,0,0,0,0,0,0,0,0,0,0,0,0,0,0,0,0,0,0,0,0,0,0,0,0,0,0,0,0,0,0,0,0,0,0,0,0,0,0,0,0,0,0,0,0,0,0,0,0,0,0,0,0,0,0,0,0,0,0,0,0,0,0,0,0,0,0,0,0,0,0,0,0,0,0,0,0,0,0,0,0,0,0,0,0,0,0,0,0,0,0,0,0,0,0,0,0,0,0,0,0,0,0,0,0,0,0,0,0,0,0,0,0,0,0,0,0,0,0,0,0,0,0,0,0,0,0,0,0,0,0,0,0,0,0,0,0,0,0,0,0,0,0,0,0,0,0,0,0,0,0,0,0,0,0,0,0,0,0,0,0,0,0,0,0,0,0,0,0,0,0,0,0,0,0,0,0,0,0,0,0,0,0,0,0,0,0,0,0,0,0,0,0,0,0,0,0,0,0,0,0,0,0,0,0,0,0,0,0,0,0,0,0,0,0,0,0,0,0,0,0,0,0,0,0,0,0,0,0,0,0,0,0,0,0,0,0,0,0,0,0,0,0,0,0,0,0,0,0,0,0,0,0,0,0,0,0,0,0,0,0,0,0,0,0,0,0,0,0,0,0,0,0,0,0,0,0,0,0,0,0,0,0,0,0,0,0,0,0,0,0,0,0,0,0,0,0,0,0,0,0,0,0,0,0,0,0,0,0,0,0,0,0,0,0,0,0,0,0,0,0,0,0,0,0,0,0,0,0,0,0,0,0,0,0,0,0,0,0,0,0,0,0,0,0,0,0,0,0,0,0,0,0,0,0,0,0,0,0,0,0,0,0,0,0,0,0,0,0,0,0,0,0,0,0,0,0,0,0,0,0,0,0,0,0,0,0,0,0,0,0,0,0,0,0,0,0,0,0,0,0,0,0,0,0,0,0,0,0,0,0,0,0,0,0,0,0,0,0,0,0,0,0,0,0,0,0,0,0,0,0,0,0,0,0,0,0,0,0,0,0,0,0,0,0,0,0,0,0,0,0,0,0,0,0,0,0,0,0,0,0,0,0,0,0,0,0,0,0,0,0,0,0,0,0,0,0,0,0,0,0,0,0,0,0,0,0,0,0,0,0,0,0,0,0,0,0,0,0,0,0,0,0,0,0,0,0,0,0,0,0,0,0,0,0,0,0,0,0,0,0,0,0,0,0,0,0,0,0,0,0,0,0,0,0,0,0,0,0,0,0,0,0,0,0,0,0,0,0,0,0,0,0,0,0,0,0,0,0,0,0,0,0,0,0,0,0,0,0,0,0,0,0,0,0,0,0,0,0,0,0,0,0,0,0,0,0,0,0,0,0,0,0,0,0,0,0,0,0,0,0,0,0,0,0,0,0,0,0,0,0,0,0,0,0,0,0,0,0,0,0,0,0,0,0]}}