tauKrylov0Tex [64 x 54] 13
    1.0000     0.0000     0.0000     0.0000     1.0000     0.0000     0.0000     0.0000     1.0000     0.0000     0.0000     0.0000     1.0000     0.0000     0.0000     0.0000     1.0000     0.0000     0.0000     0.0000     1.0000     0.0000     0.0000     0.0000     1.0000     0.0000     0.0000     0.0000     1.0000     0.0000     0.0000     0.0000     1.0000     0.0000     0.0000     0.0000     1.0000     0.0000     0.0000     0.0000     1.0000     0.0000     0.0000     0.0000     1.0000     0.0000     0.0000     0.0000     1.0000     0.0000     0.0000     0.0000     1.0000     0.0000     0.0000     0.0000     1.0000     0.0000     0.0000     0.0000     1.0000     0.0000     0.0000     0.0000     1.0000     0.0000     0.0000     0.0000     1.0000     0.0000     0.0000     0.0000     1.0000     0.0000     0.0000     0.0000     1.0000     0.0000     0.0000     0.0000     1.0000     0.0000     0.0000     0.0000     1.0000     0.0000     0.0000     0.0000     1.0000     0.0000     0.0000     0.0000     1.0000     0.0000     0.0000     0.0000     1.0000     0.0000     0.0000     0.0000     1.0000     0.0000     0.0000     0.0000     1.0000     0.0000     0.0000     0.0000     1.0000     0.0000     0.0000     0.0000     1.0000     0.0000     0.0000     0.0000     1.0000     0.0000     0.0000     0.0000     1.0000     0.0000     0.0000     0.0000     1.0000     0.0000     0.0000     0.0000     1.0000     0.0000     0.0000     0.0000     1.0000     0.0000     0.0000     0.0000     1.0000     0.0000     0.0000     0.0000     1.0000     0.0000     0.0000     0.0000     1.0000     0.0000     0.0000     0.0000     1.0000     0.0000     0.0000     0.0000     1.0000     0.0000     0.0000     0.0000     1.0000     0.0000     0.0000     0.0000     1.0000     0.0000     0.0000     0.0000     1.0000     0.0000     0.0000     0.0000     1.0000     0.0000     0.0000     0.0000     1.0000     0.0000     0.0000     0.0000     1.0000     0.0000     0.0000     0.0000     1.0000     0.0000     0.0000     0.0000     1.0000     0.0000     0.0000     0.0000     1.0000     0.0000     0.0000     0.0000     1.0000     0.0000     0.0000     0.0000     1.0000     0.0000     0.0000     0.0000     1.0000     0.0000     0.0000     0.0000     1.0000     0.0000     0.0000     0.0000     1.0000     0.0000     0.0000     0.0000     1.0000     0.0000     0.0000     0.0000     1.0000     0.0000     0.0000     0.0000     1.0000     0.0000     0.0000     0.0000     1.0000     0.0000     0.0000     0.0000     1.0000     0.0000     0.0000     0.0000     1.0000     0.0000     0.0000     0.0000     1.0000     0.0000     0.0000     0.0000     1.0000     0.0000     0.0000     0.0000     1.0000     0.0000     0.0000     0.0000     1.0000     0.0000     0.0000     0.0000     1.0000     0.0000     0.0000     0.0000
    1.0000     0.0000     0.0000     0.0000     1.0000     0.0000     0.0000     0.0000     1.0000     0.0000     0.0000     0.0000     1.0000     0.0000     0.0000     0.0000     1.0000     0.0000     0.0000     0.0000     1.0000     0.0000     0.0000     0.0000     1.0000     0.0000     0.0000     0.0000     1.0000     0.0000     0.0000     0.0000     1.0000     0.0000     0.0000     0.0000     1.0000     0.0000     0.0000     0.0000     1.0000     0.0000     0.0000     0.0000     1.0000     0.0000     0.0000     0.0000     1.0000     0.0000     0.0000     0.0000     1.0000     0.0000     0.0000     0.0000     1.0000     0.0000     0.0000     0.0000     1.0000     0.0000     0.0000     0.0000     1.0000     0.0000     0.0000     0.0000     1.0000     0.0000     0.0000     0.0000     1.0000     0.0000     0.0000     0.0000     1.0000     0.0000     0.0000     0.0000     1.0000     0.0000     0.0000     0.0000     1.0000     0.0000     0.0000     0.0000     1.0000     0.0000     0.0000     0.0000     1.0000     0.0000     0.0000     0.0000     1.0000     0.0000     0.0000     0.0000     1.0000     0.0000     0.0000     0.0000     1.0000     0.0000     0.0000     0.0000     1.0000     0.0000     0.0000     0.0000     1.0000     0.0000     0.0000     0.0000     1.0000     0.0000     0.0000     0.0000     1.0000     0.0000     0.0000     0.0000     1.0000     0.0000     0.0000     0.0000     1.0000     0.0000     0.0000     0.0000     1.0000     0.0000     0.0000     0.0000     1.0000     0.0000     0.0000     0.0000     1.0000     0.0000     0.0000     0.0000     1.0000     0.0000     0.0000     0.0000     1.0000     0.0000     0.0000     0.0000     1.0000     0.0000     0.0000     0.0000     1.0000     0.0000     0.0000     0.0000     1.0000     0.0000     0.0000     0.0000     1.0000     0.0000     0.0000     0.0000     1.0000     0.0000     0.0000     0.0000     1.0000     0.0000     0.0000     0.0000     1.0000     0.0000     0.0000     0.0000     1.0000     0.0000     0.0000     0.0000     1.0000     0.0000     0.0000     0.0000     1.0000     0.0000     0.0000     0.0000     1.0000     0.0000     0.0000     0.0000     1.0000     0.0000     0.0000     0.0000     1.0000     0.0000     0.0000     0.0000     1.0000     0.0000     0.0000     0.0000     1.0000     0.0000     0.0000     0.0000     1.0000     0.0000     0.0000     0.0000     1.0000     0.0000     0.0000     0.0000     1.0000     0.0000     0.0000     0.0000     1.0000     0.0000     0.0000     0.0000     1.0000     0.0000     0.0000     0.0000     1.0000     0.0000     0.0000     0.0000     1.0000     0.0000     0.0000     0.0000     1.0000     0.0000     0.0000     0.0000     1.0000     0.0000     0.0000     0.0000     1.0000     0.0000     0.0000     0.0000     1.0000     0.0000     0.0000     0.0000
    1.0000     0.0000     0.0000     0.0000     1.0000     0.0000     0.0000     0.0000     1.0000     0.0000     0.0000     0.0000     1.0000     0.0000     0.0000     0.0000     1.0000     0.0000     0.0000     0.0000     1.0000     0.0000     0.0000     0.0000     1.0000     0.0000     0.0000     0.0000     1.0000     0.0000     0.0000     0.0000     1.0000     0.0000     0.0000     0.0000     1.0000     0.0000     0.0000     0.0000     1.0000     0.0000     0.0000     0.0000     1.0000     0.0000     0.0000     0.0000     1.0000     0.0000     0.0000     0.0000     1.0000     0.0000     0.0000     0.0000     1.0000     0.0000     0.0000     0.0000     1.0000     0.0000     0.0000     0.0000     1.0000     0.0000     0.0000     0.0000     1.0000     0.0000     0.0000     0.0000     1.0000     0.0000     0.0000     0.0000     1.0000     0.0000     0.0000     0.0000     1.0000     0.0000     0.0000     0.0000     1.0000     0.0000     0.0000     0.0000     1.0000     0.0000     0.0000     0.0000     1.0000     0.0000     0.0000     0.0000     1.0000     0.0000     0.0000     0.0000     1.0000     0.0000     0.0000     0.0000     1.0000     0.0000     0.0000     0.0000     1.0000     0.0000     0.0000     0.0000     1.0000     0.0000     0.0000     0.0000     1.0000     0.0000     0.0000     0.0000     1.0000     0.0000     0.0000     0.0000     1.0000     0.0000     0.0000     0.0000     1.0000     0.0000     0.0000     0.0000     1.0000     0.0000     0.0000     0.0000     1.0000     0.0000     0.0000     0.0000     1.0000     0.0000     0.0000     0.0000     1.0000     0.0000     0.0000     0.0000     1.0000     0.0000     0.0000     0.0000     1.0000     0.0000     0.0000     0.0000     1.0000     0.0000     0.0000     0.0000     1.0000     0.0000     0.0000     0.0000     1.0000     0.0000     0.0000     0.0000     1.0000     0.0000     0.0000     0.0000     1.0000     0.0000     0.0000     0.0000     1.0000     0.0000     0.0000     0.0000     1.0000     0.0000     0.0000     0.0000     1.0000     0.0000     0.0000     0.0000     1.0000     0.0000     0.0000     0.0000     1.0000     0.0000     0.0000     0.0000     1.0000     0.0000     0.0000     0.0000     1.0000     0.0000     0.0000     0.0000     1.0000     0.0000     0.0000     0.0000     1.0000     0.0000     0.0000     0.0000     1.0000     0.0000     0.0000     0.0000     1.0000     0.0000     0.0000     0.0000     1.0000     0.0000     0.0000     0.0000     1.0000     0.0000     0.0000     0.0000     1.0000     0.0000     0.0000     0.0000     1.0000     0.0000     0.0000     0.0000     1.0000     0.0000     0.0000     0.0000     1.0000     0.0000     0.0000     0.0000     1.0000     0.0000     0.0000     0.0000     1.0000     0.0000     0.0000     0.0000     1.0000     0.0000     0.0000     0.0000
    1.0000     0.0000     0.0000     0.0000     1.0000     0.0000     0.0000     0.0000     1.0000     0.0000     0.0000     0.0000     1.0000     0.0000     0.0000     0.0000     1.0000     0.0000     0.0000     0.0000     1.0000     0.0000     0.0000     0.0000     1.0000     0.0000     0.0000     0.0000     1.0000     0.0000     0.0000     0.0000     1.0000     0.0000     0.0000     0.0000     1.0000     0.0000     0.0000     0.0000     1.0000     0.0000     0.0000     0.0000     1.0000     0.0000     0.0000     0.0000     1.0000     0.0000     0.0000     0.0000     1.0000     0.0000     0.0000     0.0000     1.0000     0.0000     0.0000     0.0000     1.0000     0.0000     0.0000     0.0000     1.0000     0.0000     0.0000     0.0000     1.0000     0.0000     0.0000     0.0000     1.0000     0.0000     0.0000     0.0000     1.0000     0.0000     0.0000     0.0000     1.0000     0.0000     0.0000     0.0000     1.0000     0.0000     0.0000     0.0000     1.0000     0.0000     0.0000     0.0000     1.0000     0.0000     0.0000     0.0000     1.0000     0.0000     0.0000     0.0000     1.0000     0.0000     0.0000     0.0000     1.0000     0.0000     0.0000     0.0000     1.0000     0.0000     0.0000     0.0000     1.0000     0.0000     0.0000     0.0000     1.0000     0.0000     0.0000     0.0000     1.0000     0.0000     0.0000     0.0000     1.0000     0.0000     0.0000     0.0000     1.0000     0.0000     0.0000     0.0000     1.0000     0.0000     0.0000     0.0000     1.0000     0.0000     0.0000     0.0000     1.0000     0.0000     0.0000     0.0000     1.0000     0.0000     0.0000     0.0000     1.0000     0.0000     0.0000     0.0000     1.0000     0.0000     0.0000     0.0000     1.0000     0.0000     0.0000     0.0000     1.0000     0.0000     0.0000     0.0000     1.0000     0.0000     0.0000     0.0000     1.0000     0.0000     0.0000     0.0000     1.0000     0.0000     0.0000     0.0000     1.0000     0.0000     0.0000     0.0000     1.0000     0.0000     0.0000     0.0000     1.0000     0.0000     0.0000     0.0000     1.0000     0.0000     0.0000     0.0000     1.0000     0.0000     0.0000     0.0000     1.0000     0.0000     0.0000     0.0000     1.0000     0.0000     0.0000     0.0000     1.0000     0.0000     0.0000     0.0000     1.0000     0.0000     0.0000     0.0000     1.0000     0.0000     0.0000     0.0000     1.0000     0.0000     0.0000     0.0000     1.0000     0.0000     0.0000     0.0000     1.0000     0.0000     0.0000     0.0000     1.0000     0.0000     0.0000     0.0000     1.0000     0.0000     0.0000     0.0000     1.0000     0.0000     0.0000     0.0000     1.0000     0.0000     0.0000     0.0000     1.0000     0.0000     0.0000     0.0000     1.0000     0.0000     0.0000     0.0000     1.0000     0.0000     0.0000     0.0000
    1.0000     0.0000     0.0000     0.0000     1.0000     0.0000     0.0000     0.0000     1.0000     0.0000     0.0000     0.0000     1.0000     0.0000     0.0000     0.0000     1.0000     0.0000     0.0000     0.0000     1.0000     0.0000     0.0000     0.0000     1.0000     0.0000     0.0000     0.0000     1.0000     0.0000     0.0000     0.0000     1.0000     0.0000     0.0000     0.0000     1.0000     0.0000     0.0000     0.0000     1.0000     0.0000     0.0000     0.0000     1.0000     0.0000     0.0000     0.0000     1.0000     0.0000     0.0000     0.0000     1.0000     0.0000     0.0000     0.0000     1.0000     0.0000     0.0000     0.0000     1.0000     0.0000     0.0000     0.0000     1.0000     0.0000     0.0000     0.0000     1.0000     0.0000     0.0000     0.0000     1.0000     0.0000     0.0000     0.0000     1.0000     0.0000     0.0000     0.0000     1.0000     0.0000     0.0000     0.0000     1.0000     0.0000     0.0000     0.0000     1.0000     0.0000     0.0000     0.0000     1.0000     0.0000     0.0000     0.0000     1.0000     0.0000     0.0000     0.0000     1.0000     0.0000     0.0000     0.0000     1.0000     0.0000     0.0000     0.0000     1.0000     0.0000     0.0000     0.0000     1.0000     0.0000     0.0000     0.0000     1.0000     0.0000     0.0000     0.0000     1.0000     0.0000     0.0000     0.0000     1.0000     0.0000     0.0000     0.0000     1.0000     0.0000     0.0000     0.0000     1.0000     0.0000     0.0000     0.0000     1.0000     0.0000     0.0000     0.0000     1.0000     0.0000     0.0000     0.0000     1.0000     0.0000     0.0000     0.0000     1.0000     0.0000     0.0000     0.0000     1.0000     0.0000     0.0000     0.0000     1.0000     0.0000     0.0000     0.0000     1.0000     0.0000     0.0000     0.0000     1.0000     0.0000     0.0000     0.0000     1.0000     0.0000     0.0000     0.0000     1.0000     0.0000     0.0000     0.0000     1.0000     0.0000     0.0000     0.0000     1.0000     0.0000     0.0000     0.0000     1.0000     0.0000     0.0000     0.0000     1.0000     0.0000     0.0000     0.0000     1.0000     0.0000     0.0000     0.0000     1.0000     0.0000     0.0000     0.0000     1.0000     0.0000     0.0000     0.0000     1.0000     0.0000     0.0000     0.0000     1.0000     0.0000     0.0000     0.0000     1.0000     0.0000     0.0000     0.0000     1.0000     0.0000     0.0000     0.0000     1.0000     0.0000     0.0000     0.0000     1.0000     0.0000     0.0000     0.0000     1.0000     0.0000     0.0000     0.0000     1.0000     0.0000     0.0000     0.0000     1.0000     0.0000     0.0000     0.0000     1.0000     0.0000     0.0000     0.0000     1.0000     0.0000     0.0000     0.0000     1.0000     0.0000     0.0000     0.0000     1.0000     0.0000     0.0000     0.0000
    1.0000     0.0000     0.0000     0.0000     1.0000     0.0000     0.0000     0.0000     1.0000     0.0000     0.0000     0.0000     1.0000     0.0000     0.0000     0.0000     1.0000     0.0000     0.0000     0.0000     1.0000     0.0000     0.0000     0.0000     1.0000     0.0000     0.0000     0.0000     1.0000     0.0000     0.0000     0.0000     1.0000     0.0000     0.0000     0.0000     1.0000     0.0000     0.0000     0.0000     1.0000     0.0000     0.0000     0.0000     1.0000     0.0000     0.0000     0.0000     1.0000     0.0000     0.0000     0.0000     1.0000     0.0000     0.0000     0.0000     1.0000     0.0000     0.0000     0.0000     1.0000     0.0000     0.0000     0.0000     1.0000     0.0000     0.0000     0.0000     1.0000     0.0000     0.0000     0.0000     1.0000     0.0000     0.0000     0.0000     1.0000     0.0000     0.0000     0.0000     1.0000     0.0000     0.0000     0.0000     1.0000     0.0000     0.0000     0.0000     1.0000     0.0000     0.0000     0.0000     1.0000     0.0000     0.0000     0.0000     1.0000     0.0000     0.0000     0.0000     1.0000     0.0000     0.0000     0.0000     1.0000     0.0000     0.0000     0.0000     1.0000     0.0000     0.0000     0.0000     1.0000     0.0000     0.0000     0.0000     1.0000     0.0000     0.0000     0.0000     1.0000     0.0000     0.0000     0.0000     1.0000     0.0000     0.0000     0.0000     1.0000     0.0000     0.0000     0.0000     1.0000     0.0000     0.0000     0.0000     1.0000     0.0000     0.0000     0.0000     1.0000     0.0000     0.0000     0.0000     1.0000     0.0000     0.0000     0.0000     1.0000     0.0000     0.0000     0.0000     1.0000     0.0000     0.0000     0.0000     1.0000     0.0000     0.0000     0.0000     1.0000     0.0000     0.0000     0.0000     1.0000     0.0000     0.0000     0.0000     1.0000     0.0000     0.0000     0.0000     1.0000     0.0000     0.0000     0.0000     1.0000     0.0000     0.0000     0.0000     1.0000     0.0000     0.0000     0.0000     1.0000     0.0000     0.0000     0.0000     1.0000     0.0000     0.0000     0.0000     1.0000     0.0000     0.0000     0.0000     1.0000     0.0000     0.0000     0.0000     1.0000     0.0000     0.0000     0.0000     1.0000     0.0000     0.0000     0.0000     1.0000     0.0000     0.0000     0.0000     1.0000     0.0000     0.0000     0.0000     1.0000     0.0000     0.0000     0.0000     1.0000     0.0000     0.0000     0.0000     1.0000     0.0000     0.0000     0.0000     1.0000     0.0000     0.0000     0.0000     1.0000     0.0000     0.0000     0.0000     1.0000     0.0000     0.0000     0.0000     1.0000     0.0000     0.0000     0.0000     1.0000     0.0000     0.0000     0.0000     1.0000     0.0000     0.0000     0.0000     1.0000     0.0000     0.0000     0.0000
    1.0000     0.0000     0.0000     0.0000     1.0000     0.0000     0.0000     0.0000     1.0000     0.0000     0.0000     0.0000     1.0000     0.0000     0.0000     0.0000     1.0000     0.0000     0.0000     0.0000     1.0000     0.0000     0.0000     0.0000     1.0000     0.0000     0.0000     0.0000     1.0000     0.0000     0.0000     0.0000     1.0000     0.0000     0.0000     0.0000     1.0000     0.0000     0.0000     0.0000     1.0000     0.0000     0.0000     0.0000     1.0000     0.0000     0.0000     0.0000     1.0000     0.0000     0.0000     0.0000     1.0000     0.0000     0.0000     0.0000     1.0000     0.0000     0.0000     0.0000     1.0000     0.0000     0.0000     0.0000     1.0000     0.0000     0.0000     0.0000     1.0000     0.0000     0.0000     0.0000     1.0000     0.0000     0.0000     0.0000     1.0000     0.0000     0.0000     0.0000     1.0000     0.0000     0.0000     0.0000     1.0000     0.0000     0.0000     0.0000     1.0000     0.0000     0.0000     0.0000     1.0000     0.0000     0.0000     0.0000     1.0000     0.0000     0.0000     0.0000     1.0000     0.0000     0.0000     0.0000     1.0000     0.0000     0.0000     0.0000     1.0000     0.0000     0.0000     0.0000     1.0000     0.0000     0.0000     0.0000     1.0000     0.0000     0.0000     0.0000     1.0000     0.0000     0.0000     0.0000     1.0000     0.0000     0.0000     0.0000     1.0000     0.0000     0.0000     0.0000     1.0000     0.0000     0.0000     0.0000     1.0000     0.0000     0.0000     0.0000     1.0000     0.0000     0.0000     0.0000     1.0000     0.0000     0.0000     0.0000     1.0000     0.0000     0.0000     0.0000     1.0000     0.0000     0.0000     0.0000     1.0000     0.0000     0.0000     0.0000     1.0000     0.0000     0.0000     0.0000     1.0000     0.0000     0.0000     0.0000     1.0000     0.0000     0.0000     0.0000     1.0000     0.0000     0.0000     0.0000     1.0000     0.0000     0.0000     0.0000     1.0000     0.0000     0.0000     0.0000     1.0000     0.0000     0.0000     0.0000     1.0000     0.0000     0.0000     0.0000     1.0000     0.0000     0.0000     0.0000     1.0000     0.0000     0.0000     0.0000     1.0000     0.0000     0.0000     0.0000     1.0000     0.0000     0.0000     0.0000     1.0000     0.0000     0.0000     0.0000     1.0000     0.0000     0.0000     0.0000     1.0000     0.0000     0.0000     0.0000     1.0000     0.0000     0.0000     0.0000     1.0000     0.0000     0.0000     0.0000     1.0000     0.0000     0.0000     0.0000     1.0000     0.0000     0.0000     0.0000     1.0000     0.0000     0.0000     0.0000     1.0000     0.0000     0.0000     0.0000     1.0000     0.0000     0.0000     0.0000     1.0000     0.0000     0.0000     0.0000     1.0000     0.0000     0.0000     0.0000
    1.0000     0.0000     0.0000     0.0000     1.0000     0.0000     0.0000     0.0000     1.0000     0.0000     0.0000     0.0000     1.0000     0.0000     0.0000     0.0000     1.0000     0.0000     0.0000     0.0000     1.0000     0.0000     0.0000     0.0000     1.0000     0.0000     0.0000     0.0000     1.0000     0.0000     0.0000     0.0000     1.0000     0.0000     0.0000     0.0000     1.0000     0.0000     0.0000     0.0000     1.0000     0.0000     0.0000     0.0000     1.0000     0.0000     0.0000     0.0000     1.0000     0.0000     0.0000     0.0000     1.0000     0.0000     0.0000     0.0000     1.0000     0.0000     0.0000     0.0000     1.0000     0.0000     0.0000     0.0000     1.0000     0.0000     0.0000     0.0000     1.0000     0.0000     0.0000     0.0000     1.0000     0.0000     0.0000     0.0000     1.0000     0.0000     0.0000     0.0000     1.0000     0.0000     0.0000     0.0000     1.0000     0.0000     0.0000     0.0000     1.0000     0.0000     0.0000     0.0000     1.0000     0.0000     0.0000     0.0000     1.0000     0.0000     0.0000     0.0000     1.0000     0.0000     0.0000     0.0000     1.0000     0.0000     0.0000     0.0000     1.0000     0.0000     0.0000     0.0000     1.0000     0.0000     0.0000     0.0000     1.0000     0.0000     0.0000     0.0000     1.0000     0.0000     0.0000     0.0000     1.0000     0.0000     0.0000     0.0000     1.0000     0.0000     0.0000     0.0000     1.0000     0.0000     0.0000     0.0000     1.0000     0.0000     0.0000     0.0000     1.0000     0.0000     0.0000     0.0000     1.0000     0.0000     0.0000     0.0000     1.0000     0.0000     0.0000     0.0000     1.0000     0.0000     0.0000     0.0000     1.0000     0.0000     0.0000     0.0000     1.0000     0.0000     0.0000     0.0000     1.0000     0.0000     0.0000     0.0000     1.0000     0.0000     0.0000     0.0000     1.0000     0.0000     0.0000     0.0000     1.0000     0.0000     0.0000     0.0000     1.0000     0.0000     0.0000     0.0000     1.0000     0.0000     0.0000     0.0000     1.0000     0.0000     0.0000     0.0000     1.0000     0.0000     0.0000     0.0000     1.0000     0.0000     0.0000     0.0000     1.0000     0.0000     0.0000     0.0000     1.0000     0.0000     0.0000     0.0000     1.0000     0.0000     0.0000     0.0000     1.0000     0.0000     0.0000     0.0000     1.0000     0.0000     0.0000     0.0000     1.0000     0.0000     0.0000     0.0000     1.0000     0.0000     0.0000     0.0000     1.0000     0.0000     0.0000     0.0000     1.0000     0.0000     0.0000     0.0000     1.0000     0.0000     0.0000     0.0000     1.0000     0.0000     0.0000     0.0000     1.0000     0.0000     0.0000     0.0000     1.0000     0.0000     0.0000     0.0000     1.0000     0.0000     0.0000     0.0000
    1.0000     0.0000     0.0000     0.0000     1.0000     0.0000     0.0000     0.0000     1.0000     0.0000     0.0000     0.0000     1.0000     0.0000     0.0000     0.0000     1.0000     0.0000     0.0000     0.0000     1.0000     0.0000     0.0000     0.0000     1.0000     0.0000     0.0000     0.0000     1.0000     0.0000     0.0000     0.0000     1.0000     0.0000     0.0000     0.0000     1.0000     0.0000     0.0000     0.0000     1.0000     0.0000     0.0000     0.0000     1.0000     0.0000     0.0000     0.0000     1.0000     0.0000     0.0000     0.0000     1.0000     0.0000     0.0000     0.0000     1.0000     0.0000     0.0000     0.0000     1.0000     0.0000     0.0000     0.0000     1.0000     0.0000     0.0000     0.0000     1.0000     0.0000     0.0000     0.0000     1.0000     0.0000     0.0000     0.0000     1.0000     0.0000     0.0000     0.0000     1.0000     0.0000     0.0000     0.0000     1.0000     0.0000     0.0000     0.0000     1.0000     0.0000     0.0000     0.0000     1.0000     0.0000     0.0000     0.0000     1.0000     0.0000     0.0000     0.0000     1.0000     0.0000     0.0000     0.0000     1.0000     0.0000     0.0000     0.0000     1.0000     0.0000     0.0000     0.0000     1.0000     0.0000     0.0000     0.0000     1.0000     0.0000     0.0000     0.0000     1.0000     0.0000     0.0000     0.0000     1.0000     0.0000     0.0000     0.0000     1.0000     0.0000     0.0000     0.0000     1.0000     0.0000     0.0000     0.0000     1.0000     0.0000     0.0000     0.0000     1.0000     0.0000     0.0000     0.0000     1.0000     0.0000     0.0000     0.0000     1.0000     0.0000     0.0000     0.0000     1.0000     0.0000     0.0000     0.0000     1.0000     0.0000     0.0000     0.0000     1.0000     0.0000     0.0000     0.0000     1.0000     0.0000     0.0000     0.0000     1.0000     0.0000     0.0000     0.0000     1.0000     0.0000     0.0000     0.0000     1.0000     0.0000     0.0000     0.0000     1.0000     0.0000     0.0000     0.0000     1.0000     0.0000     0.0000     0.0000     1.0000     0.0000     0.0000     0.0000     1.0000     0.0000     0.0000     0.0000     1.0000     0.0000     0.0000     0.0000     1.0000     0.0000     0.0000     0.0000     1.0000     0.0000     0.0000     0.0000     1.0000     0.0000     0.0000     0.0000     1.0000     0.0000     0.0000     0.0000     1.0000     0.0000     0.0000     0.0000     1.0000     0.0000     0.0000     0.0000     1.0000     0.0000     0.0000     0.0000     1.0000     0.0000     0.0000     0.0000     1.0000     0.0000     0.0000     0.0000     1.0000     0.0000     0.0000     0.0000     1.0000     0.0000     0.0000     0.0000     1.0000     0.0000     0.0000     0.0000     1.0000     0.0000     0.0000     0.0000     1.0000     0.0000     0.0000     0.0000
    1.0000     0.0000     0.0000     0.0000     1.0000     0.0000     0.0000     0.0000     1.0000     0.0000     0.0000     0.0000     1.0000     0.0000     0.0000     0.0000     1.0000     0.0000     0.0000     0.0000     1.0000     0.0000     0.0000     0.0000     1.0000     0.0000     0.0000     0.0000     1.0000     0.0000     0.0000     0.0000     1.0000     0.0000     0.0000     0.0000     1.0000     0.0000     0.0000     0.0000     1.0000     0.0000     0.0000     0.0000     1.0000     0.0000     0.0000     0.0000     1.0000     0.0000     0.0000     0.0000     1.0000     0.0000     0.0000     0.0000     1.0000     0.0000     0.0000     0.0000     1.0000     0.0000     0.0000     0.0000     1.0000     0.0000     0.0000     0.0000     1.0000     0.0000     0.0000     0.0000     1.0000     0.0000     0.0000     0.0000     1.0000     0.0000     0.0000     0.0000     1.0000     0.0000     0.0000     0.0000     1.0000     0.0000     0.0000     0.0000     1.0000     0.0000     0.0000     0.0000     1.0000     0.0000     0.0000     0.0000     1.0000     0.0000     0.0000     0.0000     1.0000     0.0000     0.0000     0.0000     1.0000     0.0000     0.0000     0.0000     1.0000     0.0000     0.0000     0.0000     1.0000     0.0000     0.0000     0.0000     1.0000     0.0000     0.0000     0.0000     1.0000     0.0000     0.0000     0.0000     1.0000     0.0000     0.0000     0.0000     1.0000     0.0000     0.0000     0.0000     1.0000     0.0000     0.0000     0.0000     1.0000     0.0000     0.0000     0.0000     1.0000     0.0000     0.0000     0.0000     1.0000     0.0000     0.0000     0.0000     1.0000     0.0000     0.0000     0.0000     1.0000     0.0000     0.0000     0.0000     1.0000     0.0000     0.0000     0.0000     1.0000     0.0000     0.0000     0.0000     1.0000     0.0000     0.0000     0.0000     1.0000     0.0000     0.0000     0.0000     1.0000     0.0000     0.0000     0.0000     1.0000     0.0000     0.0000     0.0000     1.0000     0.0000     0.0000     0.0000     1.0000     0.0000     0.0000     0.0000     1.0000     0.0000     0.0000     0.0000     1.0000     0.0000     0.0000     0.0000     1.0000     0.0000     0.0000     0.0000     1.0000     0.0000     0.0000     0.0000     1.0000     0.0000     0.0000     0.0000     1.0000     0.0000     0.0000     0.0000     1.0000     0.0000     0.0000     0.0000     1.0000     0.0000     0.0000     0.0000     1.0000     0.0000     0.0000     0.0000     1.0000     0.0000     0.0000     0.0000     1.0000     0.0000     0.0000     0.0000     1.0000     0.0000     0.0000     0.0000     1.0000     0.0000     0.0000     0.0000     1.0000     0.0000     0.0000     0.0000     1.0000     0.0000     0.0000     0.0000     1.0000     0.0000     0.0000     0.0000     1.0000     0.0000     0.0000     0.0000
    1.0000     0.0000     0.0000     0.0000     1.0000     0.0000     0.0000     0.0000     1.0000     0.0000     0.0000     0.0000     1.0000     0.0000     0.0000     0.0000     1.0000     0.0000     0.0000     0.0000     1.0000     0.0000     0.0000     0.0000     1.0000     0.0000     0.0000     0.0000     1.0000     0.0000     0.0000     0.0000     1.0000     0.0000     0.0000     0.0000     1.0000     0.0000     0.0000     0.0000     1.0000     0.0000     0.0000     0.0000     1.0000     0.0000     0.0000     0.0000     1.0000     0.0000     0.0000     0.0000     1.0000     0.0000     0.0000     0.0000     1.0000     0.0000     0.0000     0.0000     1.0000     0.0000     0.0000     0.0000     1.0000     0.0000     0.0000     0.0000     1.0000     0.0000     0.0000     0.0000     1.0000     0.0000     0.0000     0.0000     1.0000     0.0000     0.0000     0.0000     1.0000     0.0000     0.0000     0.0000     1.0000     0.0000     0.0000     0.0000     1.0000     0.0000     0.0000     0.0000     1.0000     0.0000     0.0000     0.0000     1.0000     0.0000     0.0000     0.0000     1.0000     0.0000     0.0000     0.0000     1.0000     0.0000     0.0000     0.0000     1.0000     0.0000     0.0000     0.0000     1.0000     0.0000     0.0000     0.0000     1.0000     0.0000     0.0000     0.0000     1.0000     0.0000     0.0000     0.0000     1.0000     0.0000     0.0000     0.0000     1.0000     0.0000     0.0000     0.0000     1.0000     0.0000     0.0000     0.0000     1.0000     0.0000     0.0000     0.0000     1.0000     0.0000     0.0000     0.0000     1.0000     0.0000     0.0000     0.0000     1.0000     0.0000     0.0000     0.0000     1.0000     0.0000     0.0000     0.0000     1.0000     0.0000     0.0000     0.0000     1.0000     0.0000     0.0000     0.0000     1.0000     0.0000     0.0000     0.0000     1.0000     0.0000     0.0000     0.0000     1.0000     0.0000     0.0000     0.0000     1.0000     0.0000     0.0000     0.0000     1.0000     0.0000     0.0000     0.0000     1.0000     0.0000     0.0000     0.0000     1.0000     0.0000     0.0000     0.0000     1.0000     0.0000     0.0000     0.0000     1.0000     0.0000     0.0000     0.0000     1.0000     0.0000     0.0000     0.0000     1.0000     0.0000     0.0000     0.0000     1.0000     0.0000     0.0000     0.0000     1.0000     0.0000     0.0000     0.0000     1.0000     0.0000     0.0000     0.0000     1.0000     0.0000     0.0000     0.0000     1.0000     0.0000     0.0000     0.0000     1.0000     0.0000     0.0000     0.0000     1.0000     0.0000     0.0000     0.0000     1.0000     0.0000     0.0000     0.0000     1.0000     0.0000     0.0000     0.0000     1.0000     0.0000     0.0000     0.0000     1.0000     0.0000     0.0000     0.0000     1.0000     0.0000     0.0000     0.0000
    1.0000     0.0000     0.0000     0.0000     1.0000     0.0000     0.0000     0.0000     1.0000     0.0000     0.0000     0.0000     1.0000     0.0000     0.0000     0.0000     1.0000     0.0000     0.0000     0.0000     1.0000     0.0000     0.0000     0.0000     1.0000     0.0000     0.0000     0.0000     1.0000     0.0000     0.0000     0.0000     1.0000     0.0000     0.0000     0.0000     1.0000     0.0000     0.0000     0.0000     1.0000     0.0000     0.0000     0.0000     1.0000     0.0000     0.0000     0.0000     1.0000     0.0000     0.0000     0.0000     1.0000     0.0000     0.0000     0.0000     1.0000     0.0000     0.0000     0.0000     1.0000     0.0000     0.0000     0.0000     1.0000     0.0000     0.0000     0.0000     1.0000     0.0000     0.0000     0.0000     1.0000     0.0000     0.0000     0.0000     1.0000     0.0000     0.0000     0.0000     1.0000     0.0000     0.0000     0.0000     1.0000     0.0000     0.0000     0.0000     1.0000     0.0000     0.0000     0.0000     1.0000     0.0000     0.0000     0.0000     1.0000     0.0000     0.0000     0.0000     1.0000     0.0000     0.0000     0.0000     1.0000     0.0000     0.0000     0.0000     1.0000     0.0000     0.0000     0.0000     1.0000     0.0000     0.0000     0.0000     1.0000     0.0000     0.0000     0.0000     1.0000     0.0000     0.0000     0.0000     1.0000     0.0000     0.0000     0.0000     1.0000     0.0000     0.0000     0.0000     1.0000     0.0000     0.0000     0.0000     1.0000     0.0000     0.0000     0.0000     1.0000     0.0000     0.0000     0.0000     1.0000     0.0000     0.0000     0.0000     1.0000     0.0000     0.0000     0.0000     1.0000     0.0000     0.0000     0.0000     1.0000     0.0000     0.0000     0.0000     1.0000     0.0000     0.0000     0.0000     1.0000     0.0000     0.0000     0.0000     1.0000     0.0000     0.0000     0.0000     1.0000     0.0000     0.0000     0.0000     1.0000     0.0000     0.0000     0.0000     1.0000     0.0000     0.0000     0.0000     1.0000     0.0000     0.0000     0.0000     1.0000     0.0000     0.0000     0.0000     1.0000     0.0000     0.0000     0.0000     1.0000     0.0000     0.0000     0.0000     1.0000     0.0000     0.0000     0.0000     1.0000     0.0000     0.0000     0.0000     1.0000     0.0000     0.0000     0.0000     1.0000     0.0000     0.0000     0.0000     1.0000     0.0000     0.0000     0.0000     1.0000     0.0000     0.0000     0.0000     1.0000     0.0000     0.0000     0.0000     1.0000     0.0000     0.0000     0.0000     1.0000     0.0000     0.0000     0.0000     1.0000     0.0000     0.0000     0.0000     1.0000     0.0000     0.0000     0.0000     1.0000     0.0000     0.0000     0.0000     1.0000     0.0000     0.0000     0.0000     1.0000     0.0000     0.0000     0.0000
    1.0000     0.0000     0.0000     0.0000     1.0000     0.0000     0.0000     0.0000     1.0000     0.0000     0.0000     0.0000     1.0000     0.0000     0.0000     0.0000     1.0000     0.0000     0.0000     0.0000     1.0000     0.0000     0.0000     0.0000     1.0000     0.0000     0.0000     0.0000     1.0000     0.0000     0.0000     0.0000     1.0000     0.0000     0.0000     0.0000     1.0000     0.0000     0.0000     0.0000     1.0000     0.0000     0.0000     0.0000     1.0000     0.0000     0.0000     0.0000     1.0000     0.0000     0.0000     0.0000     1.0000     0.0000     0.0000     0.0000     1.0000     0.0000     0.0000     0.0000     1.0000     0.0000     0.0000     0.0000     1.0000     0.0000     0.0000     0.0000     1.0000     0.0000     0.0000     0.0000     1.0000     0.0000     0.0000     0.0000     1.0000     0.0000     0.0000     0.0000     1.0000     0.0000     0.0000     0.0000     1.0000     0.0000     0.0000     0.0000     1.0000     0.0000     0.0000     0.0000     1.0000     0.0000     0.0000     0.0000     1.0000     0.0000     0.0000     0.0000     1.0000     0.0000     0.0000     0.0000     1.0000     0.0000     0.0000     0.0000     1.0000     0.0000     0.0000     0.0000     1.0000     0.0000     0.0000     0.0000     1.0000     0.0000     0.0000     0.0000     1.0000     0.0000     0.0000     0.0000     1.0000     0.0000     0.0000     0.0000     1.0000     0.0000     0.0000     0.0000     1.0000     0.0000     0.0000     0.0000     1.0000     0.0000     0.0000     0.0000     1.0000     0.0000     0.0000     0.0000     1.0000     0.0000     0.0000     0.0000     1.0000     0.0000     0.0000     0.0000     1.0000     0.0000     0.0000     0.0000     1.0000     0.0000     0.0000     0.0000     1.0000     0.0000     0.0000     0.0000     1.0000     0.0000     0.0000     0.0000     1.0000     0.0000     0.0000     0.0000     1.0000     0.0000     0.0000     0.0000     1.0000     0.0000     0.0000     0.0000     1.0000     0.0000     0.0000     0.0000     1.0000     0.0000     0.0000     0.0000     1.0000     0.0000     0.0000     0.0000     1.0000     0.0000     0.0000     0.0000     1.0000     0.0000     0.0000     0.0000     1.0000     0.0000     0.0000     0.0000     1.0000     0.0000     0.0000     0.0000     1.0000     0.0000     0.0000     0.0000     1.0000     0.0000     0.0000     0.0000     1.0000     0.0000     0.0000     0.0000     1.0000     0.0000     0.0000     0.0000     1.0000     0.0000     0.0000     0.0000     1.0000     0.0000     0.0000     0.0000     1.0000     0.0000     0.0000     0.0000     1.0000     0.0000     0.0000     0.0000     1.0000     0.0000     0.0000     0.0000     1.0000     0.0000     0.0000     0.0000     1.0000     0.0000     0.0000     0.0000     1.0000     0.0000     0.0000     0.0000
    1.0000     0.0000     0.0000     0.0000     1.0000     0.0000     0.0000     0.0000     1.0000     0.0000     0.0000     0.0000     1.0000     0.0000     0.0000     0.0000     1.0000     0.0000     0.0000     0.0000     1.0000     0.0000     0.0000     0.0000     1.0000     0.0000     0.0000     0.0000     1.0000     0.0000     0.0000     0.0000     1.0000     0.0000     0.0000     0.0000     1.0000     0.0000     0.0000     0.0000     1.0000     0.0000     0.0000     0.0000     1.0000     0.0000     0.0000     0.0000     1.0000     0.0000     0.0000     0.0000     1.0000     0.0000     0.0000     0.0000     1.0000     0.0000     0.0000     0.0000     1.0000     0.0000     0.0000     0.0000     1.0000     0.0000     0.0000     0.0000     1.0000     0.0000     0.0000     0.0000     1.0000     0.0000     0.0000     0.0000     1.0000     0.0000     0.0000     0.0000     1.0000     0.0000     0.0000     0.0000     1.0000     0.0000     0.0000     0.0000     1.0000     0.0000     0.0000     0.0000     1.0000     0.0000     0.0000     0.0000     1.0000     0.0000     0.0000     0.0000     1.0000     0.0000     0.0000     0.0000     1.0000     0.0000     0.0000     0.0000     1.0000     0.0000     0.0000     0.0000     1.0000     0.0000     0.0000     0.0000     1.0000     0.0000     0.0000     0.0000     1.0000     0.0000     0.0000     0.0000     1.0000     0.0000     0.0000     0.0000     1.0000     0.0000     0.0000     0.0000     1.0000     0.0000     0.0000     0.0000     1.0000     0.0000     0.0000     0.0000     1.0000     0.0000     0.0000     0.0000     1.0000     0.0000     0.0000     0.0000     1.0000     0.0000     0.0000     0.0000     1.0000     0.0000     0.0000     0.0000     1.0000     0.0000     0.0000     0.0000     1.0000     0.0000     0.0000     0.0000     1.0000     0.0000     0.0000     0.0000     1.0000     0.0000     0.0000     0.0000     1.0000     0.0000     0.0000     0.0000     1.0000     0.0000     0.0000     0.0000     1.0000     0.0000     0.0000     0.0000     1.0000     0.0000     0.0000     0.0000     1.0000     0.0000     0.0000     0.0000     1.0000     0.0000     0.0000     0.0000     1.0000     0.0000     0.0000     0.0000     1.0000     0.0000     0.0000     0.0000     1.0000     0.0000     0.0000     0.0000     1.0000     0.0000     0.0000     0.0000     1.0000     0.0000     0.0000     0.0000     1.0000     0.0000     0.0000     0.0000     1.0000     0.0000     0.0000     0.0000     1.0000     0.0000     0.0000     0.0000     1.0000     0.0000     0.0000     0.0000     1.0000     0.0000     0.0000     0.0000     1.0000     0.0000     0.0000     0.0000     1.0000     0.0000     0.0000     0.0000     1.0000     0.0000     0.0000     0.0000     1.0000     0.0000     0.0000     0.0000     1.0000     0.0000     0.0000     0.0000
    1.0000     0.0000     0.0000     0.0000     1.0000     0.0000     0.0000     0.0000     1.0000     0.0000     0.0000     0.0000     1.0000     0.0000     0.0000     0.0000     1.0000     0.0000     0.0000     0.0000     1.0000     0.0000     0.0000     0.0000     1.0000     0.0000     0.0000     0.0000     1.0000     0.0000     0.0000     0.0000     1.0000     0.0000     0.0000     0.0000     1.0000     0.0000     0.0000     0.0000     1.0000     0.0000     0.0000     0.0000     1.0000     0.0000     0.0000     0.0000     1.0000     0.0000     0.0000     0.0000     1.0000     0.0000     0.0000     0.0000     1.0000     0.0000     0.0000     0.0000     1.0000     0.0000     0.0000     0.0000     1.0000     0.0000     0.0000     0.0000     1.0000     0.0000     0.0000     0.0000     1.0000     0.0000     0.0000     0.0000     1.0000     0.0000     0.0000     0.0000     1.0000     0.0000     0.0000     0.0000     1.0000     0.0000     0.0000     0.0000     1.0000     0.0000     0.0000     0.0000     1.0000     0.0000     0.0000     0.0000     1.0000     0.0000     0.0000     0.0000     1.0000     0.0000     0.0000     0.0000     1.0000     0.0000     0.0000     0.0000     1.0000     0.0000     0.0000     0.0000     1.0000     0.0000     0.0000     0.0000     1.0000     0.0000     0.0000     0.0000     1.0000     0.0000     0.0000     0.0000     1.0000     0.0000     0.0000     0.0000     1.0000     0.0000     0.0000     0.0000     1.0000     0.0000     0.0000     0.0000     1.0000     0.0000     0.0000     0.0000     1.0000     0.0000     0.0000     0.0000     1.0000     0.0000     0.0000     0.0000     1.0000     0.0000     0.0000     0.0000     1.0000     0.0000     0.0000     0.0000     1.0000     0.0000     0.0000     0.0000     1.0000     0.0000     0.0000     0.0000     1.0000     0.0000     0.0000     0.0000     1.0000     0.0000     0.0000     0.0000     1.0000     0.0000     0.0000     0.0000     1.0000     0.0000     0.0000     0.0000     1.0000     0.0000     0.0000     0.0000     1.0000     0.0000     0.0000     0.0000     1.0000     0.0000     0.0000     0.0000     1.0000     0.0000     0.0000     0.0000     1.0000     0.0000     0.0000     0.0000     1.0000     0.0000     0.0000     0.0000     1.0000     0.0000     0.0000     0.0000     1.0000     0.0000     0.0000     0.0000     1.0000     0.0000     0.0000     0.0000     1.0000     0.0000     0.0000     0.0000     1.0000     0.0000     0.0000     0.0000     1.0000     0.0000     0.0000     0.0000     1.0000     0.0000     0.0000     0.0000     1.0000     0.0000     0.0000     0.0000     1.0000     0.0000     0.0000     0.0000     1.0000     0.0000     0.0000     0.0000     1.0000     0.0000     0.0000     0.0000     1.0000     0.0000     0.0000     0.0000     1.0000     0.0000     0.0000     0.0000
    1.0000     0.0000     0.0000     0.0000     1.0000     0.0000     0.0000     0.0000     1.0000     0.0000     0.0000     0.0000     1.0000     0.0000     0.0000     0.0000     1.0000     0.0000     0.0000     0.0000     1.0000     0.0000     0.0000     0.0000     1.0000     0.0000     0.0000     0.0000     1.0000     0.0000     0.0000     0.0000     1.0000     0.0000     0.0000     0.0000     1.0000     0.0000     0.0000     0.0000     1.0000     0.0000     0.0000     0.0000     1.0000     0.0000     0.0000     0.0000     1.0000     0.0000     0.0000     0.0000     1.0000     0.0000     0.0000     0.0000     1.0000     0.0000     0.0000     0.0000     1.0000     0.0000     0.0000     0.0000     1.0000     0.0000     0.0000     0.0000     1.0000     0.0000     0.0000     0.0000     1.0000     0.0000     0.0000     0.0000     1.0000     0.0000     0.0000     0.0000     1.0000     0.0000     0.0000     0.0000     1.0000     0.0000     0.0000     0.0000     1.0000     0.0000     0.0000     0.0000     1.0000     0.0000     0.0000     0.0000     1.0000     0.0000     0.0000     0.0000     1.0000     0.0000     0.0000     0.0000     1.0000     0.0000     0.0000     0.0000     1.0000     0.0000     0.0000     0.0000     1.0000     0.0000     0.0000     0.0000     1.0000     0.0000     0.0000     0.0000     1.0000     0.0000     0.0000     0.0000     1.0000     0.0000     0.0000     0.0000     1.0000     0.0000     0.0000     0.0000     1.0000     0.0000     0.0000     0.0000     1.0000     0.0000     0.0000     0.0000     1.0000     0.0000     0.0000     0.0000     1.0000     0.0000     0.0000     0.0000     1.0000     0.0000     0.0000     0.0000     1.0000     0.0000     0.0000     0.0000     1.0000     0.0000     0.0000     0.0000     1.0000     0.0000     0.0000     0.0000     1.0000     0.0000     0.0000     0.0000     1.0000     0.0000     0.0000     0.0000     1.0000     0.0000     0.0000     0.0000     1.0000     0.0000     0.0000     0.0000     1.0000     0.0000     0.0000     0.0000     1.0000     0.0000     0.0000     0.0000     1.0000     0.0000     0.0000     0.0000     1.0000     0.0000     0.0000     0.0000     1.0000     0.0000     0.0000     0.0000     1.0000     0.0000     0.0000     0.0000     1.0000     0.0000     0.0000     0.0000     1.0000     0.0000     0.0000     0.0000     1.0000     0.0000     0.0000     0.0000     1.0000     0.0000     0.0000     0.0000     1.0000     0.0000     0.0000     0.0000     1.0000     0.0000     0.0000     0.0000     1.0000     0.0000     0.0000     0.0000     1.0000     0.0000     0.0000     0.0000     1.0000     0.0000     0.0000     0.0000     1.0000     0.0000     0.0000     0.0000     1.0000     0.0000     0.0000     0.0000     1.0000     0.0000     0.0000     0.0000     1.0000     0.0000     0.0000     0.0000
    1.0000     0.0000     0.0000     0.0000     1.0000     0.0000     0.0000     0.0000     1.0000     0.0000     0.0000     0.0000     1.0000     0.0000     0.0000     0.0000     1.0000     0.0000     0.0000     0.0000     1.0000     0.0000     0.0000     0.0000     1.0000     0.0000     0.0000     0.0000     1.0000     0.0000     0.0000     0.0000     1.0000     0.0000     0.0000     0.0000     1.0000     0.0000     0.0000     0.0000     1.0000     0.0000     0.0000     0.0000     1.0000     0.0000     0.0000     0.0000     1.0000     0.0000     0.0000     0.0000     1.0000     0.0000     0.0000     0.0000     1.0000     0.0000     0.0000     0.0000     1.0000     0.0000     0.0000     0.0000     1.0000     0.0000     0.0000     0.0000     1.0000     0.0000     0.0000     0.0000     1.0000     0.0000     0.0000     0.0000     1.0000     0.0000     0.0000     0.0000     1.0000     0.0000     0.0000     0.0000     1.0000     0.0000     0.0000     0.0000     1.0000     0.0000     0.0000     0.0000     1.0000     0.0000     0.0000     0.0000     1.0000     0.0000     0.0000     0.0000     1.0000     0.0000     0.0000     0.0000     1.0000     0.0000     0.0000     0.0000     1.0000     0.0000     0.0000     0.0000     1.0000     0.0000     0.0000     0.0000     1.0000     0.0000     0.0000     0.0000     1.0000     0.0000     0.0000     0.0000     1.0000     0.0000     0.0000     0.0000     1.0000     0.0000     0.0000     0.0000     1.0000     0.0000     0.0000     0.0000     1.0000     0.0000     0.0000     0.0000     1.0000     0.0000     0.0000     0.0000     1.0000     0.0000     0.0000     0.0000     1.0000     0.0000     0.0000     0.0000     1.0000     0.0000     0.0000     0.0000     1.0000     0.0000     0.0000     0.0000     1.0000     0.0000     0.0000     0.0000     1.0000     0.0000     0.0000     0.0000     1.0000     0.0000     0.0000     0.0000     1.0000     0.0000     0.0000     0.0000     1.0000     0.0000     0.0000     0.0000     1.0000     0.0000     0.0000     0.0000     1.0000     0.0000     0.0000     0.0000     1.0000     0.0000     0.0000     0.0000     1.0000     0.0000     0.0000     0.0000     1.0000     0.0000     0.0000     0.0000     1.0000     0.0000     0.0000     0.0000     1.0000     0.0000     0.0000     0.0000     1.0000     0.0000     0.0000     0.0000     1.0000     0.0000     0.0000     0.0000     1.0000     0.0000     0.0000     0.0000     1.0000     0.0000     0.0000     0.0000     1.0000     0.0000     0.0000     0.0000     1.0000     0.0000     0.0000     0.0000     1.0000     0.0000     0.0000     0.0000     1.0000     0.0000     0.0000     0.0000     1.0000     0.0000     0.0000     0.0000     1.0000     0.0000     0.0000     0.0000     1.0000     0.0000     0.0000     0.0000     1.0000     0.0000     0.0000     0.0000
    1.0000     0.0000     0.0000     0.0000     1.0000     0.0000     0.0000     0.0000     1.0000     0.0000     0.0000     0.0000     1.0000     0.0000     0.0000     0.0000     1.0000     0.0000     0.0000     0.0000     1.0000     0.0000     0.0000     0.0000     1.0000     0.0000     0.0000     0.0000     1.0000     0.0000     0.0000     0.0000     1.0000     0.0000     0.0000     0.0000     1.0000     0.0000     0.0000     0.0000     1.0000     0.0000     0.0000     0.0000     1.0000     0.0000     0.0000     0.0000     1.0000     0.0000     0.0000     0.0000     1.0000     0.0000     0.0000     0.0000     1.0000     0.0000     0.0000     0.0000     1.0000     0.0000     0.0000     0.0000     1.0000     0.0000     0.0000     0.0000     1.0000     0.0000     0.0000     0.0000     1.0000     0.0000     0.0000     0.0000     1.0000     0.0000     0.0000     0.0000     1.0000     0.0000     0.0000     0.0000     1.0000     0.0000     0.0000     0.0000     1.0000     0.0000     0.0000     0.0000     1.0000     0.0000     0.0000     0.0000     1.0000     0.0000     0.0000     0.0000     1.0000     0.0000     0.0000     0.0000     1.0000     0.0000     0.0000     0.0000     1.0000     0.0000     0.0000     0.0000     1.0000     0.0000     0.0000     0.0000     1.0000     0.0000     0.0000     0.0000     1.0000     0.0000     0.0000     0.0000     1.0000     0.0000     0.0000     0.0000     1.0000     0.0000     0.0000     0.0000     1.0000     0.0000     0.0000     0.0000     1.0000     0.0000     0.0000     0.0000     1.0000     0.0000     0.0000     0.0000     1.0000     0.0000     0.0000     0.0000     1.0000     0.0000     0.0000     0.0000     1.0000     0.0000     0.0000     0.0000     1.0000     0.0000     0.0000     0.0000     1.0000     0.0000     0.0000     0.0000     1.0000     0.0000     0.0000     0.0000     1.0000     0.0000     0.0000     0.0000     1.0000     0.0000     0.0000     0.0000     1.0000     0.0000     0.0000     0.0000     1.0000     0.0000     0.0000     0.0000     1.0000     0.0000     0.0000     0.0000     1.0000     0.0000     0.0000     0.0000     1.0000     0.0000     0.0000     0.0000     1.0000     0.0000     0.0000     0.0000     1.0000     0.0000     0.0000     0.0000     1.0000     0.0000     0.0000     0.0000     1.0000     0.0000     0.0000     0.0000     1.0000     0.0000     0.0000     0.0000     1.0000     0.0000     0.0000     0.0000     1.0000     0.0000     0.0000     0.0000     1.0000     0.0000     0.0000     0.0000     1.0000     0.0000     0.0000     0.0000     1.0000     0.0000     0.0000     0.0000     1.0000     0.0000     0.0000     0.0000     1.0000     0.0000     0.0000     0.0000     1.0000     0.0000     0.0000     0.0000     1.0000     0.0000     0.0000     0.0000     1.0000     0.0000     0.0000     0.0000
    1.0000     0.0000     0.0000     0.0000     1.0000     0.0000     0.0000     0.0000     1.0000     0.0000     0.0000     0.0000     1.0000     0.0000     0.0000     0.0000     1.0000     0.0000     0.0000     0.0000     1.0000     0.0000     0.0000     0.0000     1.0000     0.0000     0.0000     0.0000     1.0000     0.0000     0.0000     0.0000     1.0000     0.0000     0.0000     0.0000     1.0000     0.0000     0.0000     0.0000     1.0000     0.0000     0.0000     0.0000     1.0000     0.0000     0.0000     0.0000     1.0000     0.0000     0.0000     0.0000     1.0000     0.0000     0.0000     0.0000     1.0000     0.0000     0.0000     0.0000     1.0000     0.0000     0.0000     0.0000     1.0000     0.0000     0.0000     0.0000     1.0000     0.0000     0.0000     0.0000     1.0000     0.0000     0.0000     0.0000     1.0000     0.0000     0.0000     0.0000     1.0000     0.0000     0.0000     0.0000     1.0000     0.0000     0.0000     0.0000     1.0000     0.0000     0.0000     0.0000     1.0000     0.0000     0.0000     0.0000     1.0000     0.0000     0.0000     0.0000     1.0000     0.0000     0.0000     0.0000     1.0000     0.0000     0.0000     0.0000     1.0000     0.0000     0.0000     0.0000     1.0000     0.0000     0.0000     0.0000     1.0000     0.0000     0.0000     0.0000     1.0000     0.0000     0.0000     0.0000     1.0000     0.0000     0.0000     0.0000     1.0000     0.0000     0.0000     0.0000     1.0000     0.0000     0.0000     0.0000     1.0000     0.0000     0.0000     0.0000     1.0000     0.0000     0.0000     0.0000     1.0000     0.0000     0.0000     0.0000     1.0000     0.0000     0.0000     0.0000     1.0000     0.0000     0.0000     0.0000     1.0000     0.0000     0.0000     0.0000     1.0000     0.0000     0.0000     0.0000     1.0000     0.0000     0.0000     0.0000     1.0000     0.0000     0.0000     0.0000     1.0000     0.0000     0.0000     0.0000     1.0000     0.0000     0.0000     0.0000     1.0000     0.0000     0.0000     0.0000     1.0000     0.0000     0.0000     0.0000     1.0000     0.0000     0.0000     0.0000     1.0000     0.0000     0.0000     0.0000     1.0000     0.0000     0.0000     0.0000     1.0000     0.0000     0.0000     0.0000     1.0000     0.0000     0.0000     0.0000     1.0000     0.0000     0.0000     0.0000     1.0000     0.0000     0.0000     0.0000     1.0000     0.0000     0.0000     0.0000     1.0000     0.0000     0.0000     0.0000     1.0000     0.0000     0.0000     0.0000     1.0000     0.0000     0.0000     0.0000     1.0000     0.0000     0.0000     0.0000     1.0000     0.0000     0.0000     0.0000     1.0000     0.0000     0.0000     0.0000     1.0000     0.0000     0.0000     0.0000     1.0000     0.0000     0.0000     0.0000     1.0000     0.0000     0.0000     0.0000
    1.0000     0.0000     0.0000     0.0000     1.0000     0.0000     0.0000     0.0000     1.0000     0.0000     0.0000     0.0000     1.0000     0.0000     0.0000     0.0000     1.0000     0.0000     0.0000     0.0000     1.0000     0.0000     0.0000     0.0000     1.0000     0.0000     0.0000     0.0000     1.0000     0.0000     0.0000     0.0000     1.0000     0.0000     0.0000     0.0000     1.0000     0.0000     0.0000     0.0000     1.0000     0.0000     0.0000     0.0000     1.0000     0.0000     0.0000     0.0000     1.0000     0.0000     0.0000     0.0000     1.0000     0.0000     0.0000     0.0000     1.0000     0.0000     0.0000     0.0000     1.0000     0.0000     0.0000     0.0000     1.0000     0.0000     0.0000     0.0000     1.0000     0.0000     0.0000     0.0000     1.0000     0.0000     0.0000     0.0000     1.0000     0.0000     0.0000     0.0000     1.0000     0.0000     0.0000     0.0000     1.0000     0.0000     0.0000     0.0000     1.0000     0.0000     0.0000     0.0000     1.0000     0.0000     0.0000     0.0000     1.0000     0.0000     0.0000     0.0000     1.0000     0.0000     0.0000     0.0000     1.0000     0.0000     0.0000     0.0000     1.0000     0.0000     0.0000     0.0000     1.0000     0.0000     0.0000     0.0000     1.0000     0.0000     0.0000     0.0000     1.0000     0.0000     0.0000     0.0000     1.0000     0.0000     0.0000     0.0000     1.0000     0.0000     0.0000     0.0000     1.0000     0.0000     0.0000     0.0000     1.0000     0.0000     0.0000     0.0000     1.0000     0.0000     0.0000     0.0000     1.0000     0.0000     0.0000     0.0000     1.0000     0.0000     0.0000     0.0000     1.0000     0.0000     0.0000     0.0000     1.0000     0.0000     0.0000     0.0000     1.0000     0.0000     0.0000     0.0000     1.0000     0.0000     0.0000     0.0000     1.0000     0.0000     0.0000     0.0000     1.0000     0.0000     0.0000     0.0000     1.0000     0.0000     0.0000     0.0000     1.0000     0.0000     0.0000     0.0000     1.0000     0.0000     0.0000     0.0000     1.0000     0.0000     0.0000     0.0000     1.0000     0.0000     0.0000     0.0000     1.0000     0.0000     0.0000     0.0000     1.0000     0.0000     0.0000     0.0000     1.0000     0.0000     0.0000     0.0000     1.0000     0.0000     0.0000     0.0000     1.0000     0.0000     0.0000     0.0000     1.0000     0.0000     0.0000     0.0000     1.0000     0.0000     0.0000     0.0000     1.0000     0.0000     0.0000     0.0000     1.0000     0.0000     0.0000     0.0000     1.0000     0.0000     0.0000     0.0000     1.0000     0.0000     0.0000     0.0000     1.0000     0.0000     0.0000     0.0000     1.0000     0.0000     0.0000     0.0000     1.0000     0.0000     0.0000     0.0000     1.0000     0.0000     0.0000     0.0000
    1.0000     0.0000     0.0000     0.0000     1.0000     0.0000     0.0000     0.0000     1.0000     0.0000     0.0000     0.0000     1.0000     0.0000     0.0000     0.0000     1.0000     0.0000     0.0000     0.0000     1.0000     0.0000     0.0000     0.0000     1.0000     0.0000     0.0000     0.0000     1.0000     0.0000     0.0000     0.0000     1.0000     0.0000     0.0000     0.0000     1.0000     0.0000     0.0000     0.0000     1.0000     0.0000     0.0000     0.0000     1.0000     0.0000     0.0000     0.0000     1.0000     0.0000     0.0000     0.0000     1.0000     0.0000     0.0000     0.0000     1.0000     0.0000     0.0000     0.0000     1.0000     0.0000     0.0000     0.0000     1.0000     0.0000     0.0000     0.0000     1.0000     0.0000     0.0000     0.0000     1.0000     0.0000     0.0000     0.0000     1.0000     0.0000     0.0000     0.0000     1.0000     0.0000     0.0000     0.0000     1.0000     0.0000     0.0000     0.0000     1.0000     0.0000     0.0000     0.0000     1.0000     0.0000     0.0000     0.0000     1.0000     0.0000     0.0000     0.0000     1.0000     0.0000     0.0000     0.0000     1.0000     0.0000     0.0000     0.0000     1.0000     0.0000     0.0000     0.0000     1.0000     0.0000     0.0000     0.0000     1.0000     0.0000     0.0000     0.0000     1.0000     0.0000     0.0000     0.0000     1.0000     0.0000     0.0000     0.0000     1.0000     0.0000     0.0000     0.0000     1.0000     0.0000     0.0000     0.0000     1.0000     0.0000     0.0000     0.0000     1.0000     0.0000     0.0000     0.0000     1.0000     0.0000     0.0000     0.0000     1.0000     0.0000     0.0000     0.0000     1.0000     0.0000     0.0000     0.0000     1.0000     0.0000     0.0000     0.0000     1.0000     0.0000     0.0000     0.0000     1.0000     0.0000     0.0000     0.0000     1.0000     0.0000     0.0000     0.0000     1.0000     0.0000     0.0000     0.0000     1.0000     0.0000     0.0000     0.0000     1.0000     0.0000     0.0000     0.0000     1.0000     0.0000     0.0000     0.0000     1.0000     0.0000     0.0000     0.0000     1.0000     0.0000     0.0000     0.0000     1.0000     0.0000     0.0000     0.0000     1.0000     0.0000     0.0000     0.0000     1.0000     0.0000     0.0000     0.0000     1.0000     0.0000     0.0000     0.0000     1.0000     0.0000     0.0000     0.0000     1.0000     0.0000     0.0000     0.0000     1.0000     0.0000     0.0000     0.0000     1.0000     0.0000     0.0000     0.0000     1.0000     0.0000     0.0000     0.0000     1.0000     0.0000     0.0000     0.0000     1.0000     0.0000     0.0000     0.0000     1.0000     0.0000     0.0000     0.0000     1.0000     0.0000     0.0000     0.0000     1.0000     0.0000     0.0000     0.0000     1.0000     0.0000     0.0000     0.0000
    1.0000     0.0000     0.0000     0.0000     1.0000     0.0000     0.0000     0.0000     1.0000     0.0000     0.0000     0.0000     1.0000     0.0000     0.0000     0.0000     1.0000     0.0000     0.0000     0.0000     1.0000     0.0000     0.0000     0.0000     1.0000     0.0000     0.0000     0.0000     1.0000     0.0000     0.0000     0.0000     1.0000     0.0000     0.0000     0.0000     1.0000     0.0000     0.0000     0.0000     1.0000     0.0000     0.0000     0.0000     1.0000     0.0000     0.0000     0.0000     1.0000     0.0000     0.0000     0.0000     1.0000     0.0000     0.0000     0.0000     1.0000     0.0000     0.0000     0.0000     1.0000     0.0000     0.0000     0.0000     1.0000     0.0000     0.0000     0.0000     1.0000     0.0000     0.0000     0.0000     1.0000     0.0000     0.0000     0.0000     1.0000     0.0000     0.0000     0.0000     1.0000     0.0000     0.0000     0.0000     1.0000     0.0000     0.0000     0.0000     1.0000     0.0000     0.0000     0.0000     1.0000     0.0000     0.0000     0.0000     1.0000     0.0000     0.0000     0.0000     1.0000     0.0000     0.0000     0.0000     1.0000     0.0000     0.0000     0.0000     1.0000     0.0000     0.0000     0.0000     1.0000     0.0000     0.0000     0.0000     1.0000     0.0000     0.0000     0.0000     1.0000     0.0000     0.0000     0.0000     1.0000     0.0000     0.0000     0.0000     1.0000     0.0000     0.0000     0.0000     1.0000     0.0000     0.0000     0.0000     1.0000     0.0000     0.0000     0.0000     1.0000     0.0000     0.0000     0.0000     1.0000     0.0000     0.0000     0.0000     1.0000     0.0000     0.0000     0.0000     1.0000     0.0000     0.0000     0.0000     1.0000     0.0000     0.0000     0.0000     1.0000     0.0000     0.0000     0.0000     1.0000     0.0000     0.0000     0.0000     1.0000     0.0000     0.0000     0.0000     1.0000     0.0000     0.0000     0.0000     1.0000     0.0000     0.0000     0.0000     1.0000     0.0000     0.0000     0.0000     1.0000     0.0000     0.0000     0.0000     1.0000     0.0000     0.0000     0.0000     1.0000     0.0000     0.0000     0.0000     1.0000     0.0000     0.0000     0.0000     1.0000     0.0000     0.0000     0.0000     1.0000     0.0000     0.0000     0.0000     1.0000     0.0000     0.0000     0.0000     1.0000     0.0000     0.0000     0.0000     1.0000     0.0000     0.0000     0.0000     1.0000     0.0000     0.0000     0.0000     1.0000     0.0000     0.0000     0.0000     1.0000     0.0000     0.0000     0.0000     1.0000     0.0000     0.0000     0.0000     1.0000     0.0000     0.0000     0.0000     1.0000     0.0000     0.0000     0.0000     1.0000     0.0000     0.0000     0.0000     1.0000     0.0000     0.0000     0.0000     1.0000     0.0000     0.0000     0.0000
    1.0000     0.0000     0.0000     0.0000     1.0000     0.0000     0.0000     0.0000     1.0000     0.0000     0.0000     0.0000     1.0000     0.0000     0.0000     0.0000     1.0000     0.0000     0.0000     0.0000     1.0000     0.0000     0.0000     0.0000     1.0000     0.0000     0.0000     0.0000     1.0000     0.0000     0.0000     0.0000     1.0000     0.0000     0.0000     0.0000     1.0000     0.0000     0.0000     0.0000     1.0000     0.0000     0.0000     0.0000     1.0000     0.0000     0.0000     0.0000     1.0000     0.0000     0.0000     0.0000     1.0000     0.0000     0.0000     0.0000     1.0000     0.0000     0.0000     0.0000     1.0000     0.0000     0.0000     0.0000     1.0000     0.0000     0.0000     0.0000     1.0000     0.0000     0.0000     0.0000     1.0000     0.0000     0.0000     0.0000     1.0000     0.0000     0.0000     0.0000     1.0000     0.0000     0.0000     0.0000     1.0000     0.0000     0.0000     0.0000     1.0000     0.0000     0.0000     0.0000     1.0000     0.0000     0.0000     0.0000     1.0000     0.0000     0.0000     0.0000     1.0000     0.0000     0.0000     0.0000     1.0000     0.0000     0.0000     0.0000     1.0000     0.0000     0.0000     0.0000     1.0000     0.0000     0.0000     0.0000     1.0000     0.0000     0.0000     0.0000     1.0000     0.0000     0.0000     0.0000     1.0000     0.0000     0.0000     0.0000     1.0000     0.0000     0.0000     0.0000     1.0000     0.0000     0.0000     0.0000     1.0000     0.0000     0.0000     0.0000     1.0000     0.0000     0.0000     0.0000     1.0000     0.0000     0.0000     0.0000     1.0000     0.0000     0.0000     0.0000     1.0000     0.0000     0.0000     0.0000     1.0000     0.0000     0.0000     0.0000     1.0000     0.0000     0.0000     0.0000     1.0000     0.0000     0.0000     0.0000     1.0000     0.0000     0.0000     0.0000     1.0000     0.0000     0.0000     0.0000     1.0000     0.0000     0.0000     0.0000     1.0000     0.0000     0.0000     0.0000     1.0000     0.0000     0.0000     0.0000     1.0000     0.0000     0.0000     0.0000     1.0000     0.0000     0.0000     0.0000     1.0000     0.0000     0.0000     0.0000     1.0000     0.0000     0.0000     0.0000     1.0000     0.0000     0.0000     0.0000     1.0000     0.0000     0.0000     0.0000     1.0000     0.0000     0.0000     0.0000     1.0000     0.0000     0.0000     0.0000     1.0000     0.0000     0.0000     0.0000     1.0000     0.0000     0.0000     0.0000     1.0000     0.0000     0.0000     0.0000     1.0000     0.0000     0.0000     0.0000     1.0000     0.0000     0.0000     0.0000     1.0000     0.0000     0.0000     0.0000     1.0000     0.0000     0.0000     0.0000     1.0000     0.0000     0.0000     0.0000     1.0000     0.0000     0.0000     0.0000
    1.0000     0.0000     0.0000     0.0000     1.0000     0.0000     0.0000     0.0000     1.0000     0.0000     0.0000     0.0000     1.0000     0.0000     0.0000     0.0000     1.0000     0.0000     0.0000     0.0000     1.0000     0.0000     0.0000     0.0000     1.0000     0.0000     0.0000     0.0000     1.0000     0.0000     0.0000     0.0000     1.0000     0.0000     0.0000     0.0000     1.0000     0.0000     0.0000     0.0000     1.0000     0.0000     0.0000     0.0000     1.0000     0.0000     0.0000     0.0000     1.0000     0.0000     0.0000     0.0000     1.0000     0.0000     0.0000     0.0000     1.0000     0.0000     0.0000     0.0000     1.0000     0.0000     0.0000     0.0000     1.0000     0.0000     0.0000     0.0000     1.0000     0.0000     0.0000     0.0000     1.0000     0.0000     0.0000     0.0000     1.0000     0.0000     0.0000     0.0000     1.0000     0.0000     0.0000     0.0000     1.0000     0.0000     0.0000     0.0000     1.0000     0.0000     0.0000     0.0000     1.0000     0.0000     0.0000     0.0000     1.0000     0.0000     0.0000     0.0000     1.0000     0.0000     0.0000     0.0000     1.0000     0.0000     0.0000     0.0000     1.0000     0.0000     0.0000     0.0000     1.0000     0.0000     0.0000     0.0000     1.0000     0.0000     0.0000     0.0000     1.0000     0.0000     0.0000     0.0000     1.0000     0.0000     0.0000     0.0000     1.0000     0.0000     0.0000     0.0000     1.0000     0.0000     0.0000     0.0000     1.0000     0.0000     0.0000     0.0000     1.0000     0.0000     0.0000     0.0000     1.0000     0.0000     0.0000     0.0000     1.0000     0.0000     0.0000     0.0000     1.0000     0.0000     0.0000     0.0000     1.0000     0.0000     0.0000     0.0000     1.0000     0.0000     0.0000     0.0000     1.0000     0.0000     0.0000     0.0000     1.0000     0.0000     0.0000     0.0000     1.0000     0.0000     0.0000     0.0000     1.0000     0.0000     0.0000     0.0000     1.0000     0.0000     0.0000     0.0000     1.0000     0.0000     0.0000     0.0000     1.0000     0.0000     0.0000     0.0000     1.0000     0.0000     0.0000     0.0000     1.0000     0.0000     0.0000     0.0000     1.0000     0.0000     0.0000     0.0000     1.0000     0.0000     0.0000     0.0000     1.0000     0.0000     0.0000     0.0000     1.0000     0.0000     0.0000     0.0000     1.0000     0.0000     0.0000     0.0000     1.0000     0.0000     0.0000     0.0000     1.0000     0.0000     0.0000     0.0000     1.0000     0.0000     0.0000     0.0000     1.0000     0.0000     0.0000     0.0000     1.0000     0.0000     0.0000     0.0000     1.0000     0.0000     0.0000     0.0000     1.0000     0.0000     0.0000     0.0000     1.0000     0.0000     0.0000     0.0000     1.0000     0.0000     0.0000     0.0000
    1.0000     0.0000     0.0000     0.0000     1.0000     0.0000     0.0000     0.0000     1.0000     0.0000     0.0000     0.0000     1.0000     0.0000     0.0000     0.0000     1.0000     0.0000     0.0000     0.0000     1.0000     0.0000     0.0000     0.0000     1.0000     0.0000     0.0000     0.0000     1.0000     0.0000     0.0000     0.0000     1.0000     0.0000     0.0000     0.0000     1.0000     0.0000     0.0000     0.0000     1.0000     0.0000     0.0000     0.0000     1.0000     0.0000     0.0000     0.0000     1.0000     0.0000     0.0000     0.0000     1.0000     0.0000     0.0000     0.0000     1.0000     0.0000     0.0000     0.0000     1.0000     0.0000     0.0000     0.0000     1.0000     0.0000     0.0000     0.0000     1.0000     0.0000     0.0000     0.0000     1.0000     0.0000     0.0000     0.0000     1.0000     0.0000     0.0000     0.0000     1.0000     0.0000     0.0000     0.0000     1.0000     0.0000     0.0000     0.0000     1.0000     0.0000     0.0000     0.0000     1.0000     0.0000     0.0000     0.0000     1.0000     0.0000     0.0000     0.0000     1.0000     0.0000     0.0000     0.0000     1.0000     0.0000     0.0000     0.0000     1.0000     0.0000     0.0000     0.0000     1.0000     0.0000     0.0000     0.0000     1.0000     0.0000     0.0000     0.0000     1.0000     0.0000     0.0000     0.0000     1.0000     0.0000     0.0000     0.0000     1.0000     0.0000     0.0000     0.0000     1.0000     0.0000     0.0000     0.0000     1.0000     0.0000     0.0000     0.0000     1.0000     0.0000     0.0000     0.0000     1.0000     0.0000     0.0000     0.0000     1.0000     0.0000     0.0000     0.0000     1.0000     0.0000     0.0000     0.0000     1.0000     0.0000     0.0000     0.0000     1.0000     0.0000     0.0000     0.0000     1.0000     0.0000     0.0000     0.0000     1.0000     0.0000     0.0000     0.0000     1.0000     0.0000     0.0000     0.0000     1.0000     0.0000     0.0000     0.0000     1.0000     0.0000     0.0000     0.0000     1.0000     0.0000     0.0000     0.0000     1.0000     0.0000     0.0000     0.0000     1.0000     0.0000     0.0000     0.0000     1.0000     0.0000     0.0000     0.0000     1.0000     0.0000     0.0000     0.0000     1.0000     0.0000     0.0000     0.0000     1.0000     0.0000     0.0000     0.0000     1.0000     0.0000     0.0000     0.0000     1.0000     0.0000     0.0000     0.0000     1.0000     0.0000     0.0000     0.0000     1.0000     0.0000     0.0000     0.0000     1.0000     0.0000     0.0000     0.0000     1.0000     0.0000     0.0000     0.0000     1.0000     0.0000     0.0000     0.0000     1.0000     0.0000     0.0000     0.0000     1.0000     0.0000     0.0000     0.0000     1.0000     0.0000     0.0000     0.0000     1.0000     0.0000     0.0000     0.0000
    1.0000     0.0000     0.0000     0.0000     1.0000     0.0000     0.0000     0.0000     1.0000     0.0000     0.0000     0.0000     1.0000     0.0000     0.0000     0.0000     1.0000     0.0000     0.0000     0.0000     1.0000     0.0000     0.0000     0.0000     1.0000     0.0000     0.0000     0.0000     1.0000     0.0000     0.0000     0.0000     1.0000     0.0000     0.0000     0.0000     1.0000     0.0000     0.0000     0.0000     1.0000     0.0000     0.0000     0.0000     1.0000     0.0000     0.0000     0.0000     1.0000     0.0000     0.0000     0.0000     1.0000     0.0000     0.0000     0.0000     1.0000     0.0000     0.0000     0.0000     1.0000     0.0000     0.0000     0.0000     1.0000     0.0000     0.0000     0.0000     1.0000     0.0000     0.0000     0.0000     1.0000     0.0000     0.0000     0.0000     1.0000     0.0000     0.0000     0.0000     1.0000     0.0000     0.0000     0.0000     1.0000     0.0000     0.0000     0.0000     1.0000     0.0000     0.0000     0.0000     1.0000     0.0000     0.0000     0.0000     1.0000     0.0000     0.0000     0.0000     1.0000     0.0000     0.0000     0.0000     1.0000     0.0000     0.0000     0.0000     1.0000     0.0000     0.0000     0.0000     1.0000     0.0000     0.0000     0.0000     1.0000     0.0000     0.0000     0.0000     1.0000     0.0000     0.0000     0.0000     1.0000     0.0000     0.0000     0.0000     1.0000     0.0000     0.0000     0.0000     1.0000     0.0000     0.0000     0.0000     1.0000     0.0000     0.0000     0.0000     1.0000     0.0000     0.0000     0.0000     1.0000     0.0000     0.0000     0.0000     1.0000     0.0000     0.0000     0.0000     1.0000     0.0000     0.0000     0.0000     1.0000     0.0000     0.0000     0.0000     1.0000     0.0000     0.0000     0.0000     1.0000     0.0000     0.0000     0.0000     1.0000     0.0000     0.0000     0.0000     1.0000     0.0000     0.0000     0.0000     1.0000     0.0000     0.0000     0.0000     1.0000     0.0000     0.0000     0.0000     1.0000     0.0000     0.0000     0.0000     1.0000     0.0000     0.0000     0.0000     1.0000     0.0000     0.0000     0.0000     1.0000     0.0000     0.0000     0.0000     1.0000     0.0000     0.0000     0.0000     1.0000     0.0000     0.0000     0.0000     1.0000     0.0000     0.0000     0.0000     1.0000     0.0000     0.0000     0.0000     1.0000     0.0000     0.0000     0.0000     1.0000     0.0000     0.0000     0.0000     1.0000     0.0000     0.0000     0.0000     1.0000     0.0000     0.0000     0.0000     1.0000     0.0000     0.0000     0.0000     1.0000     0.0000     0.0000     0.0000     1.0000     0.0000     0.0000     0.0000     1.0000     0.0000     0.0000     0.0000     1.0000     0.0000     0.0000     0.0000     1.0000     0.0000     0.0000     0.0000
    1.0000     0.0000     0.0000     0.0000     1.0000     0.0000     0.0000     0.0000     1.0000     0.0000     0.0000     0.0000     1.0000     0.0000     0.0000     0.0000     1.0000     0.0000     0.0000     0.0000     1.0000     0.0000     0.0000     0.0000     1.0000     0.0000     0.0000     0.0000     1.0000     0.0000     0.0000     0.0000     1.0000     0.0000     0.0000     0.0000     1.0000     0.0000     0.0000     0.0000     1.0000     0.0000     0.0000     0.0000     1.0000     0.0000     0.0000     0.0000     1.0000     0.0000     0.0000     0.0000     1.0000     0.0000     0.0000     0.0000     1.0000     0.0000     0.0000     0.0000     1.0000     0.0000     0.0000     0.0000     1.0000     0.0000     0.0000     0.0000     1.0000     0.0000     0.0000     0.0000     1.0000     0.0000     0.0000     0.0000     1.0000     0.0000     0.0000     0.0000     1.0000     0.0000     0.0000     0.0000     1.0000     0.0000     0.0000     0.0000     1.0000     0.0000     0.0000     0.0000     1.0000     0.0000     0.0000     0.0000     1.0000     0.0000     0.0000     0.0000     1.0000     0.0000     0.0000     0.0000     1.0000     0.0000     0.0000     0.0000     1.0000     0.0000     0.0000     0.0000     1.0000     0.0000     0.0000     0.0000     1.0000     0.0000     0.0000     0.0000     1.0000     0.0000     0.0000     0.0000     1.0000     0.0000     0.0000     0.0000     1.0000     0.0000     0.0000     0.0000     1.0000     0.0000     0.0000     0.0000     1.0000     0.0000     0.0000     0.0000     1.0000     0.0000     0.0000     0.0000     1.0000     0.0000     0.0000     0.0000     1.0000     0.0000     0.0000     0.0000     1.0000     0.0000     0.0000     0.0000     1.0000     0.0000     0.0000     0.0000     1.0000     0.0000     0.0000     0.0000     1.0000     0.0000     0.0000     0.0000     1.0000     0.0000     0.0000     0.0000     1.0000     0.0000     0.0000     0.0000     1.0000     0.0000     0.0000     0.0000     1.0000     0.0000     0.0000     0.0000     1.0000     0.0000     0.0000     0.0000     1.0000     0.0000     0.0000     0.0000     1.0000     0.0000     0.0000     0.0000     1.0000     0.0000     0.0000     0.0000     1.0000     0.0000     0.0000     0.0000     1.0000     0.0000     0.0000     0.0000     1.0000     0.0000     0.0000     0.0000     1.0000     0.0000     0.0000     0.0000     1.0000     0.0000     0.0000     0.0000     1.0000     0.0000     0.0000     0.0000     1.0000     0.0000     0.0000     0.0000     1.0000     0.0000     0.0000     0.0000     1.0000     0.0000     0.0000     0.0000     1.0000     0.0000     0.0000     0.0000     1.0000     0.0000     0.0000     0.0000     1.0000     0.0000     0.0000     0.0000     1.0000     0.0000     0.0000     0.0000     1.0000     0.0000     0.0000     0.0000
    1.0000     0.0000     0.0000     0.0000     1.0000     0.0000     0.0000     0.0000     1.0000     0.0000     0.0000     0.0000     1.0000     0.0000     0.0000     0.0000     1.0000     0.0000     0.0000     0.0000     1.0000     0.0000     0.0000     0.0000     1.0000     0.0000     0.0000     0.0000     1.0000     0.0000     0.0000     0.0000     1.0000     0.0000     0.0000     0.0000     1.0000     0.0000     0.0000     0.0000     1.0000     0.0000     0.0000     0.0000     1.0000     0.0000     0.0000     0.0000     1.0000     0.0000     0.0000     0.0000     1.0000     0.0000     0.0000     0.0000     1.0000     0.0000     0.0000     0.0000     1.0000     0.0000     0.0000     0.0000     1.0000     0.0000     0.0000     0.0000     1.0000     0.0000     0.0000     0.0000     1.0000     0.0000     0.0000     0.0000     1.0000     0.0000     0.0000     0.0000     1.0000     0.0000     0.0000     0.0000     1.0000     0.0000     0.0000     0.0000     1.0000     0.0000     0.0000     0.0000     1.0000     0.0000     0.0000     0.0000     1.0000     0.0000     0.0000     0.0000     1.0000     0.0000     0.0000     0.0000     1.0000     0.0000     0.0000     0.0000     1.0000     0.0000     0.0000     0.0000     1.0000     0.0000     0.0000     0.0000     1.0000     0.0000     0.0000     0.0000     1.0000     0.0000     0.0000     0.0000     1.0000     0.0000     0.0000     0.0000     1.0000     0.0000     0.0000     0.0000     1.0000     0.0000     0.0000     0.0000     1.0000     0.0000     0.0000     0.0000     1.0000     0.0000     0.0000     0.0000     1.0000     0.0000     0.0000     0.0000     1.0000     0.0000     0.0000     0.0000     1.0000     0.0000     0.0000     0.0000     1.0000     0.0000     0.0000     0.0000     1.0000     0.0000     0.0000     0.0000     1.0000     0.0000     0.0000     0.0000     1.0000     0.0000     0.0000     0.0000     1.0000     0.0000     0.0000     0.0000     1.0000     0.0000     0.0000     0.0000     1.0000     0.0000     0.0000     0.0000     1.0000     0.0000     0.0000     0.0000     1.0000     0.0000     0.0000     0.0000     1.0000     0.0000     0.0000     0.0000     1.0000     0.0000     0.0000     0.0000     1.0000     0.0000     0.0000     0.0000     1.0000     0.0000     0.0000     0.0000     1.0000     0.0000     0.0000     0.0000     1.0000     0.0000     0.0000     0.0000     1.0000     0.0000     0.0000     0.0000     1.0000     0.0000     0.0000     0.0000     1.0000     0.0000     0.0000     0.0000     1.0000     0.0000     0.0000     0.0000     1.0000     0.0000     0.0000     0.0000     1.0000     0.0000     0.0000     0.0000     1.0000     0.0000     0.0000     0.0000     1.0000     0.0000     0.0000     0.0000     1.0000     0.0000     0.0000     0.0000     1.0000     0.0000     0.0000     0.0000
    1.0000     0.0000     0.0000     0.0000     1.0000     0.0000     0.0000     0.0000     1.0000     0.0000     0.0000     0.0000     1.0000     0.0000     0.0000     0.0000     1.0000     0.0000     0.0000     0.0000     1.0000     0.0000     0.0000     0.0000     1.0000     0.0000     0.0000     0.0000     1.0000     0.0000     0.0000     0.0000     1.0000     0.0000     0.0000     0.0000     1.0000     0.0000     0.0000     0.0000     1.0000     0.0000     0.0000     0.0000     1.0000     0.0000     0.0000     0.0000     1.0000     0.0000     0.0000     0.0000     1.0000     0.0000     0.0000     0.0000     1.0000     0.0000     0.0000     0.0000     1.0000     0.0000     0.0000     0.0000     1.0000     0.0000     0.0000     0.0000     1.0000     0.0000     0.0000     0.0000     1.0000     0.0000     0.0000     0.0000     1.0000     0.0000     0.0000     0.0000     1.0000     0.0000     0.0000     0.0000     1.0000     0.0000     0.0000     0.0000     1.0000     0.0000     0.0000     0.0000     1.0000     0.0000     0.0000     0.0000     1.0000     0.0000     0.0000     0.0000     1.0000     0.0000     0.0000     0.0000     1.0000     0.0000     0.0000     0.0000     1.0000     0.0000     0.0000     0.0000     1.0000     0.0000     0.0000     0.0000     1.0000     0.0000     0.0000     0.0000     1.0000     0.0000     0.0000     0.0000     1.0000     0.0000     0.0000     0.0000     1.0000     0.0000     0.0000     0.0000     1.0000     0.0000     0.0000     0.0000     1.0000     0.0000     0.0000     0.0000     1.0000     0.0000     0.0000     0.0000     1.0000     0.0000     0.0000     0.0000     1.0000     0.0000     0.0000     0.0000     1.0000     0.0000     0.0000     0.0000     1.0000     0.0000     0.0000     0.0000     1.0000     0.0000     0.0000     0.0000     1.0000     0.0000     0.0000     0.0000     1.0000     0.0000     0.0000     0.0000     1.0000     0.0000     0.0000     0.0000     1.0000     0.0000     0.0000     0.0000     1.0000     0.0000     0.0000     0.0000     1.0000     0.0000     0.0000     0.0000     1.0000     0.0000     0.0000     0.0000     1.0000     0.0000     0.0000     0.0000     1.0000     0.0000     0.0000     0.0000     1.0000     0.0000     0.0000     0.0000     1.0000     0.0000     0.0000     0.0000     1.0000     0.0000     0.0000     0.0000     1.0000     0.0000     0.0000     0.0000     1.0000     0.0000     0.0000     0.0000     1.0000     0.0000     0.0000     0.0000     1.0000     0.0000     0.0000     0.0000     1.0000     0.0000     0.0000     0.0000     1.0000     0.0000     0.0000     0.0000     1.0000     0.0000     0.0000     0.0000     1.0000     0.0000     0.0000     0.0000     1.0000     0.0000     0.0000     0.0000     1.0000     0.0000     0.0000     0.0000     1.0000     0.0000     0.0000     0.0000
    1.0000     0.0000     0.0000     0.0000     1.0000     0.0000     0.0000     0.0000     1.0000     0.0000     0.0000     0.0000     1.0000     0.0000     0.0000     0.0000     1.0000     0.0000     0.0000     0.0000     1.0000     0.0000     0.0000     0.0000     1.0000     0.0000     0.0000     0.0000     1.0000     0.0000     0.0000     0.0000     1.0000     0.0000     0.0000     0.0000     1.0000     0.0000     0.0000     0.0000     1.0000     0.0000     0.0000     0.0000     1.0000     0.0000     0.0000     0.0000     1.0000     0.0000     0.0000     0.0000     1.0000     0.0000     0.0000     0.0000     1.0000     0.0000     0.0000     0.0000     1.0000     0.0000     0.0000     0.0000     1.0000     0.0000     0.0000     0.0000     1.0000     0.0000     0.0000     0.0000     1.0000     0.0000     0.0000     0.0000     1.0000     0.0000     0.0000     0.0000     1.0000     0.0000     0.0000     0.0000     1.0000     0.0000     0.0000     0.0000     1.0000     0.0000     0.0000     0.0000     1.0000     0.0000     0.0000     0.0000     1.0000     0.0000     0.0000     0.0000     1.0000     0.0000     0.0000     0.0000     1.0000     0.0000     0.0000     0.0000     1.0000     0.0000     0.0000     0.0000     1.0000     0.0000     0.0000     0.0000     1.0000     0.0000     0.0000     0.0000     1.0000     0.0000     0.0000     0.0000     1.0000     0.0000     0.0000     0.0000     1.0000     0.0000     0.0000     0.0000     1.0000     0.0000     0.0000     0.0000     1.0000     0.0000     0.0000     0.0000     1.0000     0.0000     0.0000     0.0000     1.0000     0.0000     0.0000     0.0000     1.0000     0.0000     0.0000     0.0000     1.0000     0.0000     0.0000     0.0000     1.0000     0.0000     0.0000     0.0000     1.0000     0.0000     0.0000     0.0000     1.0000     0.0000     0.0000     0.0000     1.0000     0.0000     0.0000     0.0000     1.0000     0.0000     0.0000     0.0000     1.0000     0.0000     0.0000     0.0000     1.0000     0.0000     0.0000     0.0000     1.0000     0.0000     0.0000     0.0000     1.0000     0.0000     0.0000     0.0000     1.0000     0.0000     0.0000     0.0000     1.0000     0.0000     0.0000     0.0000     1.0000     0.0000     0.0000     0.0000     1.0000     0.0000     0.0000     0.0000     1.0000     0.0000     0.0000     0.0000     1.0000     0.0000     0.0000     0.0000     1.0000     0.0000     0.0000     0.0000     1.0000     0.0000     0.0000     0.0000     1.0000     0.0000     0.0000     0.0000     1.0000     0.0000     0.0000     0.0000     1.0000     0.0000     0.0000     0.0000     1.0000     0.0000     0.0000     0.0000     1.0000     0.0000     0.0000     0.0000     1.0000     0.0000     0.0000     0.0000     1.0000     0.0000     0.0000     0.0000     1.0000     0.0000     0.0000     0.0000
    1.0000     0.0000     0.0000     0.0000     1.0000     0.0000     0.0000     0.0000     1.0000     0.0000     0.0000     0.0000     1.0000     0.0000     0.0000     0.0000     1.0000     0.0000     0.0000     0.0000     1.0000     0.0000     0.0000     0.0000     1.0000     0.0000     0.0000     0.0000     1.0000     0.0000     0.0000     0.0000     1.0000     0.0000     0.0000     0.0000     1.0000     0.0000     0.0000     0.0000     1.0000     0.0000     0.0000     0.0000     1.0000     0.0000     0.0000     0.0000     1.0000     0.0000     0.0000     0.0000     1.0000     0.0000     0.0000     0.0000     1.0000     0.0000     0.0000     0.0000     1.0000     0.0000     0.0000     0.0000     1.0000     0.0000     0.0000     0.0000     1.0000     0.0000     0.0000     0.0000     1.0000     0.0000     0.0000     0.0000     1.0000     0.0000     0.0000     0.0000     1.0000     0.0000     0.0000     0.0000     1.0000     0.0000     0.0000     0.0000     1.0000     0.0000     0.0000     0.0000     1.0000     0.0000     0.0000     0.0000     1.0000     0.0000     0.0000     0.0000     1.0000     0.0000     0.0000     0.0000     1.0000     0.0000     0.0000     0.0000     1.0000     0.0000     0.0000     0.0000     1.0000     0.0000     0.0000     0.0000     1.0000     0.0000     0.0000     0.0000     1.0000     0.0000     0.0000     0.0000     1.0000     0.0000     0.0000     0.0000     1.0000     0.0000     0.0000     0.0000     1.0000     0.0000     0.0000     0.0000     1.0000     0.0000     0.0000     0.0000     1.0000     0.0000     0.0000     0.0000     1.0000     0.0000     0.0000     0.0000     1.0000     0.0000     0.0000     0.0000     1.0000     0.0000     0.0000     0.0000     1.0000     0.0000     0.0000     0.0000     1.0000     0.0000     0.0000     0.0000     1.0000     0.0000     0.0000     0.0000     1.0000     0.0000     0.0000     0.0000     1.0000     0.0000     0.0000     0.0000     1.0000     0.0000     0.0000     0.0000     1.0000     0.0000     0.0000     0.0000     1.0000     0.0000     0.0000     0.0000     1.0000     0.0000     0.0000     0.0000     1.0000     0.0000     0.0000     0.0000     1.0000     0.0000     0.0000     0.0000     1.0000     0.0000     0.0000     0.0000     1.0000     0.0000     0.0000     0.0000     1.0000     0.0000     0.0000     0.0000     1.0000     0.0000     0.0000     0.0000     1.0000     0.0000     0.0000     0.0000     1.0000     0.0000     0.0000     0.0000     1.0000     0.0000     0.0000     0.0000     1.0000     0.0000     0.0000     0.0000     1.0000     0.0000     0.0000     0.0000     1.0000     0.0000     0.0000     0.0000     1.0000     0.0000     0.0000     0.0000     1.0000     0.0000     0.0000     0.0000     1.0000     0.0000     0.0000     0.0000     1.0000     0.0000     0.0000     0.0000
    1.0000     0.0000     0.0000     0.0000     1.0000     0.0000     0.0000     0.0000     1.0000     0.0000     0.0000     0.0000     1.0000     0.0000     0.0000     0.0000     1.0000     0.0000     0.0000     0.0000     1.0000     0.0000     0.0000     0.0000     1.0000     0.0000     0.0000     0.0000     1.0000     0.0000     0.0000     0.0000     1.0000     0.0000     0.0000     0.0000     1.0000     0.0000     0.0000     0.0000     1.0000     0.0000     0.0000     0.0000     1.0000     0.0000     0.0000     0.0000     1.0000     0.0000     0.0000     0.0000     1.0000     0.0000     0.0000     0.0000     1.0000     0.0000     0.0000     0.0000     1.0000     0.0000     0.0000     0.0000     1.0000     0.0000     0.0000     0.0000     1.0000     0.0000     0.0000     0.0000     1.0000     0.0000     0.0000     0.0000     1.0000     0.0000     0.0000     0.0000     1.0000     0.0000     0.0000     0.0000     1.0000     0.0000     0.0000     0.0000     1.0000     0.0000     0.0000     0.0000     1.0000     0.0000     0.0000     0.0000     1.0000     0.0000     0.0000     0.0000     1.0000     0.0000     0.0000     0.0000     1.0000     0.0000     0.0000     0.0000     1.0000     0.0000     0.0000     0.0000     1.0000     0.0000     0.0000     0.0000     1.0000     0.0000     0.0000     0.0000     1.0000     0.0000     0.0000     0.0000     1.0000     0.0000     0.0000     0.0000     1.0000     0.0000     0.0000     0.0000     1.0000     0.0000     0.0000     0.0000     1.0000     0.0000     0.0000     0.0000     1.0000     0.0000     0.0000     0.0000     1.0000     0.0000     0.0000     0.0000     1.0000     0.0000     0.0000     0.0000     1.0000     0.0000     0.0000     0.0000     1.0000     0.0000     0.0000     0.0000     1.0000     0.0000     0.0000     0.0000     1.0000     0.0000     0.0000     0.0000     1.0000     0.0000     0.0000     0.0000     1.0000     0.0000     0.0000     0.0000     1.0000     0.0000     0.0000     0.0000     1.0000     0.0000     0.0000     0.0000     1.0000     0.0000     0.0000     0.0000     1.0000     0.0000     0.0000     0.0000     1.0000     0.0000     0.0000     0.0000     1.0000     0.0000     0.0000     0.0000     1.0000     0.0000     0.0000     0.0000     1.0000     0.0000     0.0000     0.0000     1.0000     0.0000     0.0000     0.0000     1.0000     0.0000     0.0000     0.0000     1.0000     0.0000     0.0000     0.0000     1.0000     0.0000     0.0000     0.0000     1.0000     0.0000     0.0000     0.0000     1.0000     0.0000     0.0000     0.0000     1.0000     0.0000     0.0000     0.0000     1.0000     0.0000     0.0000     0.0000     1.0000     0.0000     0.0000     0.0000     1.0000     0.0000     0.0000     0.0000     1.0000     0.0000     0.0000     0.0000     1.0000     0.0000     0.0000     0.0000
    1.0000     0.0000     0.0000     0.0000     1.0000     0.0000     0.0000     0.0000     1.0000     0.0000     0.0000     0.0000     1.0000     0.0000     0.0000     0.0000     1.0000     0.0000     0.0000     0.0000     1.0000     0.0000     0.0000     0.0000     1.0000     0.0000     0.0000     0.0000     1.0000     0.0000     0.0000     0.0000     1.0000     0.0000     0.0000     0.0000     1.0000     0.0000     0.0000     0.0000     1.0000     0.0000     0.0000     0.0000     1.0000     0.0000     0.0000     0.0000     1.0000     0.0000     0.0000     0.0000     1.0000     0.0000     0.0000     0.0000     1.0000     0.0000     0.0000     0.0000     1.0000     0.0000     0.0000     0.0000     1.0000     0.0000     0.0000     0.0000     1.0000     0.0000     0.0000     0.0000     1.0000     0.0000     0.0000     0.0000     1.0000     0.0000     0.0000     0.0000     1.0000     0.0000     0.0000     0.0000     1.0000     0.0000     0.0000     0.0000     1.0000     0.0000     0.0000     0.0000     1.0000     0.0000     0.0000     0.0000     1.0000     0.0000     0.0000     0.0000     1.0000     0.0000     0.0000     0.0000     1.0000     0.0000     0.0000     0.0000     1.0000     0.0000     0.0000     0.0000     1.0000     0.0000     0.0000     0.0000     1.0000     0.0000     0.0000     0.0000     1.0000     0.0000     0.0000     0.0000     1.0000     0.0000     0.0000     0.0000     1.0000     0.0000     0.0000     0.0000     1.0000     0.0000     0.0000     0.0000     1.0000     0.0000     0.0000     0.0000     1.0000     0.0000     0.0000     0.0000     1.0000     0.0000     0.0000     0.0000     1.0000     0.0000     0.0000     0.0000     1.0000     0.0000     0.0000     0.0000     1.0000     0.0000     0.0000     0.0000     1.0000     0.0000     0.0000     0.0000     1.0000     0.0000     0.0000     0.0000     1.0000     0.0000     0.0000     0.0000     1.0000     0.0000     0.0000     0.0000     1.0000     0.0000     0.0000     0.0000     1.0000     0.0000     0.0000     0.0000     1.0000     0.0000     0.0000     0.0000     1.0000     0.0000     0.0000     0.0000     1.0000     0.0000     0.0000     0.0000     1.0000     0.0000     0.0000     0.0000     1.0000     0.0000     0.0000     0.0000     1.0000     0.0000     0.0000     0.0000     1.0000     0.0000     0.0000     0.0000     1.0000     0.0000     0.0000     0.0000     1.0000     0.0000     0.0000     0.0000     1.0000     0.0000     0.0000     0.0000     1.0000     0.0000     0.0000     0.0000     1.0000     0.0000     0.0000     0.0000     1.0000     0.0000     0.0000     0.0000     1.0000     0.0000     0.0000     0.0000     1.0000     0.0000     0.0000     0.0000     1.0000     0.0000     0.0000     0.0000     1.0000     0.0000     0.0000     0.0000     1.0000     0.0000     0.0000     0.0000
    1.0000     0.0000     0.0000     0.0000     1.0000     0.0000     0.0000     0.0000     1.0000     0.0000     0.0000     0.0000     1.0000     0.0000     0.0000     0.0000     1.0000     0.0000     0.0000     0.0000     1.0000     0.0000     0.0000     0.0000     1.0000     0.0000     0.0000     0.0000     1.0000     0.0000     0.0000     0.0000     1.0000     0.0000     0.0000     0.0000     1.0000     0.0000     0.0000     0.0000     1.0000     0.0000     0.0000     0.0000     1.0000     0.0000     0.0000     0.0000     1.0000     0.0000     0.0000     0.0000     1.0000     0.0000     0.0000     0.0000     1.0000     0.0000     0.0000     0.0000     1.0000     0.0000     0.0000     0.0000     1.0000     0.0000     0.0000     0.0000     1.0000     0.0000     0.0000     0.0000     1.0000     0.0000     0.0000     0.0000     1.0000     0.0000     0.0000     0.0000     1.0000     0.0000     0.0000     0.0000     1.0000     0.0000     0.0000     0.0000     1.0000     0.0000     0.0000     0.0000     1.0000     0.0000     0.0000     0.0000     1.0000     0.0000     0.0000     0.0000     1.0000     0.0000     0.0000     0.0000     1.0000     0.0000     0.0000     0.0000     1.0000     0.0000     0.0000     0.0000     1.0000     0.0000     0.0000     0.0000     1.0000     0.0000     0.0000     0.0000     1.0000     0.0000     0.0000     0.0000     1.0000     0.0000     0.0000     0.0000     1.0000     0.0000     0.0000     0.0000     1.0000     0.0000     0.0000     0.0000     1.0000     0.0000     0.0000     0.0000     1.0000     0.0000     0.0000     0.0000     1.0000     0.0000     0.0000     0.0000     1.0000     0.0000     0.0000     0.0000     1.0000     0.0000     0.0000     0.0000     1.0000     0.0000     0.0000     0.0000     1.0000     0.0000     0.0000     0.0000     1.0000     0.0000     0.0000     0.0000     1.0000     0.0000     0.0000     0.0000     1.0000     0.0000     0.0000     0.0000     1.0000     0.0000     0.0000     0.0000     1.0000     0.0000     0.0000     0.0000     1.0000     0.0000     0.0000     0.0000     1.0000     0.0000     0.0000     0.0000     1.0000     0.0000     0.0000     0.0000     1.0000     0.0000     0.0000     0.0000     1.0000     0.0000     0.0000     0.0000     1.0000     0.0000     0.0000     0.0000     1.0000     0.0000     0.0000     0.0000     1.0000     0.0000     0.0000     0.0000     1.0000     0.0000     0.0000     0.0000     1.0000     0.0000     0.0000     0.0000     1.0000     0.0000     0.0000     0.0000     1.0000     0.0000     0.0000     0.0000     1.0000     0.0000     0.0000     0.0000     1.0000     0.0000     0.0000     0.0000     1.0000     0.0000     0.0000     0.0000     1.0000     0.0000     0.0000     0.0000     1.0000     0.0000     0.0000     0.0000     1.0000     0.0000     0.0000     0.0000
    1.0000     0.0000     0.0000     0.0000     1.0000     0.0000     0.0000     0.0000     1.0000     0.0000     0.0000     0.0000     1.0000     0.0000     0.0000     0.0000     1.0000     0.0000     0.0000     0.0000     1.0000     0.0000     0.0000     0.0000     1.0000     0.0000     0.0000     0.0000     1.0000     0.0000     0.0000     0.0000     1.0000     0.0000     0.0000     0.0000     1.0000     0.0000     0.0000     0.0000     1.0000     0.0000     0.0000     0.0000     1.0000     0.0000     0.0000     0.0000     1.0000     0.0000     0.0000     0.0000     1.0000     0.0000     0.0000     0.0000     1.0000     0.0000     0.0000     0.0000     1.0000     0.0000     0.0000     0.0000     1.0000     0.0000     0.0000     0.0000     1.0000     0.0000     0.0000     0.0000     1.0000     0.0000     0.0000     0.0000     1.0000     0.0000     0.0000     0.0000     1.0000     0.0000     0.0000     0.0000     1.0000     0.0000     0.0000     0.0000     1.0000     0.0000     0.0000     0.0000     1.0000     0.0000     0.0000     0.0000     1.0000     0.0000     0.0000     0.0000     1.0000     0.0000     0.0000     0.0000     1.0000     0.0000     0.0000     0.0000     1.0000     0.0000     0.0000     0.0000     1.0000     0.0000     0.0000     0.0000     1.0000     0.0000     0.0000     0.0000     1.0000     0.0000     0.0000     0.0000     1.0000     0.0000     0.0000     0.0000     1.0000     0.0000     0.0000     0.0000     1.0000     0.0000     0.0000     0.0000     1.0000     0.0000     0.0000     0.0000     1.0000     0.0000     0.0000     0.0000     1.0000     0.0000     0.0000     0.0000     1.0000     0.0000     0.0000     0.0000     1.0000     0.0000     0.0000     0.0000     1.0000     0.0000     0.0000     0.0000     1.0000     0.0000     0.0000     0.0000     1.0000     0.0000     0.0000     0.0000     1.0000     0.0000     0.0000     0.0000     1.0000     0.0000     0.0000     0.0000     1.0000     0.0000     0.0000     0.0000     1.0000     0.0000     0.0000     0.0000     1.0000     0.0000     0.0000     0.0000     1.0000     0.0000     0.0000     0.0000     1.0000     0.0000     0.0000     0.0000     1.0000     0.0000     0.0000     0.0000     1.0000     0.0000     0.0000     0.0000     1.0000     0.0000     0.0000     0.0000     1.0000     0.0000     0.0000     0.0000     1.0000     0.0000     0.0000     0.0000     1.0000     0.0000     0.0000     0.0000     1.0000     0.0000     0.0000     0.0000     1.0000     0.0000     0.0000     0.0000     1.0000     0.0000     0.0000     0.0000     1.0000     0.0000     0.0000     0.0000     1.0000     0.0000     0.0000     0.0000     1.0000     0.0000     0.0000     0.0000     1.0000     0.0000     0.0000     0.0000     1.0000     0.0000     0.0000     0.0000     1.0000     0.0000     0.0000     0.0000
    1.0000     0.0000     0.0000     0.0000     1.0000     0.0000     0.0000     0.0000     1.0000     0.0000     0.0000     0.0000     1.0000     0.0000     0.0000     0.0000     1.0000     0.0000     0.0000     0.0000     1.0000     0.0000     0.0000     0.0000     1.0000     0.0000     0.0000     0.0000     1.0000     0.0000     0.0000     0.0000     1.0000     0.0000     0.0000     0.0000     1.0000     0.0000     0.0000     0.0000     1.0000     0.0000     0.0000     0.0000     1.0000     0.0000     0.0000     0.0000     1.0000     0.0000     0.0000     0.0000     1.0000     0.0000     0.0000     0.0000     1.0000     0.0000     0.0000     0.0000     1.0000     0.0000     0.0000     0.0000     1.0000     0.0000     0.0000     0.0000     1.0000     0.0000     0.0000     0.0000     1.0000     0.0000     0.0000     0.0000     1.0000     0.0000     0.0000     0.0000     1.0000     0.0000     0.0000     0.0000     1.0000     0.0000     0.0000     0.0000     1.0000     0.0000     0.0000     0.0000     1.0000     0.0000     0.0000     0.0000     1.0000     0.0000     0.0000     0.0000     1.0000     0.0000     0.0000     0.0000     1.0000     0.0000     0.0000     0.0000     1.0000     0.0000     0.0000     0.0000     1.0000     0.0000     0.0000     0.0000     1.0000     0.0000     0.0000     0.0000     1.0000     0.0000     0.0000     0.0000     1.0000     0.0000     0.0000     0.0000     1.0000     0.0000     0.0000     0.0000     1.0000     0.0000     0.0000     0.0000     1.0000     0.0000     0.0000     0.0000     1.0000     0.0000     0.0000     0.0000     1.0000     0.0000     0.0000     0.0000     1.0000     0.0000     0.0000     0.0000     1.0000     0.0000     0.0000     0.0000     1.0000     0.0000     0.0000     0.0000     1.0000     0.0000     0.0000     0.0000     1.0000     0.0000     0.0000     0.0000     1.0000     0.0000     0.0000     0.0000     1.0000     0.0000     0.0000     0.0000     1.0000     0.0000     0.0000     0.0000     1.0000     0.0000     0.0000     0.0000     1.0000     0.0000     0.0000     0.0000     1.0000     0.0000     0.0000     0.0000     1.0000     0.0000     0.0000     0.0000     1.0000     0.0000     0.0000     0.0000     1.0000     0.0000     0.0000     0.0000     1.0000     0.0000     0.0000     0.0000     1.0000     0.0000     0.0000     0.0000     1.0000     0.0000     0.0000     0.0000     1.0000     0.0000     0.0000     0.0000     1.0000     0.0000     0.0000     0.0000     1.0000     0.0000     0.0000     0.0000     1.0000     0.0000     0.0000     0.0000     1.0000     0.0000     0.0000     0.0000     1.0000     0.0000     0.0000     0.0000     1.0000     0.0000     0.0000     0.0000     1.0000     0.0000     0.0000     0.0000     1.0000     0.0000     0.0000     0.0000     1.0000     0.0000     0.0000     0.0000
    1.0000     0.0000     0.0000     0.0000     1.0000     0.0000     0.0000     0.0000     1.0000     0.0000     0.0000     0.0000     1.0000     0.0000     0.0000     0.0000     1.0000     0.0000     0.0000     0.0000     1.0000     0.0000     0.0000     0.0000     1.0000     0.0000     0.0000     0.0000     1.0000     0.0000     0.0000     0.0000     1.0000     0.0000     0.0000     0.0000     1.0000     0.0000     0.0000     0.0000     1.0000     0.0000     0.0000     0.0000     1.0000     0.0000     0.0000     0.0000     1.0000     0.0000     0.0000     0.0000     1.0000     0.0000     0.0000     0.0000     1.0000     0.0000     0.0000     0.0000     1.0000     0.0000     0.0000     0.0000     1.0000     0.0000     0.0000     0.0000     1.0000     0.0000     0.0000     0.0000     1.0000     0.0000     0.0000     0.0000     1.0000     0.0000     0.0000     0.0000     1.0000     0.0000     0.0000     0.0000     1.0000     0.0000     0.0000     0.0000     1.0000     0.0000     0.0000     0.0000     1.0000     0.0000     0.0000     0.0000     1.0000     0.0000     0.0000     0.0000     1.0000     0.0000     0.0000     0.0000     1.0000     0.0000     0.0000     0.0000     1.0000     0.0000     0.0000     0.0000     1.0000     0.0000     0.0000     0.0000     1.0000     0.0000     0.0000     0.0000     1.0000     0.0000     0.0000     0.0000     1.0000     0.0000     0.0000     0.0000     1.0000     0.0000     0.0000     0.0000     1.0000     0.0000     0.0000     0.0000     1.0000     0.0000     0.0000     0.0000     1.0000     0.0000     0.0000     0.0000     1.0000     0.0000     0.0000     0.0000     1.0000     0.0000     0.0000     0.0000     1.0000     0.0000     0.0000     0.0000     1.0000     0.0000     0.0000     0.0000     1.0000     0.0000     0.0000     0.0000     1.0000     0.0000     0.0000     0.0000     1.0000     0.0000     0.0000     0.0000     1.0000     0.0000     0.0000     0.0000     1.0000     0.0000     0.0000     0.0000     1.0000     0.0000     0.0000     0.0000     1.0000     0.0000     0.0000     0.0000     1.0000     0.0000     0.0000     0.0000     1.0000     0.0000     0.0000     0.0000     1.0000     0.0000     0.0000     0.0000     1.0000     0.0000     0.0000     0.0000     1.0000     0.0000     0.0000     0.0000     1.0000     0.0000     0.0000     0.0000     1.0000     0.0000     0.0000     0.0000     1.0000     0.0000     0.0000     0.0000     1.0000     0.0000     0.0000     0.0000     1.0000     0.0000     0.0000     0.0000     1.0000     0.0000     0.0000     0.0000     1.0000     0.0000     0.0000     0.0000     1.0000     0.0000     0.0000     0.0000     1.0000     0.0000     0.0000     0.0000     1.0000     0.0000     0.0000     0.0000     1.0000     0.0000     0.0000     0.0000     1.0000     0.0000     0.0000     0.0000
    1.0000     0.0000     0.0000     0.0000     1.0000     0.0000     0.0000     0.0000     1.0000     0.0000     0.0000     0.0000     1.0000     0.0000     0.0000     0.0000     1.0000     0.0000     0.0000     0.0000     1.0000     0.0000     0.0000     0.0000     1.0000     0.0000     0.0000     0.0000     1.0000     0.0000     0.0000     0.0000     1.0000     0.0000     0.0000     0.0000     1.0000     0.0000     0.0000     0.0000     1.0000     0.0000     0.0000     0.0000     1.0000     0.0000     0.0000     0.0000     1.0000     0.0000     0.0000     0.0000     1.0000     0.0000     0.0000     0.0000     1.0000     0.0000     0.0000     0.0000     1.0000     0.0000     0.0000     0.0000     1.0000     0.0000     0.0000     0.0000     1.0000     0.0000     0.0000     0.0000     1.0000     0.0000     0.0000     0.0000     1.0000     0.0000     0.0000     0.0000     1.0000     0.0000     0.0000     0.0000     1.0000     0.0000     0.0000     0.0000     1.0000     0.0000     0.0000     0.0000     1.0000     0.0000     0.0000     0.0000     1.0000     0.0000     0.0000     0.0000     1.0000     0.0000     0.0000     0.0000     1.0000     0.0000     0.0000     0.0000     1.0000     0.0000     0.0000     0.0000     1.0000     0.0000     0.0000     0.0000     1.0000     0.0000     0.0000     0.0000     1.0000     0.0000     0.0000     0.0000     1.0000     0.0000     0.0000     0.0000     1.0000     0.0000     0.0000     0.0000     1.0000     0.0000     0.0000     0.0000     1.0000     0.0000     0.0000     0.0000     1.0000     0.0000     0.0000     0.0000     1.0000     0.0000     0.0000     0.0000     1.0000     0.0000     0.0000     0.0000     1.0000     0.0000     0.0000     0.0000     1.0000     0.0000     0.0000     0.0000     1.0000     0.0000     0.0000     0.0000     1.0000     0.0000     0.0000     0.0000     1.0000     0.0000     0.0000     0.0000     1.0000     0.0000     0.0000     0.0000     1.0000     0.0000     0.0000     0.0000     1.0000     0.0000     0.0000     0.0000     1.0000     0.0000     0.0000     0.0000     1.0000     0.0000     0.0000     0.0000     1.0000     0.0000     0.0000     0.0000     1.0000     0.0000     0.0000     0.0000     1.0000     0.0000     0.0000     0.0000     1.0000     0.0000     0.0000     0.0000     1.0000     0.0000     0.0000     0.0000     1.0000     0.0000     0.0000     0.0000     1.0000     0.0000     0.0000     0.0000     1.0000     0.0000     0.0000     0.0000     1.0000     0.0000     0.0000     0.0000     1.0000     0.0000     0.0000     0.0000     1.0000     0.0000     0.0000     0.0000     1.0000     0.0000     0.0000     0.0000     1.0000     0.0000     0.0000     0.0000     1.0000     0.0000     0.0000     0.0000     1.0000     0.0000     0.0000     0.0000     1.0000     0.0000     0.0000     0.0000
    1.0000     0.0000     0.0000     0.0000     1.0000     0.0000     0.0000     0.0000     1.0000     0.0000     0.0000     0.0000     1.0000     0.0000     0.0000     0.0000     1.0000     0.0000     0.0000     0.0000     1.0000     0.0000     0.0000     0.0000     1.0000     0.0000     0.0000     0.0000     1.0000     0.0000     0.0000     0.0000     1.0000     0.0000     0.0000     0.0000     1.0000     0.0000     0.0000     0.0000     1.0000     0.0000     0.0000     0.0000     1.0000     0.0000     0.0000     0.0000     1.0000     0.0000     0.0000     0.0000     1.0000     0.0000     0.0000     0.0000     1.0000     0.0000     0.0000     0.0000     1.0000     0.0000     0.0000     0.0000     1.0000     0.0000     0.0000     0.0000     1.0000     0.0000     0.0000     0.0000     1.0000     0.0000     0.0000     0.0000     1.0000     0.0000     0.0000     0.0000     1.0000     0.0000     0.0000     0.0000     1.0000     0.0000     0.0000     0.0000     1.0000     0.0000     0.0000     0.0000     1.0000     0.0000     0.0000     0.0000     1.0000     0.0000     0.0000     0.0000     1.0000     0.0000     0.0000     0.0000     1.0000     0.0000     0.0000     0.0000     1.0000     0.0000     0.0000     0.0000     1.0000     0.0000     0.0000     0.0000     1.0000     0.0000     0.0000     0.0000     1.0000     0.0000     0.0000     0.0000     1.0000     0.0000     0.0000     0.0000     1.0000     0.0000     0.0000     0.0000     1.0000     0.0000     0.0000     0.0000     1.0000     0.0000     0.0000     0.0000     1.0000     0.0000     0.0000     0.0000     1.0000     0.0000     0.0000     0.0000     1.0000     0.0000     0.0000     0.0000     1.0000     0.0000     0.0000     0.0000     1.0000     0.0000     0.0000     0.0000     1.0000     0.0000     0.0000     0.0000     1.0000     0.0000     0.0000     0.0000     1.0000     0.0000     0.0000     0.0000     1.0000     0.0000     0.0000     0.0000     1.0000     0.0000     0.0000     0.0000     1.0000     0.0000     0.0000     0.0000     1.0000     0.0000     0.0000     0.0000     1.0000     0.0000     0.0000     0.0000     1.0000     0.0000     0.0000     0.0000     1.0000     0.0000     0.0000     0.0000     1.0000     0.0000     0.0000     0.0000     1.0000     0.0000     0.0000     0.0000     1.0000     0.0000     0.0000     0.0000     1.0000     0.0000     0.0000     0.0000     1.0000     0.0000     0.0000     0.0000     1.0000     0.0000     0.0000     0.0000     1.0000     0.0000     0.0000     0.0000     1.0000     0.0000     0.0000     0.0000     1.0000     0.0000     0.0000     0.0000     1.0000     0.0000     0.0000     0.0000     1.0000     0.0000     0.0000     0.0000     1.0000     0.0000     0.0000     0.0000     1.0000     0.0000     0.0000     0.0000     1.0000     0.0000     0.0000     0.0000
    1.0000     0.0000     0.0000     0.0000     1.0000     0.0000     0.0000     0.0000     1.0000     0.0000     0.0000     0.0000     1.0000     0.0000     0.0000     0.0000     1.0000     0.0000     0.0000     0.0000     1.0000     0.0000     0.0000     0.0000     1.0000     0.0000     0.0000     0.0000     1.0000     0.0000     0.0000     0.0000     1.0000     0.0000     0.0000     0.0000     1.0000     0.0000     0.0000     0.0000     1.0000     0.0000     0.0000     0.0000     1.0000     0.0000     0.0000     0.0000     1.0000     0.0000     0.0000     0.0000     1.0000     0.0000     0.0000     0.0000     1.0000     0.0000     0.0000     0.0000     1.0000     0.0000     0.0000     0.0000     1.0000     0.0000     0.0000     0.0000     1.0000     0.0000     0.0000     0.0000     1.0000     0.0000     0.0000     0.0000     1.0000     0.0000     0.0000     0.0000     1.0000     0.0000     0.0000     0.0000     1.0000     0.0000     0.0000     0.0000     1.0000     0.0000     0.0000     0.0000     1.0000     0.0000     0.0000     0.0000     1.0000     0.0000     0.0000     0.0000     1.0000     0.0000     0.0000     0.0000     1.0000     0.0000     0.0000     0.0000     1.0000     0.0000     0.0000     0.0000     1.0000     0.0000     0.0000     0.0000     1.0000     0.0000     0.0000     0.0000     1.0000     0.0000     0.0000     0.0000     1.0000     0.0000     0.0000     0.0000     1.0000     0.0000     0.0000     0.0000     1.0000     0.0000     0.0000     0.0000     1.0000     0.0000     0.0000     0.0000     1.0000     0.0000     0.0000     0.0000     1.0000     0.0000     0.0000     0.0000     1.0000     0.0000     0.0000     0.0000     1.0000     0.0000     0.0000     0.0000     1.0000     0.0000     0.0000     0.0000     1.0000     0.0000     0.0000     0.0000     1.0000     0.0000     0.0000     0.0000     1.0000     0.0000     0.0000     0.0000     1.0000     0.0000     0.0000     0.0000     1.0000     0.0000     0.0000     0.0000     1.0000     0.0000     0.0000     0.0000     1.0000     0.0000     0.0000     0.0000     1.0000     0.0000     0.0000     0.0000     1.0000     0.0000     0.0000     0.0000     1.0000     0.0000     0.0000     0.0000     1.0000     0.0000     0.0000     0.0000     1.0000     0.0000     0.0000     0.0000     1.0000     0.0000     0.0000     0.0000     1.0000     0.0000     0.0000     0.0000     1.0000     0.0000     0.0000     0.0000     1.0000     0.0000     0.0000     0.0000     1.0000     0.0000     0.0000     0.0000     1.0000     0.0000     0.0000     0.0000     1.0000     0.0000     0.0000     0.0000     1.0000     0.0000     0.0000     0.0000     1.0000     0.0000     0.0000     0.0000     1.0000     0.0000     0.0000     0.0000     1.0000     0.0000     0.0000     0.0000     1.0000     0.0000     0.0000     0.0000
    1.0000     0.0000     0.0000     0.0000     1.0000     0.0000     0.0000     0.0000     1.0000     0.0000     0.0000     0.0000     1.0000     0.0000     0.0000     0.0000     1.0000     0.0000     0.0000     0.0000     1.0000     0.0000     0.0000     0.0000     1.0000     0.0000     0.0000     0.0000     1.0000     0.0000     0.0000     0.0000     1.0000     0.0000     0.0000     0.0000     1.0000     0.0000     0.0000     0.0000     1.0000     0.0000     0.0000     0.0000     1.0000     0.0000     0.0000     0.0000     1.0000     0.0000     0.0000     0.0000     1.0000     0.0000     0.0000     0.0000     1.0000     0.0000     0.0000     0.0000     1.0000     0.0000     0.0000     0.0000     1.0000     0.0000     0.0000     0.0000     1.0000     0.0000     0.0000     0.0000     1.0000     0.0000     0.0000     0.0000     1.0000     0.0000     0.0000     0.0000     1.0000     0.0000     0.0000     0.0000     1.0000     0.0000     0.0000     0.0000     1.0000     0.0000     0.0000     0.0000     1.0000     0.0000     0.0000     0.0000     1.0000     0.0000     0.0000     0.0000     1.0000     0.0000     0.0000     0.0000     1.0000     0.0000     0.0000     0.0000     1.0000     0.0000     0.0000     0.0000     1.0000     0.0000     0.0000     0.0000     1.0000     0.0000     0.0000     0.0000     1.0000     0.0000     0.0000     0.0000     1.0000     0.0000     0.0000     0.0000     1.0000     0.0000     0.0000     0.0000     1.0000     0.0000     0.0000     0.0000     1.0000     0.0000     0.0000     0.0000     1.0000     0.0000     0.0000     0.0000     1.0000     0.0000     0.0000     0.0000     1.0000     0.0000     0.0000     0.0000     1.0000     0.0000     0.0000     0.0000     1.0000     0.0000     0.0000     0.0000     1.0000     0.0000     0.0000     0.0000     1.0000     0.0000     0.0000     0.0000     1.0000     0.0000     0.0000     0.0000     1.0000     0.0000     0.0000     0.0000     1.0000     0.0000     0.0000     0.0000     1.0000     0.0000     0.0000     0.0000     1.0000     0.0000     0.0000     0.0000     1.0000     0.0000     0.0000     0.0000     1.0000     0.0000     0.0000     0.0000     1.0000     0.0000     0.0000     0.0000     1.0000     0.0000     0.0000     0.0000     1.0000     0.0000     0.0000     0.0000     1.0000     0.0000     0.0000     0.0000     1.0000     0.0000     0.0000     0.0000     1.0000     0.0000     0.0000     0.0000     1.0000     0.0000     0.0000     0.0000     1.0000     0.0000     0.0000     0.0000     1.0000     0.0000     0.0000     0.0000     1.0000     0.0000     0.0000     0.0000     1.0000     0.0000     0.0000     0.0000     1.0000     0.0000     0.0000     0.0000     1.0000     0.0000     0.0000     0.0000     1.0000     0.0000     0.0000     0.0000     1.0000     0.0000     0.0000     0.0000
    1.0000     0.0000     0.0000     0.0000     1.0000     0.0000     0.0000     0.0000     1.0000     0.0000     0.0000     0.0000     1.0000     0.0000     0.0000     0.0000     1.0000     0.0000     0.0000     0.0000     1.0000     0.0000     0.0000     0.0000     1.0000     0.0000     0.0000     0.0000     1.0000     0.0000     0.0000     0.0000     1.0000     0.0000     0.0000     0.0000     1.0000     0.0000     0.0000     0.0000     1.0000     0.0000     0.0000     0.0000     1.0000     0.0000     0.0000     0.0000     1.0000     0.0000     0.0000     0.0000     1.0000     0.0000     0.0000     0.0000     1.0000     0.0000     0.0000     0.0000     1.0000     0.0000     0.0000     0.0000     1.0000     0.0000     0.0000     0.0000     1.0000     0.0000     0.0000     0.0000     1.0000     0.0000     0.0000     0.0000     1.0000     0.0000     0.0000     0.0000     1.0000     0.0000     0.0000     0.0000     1.0000     0.0000     0.0000     0.0000     1.0000     0.0000     0.0000     0.0000     1.0000     0.0000     0.0000     0.0000     1.0000     0.0000     0.0000     0.0000     1.0000     0.0000     0.0000     0.0000     1.0000     0.0000     0.0000     0.0000     1.0000     0.0000     0.0000     0.0000     1.0000     0.0000     0.0000     0.0000     1.0000     0.0000     0.0000     0.0000     1.0000     0.0000     0.0000     0.0000     1.0000     0.0000     0.0000     0.0000     1.0000     0.0000     0.0000     0.0000     1.0000     0.0000     0.0000     0.0000     1.0000     0.0000     0.0000     0.0000     1.0000     0.0000     0.0000     0.0000     1.0000     0.0000     0.0000     0.0000     1.0000     0.0000     0.0000     0.0000     1.0000     0.0000     0.0000     0.0000     1.0000     0.0000     0.0000     0.0000     1.0000     0.0000     0.0000     0.0000     1.0000     0.0000     0.0000     0.0000     1.0000     0.0000     0.0000     0.0000     1.0000     0.0000     0.0000     0.0000     1.0000     0.0000     0.0000     0.0000     1.0000     0.0000     0.0000     0.0000     1.0000     0.0000     0.0000     0.0000     1.0000     0.0000     0.0000     0.0000     1.0000     0.0000     0.0000     0.0000     1.0000     0.0000     0.0000     0.0000     1.0000     0.0000     0.0000     0.0000     1.0000     0.0000     0.0000     0.0000     1.0000     0.0000     0.0000     0.0000     1.0000     0.0000     0.0000     0.0000     1.0000     0.0000     0.0000     0.0000     1.0000     0.0000     0.0000     0.0000     1.0000     0.0000     0.0000     0.0000     1.0000     0.0000     0.0000     0.0000     1.0000     0.0000     0.0000     0.0000     1.0000     0.0000     0.0000     0.0000     1.0000     0.0000     0.0000     0.0000     1.0000     0.0000     0.0000     0.0000     1.0000     0.0000     0.0000     0.0000     1.0000     0.0000     0.0000     0.0000
    1.0000     0.0000     0.0000     0.0000     1.0000     0.0000     0.0000     0.0000     1.0000     0.0000     0.0000     0.0000     1.0000     0.0000     0.0000     0.0000     1.0000     0.0000     0.0000     0.0000     1.0000     0.0000     0.0000     0.0000     1.0000     0.0000     0.0000     0.0000     1.0000     0.0000     0.0000     0.0000     1.0000     0.0000     0.0000     0.0000     1.0000     0.0000     0.0000     0.0000     1.0000     0.0000     0.0000     0.0000     1.0000     0.0000     0.0000     0.0000     1.0000     0.0000     0.0000     0.0000     1.0000     0.0000     0.0000     0.0000     1.0000     0.0000     0.0000     0.0000     1.0000     0.0000     0.0000     0.0000     1.0000     0.0000     0.0000     0.0000     1.0000     0.0000     0.0000     0.0000     1.0000     0.0000     0.0000     0.0000     1.0000     0.0000     0.0000     0.0000     1.0000     0.0000     0.0000     0.0000     1.0000     0.0000     0.0000     0.0000     1.0000     0.0000     0.0000     0.0000     1.0000     0.0000     0.0000     0.0000     1.0000     0.0000     0.0000     0.0000     1.0000     0.0000     0.0000     0.0000     1.0000     0.0000     0.0000     0.0000     1.0000     0.0000     0.0000     0.0000     1.0000     0.0000     0.0000     0.0000     1.0000     0.0000     0.0000     0.0000     1.0000     0.0000     0.0000     0.0000     1.0000     0.0000     0.0000     0.0000     1.0000     0.0000     0.0000     0.0000     1.0000     0.0000     0.0000     0.0000     1.0000     0.0000     0.0000     0.0000     1.0000     0.0000     0.0000     0.0000     1.0000     0.0000     0.0000     0.0000     1.0000     0.0000     0.0000     0.0000     1.0000     0.0000     0.0000     0.0000     1.0000     0.0000     0.0000     0.0000     1.0000     0.0000     0.0000     0.0000     1.0000     0.0000     0.0000     0.0000     1.0000     0.0000     0.0000     0.0000     1.0000     0.0000     0.0000     0.0000     1.0000     0.0000     0.0000     0.0000     1.0000     0.0000     0.0000     0.0000     1.0000     0.0000     0.0000     0.0000     1.0000     0.0000     0.0000     0.0000     1.0000     0.0000     0.0000     0.0000     1.0000     0.0000     0.0000     0.0000     1.0000     0.0000     0.0000     0.0000     1.0000     0.0000     0.0000     0.0000     1.0000     0.0000     0.0000     0.0000     1.0000     0.0000     0.0000     0.0000     1.0000     0.0000     0.0000     0.0000     1.0000     0.0000     0.0000     0.0000     1.0000     0.0000     0.0000     0.0000     1.0000     0.0000     0.0000     0.0000     1.0000     0.0000     0.0000     0.0000     1.0000     0.0000     0.0000     0.0000     1.0000     0.0000     0.0000     0.0000     1.0000     0.0000     0.0000     0.0000     1.0000     0.0000     0.0000     0.0000     1.0000     0.0000     0.0000     0.0000
    1.0000     0.0000     0.0000     0.0000     1.0000     0.0000     0.0000     0.0000     1.0000     0.0000     0.0000     0.0000     1.0000     0.0000     0.0000     0.0000     1.0000     0.0000     0.0000     0.0000     1.0000     0.0000     0.0000     0.0000     1.0000     0.0000     0.0000     0.0000     1.0000     0.0000     0.0000     0.0000     1.0000     0.0000     0.0000     0.0000     1.0000     0.0000     0.0000     0.0000     1.0000     0.0000     0.0000     0.0000     1.0000     0.0000     0.0000     0.0000     1.0000     0.0000     0.0000     0.0000     1.0000     0.0000     0.0000     0.0000     1.0000     0.0000     0.0000     0.0000     1.0000     0.0000     0.0000     0.0000     1.0000     0.0000     0.0000     0.0000     1.0000     0.0000     0.0000     0.0000     1.0000     0.0000     0.0000     0.0000     1.0000     0.0000     0.0000     0.0000     1.0000     0.0000     0.0000     0.0000     1.0000     0.0000     0.0000     0.0000     1.0000     0.0000     0.0000     0.0000     1.0000     0.0000     0.0000     0.0000     1.0000     0.0000     0.0000     0.0000     1.0000     0.0000     0.0000     0.0000     1.0000     0.0000     0.0000     0.0000     1.0000     0.0000     0.0000     0.0000     1.0000     0.0000     0.0000     0.0000     1.0000     0.0000     0.0000     0.0000     1.0000     0.0000     0.0000     0.0000     1.0000     0.0000     0.0000     0.0000     1.0000     0.0000     0.0000     0.0000     1.0000     0.0000     0.0000     0.0000     1.0000     0.0000     0.0000     0.0000     1.0000     0.0000     0.0000     0.0000     1.0000     0.0000     0.0000     0.0000     1.0000     0.0000     0.0000     0.0000     1.0000     0.0000     0.0000     0.0000     1.0000     0.0000     0.0000     0.0000     1.0000     0.0000     0.0000     0.0000     1.0000     0.0000     0.0000     0.0000     1.0000     0.0000     0.0000     0.0000     1.0000     0.0000     0.0000     0.0000     1.0000     0.0000     0.0000     0.0000     1.0000     0.0000     0.0000     0.0000     1.0000     0.0000     0.0000     0.0000     1.0000     0.0000     0.0000     0.0000     1.0000     0.0000     0.0000     0.0000     1.0000     0.0000     0.0000     0.0000     1.0000     0.0000     0.0000     0.0000     1.0000     0.0000     0.0000     0.0000     1.0000     0.0000     0.0000     0.0000     1.0000     0.0000     0.0000     0.0000     1.0000     0.0000     0.0000     0.0000     1.0000     0.0000     0.0000     0.0000     1.0000     0.0000     0.0000     0.0000     1.0000     0.0000     0.0000     0.0000     1.0000     0.0000     0.0000     0.0000     1.0000     0.0000     0.0000     0.0000     1.0000     0.0000     0.0000     0.0000     1.0000     0.0000     0.0000     0.0000     1.0000     0.0000     0.0000     0.0000     1.0000     0.0000     0.0000     0.0000
    1.0000     0.0000     0.0000     0.0000     1.0000     0.0000     0.0000     0.0000     1.0000     0.0000     0.0000     0.0000     1.0000     0.0000     0.0000     0.0000     1.0000     0.0000     0.0000     0.0000     1.0000     0.0000     0.0000     0.0000     1.0000     0.0000     0.0000     0.0000     1.0000     0.0000     0.0000     0.0000     1.0000     0.0000     0.0000     0.0000     1.0000     0.0000     0.0000     0.0000     1.0000     0.0000     0.0000     0.0000     1.0000     0.0000     0.0000     0.0000     1.0000     0.0000     0.0000     0.0000     1.0000     0.0000     0.0000     0.0000     1.0000     0.0000     0.0000     0.0000     1.0000     0.0000     0.0000     0.0000     1.0000     0.0000     0.0000     0.0000     1.0000     0.0000     0.0000     0.0000     1.0000     0.0000     0.0000     0.0000     1.0000     0.0000     0.0000     0.0000     1.0000     0.0000     0.0000     0.0000     1.0000     0.0000     0.0000     0.0000     1.0000     0.0000     0.0000     0.0000     1.0000     0.0000     0.0000     0.0000     1.0000     0.0000     0.0000     0.0000     1.0000     0.0000     0.0000     0.0000     1.0000     0.0000     0.0000     0.0000     1.0000     0.0000     0.0000     0.0000     1.0000     0.0000     0.0000     0.0000     1.0000     0.0000     0.0000     0.0000     1.0000     0.0000     0.0000     0.0000     1.0000     0.0000     0.0000     0.0000     1.0000     0.0000     0.0000     0.0000     1.0000     0.0000     0.0000     0.0000     1.0000     0.0000     0.0000     0.0000     1.0000     0.0000     0.0000     0.0000     1.0000     0.0000     0.0000     0.0000     1.0000     0.0000     0.0000     0.0000     1.0000     0.0000     0.0000     0.0000     1.0000     0.0000     0.0000     0.0000     1.0000     0.0000     0.0000     0.0000     1.0000     0.0000     0.0000     0.0000     1.0000     0.0000     0.0000     0.0000     1.0000     0.0000     0.0000     0.0000     1.0000     0.0000     0.0000     0.0000     1.0000     0.0000     0.0000     0.0000     1.0000     0.0000     0.0000     0.0000     1.0000     0.0000     0.0000     0.0000     1.0000     0.0000     0.0000     0.0000     1.0000     0.0000     0.0000     0.0000     1.0000     0.0000     0.0000     0.0000     1.0000     0.0000     0.0000     0.0000     1.0000     0.0000     0.0000     0.0000     1.0000     0.0000     0.0000     0.0000     1.0000     0.0000     0.0000     0.0000     1.0000     0.0000     0.0000     0.0000     1.0000     0.0000     0.0000     0.0000     1.0000     0.0000     0.0000     0.0000     1.0000     0.0000     0.0000     0.0000     1.0000     0.0000     0.0000     0.0000     1.0000     0.0000     0.0000     0.0000     1.0000     0.0000     0.0000     0.0000     1.0000     0.0000     0.0000     0.0000     1.0000     0.0000     0.0000     0.0000
    1.0000     0.0000     0.0000     0.0000     1.0000     0.0000     0.0000     0.0000     1.0000     0.0000     0.0000     0.0000     1.0000     0.0000     0.0000     0.0000     1.0000     0.0000     0.0000     0.0000     1.0000     0.0000     0.0000     0.0000     1.0000     0.0000     0.0000     0.0000     1.0000     0.0000     0.0000     0.0000     1.0000     0.0000     0.0000     0.0000     1.0000     0.0000     0.0000     0.0000     1.0000     0.0000     0.0000     0.0000     1.0000     0.0000     0.0000     0.0000     1.0000     0.0000     0.0000     0.0000     1.0000     0.0000     0.0000     0.0000     1.0000     0.0000     0.0000     0.0000     1.0000     0.0000     0.0000     0.0000     1.0000     0.0000     0.0000     0.0000     1.0000     0.0000     0.0000     0.0000     1.0000     0.0000     0.0000     0.0000     1.0000     0.0000     0.0000     0.0000     1.0000     0.0000     0.0000     0.0000     1.0000     0.0000     0.0000     0.0000     1.0000     0.0000     0.0000     0.0000     1.0000     0.0000     0.0000     0.0000     1.0000     0.0000     0.0000     0.0000     1.0000     0.0000     0.0000     0.0000     1.0000     0.0000     0.0000     0.0000     1.0000     0.0000     0.0000     0.0000     1.0000     0.0000     0.0000     0.0000     1.0000     0.0000     0.0000     0.0000     1.0000     0.0000     0.0000     0.0000     1.0000     0.0000     0.0000     0.0000     1.0000     0.0000     0.0000     0.0000     1.0000     0.0000     0.0000     0.0000     1.0000     0.0000     0.0000     0.0000     1.0000     0.0000     0.0000     0.0000     1.0000     0.0000     0.0000     0.0000     1.0000     0.0000     0.0000     0.0000     1.0000     0.0000     0.0000     0.0000     1.0000     0.0000     0.0000     0.0000     1.0000     0.0000     0.0000     0.0000     1.0000     0.0000     0.0000     0.0000     1.0000     0.0000     0.0000     0.0000     1.0000     0.0000     0.0000     0.0000     1.0000     0.0000     0.0000     0.0000     1.0000     0.0000     0.0000     0.0000     1.0000     0.0000     0.0000     0.0000     1.0000     0.0000     0.0000     0.0000     1.0000     0.0000     0.0000     0.0000     1.0000     0.0000     0.0000     0.0000     1.0000     0.0000     0.0000     0.0000     1.0000     0.0000     0.0000     0.0000     1.0000     0.0000     0.0000     0.0000     1.0000     0.0000     0.0000     0.0000     1.0000     0.0000     0.0000     0.0000     1.0000     0.0000     0.0000     0.0000     1.0000     0.0000     0.0000     0.0000     1.0000     0.0000     0.0000     0.0000     1.0000     0.0000     0.0000     0.0000     1.0000     0.0000     0.0000     0.0000     1.0000     0.0000     0.0000     0.0000     1.0000     0.0000     0.0000     0.0000     1.0000     0.0000     0.0000     0.0000     1.0000     0.0000     0.0000     0.0000
    1.0000     0.0000     0.0000     0.0000     1.0000     0.0000     0.0000     0.0000     1.0000     0.0000     0.0000     0.0000     1.0000     0.0000     0.0000     0.0000     1.0000     0.0000     0.0000     0.0000     1.0000     0.0000     0.0000     0.0000     1.0000     0.0000     0.0000     0.0000     1.0000     0.0000     0.0000     0.0000     1.0000     0.0000     0.0000     0.0000     1.0000     0.0000     0.0000     0.0000     1.0000     0.0000     0.0000     0.0000     1.0000     0.0000     0.0000     0.0000     1.0000     0.0000     0.0000     0.0000     1.0000     0.0000     0.0000     0.0000     1.0000     0.0000     0.0000     0.0000     1.0000     0.0000     0.0000     0.0000     1.0000     0.0000     0.0000     0.0000     1.0000     0.0000     0.0000     0.0000     1.0000     0.0000     0.0000     0.0000     1.0000     0.0000     0.0000     0.0000     1.0000     0.0000     0.0000     0.0000     1.0000     0.0000     0.0000     0.0000     1.0000     0.0000     0.0000     0.0000     1.0000     0.0000     0.0000     0.0000     1.0000     0.0000     0.0000     0.0000     1.0000     0.0000     0.0000     0.0000     1.0000     0.0000     0.0000     0.0000     1.0000     0.0000     0.0000     0.0000     1.0000     0.0000     0.0000     0.0000     1.0000     0.0000     0.0000     0.0000     1.0000     0.0000     0.0000     0.0000     1.0000     0.0000     0.0000     0.0000     1.0000     0.0000     0.0000     0.0000     1.0000     0.0000     0.0000     0.0000     1.0000     0.0000     0.0000     0.0000     1.0000     0.0000     0.0000     0.0000     1.0000     0.0000     0.0000     0.0000     1.0000     0.0000     0.0000     0.0000     1.0000     0.0000     0.0000     0.0000     1.0000     0.0000     0.0000     0.0000     1.0000     0.0000     0.0000     0.0000     1.0000     0.0000     0.0000     0.0000     1.0000     0.0000     0.0000     0.0000     1.0000     0.0000     0.0000     0.0000     1.0000     0.0000     0.0000     0.0000     1.0000     0.0000     0.0000     0.0000     1.0000     0.0000     0.0000     0.0000     1.0000     0.0000     0.0000     0.0000     1.0000     0.0000     0.0000     0.0000     1.0000     0.0000     0.0000     0.0000     1.0000     0.0000     0.0000     0.0000     1.0000     0.0000     0.0000     0.0000     1.0000     0.0000     0.0000     0.0000     1.0000     0.0000     0.0000     0.0000     1.0000     0.0000     0.0000     0.0000     1.0000     0.0000     0.0000     0.0000     1.0000     0.0000     0.0000     0.0000     1.0000     0.0000     0.0000     0.0000     1.0000     0.0000     0.0000     0.0000     1.0000     0.0000     0.0000     0.0000     1.0000     0.0000     0.0000     0.0000     1.0000     0.0000     0.0000     0.0000     1.0000     0.0000     0.0000     0.0000     1.0000     0.0000     0.0000     0.0000
    1.0000     0.0000     0.0000     0.0000     1.0000     0.0000     0.0000     0.0000     1.0000     0.0000     0.0000     0.0000     1.0000     0.0000     0.0000     0.0000     1.0000     0.0000     0.0000     0.0000     1.0000     0.0000     0.0000     0.0000     1.0000     0.0000     0.0000     0.0000     1.0000     0.0000     0.0000     0.0000     1.0000     0.0000     0.0000     0.0000     1.0000     0.0000     0.0000     0.0000     1.0000     0.0000     0.0000     0.0000     1.0000     0.0000     0.0000     0.0000     1.0000     0.0000     0.0000     0.0000     1.0000     0.0000     0.0000     0.0000     1.0000     0.0000     0.0000     0.0000     1.0000     0.0000     0.0000     0.0000     1.0000     0.0000     0.0000     0.0000     1.0000     0.0000     0.0000     0.0000     1.0000     0.0000     0.0000     0.0000     1.0000     0.0000     0.0000     0.0000     1.0000     0.0000     0.0000     0.0000     1.0000     0.0000     0.0000     0.0000     1.0000     0.0000     0.0000     0.0000     1.0000     0.0000     0.0000     0.0000     1.0000     0.0000     0.0000     0.0000     1.0000     0.0000     0.0000     0.0000     1.0000     0.0000     0.0000     0.0000     1.0000     0.0000     0.0000     0.0000     1.0000     0.0000     0.0000     0.0000     1.0000     0.0000     0.0000     0.0000     1.0000     0.0000     0.0000     0.0000     1.0000     0.0000     0.0000     0.0000     1.0000     0.0000     0.0000     0.0000     1.0000     0.0000     0.0000     0.0000     1.0000     0.0000     0.0000     0.0000     1.0000     0.0000     0.0000     0.0000     1.0000     0.0000     0.0000     0.0000     1.0000     0.0000     0.0000     0.0000     1.0000     0.0000     0.0000     0.0000     1.0000     0.0000     0.0000     0.0000     1.0000     0.0000     0.0000     0.0000     1.0000     0.0000     0.0000     0.0000     1.0000     0.0000     0.0000     0.0000     1.0000     0.0000     0.0000     0.0000     1.0000     0.0000     0.0000     0.0000     1.0000     0.0000     0.0000     0.0000     1.0000     0.0000     0.0000     0.0000     1.0000     0.0000     0.0000     0.0000     1.0000     0.0000     0.0000     0.0000     1.0000     0.0000     0.0000     0.0000     1.0000     0.0000     0.0000     0.0000     1.0000     0.0000     0.0000     0.0000     1.0000     0.0000     0.0000     0.0000     1.0000     0.0000     0.0000     0.0000     1.0000     0.0000     0.0000     0.0000     1.0000     0.0000     0.0000     0.0000     1.0000     0.0000     0.0000     0.0000     1.0000     0.0000     0.0000     0.0000     1.0000     0.0000     0.0000     0.0000     1.0000     0.0000     0.0000     0.0000     1.0000     0.0000     0.0000     0.0000     1.0000     0.0000     0.0000     0.0000     1.0000     0.0000     0.0000     0.0000     1.0000     0.0000     0.0000     0.0000
    1.0000     0.0000     0.0000     0.0000     1.0000     0.0000     0.0000     0.0000     1.0000     0.0000     0.0000     0.0000     1.0000     0.0000     0.0000     0.0000     1.0000     0.0000     0.0000     0.0000     1.0000     0.0000     0.0000     0.0000     1.0000     0.0000     0.0000     0.0000     1.0000     0.0000     0.0000     0.0000     1.0000     0.0000     0.0000     0.0000     1.0000     0.0000     0.0000     0.0000     1.0000     0.0000     0.0000     0.0000     1.0000     0.0000     0.0000     0.0000     1.0000     0.0000     0.0000     0.0000     1.0000     0.0000     0.0000     0.0000     1.0000     0.0000     0.0000     0.0000     1.0000     0.0000     0.0000     0.0000     1.0000     0.0000     0.0000     0.0000     1.0000     0.0000     0.0000     0.0000     1.0000     0.0000     0.0000     0.0000     1.0000     0.0000     0.0000     0.0000     1.0000     0.0000     0.0000     0.0000     1.0000     0.0000     0.0000     0.0000     1.0000     0.0000     0.0000     0.0000     1.0000     0.0000     0.0000     0.0000     1.0000     0.0000     0.0000     0.0000     1.0000     0.0000     0.0000     0.0000     1.0000     0.0000     0.0000     0.0000     1.0000     0.0000     0.0000     0.0000     1.0000     0.0000     0.0000     0.0000     1.0000     0.0000     0.0000     0.0000     1.0000     0.0000     0.0000     0.0000     1.0000     0.0000     0.0000     0.0000     1.0000     0.0000     0.0000     0.0000     1.0000     0.0000     0.0000     0.0000     1.0000     0.0000     0.0000     0.0000     1.0000     0.0000     0.0000     0.0000     1.0000     0.0000     0.0000     0.0000     1.0000     0.0000     0.0000     0.0000     1.0000     0.0000     0.0000     0.0000     1.0000     0.0000     0.0000     0.0000     1.0000     0.0000     0.0000     0.0000     1.0000     0.0000     0.0000     0.0000     1.0000     0.0000     0.0000     0.0000     1.0000     0.0000     0.0000     0.0000     1.0000     0.0000     0.0000     0.0000     1.0000     0.0000     0.0000     0.0000     1.0000     0.0000     0.0000     0.0000     1.0000     0.0000     0.0000     0.0000     1.0000     0.0000     0.0000     0.0000     1.0000     0.0000     0.0000     0.0000     1.0000     0.0000     0.0000     0.0000     1.0000     0.0000     0.0000     0.0000     1.0000     0.0000     0.0000     0.0000     1.0000     0.0000     0.0000     0.0000     1.0000     0.0000     0.0000     0.0000     1.0000     0.0000     0.0000     0.0000     1.0000     0.0000     0.0000     0.0000     1.0000     0.0000     0.0000     0.0000     1.0000     0.0000     0.0000     0.0000     1.0000     0.0000     0.0000     0.0000     1.0000     0.0000     0.0000     0.0000     1.0000     0.0000     0.0000     0.0000     1.0000     0.0000     0.0000     0.0000     1.0000     0.0000     0.0000     0.0000
    1.0000     0.0000     0.0000     0.0000     1.0000     0.0000     0.0000     0.0000     1.0000     0.0000     0.0000     0.0000     1.0000     0.0000     0.0000     0.0000     1.0000     0.0000     0.0000     0.0000     1.0000     0.0000     0.0000     0.0000     1.0000     0.0000     0.0000     0.0000     1.0000     0.0000     0.0000     0.0000     1.0000     0.0000     0.0000     0.0000     1.0000     0.0000     0.0000     0.0000     1.0000     0.0000     0.0000     0.0000     1.0000     0.0000     0.0000     0.0000     1.0000     0.0000     0.0000     0.0000     1.0000     0.0000     0.0000     0.0000     1.0000     0.0000     0.0000     0.0000     1.0000     0.0000     0.0000     0.0000     1.0000     0.0000     0.0000     0.0000     1.0000     0.0000     0.0000     0.0000     1.0000     0.0000     0.0000     0.0000     1.0000     0.0000     0.0000     0.0000     1.0000     0.0000     0.0000     0.0000     1.0000     0.0000     0.0000     0.0000     1.0000     0.0000     0.0000     0.0000     1.0000     0.0000     0.0000     0.0000     1.0000     0.0000     0.0000     0.0000     1.0000     0.0000     0.0000     0.0000     1.0000     0.0000     0.0000     0.0000     1.0000     0.0000     0.0000     0.0000     1.0000     0.0000     0.0000     0.0000     1.0000     0.0000     0.0000     0.0000     1.0000     0.0000     0.0000     0.0000     1.0000     0.0000     0.0000     0.0000     1.0000     0.0000     0.0000     0.0000     1.0000     0.0000     0.0000     0.0000     1.0000     0.0000     0.0000     0.0000     1.0000     0.0000     0.0000     0.0000     1.0000     0.0000     0.0000     0.0000     1.0000     0.0000     0.0000     0.0000     1.0000     0.0000     0.0000     0.0000     1.0000     0.0000     0.0000     0.0000     1.0000     0.0000     0.0000     0.0000     1.0000     0.0000     0.0000     0.0000     1.0000     0.0000     0.0000     0.0000     1.0000     0.0000     0.0000     0.0000     1.0000     0.0000     0.0000     0.0000     1.0000     0.0000     0.0000     0.0000     1.0000     0.0000     0.0000     0.0000     1.0000     0.0000     0.0000     0.0000     1.0000     0.0000     0.0000     0.0000     1.0000     0.0000     0.0000     0.0000     1.0000     0.0000     0.0000     0.0000     1.0000     0.0000     0.0000     0.0000     1.0000     0.0000     0.0000     0.0000     1.0000     0.0000     0.0000     0.0000     1.0000     0.0000     0.0000     0.0000     1.0000     0.0000     0.0000     0.0000     1.0000     0.0000     0.0000     0.0000     1.0000     0.0000     0.0000     0.0000     1.0000     0.0000     0.0000     0.0000     1.0000     0.0000     0.0000     0.0000     1.0000     0.0000     0.0000     0.0000     1.0000     0.0000     0.0000     0.0000     1.0000     0.0000     0.0000     0.0000     1.0000     0.0000     0.0000     0.0000
    1.0000     0.0000     0.0000     0.0000     1.0000     0.0000     0.0000     0.0000     1.0000     0.0000     0.0000     0.0000     1.0000     0.0000     0.0000     0.0000     1.0000     0.0000     0.0000     0.0000     1.0000     0.0000     0.0000     0.0000     1.0000     0.0000     0.0000     0.0000     1.0000     0.0000     0.0000     0.0000     1.0000     0.0000     0.0000     0.0000     1.0000     0.0000     0.0000     0.0000     1.0000     0.0000     0.0000     0.0000     1.0000     0.0000     0.0000     0.0000     1.0000     0.0000     0.0000     0.0000     1.0000     0.0000     0.0000     0.0000     1.0000     0.0000     0.0000     0.0000     1.0000     0.0000     0.0000     0.0000     1.0000     0.0000     0.0000     0.0000     1.0000     0.0000     0.0000     0.0000     1.0000     0.0000     0.0000     0.0000     1.0000     0.0000     0.0000     0.0000     1.0000     0.0000     0.0000     0.0000     1.0000     0.0000     0.0000     0.0000     1.0000     0.0000     0.0000     0.0000     1.0000     0.0000     0.0000     0.0000     1.0000     0.0000     0.0000     0.0000     1.0000     0.0000     0.0000     0.0000     1.0000     0.0000     0.0000     0.0000     1.0000     0.0000     0.0000     0.0000     1.0000     0.0000     0.0000     0.0000     1.0000     0.0000     0.0000     0.0000     1.0000     0.0000     0.0000     0.0000     1.0000     0.0000     0.0000     0.0000     1.0000     0.0000     0.0000     0.0000     1.0000     0.0000     0.0000     0.0000     1.0000     0.0000     0.0000     0.0000     1.0000     0.0000     0.0000     0.0000     1.0000     0.0000     0.0000     0.0000     1.0000     0.0000     0.0000     0.0000     1.0000     0.0000     0.0000     0.0000     1.0000     0.0000     0.0000     0.0000     1.0000     0.0000     0.0000     0.0000     1.0000     0.0000     0.0000     0.0000     1.0000     0.0000     0.0000     0.0000     1.0000     0.0000     0.0000     0.0000     1.0000     0.0000     0.0000     0.0000     1.0000     0.0000     0.0000     0.0000     1.0000     0.0000     0.0000     0.0000     1.0000     0.0000     0.0000     0.0000     1.0000     0.0000     0.0000     0.0000     1.0000     0.0000     0.0000     0.0000     1.0000     0.0000     0.0000     0.0000     1.0000     0.0000     0.0000     0.0000     1.0000     0.0000     0.0000     0.0000     1.0000     0.0000     0.0000     0.0000     1.0000     0.0000     0.0000     0.0000     1.0000     0.0000     0.0000     0.0000     1.0000     0.0000     0.0000     0.0000     1.0000     0.0000     0.0000     0.0000     1.0000     0.0000     0.0000     0.0000     1.0000     0.0000     0.0000     0.0000     1.0000     0.0000     0.0000     0.0000     1.0000     0.0000     0.0000     0.0000     1.0000     0.0000     0.0000     0.0000     1.0000     0.0000     0.0000     0.0000
    1.0000     0.0000     0.0000     0.0000     1.0000     0.0000     0.0000     0.0000     1.0000     0.0000     0.0000     0.0000     1.0000     0.0000     0.0000     0.0000     1.0000     0.0000     0.0000     0.0000     1.0000     0.0000     0.0000     0.0000     1.0000     0.0000     0.0000     0.0000     1.0000     0.0000     0.0000     0.0000     1.0000     0.0000     0.0000     0.0000     1.0000     0.0000     0.0000     0.0000     1.0000     0.0000     0.0000     0.0000     1.0000     0.0000     0.0000     0.0000     1.0000     0.0000     0.0000     0.0000     1.0000     0.0000     0.0000     0.0000     1.0000     0.0000     0.0000     0.0000     1.0000     0.0000     0.0000     0.0000     1.0000     0.0000     0.0000     0.0000     1.0000     0.0000     0.0000     0.0000     1.0000     0.0000     0.0000     0.0000     1.0000     0.0000     0.0000     0.0000     1.0000     0.0000     0.0000     0.0000     1.0000     0.0000     0.0000     0.0000     1.0000     0.0000     0.0000     0.0000     1.0000     0.0000     0.0000     0.0000     1.0000     0.0000     0.0000     0.0000     1.0000     0.0000     0.0000     0.0000     1.0000     0.0000     0.0000     0.0000     1.0000     0.0000     0.0000     0.0000     1.0000     0.0000     0.0000     0.0000     1.0000     0.0000     0.0000     0.0000     1.0000     0.0000     0.0000     0.0000     1.0000     0.0000     0.0000     0.0000     1.0000     0.0000     0.0000     0.0000     1.0000     0.0000     0.0000     0.0000     1.0000     0.0000     0.0000     0.0000     1.0000     0.0000     0.0000     0.0000     1.0000     0.0000     0.0000     0.0000     1.0000     0.0000     0.0000     0.0000     1.0000     0.0000     0.0000     0.0000     1.0000     0.0000     0.0000     0.0000     1.0000     0.0000     0.0000     0.0000     1.0000     0.0000     0.0000     0.0000     1.0000     0.0000     0.0000     0.0000     1.0000     0.0000     0.0000     0.0000     1.0000     0.0000     0.0000     0.0000     1.0000     0.0000     0.0000     0.0000     1.0000     0.0000     0.0000     0.0000     1.0000     0.0000     0.0000     0.0000     1.0000     0.0000     0.0000     0.0000     1.0000     0.0000     0.0000     0.0000     1.0000     0.0000     0.0000     0.0000     1.0000     0.0000     0.0000     0.0000     1.0000     0.0000     0.0000     0.0000     1.0000     0.0000     0.0000     0.0000     1.0000     0.0000     0.0000     0.0000     1.0000     0.0000     0.0000     0.0000     1.0000     0.0000     0.0000     0.0000     1.0000     0.0000     0.0000     0.0000     1.0000     0.0000     0.0000     0.0000     1.0000     0.0000     0.0000     0.0000     1.0000     0.0000     0.0000     0.0000     1.0000     0.0000     0.0000     0.0000     1.0000     0.0000     0.0000     0.0000     1.0000     0.0000     0.0000     0.0000
    1.0000     0.0000     0.0000     0.0000     1.0000     0.0000     0.0000     0.0000     1.0000     0.0000     0.0000     0.0000     1.0000     0.0000     0.0000     0.0000     1.0000     0.0000     0.0000     0.0000     1.0000     0.0000     0.0000     0.0000     1.0000     0.0000     0.0000     0.0000     1.0000     0.0000     0.0000     0.0000     1.0000     0.0000     0.0000     0.0000     1.0000     0.0000     0.0000     0.0000     1.0000     0.0000     0.0000     0.0000     1.0000     0.0000     0.0000     0.0000     1.0000     0.0000     0.0000     0.0000     1.0000     0.0000     0.0000     0.0000     1.0000     0.0000     0.0000     0.0000     1.0000     0.0000     0.0000     0.0000     1.0000     0.0000     0.0000     0.0000     1.0000     0.0000     0.0000     0.0000     1.0000     0.0000     0.0000     0.0000     1.0000     0.0000     0.0000     0.0000     1.0000     0.0000     0.0000     0.0000     1.0000     0.0000     0.0000     0.0000     1.0000     0.0000     0.0000     0.0000     1.0000     0.0000     0.0000     0.0000     1.0000     0.0000     0.0000     0.0000     1.0000     0.0000     0.0000     0.0000     1.0000     0.0000     0.0000     0.0000     1.0000     0.0000     0.0000     0.0000     1.0000     0.0000     0.0000     0.0000     1.0000     0.0000     0.0000     0.0000     1.0000     0.0000     0.0000     0.0000     1.0000     0.0000     0.0000     0.0000     1.0000     0.0000     0.0000     0.0000     1.0000     0.0000     0.0000     0.0000     1.0000     0.0000     0.0000     0.0000     1.0000     0.0000     0.0000     0.0000     1.0000     0.0000     0.0000     0.0000     1.0000     0.0000     0.0000     0.0000     1.0000     0.0000     0.0000     0.0000     1.0000     0.0000     0.0000     0.0000     1.0000     0.0000     0.0000     0.0000     1.0000     0.0000     0.0000     0.0000     1.0000     0.0000     0.0000     0.0000     1.0000     0.0000     0.0000     0.0000     1.0000     0.0000     0.0000     0.0000     1.0000     0.0000     0.0000     0.0000     1.0000     0.0000     0.0000     0.0000     1.0000     0.0000     0.0000     0.0000     1.0000     0.0000     0.0000     0.0000     1.0000     0.0000     0.0000     0.0000     1.0000     0.0000     0.0000     0.0000     1.0000     0.0000     0.0000     0.0000     1.0000     0.0000     0.0000     0.0000     1.0000     0.0000     0.0000     0.0000     1.0000     0.0000     0.0000     0.0000     1.0000     0.0000     0.0000     0.0000     1.0000     0.0000     0.0000     0.0000     1.0000     0.0000     0.0000     0.0000     1.0000     0.0000     0.0000     0.0000     1.0000     0.0000     0.0000     0.0000     1.0000     0.0000     0.0000     0.0000     1.0000     0.0000     0.0000     0.0000     1.0000     0.0000     0.0000     0.0000     1.0000     0.0000     0.0000     0.0000
    1.0000     0.0000     0.0000     0.0000     1.0000     0.0000     0.0000     0.0000     1.0000     0.0000     0.0000     0.0000     1.0000     0.0000     0.0000     0.0000     1.0000     0.0000     0.0000     0.0000     1.0000     0.0000     0.0000     0.0000     1.0000     0.0000     0.0000     0.0000     1.0000     0.0000     0.0000     0.0000     1.0000     0.0000     0.0000     0.0000     1.0000     0.0000     0.0000     0.0000     1.0000     0.0000     0.0000     0.0000     1.0000     0.0000     0.0000     0.0000     1.0000     0.0000     0.0000     0.0000     1.0000     0.0000     0.0000     0.0000     1.0000     0.0000     0.0000     0.0000     1.0000     0.0000     0.0000     0.0000     1.0000     0.0000     0.0000     0.0000     1.0000     0.0000     0.0000     0.0000     1.0000     0.0000     0.0000     0.0000     1.0000     0.0000     0.0000     0.0000     1.0000     0.0000     0.0000     0.0000     1.0000     0.0000     0.0000     0.0000     1.0000     0.0000     0.0000     0.0000     1.0000     0.0000     0.0000     0.0000     1.0000     0.0000     0.0000     0.0000     1.0000     0.0000     0.0000     0.0000     1.0000     0.0000     0.0000     0.0000     1.0000     0.0000     0.0000     0.0000     1.0000     0.0000     0.0000     0.0000     1.0000     0.0000     0.0000     0.0000     1.0000     0.0000     0.0000     0.0000     1.0000     0.0000     0.0000     0.0000     1.0000     0.0000     0.0000     0.0000     1.0000     0.0000     0.0000     0.0000     1.0000     0.0000     0.0000     0.0000     1.0000     0.0000     0.0000     0.0000     1.0000     0.0000     0.0000     0.0000     1.0000     0.0000     0.0000     0.0000     1.0000     0.0000     0.0000     0.0000     1.0000     0.0000     0.0000     0.0000     1.0000     0.0000     0.0000     0.0000     1.0000     0.0000     0.0000     0.0000     1.0000     0.0000     0.0000     0.0000     1.0000     0.0000     0.0000     0.0000     1.0000     0.0000     0.0000     0.0000     1.0000     0.0000     0.0000     0.0000     1.0000     0.0000     0.0000     0.0000     1.0000     0.0000     0.0000     0.0000     1.0000     0.0000     0.0000     0.0000     1.0000     0.0000     0.0000     0.0000     1.0000     0.0000     0.0000     0.0000     1.0000     0.0000     0.0000     0.0000     1.0000     0.0000     0.0000     0.0000     1.0000     0.0000     0.0000     0.0000     1.0000     0.0000     0.0000     0.0000     1.0000     0.0000     0.0000     0.0000     1.0000     0.0000     0.0000     0.0000     1.0000     0.0000     0.0000     0.0000     1.0000     0.0000     0.0000     0.0000     1.0000     0.0000     0.0000     0.0000     1.0000     0.0000     0.0000     0.0000     1.0000     0.0000     0.0000     0.0000     1.0000     0.0000     0.0000     0.0000     1.0000     0.0000     0.0000     0.0000
{"varName":"tauKrylov0Tex","savedAt":"2026-05-18T12:17:23.425Z","value":{"__backupType":"texture2D","w":64,"h":54,"dim":4,"format":[6408,34836,5126],"unit":23,"program":13,"data":[1,0,0,0,1,0,0,0,1,0,0,0,1,0,0,0,1,0,0,0,1,0,0,0,1,0,0,0,1,0,0,0,1,0,0,0,1,0,0,0,1,0,0,0,1,0,0,0,1,0,0,0,1,0,0,0,1,0,0,0,1,0,0,0,1,0,0,0,1,0,0,0,1,0,0,0,1,0,0,0,1,0,0,0,1,0,0,0,1,0,0,0,1,0,0,0,1,0,0,0,1,0,0,0,1,0,0,0,1,0,0,0,1,0,0,0,1,0,0,0,1,0,0,0,1,0,0,0,1,0,0,0,1,0,0,0,1,0,0,0,1,0,0,0,1,0,0,0,1,0,0,0,1,0,0,0,1,0,0,0,1,0,0,0,1,0,0,0,1,0,0,0,1,0,0,0,1,0,0,0,1,0,0,0,1,0,0,0,1,0,0,0,1,0,0,0,1,0,0,0,1,0,0,0,1,0,0,0,1,0,0,0,1,0,0,0,1,0,0,0,1,0,0,0,1,0,0,0,1,0,0,0,1,0,0,0,1,0,0,0,1,0,0,0,1,0,0,0,1,0,0,0,1,0,0,0,1,0,0,0,1,0,0,0,1,0,0,0,1,0,0,0,1,0,0,0,1,0,0,0,1,0,0,0,1,0,0,0,1,0,0,0,1,0,0,0,1,0,0,0,1,0,0,0,1,0,0,0,1,0,0,0,1,0,0,0,1,0,0,0,1,0,0,0,1,0,0,0,1,0,0,0,1,0,0,0,1,0,0,0,1,0,0,0,1,0,0,0,1,0,0,0,1,0,0,0,1,0,0,0,1,0,0,0,1,0,0,0,1,0,0,0,1,0,0,0,1,0,0,0,1,0,0,0,1,0,0,0,1,0,0,0,1,0,0,0,1,0,0,0,1,0,0,0,1,0,0,0,1,0,0,0,1,0,0,0,1,0,0,0,1,0,0,0,1,0,0,0,1,0,0,0,1,0,0,0,1,0,0,0,1,0,0,0,1,0,0,0,1,0,0,0,1,0,0,0,1,0,0,0,1,0,0,0,1,0,0,0,1,0,0,0,1,0,0,0,1,0,0,0,1,0,0,0,1,0,0,0,1,0,0,0,1,0,0,0,1,0,0,0,1,0,0,0,1,0,0,0,1,0,0,0,1,0,0,0,1,0,0,0,1,0,0,0,1,0,0,0,1,0,0,0,1,0,0,0,1,0,0,0,1,0,0,0,1,0,0,0,1,0,0,0,1,0,0,0,1,0,0,0,1,0,0,0,1,0,0,0,1,0,0,0,1,0,0,0,1,0,0,0,1,0,0,0,1,0,0,0,1,0,0,0,1,0,0,0,1,0,0,0,1,0,0,0,1,0,0,0,1,0,0,0,1,0,0,0,1,0,0,0,1,0,0,0,1,0,0,0,1,0,0,0,1,0,0,0,1,0,0,0,1,0,0,0,1,0,0,0,1,0,0,0,1,0,0,0,1,0,0,0,1,0,0,0,1,0,0,0,1,0,0,0,1,0,0,0,1,0,0,0,1,0,0,0,1,0,0,0,1,0,0,0,1,0,0,0,1,0,0,0,1,0,0,0,1,0,0,0,1,0,0,0,1,0,0,0,1,0,0,0,1,0,0,0,1,0,0,0,1,0,0,0,1,0,0,0,1,0,0,0,1,0,0,0,1,0,0,0,1,0,0,0,1,0,0,0,1,0,0,0,1,0,0,0,1,0,0,0,1,0,0,0,1,0,0,0,1,0,0,0,1,0,0,0,1,0,0,0,1,0,0,0,1,0,0,0,1,0,0,0,1,0,0,0,1,0,0,0,1,0,0,0,1,0,0,0,1,0,0,0,1,0,0,0,1,0,0,0,1,0,0,0,1,0,0,0,1,0,0,0,1,0,0,0,1,0,0,0,1,0,0,0,1,0,0,0,1,0,0,0,1,0,0,0,1,0,0,0,1,0,0,0,1,0,0,0,1,0,0,0,1,0,0,0,1,0,0,0,1,0,0,0,1,0,0,0,1,0,0,0,1,0,0,0,1,0,0,0,1,0,0,0,1,0,0,0,1,0,0,0,1,0,0,0,1,0,0,0,1,0,0,0,1,0,0,0,1,0,0,0,1,0,0,0,1,0,0,0,1,0,0,0,1,0,0,0,1,0,0,0,1,0,0,0,1,0,0,0,1,0,0,0,1,0,0,0,1,0,0,0,1,0,0,0,1,0,0,0,1,0,0,0,1,0,0,0,1,0,0,0,1,0,0,0,1,0,0,0,1,0,0,0,1,0,0,0,1,0,0,0,1,0,0,0,1,0,0,0,1,0,0,0,1,0,0,0,1,0,0,0,1,0,0,0,1,0,0,0,1,0,0,0,1,0,0,0,1,0,0,0,1,0,0,0,1,0,0,0,1,0,0,0,1,0,0,0,1,0,0,0,1,0,0,0,1,0,0,0,1,0,0,0,1,0,0,0,1,0,0,0,1,0,0,0,1,0,0,0,1,0,0,0,1,0,0,0,1,0,0,0,1,0,0,0,1,0,0,0,1,0,0,0,1,0,0,0,1,0,0,0,1,0,0,0,1,0,0,0,1,0,0,0,1,0,0,0,1,0,0,0,1,0,0,0,1,0,0,0,1,0,0,0,1,0,0,0,1,0,0,0,1,0,0,0,1,0,0,0,1,0,0,0,1,0,0,0,1,0,0,0,1,0,0,0,1,0,0,0,1,0,0,0,1,0,0,0,1,0,0,0,1,0,0,0,1,0,0,0,1,0,0,0,1,0,0,0,1,0,0,0,1,0,0,0,1,0,0,0,1,0,0,0,1,0,0,0,1,0,0,0,1,0,0,0,1,0,0,0,1,0,0,0,1,0,0,0,1,0,0,0,1,0,0,0,1,0,0,0,1,0,0,0,1,0,0,0,1,0,0,0,1,0,0,0,1,0,0,0,1,0,0,0,1,0,0,0,1,0,0,0,1,0,0,0,1,0,0,0,1,0,0,0,1,0,0,0,1,0,0,0,1,0,0,0,1,0,0,0,1,0,0,0,1,0,0,0,1,0,0,0,1,0,0,0,1,0,0,0,1,0,0,0,1,0,0,0,1,0,0,0,1,0,0,0,1,0,0,0,1,0,0,0,1,0,0,0,1,0,0,0,1,0,0,0,1,0,0,0,1,0,0,0,1,0,0,0,1,0,0,0,1,0,0,0,1,0,0,0,1,0,0,0,1,0,0,0,1,0,0,0,1,0,0,0,1,0,0,0,1,0,0,0,1,0,0,0,1,0,0,0,1,0,0,0,1,0,0,0,1,0,0,0,1,0,0,0,1,0,0,0,1,0,0,0,1,0,0,0,1,0,0,0,1,0,0,0,1,0,0,0,1,0,0,0,1,0,0,0,1,0,0,0,1,0,0,0,1,0,0,0,1,0,0,0,1,0,0,0,1,0,0,0,1,0,0,0,1,0,0,0,1,0,0,0,1,0,0,0,1,0,0,0,1,0,0,0,1,0,0,0,1,0,0,0,1,0,0,0,1,0,0,0,1,0,0,0,1,0,0,0,1,0,0,0,1,0,0,0,1,0,0,0,1,0,0,0,1,0,0,0,1,0,0,0,1,0,0,0,1,0,0,0,1,0,0,0,1,0,0,0,1,0,0,0,1,0,0,0,1,0,0,0,1,0,0,0,1,0,0,0,1,0,0,0,1,0,0,0,1,0,0,0,1,0,0,0,1,0,0,0,1,0,0,0,1,0,0,0,1,0,0,0,1,0,0,0,1,0,0,0,1,0,0,0,1,0,0,0,1,0,0,0,1,0,0,0,1,0,0,0,1,0,0,0,1,0,0,0,1,0,0,0,1,0,0,0,1,0,0,0,1,0,0,0,1,0,0,0,1,0,0,0,1,0,0,0,1,0,0,0,1,0,0,0,1,0,0,0,1,0,0,0,1,0,0,0,1,0,0,0,1,0,0,0,1,0,0,0,1,0,0,0,1,0,0,0,1,0,0,0,1,0,0,0,1,0,0,0,1,0,0,0,1,0,0,0,1,0,0,0,1,0,0,0,1,0,0,0,1,0,0,0,1,0,0,0,1,0,0,0,1,0,0,0,1,0,0,0,1,0,0,0,1,0,0,0,1,0,0,0,1,0,0,0,1,0,0,0,1,0,0,0,1,0,0,0,1,0,0,0,1,0,0,0,1,0,0,0,1,0,0,0,1,0,0,0,1,0,0,0,1,0,0,0,1,0,0,0,1,0,0,0,1,0,0,0,1,0,0,0,1,0,0,0,1,0,0,0,1,0,0,0,1,0,0,0,1,0,0,0,1,0,0,0,1,0,0,0,1,0,0,0,1,0,0,0,1,0,0,0,1,0,0,0,1,0,0,0,1,0,0,0,1,0,0,0,1,0,0,0,1,0,0,0,1,0,0,0,1,0,0,0,1,0,0,0,1,0,0,0,1,0,0,0,1,0,0,0,1,0,0,0,1,0,0,0,1,0,0,0,1,0,0,0,1,0,0,0,1,0,0,0,1,0,0,0,1,0,0,0,1,0,0,0,1,0,0,0,1,0,0,0,1,0,0,0,1,0,0,0,1,0,0,0,1,0,0,0,1,0,0,0,1,0,0,0,1,0,0,0,1,0,0,0,1,0,0,0,1,0,0,0,1,0,0,0,1,0,0,0,1,0,0,0,1,0,0,0,1,0,0,0,1,0,0,0,1,0,0,0,1,0,0,0,1,0,0,0,1,0,0,0,1,0,0,0,1,0,0,0,1,0,0,0,1,0,0,0,1,0,0,0,1,0,0,0,1,0,0,0,1,0,0,0,1,0,0,0,1,0,0,0,1,0,0,0,1,0,0,0,1,0,0,0,1,0,0,0,1,0,0,0,1,0,0,0,1,0,0,0,1,0,0,0,1,0,0,0,1,0,0,0,1,0,0,0,1,0,0,0,1,0,0,0,1,0,0,0,1,0,0,0,1,0,0,0,1,0,0,0,1,0,0,0,1,0,0,0,1,0,0,0,1,0,0,0,1,0,0,0,1,0,0,0,1,0,0,0,1,0,0,0,1,0,0,0,1,0,0,0,1,0,0,0,1,0,0,0,1,0,0,0,1,0,0,0,1,0,0,0,1,0,0,0,1,0,0,0,1,0,0,0,1,0,0,0,1,0,0,0,1,0,0,0,1,0,0,0,1,0,0,0,1,0,0,0,1,0,0,0,1,0,0,0,1,0,0,0,1,0,0,0,1,0,0,0,1,0,0,0,1,0,0,0,1,0,0,0,1,0,0,0,1,0,0,0,1,0,0,0,1,0,0,0,1,0,0,0,1,0,0,0,1,0,0,0,1,0,0,0,1,0,0,0,1,0,0,0,1,0,0,0,1,0,0,0,1,0,0,0,1,0,0,0,1,0,0,0,1,0,0,0,1,0,0,0,1,0,0,0,1,0,0,0,1,0,0,0,1,0,0,0,1,0,0,0,1,0,0,0,1,0,0,0,1,0,0,0,1,0,0,0,1,0,0,0,1,0,0,0,1,0,0,0,1,0,0,0,1,0,0,0,1,0,0,0,1,0,0,0,1,0,0,0,1,0,0,0,1,0,0,0,1,0,0,0,1,0,0,0,1,0,0,0,1,0,0,0,1,0,0,0,1,0,0,0,1,0,0,0,1,0,0,0,1,0,0,0,1,0,0,0,1,0,0,0,1,0,0,0,1,0,0,0,1,0,0,0,1,0,0,0,1,0,0,0,1,0,0,0,1,0,0,0,1,0,0,0,1,0,0,0,1,0,0,0,1,0,0,0,1,0,0,0,1,0,0,0,1,0,0,0,1,0,0,0,1,0,0,0,1,0,0,0,1,0,0,0,1,0,0,0,1,0,0,0,1,0,0,0,1,0,0,0,1,0,0,0,1,0,0,0,1,0,0,0,1,0,0,0,1,0,0,0,1,0,0,0,1,0,0,0,1,0,0,0,1,0,0,0,1,0,0,0,1,0,0,0,1,0,0,0,1,0,0,0,1,0,0,0,1,0,0,0,1,0,0,0,1,0,0,0,1,0,0,0,1,0,0,0,1,0,0,0,1,0,0,0,1,0,0,0,1,0,0,0,1,0,0,0,1,0,0,0,1,0,0,0,1,0,0,0,1,0,0,0,1,0,0,0,1,0,0,0,1,0,0,0,1,0,0,0,1,0,0,0,1,0,0,0,1,0,0,0,1,0,0,0,1,0,0,0,1,0,0,0,1,0,0,0,1,0,0,0,1,0,0,0,1,0,0,0,1,0,0,0,1,0,0,0,1,0,0,0,1,0,0,0,1,0,0,0,1,0,0,0,1,0,0,0,1,0,0,0,1,0,0,0,1,0,0,0,1,0,0,0,1,0,0,0,1,0,0,0,1,0,0,0,1,0,0,0,1,0,0,0,1,0,0,0,1,0,0,0,1,0,0,0,1,0,0,0,1,0,0,0,1,0,0,0,1,0,0,0,1,0,0,0,1,0,0,0,1,0,0,0,1,0,0,0,1,0,0,0,1,0,0,0,1,0,0,0,1,0,0,0,1,0,0,0,1,0,0,0,1,0,0,0,1,0,0,0,1,0,0,0,1,0,0,0,1,0,0,0,1,0,0,0,1,0,0,0,1,0,0,0,1,0,0,0,1,0,0,0,1,0,0,0,1,0,0,0,1,0,0,0,1,0,0,0,1,0,0,0,1,0,0,0,1,0,0,0,1,0,0,0,1,0,0,0,1,0,0,0,1,0,0,0,1,0,0,0,1,0,0,0,1,0,0,0,1,0,0,0,1,0,0,0,1,0,0,0,1,0,0,0,1,0,0,0,1,0,0,0,1,0,0,0,1,0,0,0,1,0,0,0,1,0,0,0,1,0,0,0,1,0,0,0,1,0,0,0,1,0,0,0,1,0,0,0,1,0,0,0,1,0,0,0,1,0,0,0,1,0,0,0,1,0,0,0,1,0,0,0,1,0,0,0,1,0,0,0,1,0,0,0,1,0,0,0,1,0,0,0,1,0,0,0,1,0,0,0,1,0,0,0,1,0,0,0,1,0,0,0,1,0,0,0,1,0,0,0,1,0,0,0,1,0,0,0,1,0,0,0,1,0,0,0,1,0,0,0,1,0,0,0,1,0,0,0,1,0,0,0,1,0,0,0,1,0,0,0,1,0,0,0,1,0,0,0,1,0,0,0,1,0,0,0,1,0,0,0,1,0,0,0,1,0,0,0,1,0,0,0,1,0,0,0,1,0,0,0,1,0,0,0,1,0,0,0,1,0,0,0,1,0,0,0,1,0,0,0,1,0,0,0,1,0,0,0,1,0,0,0,1,0,0,0,1,0,0,0,1,0,0,0,1,0,0,0,1,0,0,0,1,0,0,0,1,0,0,0,1,0,0,0,1,0,0,0,1,0,0,0,1,0,0,0,1,0,0,0,1,0,0,0,1,0,0,0,1,0,0,0,1,0,0,0,1,0,0,0,1,0,0,0,1,0,0,0,1,0,0,0,1,0,0,0,1,0,0,0,1,0,0,0,1,0,0,0,1,0,0,0,1,0,0,0,1,0,0,0,1,0,0,0,1,0,0,0,1,0,0,0,1,0,0,0,1,0,0,0,1,0,0,0,1,0,0,0,1,0,0,0,1,0,0,0,1,0,0,0,1,0,0,0,1,0,0,0,1,0,0,0,1,0,0,0,1,0,0,0,1,0,0,0,1,0,0,0,1,0,0,0,1,0,0,0,1,0,0,0,1,0,0,0,1,0,0,0,1,0,0,0,1,0,0,0,1,0,0,0,1,0,0,0,1,0,0,0,1,0,0,0,1,0,0,0,1,0,0,0,1,0,0,0,1,0,0,0,1,0,0,0,1,0,0,0,1,0,0,0,1,0,0,0,1,0,0,0,1,0,0,0,1,0,0,0,1,0,0,0,1,0,0,0,1,0,0,0,1,0,0,0,1,0,0,0,1,0,0,0,1,0,0,0,1,0,0,0,1,0,0,0,1,0,0,0,1,0,0,0,1,0,0,0,1,0,0,0,1,0,0,0,1,0,0,0,1,0,0,0,1,0,0,0,1,0,0,0,1,0,0,0,1,0,0,0,1,0,0,0,1,0,0,0,1,0,0,0,1,0,0,0,1,0,0,0,1,0,0,0,1,0,0,0,1,0,0,0,1,0,0,0,1,0,0,0,1,0,0,0,1,0,0,0,1,0,0,0,1,0,0,0,1,0,0,0,1,0,0,0,1,0,0,0,1,0,0,0,1,0,0,0,1,0,0,0,1,0,0,0,1,0,0,0,1,0,0,0,1,0,0,0,1,0,0,0,1,0,0,0,1,0,0,0,1,0,0,0,1,0,0,0,1,0,0,0,1,0,0,0,1,0,0,0,1,0,0,0,1,0,0,0,1,0,0,0,1,0,0,0,1,0,0,0,1,0,0,0,1,0,0,0,1,0,0,0,1,0,0,0,1,0,0,0,1,0,0,0,1,0,0,0,1,0,0,0,1,0,0,0,1,0,0,0,1,0,0,0,1,0,0,0,1,0,0,0,1,0,0,0,1,0,0,0,1,0,0,0,1,0,0,0,1,0,0,0,1,0,0,0,1,0,0,0,1,0,0,0,1,0,0,0,1,0,0,0,1,0,0,0,1,0,0,0,1,0,0,0,1,0,0,0,1,0,0,0,1,0,0,0,1,0,0,0,1,0,0,0,1,0,0,0,1,0,0,0,1,0,0,0,1,0,0,0,1,0,0,0,1,0,0,0,1,0,0,0,1,0,0,0,1,0,0,0,1,0,0,0,1,0,0,0,1,0,0,0,1,0,0,0,1,0,0,0,1,0,0,0,1,0,0,0,1,0,0,0,1,0,0,0,1,0,0,0,1,0,0,0,1,0,0,0,1,0,0,0,1,0,0,0,1,0,0,0,1,0,0,0,1,0,0,0,1,0,0,0,1,0,0,0,1,0,0,0,1,0,0,0,1,0,0,0,1,0,0,0,1,0,0,0,1,0,0,0,1,0,0,0,1,0,0,0,1,0,0,0,1,0,0,0,1,0,0,0,1,0,0,0,1,0,0,0,1,0,0,0,1,0,0,0,1,0,0,0,1,0,0,0,1,0,0,0,1,0,0,0,1,0,0,0,1,0,0,0,1,0,0,0,1,0,0,0,1,0,0,0,1,0,0,0,1,0,0,0,1,0,0,0,1,0,0,0,1,0,0,0,1,0,0,0,1,0,0,0,1,0,0,0,1,0,0,0,1,0,0,0,1,0,0,0,1,0,0,0,1,0,0,0,1,0,0,0,1,0,0,0,1,0,0,0,1,0,0,0,1,0,0,0,1,0,0,0,1,0,0,0,1,0,0,0,1,0,0,0,1,0,0,0,1,0,0,0,1,0,0,0,1,0,0,0,1,0,0,0,1,0,0,0,1,0,0,0,1,0,0,0,1,0,0,0,1,0,0,0,1,0,0,0,1,0,0,0,1,0,0,0,1,0,0,0,1,0,0,0,1,0,0,0,1,0,0,0,1,0,0,0,1,0,0,0,1,0,0,0,1,0,0,0,1,0,0,0,1,0,0,0,1,0,0,0,1,0,0,0,1,0,0,0,1,0,0,0,1,0,0,0,1,0,0,0,1,0,0,0,1,0,0,0,1,0,0,0,1,0,0,0,1,0,0,0,1,0,0,0,1,0,0,0,1,0,0,0,1,0,0,0,1,0,0,0,1,0,0,0,1,0,0,0,1,0,0,0,1,0,0,0,1,0,0,0,1,0,0,0,1,0,0,0,1,0,0,0,1,0,0,0,1,0,0,0,1,0,0,0,1,0,0,0,1,0,0,0,1,0,0,0,1,0,0,0,1,0,0,0,1,0,0,0,1,0,0,0,1,0,0,0,1,0,0,0,1,0,0,0,1,0,0,0,1,0,0,0,1,0,0,0,1,0,0,0,1,0,0,0,1,0,0,0,1,0,0,0,1,0,0,0,1,0,0,0,1,0,0,0,1,0,0,0,1,0,0,0,1,0,0,0,1,0,0,0,1,0,0,0,1,0,0,0,1,0,0,0,1,0,0,0,1,0,0,0,1,0,0,0,1,0,0,0,1,0,0,0,1,0,0,0,1,0,0,0,1,0,0,0,1,0,0,0,1,0,0,0,1,0,0,0,1,0,0,0,1,0,0,0,1,0,0,0,1,0,0,0,1,0,0,0,1,0,0,0,1,0,0,0,1,0,0,0,1,0,0,0,1,0,0,0,1,0,0,0,1,0,0,0,1,0,0,0,1,0,0,0,1,0,0,0,1,0,0,0,1,0,0,0,1,0,0,0,1,0,0,0,1,0,0,0,1,0,0,0,1,0,0,0,1,0,0,0,1,0,0,0,1,0,0,0,1,0,0,0,1,0,0,0,1,0,0,0,1,0,0,0,1,0,0,0,1,0,0,0,1,0,0,0,1,0,0,0,1,0,0,0,1,0,0,0,1,0,0,0,1,0,0,0,1,0,0,0,1,0,0,0,1,0,0,0,1,0,0,0,1,0,0,0,1,0,0,0,1,0,0,0,1,0,0,0,1,0,0,0,1,0,0,0,1,0,0,0,1,0,0,0,1,0,0,0,1,0,0,0,1,0,0,0,1,0,0,0,1,0,0,0,1,0,0,0,1,0,0,0,1,0,0,0,1,0,0,0,1,0,0,0,1,0,0,0,1,0,0,0,1,0,0,0,1,0,0,0,1,0,0,0,1,0,0,0,1,0,0,0,1,0,0,0,1,0,0,0,1,0,0,0,1,0,0,0,1,0,0,0,1,0,0,0,1,0,0,0,1,0,0,0,1,0,0,0,1,0,0,0,1,0,0,0,1,0,0,0,1,0,0,0,1,0,0,0,1,0,0,0,1,0,0,0,1,0,0,0,1,0,0,0,1,0,0,0,1,0,0,0,1,0,0,0,1,0,0,0,1,0,0,0,1,0,0,0,1,0,0,0,1,0,0,0,1,0,0,0,1,0,0,0,1,0,0,0,1,0,0,0,1,0,0,0,1,0,0,0,1,0,0,0,1,0,0,0,1,0,0,0,1,0,0,0,1,0,0,0,1,0,0,0,1,0,0,0,1,0,0,0,1,0,0,0,1,0,0,0,1,0,0,0,1,0,0,0,1,0,0,0,1,0,0,0,1,0,0,0,1,0,0,0,1,0,0,0,1,0,0,0,1,0,0,0,1,0,0,0,1,0,0,0,1,0,0,0,1,0,0,0,1,0,0,0,1,0,0,0,1,0,0,0,1,0,0,0,1,0,0,0,1,0,0,0,1,0,0,0,1,0,0,0,1,0,0,0,1,0,0,0,1,0,0,0,1,0,0,0,1,0,0,0,1,0,0,0,1,0,0,0,1,0,0,0,1,0,0,0,1,0,0,0,1,0,0,0,1,0,0,0,1,0,0,0,1,0,0,0,1,0,0,0,1,0,0,0,1,0,0,0,1,0,0,0,1,0,0,0,1,0,0,0,1,0,0,0,1,0,0,0,1,0,0,0,1,0,0,0,1,0,0,0,1,0,0,0,1,0,0,0,1,0,0,0,1,0,0,0,1,0,0,0,1,0,0,0,1,0,0,0,1,0,0,0,1,0,0,0,1,0,0,0,1,0,0,0,1,0,0,0,1,0,0,0,1,0,0,0,1,0,0,0,1,0,0,0,1,0,0,0,1,0,0,0,1,0,0,0,1,0,0,0,1,0,0,0,1,0,0,0,1,0,0,0,1,0,0,0,1,0,0,0,1,0,0,0,1,0,0,0,1,0,0,0,1,0,0,0,1,0,0,0,1,0,0,0,1,0,0,0,1,0,0,0,1,0,0,0,1,0,0,0,1,0,0,0,1,0,0,0,1,0,0,0,1,0,0,0,1,0,0,0,1,0,0,0,1,0,0,0,1,0,0,0,1,0,0,0,1,0,0,0,1,0,0,0,1,0,0,0,1,0,0,0,1,0,0,0,1,0,0,0,1,0,0,0,1,0,0,0,1,0,0,0,1,0,0,0,1,0,0,0,1,0,0,0,1,0,0,0,1,0,0,0,1,0,0,0,1,0,0,0,1,0,0,0,1,0,0,0,1,0,0,0,1,0,0,0,1,0,0,0,1,0,0,0,1,0,0,0,1,0,0,0,1,0,0,0,1,0,0,0,1,0,0,0,1,0,0,0,1,0,0,0,1,0,0,0,1,0,0,0,1,0,0,0,1,0,0,0,1,0,0,0,1,0,0,0,1,0,0,0,1,0,0,0,1,0,0,0,1,0,0,0,1,0,0,0,1,0,0,0,1,0,0,0,1,0,0,0,1,0,0,0,1,0,0,0,1,0,0,0,1,0,0,0,1,0,0,0,1,0,0,0,1,0,0,0,1,0,0,0,1,0,0,0,1,0,0,0,1,0,0,0,1,0,0,0,1,0,0,0,1,0,0,0,1,0,0,0,1,0,0,0,1,0,0,0,1,0,0,0,1,0,0,0,1,0,0,0,1,0,0,0,1,0,0,0,1,0,0,0,1,0,0,0,1,0,0,0,1,0,0,0,1,0,0,0,1,0,0,0,1,0,0,0,1,0,0,0,1,0,0,0,1,0,0,0,1,0,0,0,1,0,0,0,1,0,0,0,1,0,0,0,1,0,0,0,1,0,0,0,1,0,0,0,1,0,0,0,1,0,0,0,1,0,0,0,1,0,0,0,1,0,0,0,1,0,0,0,1,0,0,0,1,0,0,0,1,0,0,0,1,0,0,0,1,0,0,0,1,0,0,0,1,0,0,0,1,0,0,0,1,0,0,0,1,0,0,0,1,0,0,0,1,0,0,0,1,0,0,0,1,0,0,0,1,0,0,0,1,0,0,0,1,0,0,0,1,0,0,0,1,0,0,0,1,0,0,0,1,0,0,0,1,0,0,0,1,0,0,0,1,0,0,0,1,0,0,0,1,0,0,0,1,0,0,0,1,0,0,0,1,0,0,0,1,0,0,0,1,0,0,0,1,0,0,0,1,0,0,0,1,0,0,0,1,0,0,0,1,0,0,0,1,0,0,0,1,0,0,0,1,0,0,0,1,0,0,0,1,0,0,0,1,0,0,0,1,0,0,0,1,0,0,0,1,0,0,0,1,0,0,0,1,0,0,0,1,0,0,0,1,0,0,0,1,0,0,0,1,0,0,0,1,0,0,0,1,0,0,0,1,0,0,0,1,0,0,0,1,0,0,0,1,0,0,0,1,0,0,0,1,0,0,0,1,0,0,0,1,0,0,0,1,0,0,0,1,0,0,0,1,0,0,0,1,0,0,0,1,0,0,0,1,0,0,0,1,0,0,0,1,0,0,0,1,0,0,0,1,0,0,0,1,0,0,0,1,0,0,0,1,0,0,0,1,0,0,0,1,0,0,0,1,0,0,0,1,0,0,0,1,0,0,0,1,0,0,0,1,0,0,0,1,0,0,0,1,0,0,0,1,0,0,0,1,0,0,0,1,0,0,0,1,0,0,0,1,0,0,0,1,0,0,0,1,0,0,0,1,0,0,0,1,0,0,0,1,0,0,0,1,0,0,0,1,0,0,0,1,0,0,0,1,0,0,0,1,0,0,0,1,0,0,0,1,0,0,0,1,0,0,0,1,0,0,0,1,0,0,0,1,0,0,0,1,0,0,0,1,0,0,0,1,0,0,0,1,0,0,0,1,0,0,0,1,0,0,0,1,0,0,0,1,0,0,0,1,0,0,0,1,0,0,0,1,0,0,0,1,0,0,0,1,0,0,0,1,0,0,0,1,0,0,0,1,0,0,0,1,0,0,0,1,0,0,0,1,0,0,0,1,0,0,0,1,0,0,0,1,0,0,0,1,0,0,0,1,0,0,0,1,0,0,0,1,0,0,0,1,0,0,0,1,0,0,0,1,0,0,0,1,0,0,0,1,0,0,0,1,0,0,0,1,0,0,0,1,0,0,0,1,0,0,0,1,0,0,0,1,0,0,0,1,0,0,0,1,0,0,0,1,0,0,0,1,0,0,0,1,0,0,0,1,0,0,0,1,0,0,0,1,0,0,0,1,0,0,0,1,0,0,0,1,0,0,0,1,0,0,0,1,0,0,0,1,0,0,0,1,0,0,0,1,0,0,0,1,0,0,0,1,0,0,0,1,0,0,0,1,0,0,0,1,0,0,0,1,0,0,0,1,0,0,0,1,0,0,0,1,0,0,0,1,0,0,0,1,0,0,0,1,0,0,0,1,0,0,0,1,0,0,0,1,0,0,0,1,0,0,0,1,0,0,0,1,0,0,0,1,0,0,0,1,0,0,0,1,0,0,0,1,0,0,0,1,0,0,0,1,0,0,0,1,0,0,0,1,0,0,0,1,0,0,0,1,0,0,0,1,0,0,0,1,0,0,0,1,0,0,0,1,0,0,0,1,0,0,0,1,0,0,0,1,0,0,0,1,0,0,0,1,0,0,0,1,0,0,0,1,0,0,0,1,0,0,0,1,0,0,0,1,0,0,0,1,0,0,0,1,0,0,0,1,0,0,0,1,0,0,0,1,0,0,0,1,0,0,0,1,0,0,0,1,0,0,0,1,0,0,0,1,0,0,0,1,0,0,0,1,0,0,0,1,0,0,0,1,0,0,0,1,0,0,0,1,0,0,0,1,0,0,0,1,0,0,0,1,0,0,0,1,0,0,0,1,0,0,0,1,0,0,0,1,0,0,0,1,0,0,0,1,0,0,0,1,0,0,0,1,0,0,0,1,0,0,0,1,0,0,0,1,0,0,0,1,0,0,0,1,0,0,0,1,0,0,0,1,0,0,0,1,0,0,0,1,0,0,0,1,0,0,0,1,0,0,0,1,0,0,0,1,0,0,0,1,0,0,0,1,0,0,0,1,0,0,0,1,0,0,0,1,0,0,0,1,0,0,0,1,0,0,0,1,0,0,0,1,0,0,0,1,0,0,0,1,0,0,0,1,0,0,0,1,0,0,0,1,0,0,0,1,0,0,0,1,0,0,0,1,0,0,0,1,0,0,0,1,0,0,0,1,0,0,0,1,0,0,0,1,0,0,0,1,0,0,0,1,0,0,0,1,0,0,0,1,0,0,0,1,0,0,0,1,0,0,0,1,0,0,0,1,0,0,0,1,0,0,0,1,0,0,0,1,0,0,0,1,0,0,0,1,0,0,0,1,0,0,0,1,0,0,0,1,0,0,0,1,0,0,0,1,0,0,0,1,0,0,0,1,0,0,0,1,0,0,0,1,0,0,0,1,0,0,0,1,0,0,0,1,0,0,0,1,0,0,0,1,0,0,0,1,0,0,0,1,0,0,0,1,0,0,0,1,0,0,0,1,0,0,0,1,0,0,0,1,0,0,0,1,0,0,0,1,0,0,0,1,0,0,0,1,0,0,0,1,0,0,0,1,0,0,0,1,0,0,0,1,0,0,0,1,0,0,0,1,0,0,0,1,0,0,0,1,0,0,0,1,0,0,0,1,0,0,0,1,0,0,0,1,0,0,0,1,0,0,0,1,0,0,0,1,0,0,0,1,0,0,0,1,0,0,0,1,0,0,0,1,0,0,0,1,0,0,0,1,0,0,0,1,0,0,0,1,0,0,0,1,0,0,0,1,0,0,0,1,0,0,0,1,0,0,0,1,0,0,0,1,0,0,0,1,0,0,0,1,0,0,0,1,0,0,0,1,0,0,0,1,0,0,0,1,0,0,0,1,0,0,0,1,0,0,0,1,0,0,0,1,0,0,0,1,0,0,0,1,0,0,0,1,0,0,0,1,0,0,0,1,0,0,0,1,0,0,0,1,0,0,0,1,0,0,0,1,0,0,0,1,0,0,0,1,0,0,0,1,0,0,0,1,0,0,0,1,0,0,0,1,0,0,0,1,0,0,0,1,0,0,0,1,0,0,0,1,0,0,0,1,0,0,0,1,0,0,0,1,0,0,0,1,0,0,0,1,0,0,0,1,0,0,0,1,0,0,0,1,0,0,0,1,0,0,0,1,0,0,0,1,0,0,0,1,0,0,0,1,0,0,0,1,0,0,0,1,0,0,0,1,0,0,0,1,0,0,0,1,0,0,0,1,0,0,0,1,0,0,0,1,0,0,0,1,0,0,0,1,0,0,0,1,0,0,0,1,0,0,0,1,0,0,0,1,0,0,0,1,0,0,0,1,0,0,0,1,0,0,0,1,0,0,0,1,0,0,0,1,0,0,0,1,0,0,0,1,0,0,0,1,0,0,0,1,0,0,0,1,0,0,0,1,0,0,0,1,0,0,0,1,0,0,0,1,0,0,0,1,0,0,0,1,0,0,0,1,0,0,0,1,0,0,0,1,0,0,0,1,0,0,0,1,0,0,0,1,0,0,0,1,0,0,0,1,0,0,0,1,0,0,0,1,0,0,0,1,0,0,0,1,0,0,0,1,0,0,0,1,0,0,0,1,0,0,0,1,0,0,0,1,0,0,0,1,0,0,0,1,0,0,0,1,0,0,0,1,0,0,0,1,0,0,0,1,0,0,0,1,0,0,0,1,0,0,0,1,0,0,0,1,0,0,0,1,0,0,0,1,0,0,0,1,0,0,0,1,0,0,0,1,0,0,0,1,0,0,0,1,0,0,0,1,0,0,0,1,0,0,0,1,0,0,0,1,0,0,0,1,0,0,0,1,0,0,0,1,0,0,0,1,0,0,0,1,0,0,0,1,0,0,0,1,0,0,0,1,0,0,0,1,0,0,0,1,0,0,0,1,0,0,0,1,0,0,0,1,0,0,0,1,0,0,0,1,0,0,0,1,0,0,0,1,0,0,0,1,0,0,0,1,0,0,0,1,0,0,0,1,0,0,0,1,0,0,0,1,0,0,0,1,0,0,0,1,0,0,0,1,0,0,0,1,0,0,0,1,0,0,0,1,0,0,0,1,0,0,0,1,0,0,0,1,0,0,0,1,0,0,0,1,0,0,0,1,0,0,0,1,0,0,0,1,0,0,0,1,0,0,0,1,0,0,0,1,0,0,0,1,0,0,0,1,0,0,0,1,0,0,0,1,0,0,0,1,0,0,0,1,0,0,0,1,0,0,0,1,0,0,0,1,0,0,0,1,0,0,0,1,0,0,0,1,0,0,0,1,0,0,0,1,0,0,0,1,0,0,0,1,0,0,0,1,0,0,0,1,0,0,0,1,0,0,0,1,0,0,0,1,0,0,0,1,0,0,0,1,0,0,0,1,0,0,0,1,0,0,0,1,0,0,0,1,0,0,0,1,0,0,0,1,0,0,0,1,0,0,0,1,0,0,0,1,0,0,0,1,0,0,0,1,0,0,0,1,0,0,0,1,0,0,0,1,0,0,0,1,0,0,0,1,0,0,0,1,0,0,0,1,0,0,0,1,0,0,0,1,0,0,0,1,0,0,0,1,0,0,0,1,0,0,0,1,0,0,0,1,0,0,0,1,0,0,0,1,0,0,0,1,0,0,0,1,0,0,0,1,0,0,0,1,0,0,0,1,0,0,0,1,0,0,0,1,0,0,0,1,0,0,0,1,0,0,0,1,0,0,0,1,0,0,0,1,0,0,0,1,0,0,0,1,0,0,0,1,0,0,0,1,0,0,0,1,0,0,0,1,0,0,0,1,0,0,0,1,0,0,0,1,0,0,0,1,0,0,0,1,0,0,0,1,0,0,0,1,0,0,0,1,0,0,0,1,0,0,0,1,0,0,0,1,0,0,0,1,0,0,0,1,0,0,0,1,0,0,0,1,0,0,0,1,0,0,0,1,0,0,0,1,0,0,0,1,0,0,0,1,0,0,0,1,0,0,0,1,0,0,0,1,0,0,0,1,0,0,0,1,0,0,0,1,0,0,0,1,0,0,0,1,0,0,0,1,0,0,0,1,0,0,0,1,0,0,0,1,0,0,0,1,0,0,0,1,0,0,0,1,0,0,0,1,0,0,0,1,0,0,0,1,0,0,0,1,0,0,0,1,0,0,0,1,0,0,0,1,0,0,0,1,0,0,0,1,0,0,0,1,0,0,0,1,0,0,0,1,0,0,0,1,0,0,0,1,0,0,0,1,0,0,0,1,0,0,0,1,0,0,0,1,0,0,0,1,0,0,0,1,0,0,0,1,0,0,0,1,0,0,0,1,0,0,0,1,0,0,0,1,0,0,0,1,0,0,0,1,0,0,0,1,0,0,0,1,0,0,0,1,0,0,0,1,0,0,0,1,0,0,0,1,0,0,0,1,0,0,0,1,0,0,0,1,0,0,0,1,0,0,0,1,0,0,0,1,0,0,0,1,0,0,0,1,0,0,0,1,0,0,0,1,0,0,0,1,0,0,0,1,0,0,0,1,0,0,0,1,0,0,0,1,0,0,0,1,0,0,0,1,0,0,0,1,0,0,0,1,0,0,0,1,0,0,0,1,0,0,0,1,0,0,0,1,0,0,0,1,0,0,0,1,0,0,0,1,0,0,0,1,0,0,0,1,0,0,0,1,0,0,0,1,0,0,0,1,0,0,0,1,0,0,0,1,0,0,0,1,0,0,0,1,0,0,0,1,0,0,0,1,0,0,0,1,0,0,0,1,0,0,0,1,0,0,0,1,0,0,0,1,0,0,0,1,0,0,0,1,0,0,0,1,0,0,0,1,0,0,0,1,0,0,0,1,0,0,0,1,0,0,0,1,0,0,0,1,0,0,0,1,0,0,0,1,0,0,0,1,0,0,0,1,0,0,0,1,0,0,0,1,0,0,0,1,0,0,0,1,0,0,0,1,0,0,0,1,0,0,0,1,0,0,0,1,0,0,0,1,0,0,0,1,0,0,0,1,0,0,0,1,0,0,0,1,0,0,0,1,0,0,0,1,0,0,0,1,0,0,0,1,0,0,0,1,0,0,0,1,0,0,0,1,0,0,0,1,0,0,0,1,0,0,0,1,0,0,0,1,0,0,0,1,0,0,0,1,0,0,0,1,0,0,0,1,0,0,0,1,0,0,0,1,0,0,0,1,0,0,0,1,0,0,0,1,0,0,0,1,0,0,0,1,0,0,0,1,0,0,0,1,0,0,0,1,0,0,0,1,0,0,0,1,0,0,0,1,0,0,0,1,0,0,0,1,0,0,0,1,0,0,0,1,0,0,0,1,0,0,0,1,0,0,0,1,0,0,0,1,0,0,0,1,0,0,0,1,0,0,0,1,0,0,0,1,0,0,0,1,0,0,0,1,0,0,0,1,0,0,0,1,0,0,0,1,0,0,0,1,0,0,0,1,0,0,0,1,0,0,0,1,0,0,0,1,0,0,0,1,0,0,0,1,0,0,0,1,0,0,0,1,0,0,0,1,0,0,0,1,0,0,0,1,0,0,0,1,0,0,0,1,0,0,0,1,0,0,0,1,0,0,0,1,0,0,0,1,0,0,0,1,0,0,0,1,0,0,0,1,0,0,0,1,0,0,0,1,0,0,0,1,0,0,0,1,0,0,0,1,0,0,0,1,0,0,0,1,0,0,0,1,0,0,0,1,0,0,0,1,0,0,0,1,0,0,0,1,0,0,0,1,0,0,0,1,0,0,0,1,0,0,0,1,0,0,0,1,0,0,0,1,0,0,0,1,0,0,0,1,0,0,0,1,0,0,0,1,0,0,0,1,0,0,0,1,0,0,0,1,0,0,0,1,0,0,0,1,0,0,0,1,0,0,0,1,0,0,0,1,0,0,0,1,0,0,0,1,0,0,0,1,0,0,0,1,0,0,0,1,0,0,0,1,0,0,0,1,0,0,0,1,0,0,0,1,0,0,0,1,0,0,0,1,0,0,0,1,0,0,0,1,0,0,0,1,0,0,0,1,0,0,0,1,0,0,0,1,0,0,0,1,0,0,0,1,0,0,0,1,0,0,0,1,0,0,0,1,0,0,0,1,0,0,0,1,0,0,0,1,0,0,0,1,0,0,0,1,0,0,0,1,0,0,0,1,0,0,0,1,0,0,0,1,0,0,0,1,0,0,0,1,0,0,0,1,0,0,0,1,0,0,0,1,0,0,0,1,0,0,0,1,0,0,0,1,0,0,0,1,0,0,0,1,0,0,0,1,0,0,0,1,0,0,0,1,0,0,0,1,0,0,0,1,0,0,0,1,0,0,0,1,0,0,0,1,0,0,0,1,0,0,0,1,0,0,0,1,0,0,0,1,0,0,0,1,0,0,0,1,0,0,0,1,0,0,0,1,0,0,0,1,0,0,0,1,0,0,0,1,0,0,0,1,0,0,0,1,0,0,0,1,0,0,0,1,0,0,0,1,0,0,0,1,0,0,0,1,0,0,0,1,0,0,0,1,0,0,0,1,0,0,0,1,0,0,0,1,0,0,0,1,0,0,0,1,0,0,0,1,0,0,0,1,0,0,0,1,0,0,0,1,0,0,0,1,0,0,0,1,0,0,0,1,0,0,0,1,0,0,0,1,0,0,0,1,0,0,0,1,0,0,0,1,0,0,0,1,0,0,0,1,0,0,0,1,0,0,0,1,0,0,0,1,0,0,0,1,0,0,0,1,0,0,0,1,0,0,0,1,0,0,0,1,0,0,0,1,0,0,0,1,0,0,0,1,0,0,0,1,0,0,0,1,0,0,0,1,0,0,0,1,0,0,0,1,0,0,0,1,0,0,0,1,0,0,0,1,0,0,0,1,0,0,0,1,0,0,0,1,0,0,0,1,0,0,0,1,0,0,0,1,0,0,0,1,0,0,0,1,0,0,0,1,0,0,0,1,0,0,0,1,0,0,0,1,0,0,0,1,0,0,0,1,0,0,0,1,0,0,0,1,0,0,0,1,0,0,0,1,0,0,0,1,0,0,0,1,0,0,0,1,0,0,0,1,0,0,0,1,0,0,0,1,0,0,0,1,0,0,0,1,0,0,0,1,0,0,0,1,0,0,0,1,0,0,0,1,0,0,0,1,0,0,0,1,0,0,0,1,0,0,0,1,0,0,0,1,0,0,0,1,0,0,0,1,0,0,0,1,0,0,0,1,0,0,0,1,0,0,0,1,0,0,0,1,0,0,0,1,0,0,0,1,0,0,0,1,0,0,0,1,0,0,0,1,0,0,0,1,0,0,0,1,0,0,0,1,0,0,0,1,0,0,0,1,0,0,0,1,0,0,0,1,0,0,0,1,0,0,0,1,0,0,0,1,0,0,0,1,0,0,0,1,0,0,0,1,0,0,0,1,0,0,0,1,0,0,0,1,0,0,0,1,0,0,0,1,0,0,0,1,0,0,0,1,0,0,0,1,0,0,0,1,0,0,0,1,0,0,0,1,0,0,0,1,0,0,0,1,0,0,0,1,0,0,0,1,0,0,0,1,0,0,0,1,0,0,0,1,0,0,0,1,0,0,0,1,0,0,0,1,0,0,0,1,0,0,0,1,0,0,0,1,0,0,0,1,0,0,0,1,0,0,0,1,0,0,0,1,0,0,0,1,0,0,0,1,0,0,0,1,0,0,0,1,0,0,0,1,0,0,0,1,0,0,0,1,0,0,0,1,0,0,0,1,0,0,0,1,0,0,0,1,0,0,0,1,0,0,0,1,0,0,0,1,0,0,0,1,0,0,0,1,0,0,0,1,0,0,0,1,0,0,0,1,0,0,0,1,0,0,0,1,0,0,0,1,0,0,0,1,0,0,0,1,0,0,0,1,0,0,0,1,0,0,0,1,0,0,0,1,0,0,0,1,0,0,0,1,0,0,0,1,0,0,0,1,0,0,0,1,0,0,0,1,0,0,0,1,0,0,0,1,0,0,0,1,0,0,0,1,0,0,0,1,0,0,0,1,0,0,0,1,0,0,0,1,0,0,0,1,0,0,0,1,0,0,0,1,0,0,0,1,0,0,0,1,0,0,0,1,0,0,0,1,0,0,0,1,0,0,0,1,0,0,0,1,0,0,0,1,0,0,0,1,0,0,0,1,0,0,0,1,0,0,0,1,0,0,0,1,0,0,0,1,0,0,0,1,0,0,0,1,0,0,0,1,0,0,0,1,0,0,0,1,0,0,0,1,0,0,0,1,0,0,0,1,0,0,0,1,0,0,0,1,0,0,0,1,0,0,0,1,0,0,0,1,0,0,0,1,0,0,0,1,0,0,0,1,0,0,0,1,0,0,0,1,0,0,0,1,0,0,0,1,0,0,0,1,0,0,0,1,0,0,0,1,0,0,0,1,0,0,0,1,0,0,0,1,0,0,0,1,0,0,0,1,0,0,0,1,0,0,0,1,0,0,0,1,0,0,0,1,0,0,0,1,0,0,0,1,0,0,0,1,0,0,0,1,0,0,0,1,0,0,0,1,0,0,0,1,0,0,0,1,0,0,0,1,0,0,0,1,0,0,0,1,0,0,0,1,0,0,0,1,0,0,0,1,0,0,0,1,0,0,0,1,0,0,0,1,0,0,0,1,0,0,0,1,0,0,0,1,0,0,0,1,0,0,0,1,0,0,0,1,0,0,0,1,0,0,0,1,0,0,0,1,0,0,0,1,0,0,0,1,0,0,0,1,0,0,0,1,0,0,0,1,0,0,0,1,0,0,0,1,0,0,0,1,0,0,0,1,0,0,0,1,0,0,0,1,0,0,0,1,0,0,0,1,0,0,0,1,0,0,0,1,0,0,0,1,0,0,0,1,0,0,0,1,0,0,0,1,0,0,0,1,0,0,0,1,0,0,0,1,0,0,0,1,0,0,0,1,0,0,0,1,0,0,0,1,0,0,0,1,0,0,0,1,0,0,0,1,0,0,0,1,0,0,0,1,0,0,0,1,0,0,0,1,0,0,0,1,0,0,0,1,0,0,0,1,0,0,0,1,0,0,0,1,0,0,0,1,0,0,0,1,0,0,0,1,0,0,0,1,0,0,0,1,0,0,0,1,0,0,0,1,0,0,0,1,0,0,0,1,0,0,0,1,0,0,0,1,0,0,0,1,0,0,0,1,0,0,0,1,0,0,0,1,0,0,0,1,0,0,0,1,0,0,0,1,0,0,0,1,0,0,0,1,0,0,0,1,0,0,0,1,0,0,0,1,0,0,0,1,0,0,0,1,0,0,0,1,0,0,0,1,0,0,0,1,0,0,0,1,0,0,0,1,0,0,0,1,0,0,0,1,0,0,0,1,0,0,0,1,0,0,0,1,0,0,0,1,0,0,0,1,0,0,0,1,0,0,0,1,0,0,0,1,0,0,0,1,0,0,0,1,0,0,0,1,0,0,0,1,0,0,0,1,0,0,0,1,0,0,0,1,0,0,0,1,0,0,0,1,0,0,0,1,0,0,0,1,0,0,0,1,0,0,0,1,0,0,0,1,0,0,0,1,0,0,0,1,0,0,0,1,0,0,0,1,0,0,0,1,0,0,0,1,0,0,0,1,0,0,0,1,0,0,0,1,0,0,0,1,0,0,0,1,0,0,0,1,0,0,0,1,0,0,0,1,0,0,0,1,0,0,0,1,0,0,0,1,0,0,0,1,0,0,0,1,0,0,0,1,0,0,0,1,0,0,0,1,0,0,0,1,0,0,0,1,0,0,0,1,0,0,0,1,0,0,0,1,0,0,0,1,0,0,0,1,0,0,0,1,0,0,0,1,0,0,0,1,0,0,0,1,0,0,0,1,0,0,0,1,0,0,0,1,0,0,0,1,0,0,0,1,0,0,0,1,0,0,0,1,0,0,0,1,0,0,0,1,0,0,0,1,0,0,0,1,0,0,0,1,0,0,0,1,0,0,0,1,0,0,0,1,0,0,0,1,0,0,0,1,0,0,0,1,0,0,0,1,0,0,0,1,0,0,0,1,0,0,0,1,0,0,0,1,0,0,0,1,0,0,0,1,0,0,0,1,0,0,0,1,0,0,0,1,0,0,0,1,0,0,0,1,0,0,0,1,0,0,0,1,0,0,0,1,0,0,0,1,0,0,0,1,0,0,0,1,0,0,0,1,0,0,0,1,0,0,0,1,0,0,0,1,0,0,0,1,0,0,0,1,0,0,0,1,0,0,0,1,0,0,0,1,0,0,0,1,0,0,0,1,0,0,0,1,0,0,0,1,0,0,0,1,0,0,0,1,0,0,0,1,0,0,0,1,0,0,0,1,0,0,0,1,0,0,0,1,0,0,0,1,0,0,0,1,0,0,0,1,0,0,0,1,0,0,0,1,0,0,0,1,0,0,0,1,0,0,0,1,0,0,0,1,0,0,0,1,0,0,0,1,0,0,0,1,0,0,0,1,0,0,0,1,0,0,0,1,0,0,0,1,0,0,0,1,0,0,0,1,0,0,0,1,0,0,0,1,0,0,0,1,0,0,0,1,0,0,0,1,0,0,0,1,0,0,0,1,0,0,0,1,0,0,0,1,0,0,0,1,0,0,0,1,0,0,0,1,0,0,0,1,0,0,0,1,0,0,0,1,0,0,0,1,0,0,0,1,0,0,0,1,0,0,0,1,0,0,0,1,0,0,0,1,0,0,0,1,0,0,0,1,0,0,0,1,0,0,0,1,0,0,0,1,0,0,0,1,0,0,0,1,0,0,0,1,0,0,0,1,0,0,0,1,0,0,0,1,0,0,0,1,0,0,0,1,0,0,0,1,0,0,0,1,0,0,0,1,0,0,0,1,0,0,0,1,0,0,0,1,0,0,0,1,0,0,0,1,0,0,0,1,0,0,0,1,0,0,0,1,0,0,0,1,0,0,0,1,0,0,0,1,0,0,0,1,0,0,0,1,0,0,0,1,0,0,0,1,0,0,0,1,0,0,0,1,0,0,0,1,0,0,0,1,0,0,0,1,0,0,0,1,0,0,0,1,0,0,0,1,0,0,0,1,0,0,0,1,0,0,0,1,0,0,0,1,0,0,0,1,0,0,0,1,0,0,0,1,0,0,0,1,0,0,0,1,0,0,0,1,0,0,0,1,0,0,0,1,0,0,0,1,0,0,0,1,0,0,0,1,0,0,0,1,0,0,0,1,0,0,0,1,0,0,0,1,0,0,0,1,0,0,0,1,0,0,0,1,0,0,0,1,0,0,0,1,0,0,0,1,0,0,0,1,0,0,0,1,0,0,0,1,0,0,0,1,0,0,0,1,0,0,0,1,0,0,0,1,0,0,0,1,0,0,0,1,0,0,0,1,0,0,0,1,0,0,0,1,0,0,0,1,0,0,0,1,0,0,0,1,0,0,0,1,0,0,0,1,0,0,0,1,0,0,0,1,0,0,0,1,0,0,0,1,0,0,0,1,0,0,0,1,0,0,0,1,0,0,0,1,0,0,0,1,0,0,0,1,0,0,0,1,0,0,0,1,0,0,0,1,0,0,0,1,0,0,0,1,0,0,0,1,0,0,0,1,0,0,0,1,0,0,0,1,0,0,0,1,0,0,0,1,0,0,0,1,0,0,0,1,0,0,0,1,0,0,0,1,0,0,0,1,0,0,0,1,0,0,0,1,0,0,0,1,0,0,0,1,0,0,0,1,0,0,0,1,0,0,0,1,0,0,0,1,0,0,0,1,0,0,0,1,0,0,0,1,0,0,0,1,0,0,0,1,0,0,0,1,0,0,0,1,0,0,0,1,0,0,0,1,0,0,0,1,0,0,0,1,0,0,0,1,0,0,0,1,0,0,0,1,0,0,0,1,0,0,0,1,0,0,0,1,0,0,0,1,0,0,0,1,0,0,0,1,0,0,0,1,0,0,0,1,0,0,0,1,0,0,0,1,0,0,0,1,0,0,0,1,0,0,0,1,0,0,0,1,0,0,0,1,0,0,0,1,0,0,0,1,0,0,0,1,0,0,0,1,0,0,0,1,0,0,0,1,0,0,0,1,0,0,0,1,0,0,0,1,0,0,0,1,0,0,0,1,0,0,0,1,0,0,0,1,0,0,0,1,0,0,0,1,0,0,0,1,0,0,0,1,0,0,0,1,0,0,0,1,0,0,0,1,0,0,0,1,0,0,0,1,0,0,0,1,0,0,0,1,0,0,0,1,0,0,0,1,0,0,0,1,0,0,0,1,0,0,0,1,0,0,0,1,0,0,0,1,0,0,0,1,0,0,0,1,0,0,0,1,0,0,0,1,0,0,0,1,0,0,0,1,0,0,0,1,0,0,0,1,0,0,0,1,0,0,0,1,0,0,0,1,0,0,0,1,0,0,0,1,0,0,0,1,0,0,0,1,0,0,0,1,0,0,0,1,0,0,0,1,0,0,0,1,0,0,0,1,0,0,0,1,0,0,0,1,0,0,0,1,0,0,0,1,0,0,0,1,0,0,0,1,0,0,0,1,0,0,0,1,0,0,0,1,0,0,0,1,0,0,0,1,0,0,0,1,0,0,0,1,0,0,0,1,0,0,0,1,0,0,0,1,0,0,0,1,0,0,0,1,0,0,0,1,0,0,0,1,0,0,0,1,0,0,0,1,0,0,0,1,0,0,0,1,0,0,0,1,0,0,0,1,0,0,0,1,0,0,0,1,0,0,0,1,0,0,0,1,0,0,0,1,0,0,0,1,0,0,0,1,0,0,0,1,0,0,0,1,0,0,0,1,0,0,0,1,0,0,0,1,0,0,0,1,0,0,0,1,0,0,0,1,0,0,0,1,0,0,0,1,0,0,0,1,0,0,0,1,0,0,0,1,0,0,0,1,0,0,0,1,0,0,0,1,0,0,0,1,0,0,0,1,0,0,0,1,0,0,0,1,0,0,0,1,0,0,0,1,0,0,0,1,0,0,0,1,0,0,0,1,0,0,0,1,0,0,0,1,0,0,0,1,0,0,0,1,0,0,0,1,0,0,0,1,0,0,0,1,0,0,0,1,0,0,0,1,0,0,0,1,0,0,0,1,0,0,0,1,0,0,0,1,0,0,0,1,0,0,0,1,0,0,0,1,0,0,0,1,0,0,0,1,0,0,0,1,0,0,0,1,0,0,0,1,0,0,0,1,0,0,0,1,0,0,0,1,0,0,0,1,0,0,0,1,0,0,0,1,0,0,0,1,0,0,0,1,0,0,0,1,0,0,0,1,0,0,0,1,0,0,0,1,0,0,0,1,0,0,0,1,0,0,0,1,0,0,0,1,0,0,0,1,0,0,0,1,0,0,0,1,0,0,0,1,0,0,0,1,0,0,0,1,0,0,0,1,0,0,0,1,0,0,0,1,0,0,0,1,0,0,0,1,0,0,0,1,0,0,0,1,0,0,0,1,0,0,0,1,0,0,0,1,0,0,0,1,0,0,0,1,0,0,0,1,0,0,0,1,0,0,0,1,0,0,0,1,0,0,0,1,0,0,0,1,0,0,0,1,0,0,0,1,0,0,0,1,0,0,0,1,0,0,0,1,0,0,0,1,0,0,0,1,0,0,0,1,0,0,0,1,0,0,0,1,0,0,0,1,0,0,0,1,0,0,0,1,0,0,0,1,0,0,0,1,0,0,0,1,0,0,0,1,0,0,0,1,0,0,0,1,0,0,0,1,0,0,0,1,0,0,0,1,0,0,0,1,0,0,0,1,0,0,0,1,0,0,0,1,0,0,0,1,0,0,0,1,0,0,0,1,0,0,0,1,0,0,0,1,0,0,0,1,0,0,0,1,0,0,0,1,0,0,0,1,0,0,0,1,0,0,0,1,0,0,0,1,0,0,0,1,0,0,0,1,0,0,0,1,0,0,0,1,0,0,0,1,0,0,0,1,0,0,0,1,0,0,0,1,0,0,0,1,0,0,0,1,0,0,0,1,0,0,0,1,0,0,0,1,0,0,0,1,0,0,0,1,0,0,0,1,0,0,0,1,0,0,0,1,0,0,0,1,0,0,0,1,0,0,0,1,0,0,0,1,0,0,0,1,0,0,0,1,0,0,0,1,0,0,0,1,0,0,0,1,0,0,0,1,0,0,0,1,0,0,0,1,0,0,0,1,0,0,0,1,0,0,0,1,0,0,0,1,0,0,0,1,0,0,0,1,0,0,0,1,0,0,0,1,0,0,0,1,0,0,0,1,0,0,0,1,0,0,0,1,0,0,0,1,0,0,0,1,0,0,0,1,0,0,0,1,0,0,0,1,0,0,0,1,0,0,0,1,0,0,0,1,0,0,0,1,0,0,0,1,0,0,0,1,0,0,0,1,0,0,0,1,0,0,0,1,0,0,0,1,0,0,0,1,0,0,0,1,0,0,0,1,0,0,0,1,0,0,0,1,0,0,0,1,0,0,0,1,0,0,0,1,0,0,0,1,0,0,0,1,0,0,0,1,0,0,0,1,0,0,0,1,0,0,0,1,0,0,0,1,0,0,0,1,0,0,0,1,0,0,0,1,0,0,0,1,0,0,0,1,0,0,0,1,0,0,0,1,0,0,0,1,0,0,0,1,0,0,0,1,0,0,0,1,0,0,0,1,0,0,0,1,0,0,0,1,0,0,0,1,0,0,0,1,0,0,0,1,0,0,0,1,0,0,0,1,0,0,0,1,0,0,0,1,0,0,0,1,0,0,0,1,0,0,0,1,0,0,0,1,0,0,0,1,0,0,0,1,0,0,0,1,0,0,0,1,0,0,0,1,0,0,0,1,0,0,0,1,0,0,0,1,0,0,0,1,0,0,0,1,0,0,0,1,0,0,0,1,0,0,0,1,0,0,0,1,0,0,0,1,0,0,0,1,0,0,0,1,0,0,0,1,0,0,0,1,0,0,0,1,0,0,0,1,0,0,0,1,0,0,0,1,0,0,0,1,0,0,0,1,0,0,0,1,0,0,0,1,0,0,0,1,0,0,0,1,0,0,0,1,0,0,0,1,0,0,0,1,0,0,0,1,0,0,0,1,0,0,0,1,0,0,0,1,0,0,0,1,0,0,0,1,0,0,0,1,0,0,0,1,0,0,0,1,0,0,0,1,0,0,0,1,0,0,0,1,0,0,0,1,0,0,0,1,0,0,0,1,0,0,0,1,0,0,0,1,0,0,0,1,0,0,0,1,0,0,0,1,0,0,0,1,0,0,0,1,0,0,0,1,0,0,0,1,0,0,0,1,0,0,0,1,0,0,0,1,0,0,0,1,0,0,0,1,0,0,0,1,0,0,0,1,0,0,0,1,0,0,0,1,0,0,0,1,0,0,0,1,0,0,0,1,0,0,0,1,0,0,0,1,0,0,0,1,0,0,0,1,0,0,0,1,0,0,0,1,0,0,0,1,0,0,0,1,0,0,0,1,0,0,0,1,0,0,0,1,0,0,0,1,0,0,0,1,0,0,0,1,0,0,0,1,0,0,0,1,0,0,0,1,0,0,0,1,0,0,0,1,0,0,0,1,0,0,0,1,0,0,0,1,0,0,0,1,0,0,0,1,0,0,0,1,0,0,0,1,0,0,0,1,0,0,0,1,0,0,0,1,0,0,0,1,0,0,0,1,0,0,0,1,0,0,0,1,0,0,0,1,0,0,0,1,0,0,0,1,0,0,0,1,0,0,0,1,0,0,0,1,0,0,0,1,0,0,0,1,0,0,0,1,0,0,0,1,0,0,0,1,0,0,0,1,0,0,0,1,0,0,0,1,0,0,0,1,0,0,0,1,0,0,0,1,0,0,0,1,0,0,0,1,0,0,0,1,0,0,0,1,0,0,0,1,0,0,0,1,0,0,0,1,0,0,0,1,0,0,0,1,0,0,0,1,0,0,0,1,0,0,0,1,0,0,0,1,0,0,0,1,0,0,0,1,0,0,0,1,0,0,0,1,0,0,0,1,0,0,0,1,0,0,0,1,0,0,0,1,0,0,0,1,0,0,0,1,0,0,0,1,0,0,0,1,0,0,0,1,0,0,0,1,0,0,0,1,0,0,0,1,0,0,0,1,0,0,0,1,0,0,0,1,0,0,0,1,0,0,0,1,0,0,0,1,0,0,0,1,0,0,0,1,0,0,0,1,0,0,0,1,0,0,0,1,0,0,0,1,0,0,0,1,0,0,0,1,0,0,0,1,0,0,0,1,0,0,0,1,0,0,0,1,0,0,0,1,0,0,0,1,0,0,0,1,0,0,0,1,0,0,0,1,0,0,0,1,0,0,0,1,0,0,0,1,0,0,0,1,0,0,0,1,0,0,0,1,0,0,0,1,0,0,0,1,0,0,0,1,0,0,0,1,0,0,0,1,0,0,0,1,0,0,0,1,0,0,0,1,0,0,0,1,0,0,0,1,0,0,0,1,0,0,0,1,0,0,0,1,0,0,0,1,0,0,0,1,0,0,0,1,0,0,0,1,0,0,0,1,0,0,0,1,0,0,0,1,0,0,0,1,0,0,0,1,0,0,0,1,0,0,0,1,0,0,0,1,0,0,0,1,0,0,0,1,0,0,0,1,0,0,0,1,0,0,0,1,0,0,0,1,0,0,0,1,0,0,0,1,0,0,0,1,0,0,0,1,0,0,0,1,0,0,0,1,0,0,0,1,0,0,0,1,0,0,0,1,0,0,0,1,0,0,0,1,0,0,0,1,0,0,0,1,0,0,0,1,0,0,0,1,0,0,0,1,0,0,0,1,0,0,0,1,0,0,0,1,0,0,0,1,0,0,0,1,0,0,0,1,0,0,0,1,0,0,0,1,0,0,0,1,0,0,0,1,0,0,0,1,0,0,0,1,0,0,0,1,0,0,0,1,0,0,0,1,0,0,0,1,0,0,0,1,0,0,0,1,0,0,0,1,0,0,0,1,0,0,0,1,0,0,0,1,0,0,0,1,0,0,0,1,0,0,0,1,0,0,0,1,0,0,0,1,0,0,0,1,0,0,0,1,0,0,0,1,0,0,0,1,0,0,0,1,0,0,0,1,0,0,0,1,0,0,0,1,0,0,0,1,0,0,0,1,0,0,0,1,0,0,0,1,0,0,0,1,0,0,0,1,0,0,0,1,0,0,0,1,0,0,0,1,0,0,0,1,0,0,0,1,0,0,0,1,0,0,0,1,0,0,0,1,0,0,0,1,0,0,0,1,0,0,0,1,0,0,0,1,0,0,0,1,0,0,0,1,0,0,0]}}