tauKrylov2Tex [64 x 54] 15
    0.1016    -7.5152     2.6423     1.0000    -0.1165    -7.5515     3.4731     1.0000     0.0585    -7.0178     2.8567     1.0000    -0.1166    -6.5507     2.2937     1.0000     0.0579    -6.2142     1.7669     1.0000     0.0000    -5.8773     1.2808     1.0000     0.0000    -5.6266     0.8078     1.0000     0.0000    -5.3891     0.3738     1.0000     0.0000    -5.1939    -0.0499     1.0000     0.0000    -4.9915    -0.4616     1.0000     0.0000    -4.8215    -0.8281     1.0000     0.0000    -4.6233    -1.2028     1.0000     0.0000    -4.4413    -1.5221     1.0000     0.0590    -4.2296    -1.8568     1.0000    -0.1166    -4.0759    -2.1184     1.0000     0.0576    -3.7444    -2.3625     1.0000     0.0000    -3.5703    -2.5732     1.0000     0.0000    -3.3698    -2.7835     1.0000     0.0000    -2.9077    -2.8294     1.0000     0.0000    -2.7820    -3.0238     1.0000     0.0588    -2.2667    -2.9241     1.0000    -0.1166    -2.1897    -3.0655     1.0000     0.0580    -1.5933    -2.8665     1.0000     0.0000    -1.3302    -2.7938     1.0000     0.0000    -1.0364    -2.7038     1.0000     0.0000    -0.4490    -2.3223     1.0000     0.0000    -0.2941    -2.2583     1.0000     0.0000     0.3393    -1.7694     1.0000     0.0582     0.4797    -1.5383     1.0000    -0.1166     1.0742    -1.0501     1.0000     0.0586     1.2485    -0.7006     1.0000     0.0000     1.8377    -0.0893     1.0000     0.0579     2.0077     0.2415     1.0000    -0.1166     2.3609     0.8471     1.0000     0.0588     2.8041     1.4738     1.0000     0.0000     2.9910     1.9761     1.0000     0.0000     3.4135     2.5462     1.0000     0.0000     3.3860     2.9992     1.0000     0.0000     3.9660     3.9690     1.0000     0.0000     4.0182     4.3198     1.0000     0.0000     4.2436     5.0146     1.0000     0.0000     4.5781     5.6415     1.0000     0.0000     4.4170     6.0502     1.0000     0.0000     5.0166     7.1494     1.0000     0.0000     4.9820     7.5577     1.0000     0.0000     5.2692     8.3539     1.0000     0.0000     5.2213     8.8583     1.0000     0.0000     5.9046    10.2126     1.0000     0.0000     5.8041    10.6344     1.0000     0.0000     6.2994    11.8535     1.0000     0.0000     6.4949    12.7248     1.0000     0.0000     7.2333    14.5156     1.0000     0.0000     7.5483    15.5367     1.0000     0.0000     8.3773    17.7164     1.0000     0.0000     8.8582    19.0436     1.0000     0.0000    10.2526    22.3785     1.0000     0.0000    11.0460    24.5282     1.0000     0.0000    12.4625    27.8888     1.0000     0.0000    14.0881    32.0996     1.0000     0.0000    15.6309    35.8484     1.0000     0.0000    18.1386    42.1073     1.0000     0.0000    20.3017    47.3066     1.0000     0.0000    23.0574    54.6360     1.0000     0.0000    25.9923    61.6277     1.0000
    0.0708    21.3963   -14.2899     1.0000    -0.2729    29.5711   -16.7712     1.0000     0.0000    34.3155   -13.4458     1.0000     0.0000    37.5389    -9.7370     1.0000    -0.0520    39.4666    -5.8486     1.0000     0.1083    40.2593    -1.9462     1.0000    -0.1083    40.0643     1.8222     1.0000     0.0575    39.1316     5.3616     1.0000     0.0505    37.4785     8.5748     1.0000    -0.0580    35.3327    11.4144     1.0000     0.0000    32.7453    13.8246     1.0000     0.0000    29.8900    15.7828     1.0000     0.0000    26.7946    17.3222     1.0000     0.0000    23.5962    18.3733     1.0000     0.0000    20.3324    19.0167     1.0000     0.0000    17.1695    19.3138     1.0000     0.0000    13.8437    19.0567     1.0000     0.0000    11.1174    18.8167     1.0000    -0.0494     7.8280    17.8369     1.0000     0.1083     5.5547    17.1116     1.0000    -0.0587     2.7435    15.7157     1.0000    -0.0497     0.8643    14.6162     1.0000     0.1083    -1.4630    13.0265     1.0000    -0.0584    -2.8588    11.7639     1.0000     0.0000    -4.6685    10.0718     1.0000     0.0000    -5.5322     8.8593     1.0000     0.0000    -6.9219     7.2229     1.0000     0.0000    -7.2777     6.1373     1.0000     0.0000    -8.1683     4.6767     1.0000     0.0000    -8.2222     3.8335     1.0000     0.0000    -8.7387     2.5487     1.0000     0.0000    -8.4409     2.0133     1.0000    -0.0518    -8.7378     0.9511     1.0000     0.1083    -8.1351     0.6799     1.0000    -0.0560    -8.3956    -0.2574     1.0000     0.0000    -7.6847    -0.3328     1.0000    -0.0528    -7.7438    -1.1665     1.0000     0.1083    -7.2123    -1.0726     1.0000    -0.0551    -7.3204    -2.0112     1.0000     0.0000    -6.7493    -1.9791     1.0000     0.0000    -7.0683    -3.0219     1.0000     0.0000    -6.7064    -3.3185     1.0000     0.0000    -7.2843    -4.4685     1.0000     0.0000    -7.1407    -5.2459     1.0000     0.0000    -7.8983    -6.8122     1.0000     0.0000    -8.1373    -8.0234     1.0000    -0.0546    -9.1524   -10.3109     1.0000     0.1083    -9.5587   -11.6898     1.0000    -0.1083   -10.9541   -14.8231     1.0000     0.1083   -11.4375   -16.7408     1.0000    -0.1083   -13.0516   -20.3384     1.0000     0.1083   -13.5665   -22.6551     1.0000    -0.1083   -15.3429   -26.4337     1.0000     0.1083   -15.6599   -28.9718     1.0000    -0.0537   -17.1393   -32.7576     1.0000    -0.0545   -17.4613   -34.9298     1.0000     0.1083   -18.1579   -38.0469     1.0000    -0.1083   -17.9799   -39.1285     1.0000     0.1083   -17.6603   -40.7425     1.0000    -0.0547   -16.6468   -39.8718     1.0000    -0.0532   -15.0766   -38.8635     1.0000     0.0554   -12.2886   -34.5312     1.0000    -0.1572    -9.0117   -29.2316     1.0000    -0.1967    -3.8375   -18.0506     1.0000
    0.1349    -6.5775     5.1450     1.0000    -0.2413    -6.1991     5.9162     1.0000     0.0601    -5.4618     5.4040     1.0000     0.0000    -4.9502     4.9556     1.0000     0.0610    -4.4006     4.5750     1.0000    -0.0596    -4.0955     4.2209     1.0000     0.0000    -3.7019     3.9167     1.0000     0.0000    -3.5274     3.6146     1.0000    -0.0615    -3.3258     3.3336     1.0000     0.1208    -3.1348     3.0824     1.0000    -0.1208    -3.1411     2.7739     1.0000     0.0590    -3.0495     2.5227     1.0000     0.0000    -3.0115     2.2185     1.0000     0.0619    -2.9870     1.9728     1.0000    -0.0588    -3.1508     1.5912     1.0000     0.0000    -3.0139     1.3469     1.0000    -0.0620    -3.1901     1.0141     1.0000     0.0587    -3.1895     0.6230     1.0000     0.0621    -3.2090     0.3716     1.0000    -0.0586    -3.3379    -0.0450     1.0000    -0.0621    -3.3397    -0.3743     1.0000     0.0586    -3.4409    -0.6815     1.0000     0.0000    -3.3649    -1.1298     1.0000     0.0621    -3.3754    -1.2827     1.0000    -0.1208    -3.5471    -1.8857     1.0000     0.0587    -3.3688    -1.9975     1.0000     0.0620    -3.4512    -2.3638     1.0000    -0.1208    -3.3570    -2.6734     1.0000     0.1208    -3.2648    -2.9280     1.0000    -0.1208    -3.3211    -3.1658     1.0000     0.0589    -2.9860    -3.3664     1.0000     0.0618    -3.2220    -3.6633     1.0000    -0.0590    -2.7101    -3.5670     1.0000    -0.0617    -3.0418    -4.1178     1.0000     0.0591    -2.3432    -3.7289     1.0000     0.0000    -2.5009    -3.9269     1.0000     0.0615    -2.3507    -4.3056     1.0000    -0.0593    -1.8826    -3.6380     1.0000    -0.0614    -2.1166    -4.2397     1.0000     0.0594    -1.3257    -3.5338     1.0000     0.0000    -1.6742    -3.8922     1.0000     0.0000    -0.9822    -3.2689     1.0000     0.0000    -1.0300    -3.4575     1.0000     0.0000    -0.6420    -2.8651     1.0000     0.0000    -0.3557    -2.7296     1.0000     0.0609    -0.3996    -2.5466     1.0000    -0.0599     0.2263    -1.7316     1.0000    -0.0608     0.0699    -2.1980     1.0000     0.0600     0.8133    -0.6784     1.0000     0.0000     0.5230    -1.2072     1.0000     0.0000     1.1654    -0.1043     1.0000     0.0605     1.2344     0.1643     1.0000    -0.1208     1.3119     0.2505     1.0000     0.0603     1.8005     1.4731     1.0000     0.0604     1.8143     1.4695     1.0000    -0.1208     2.0905     2.2946     1.0000     0.1208     2.1680     2.5523     1.0000    -0.1208     2.5034     3.4905     1.0000     0.0605     2.4168     3.4099     1.0000     0.0602     2.9992     4.5809     1.0000    -0.0606     2.7988     5.1926     1.0000    -0.0601     2.9120     4.9468     1.0000     0.0606     3.1358     6.1507     1.0000     0.0903     3.1725     6.4137     1.0000
    0.0770    12.5480    -6.3866     1.0000     0.0005    14.8126    -7.6842     1.0000     0.0623    15.6592    -6.3713     1.0000     0.0000    16.1205    -5.0152     1.0000     0.0000    16.2629    -3.6544     1.0000     0.0605    16.1312    -2.3277     1.0000    -0.1235    15.7599    -1.0700     1.0000     0.1235    15.1954     0.1171     1.0000    -0.1235    14.5033     1.1803     1.0000     0.0637    13.6498     2.1556     1.0000     0.0000    12.7545     2.9812     1.0000     0.0000    11.7635     3.7093     1.0000     0.0000    10.7266     4.3116     1.0000     0.0595     9.7069     4.7635     1.0000    -0.0641     8.6538     5.1423     1.0000    -0.0594     7.6250     5.3803     1.0000     0.0641     6.6343     5.5413     1.0000     0.0000     5.7780     5.6433     1.0000     0.0000     4.6230     5.4970     1.0000    -0.0595     4.1763     5.6659     1.0000     0.1235     2.9427     5.1931     1.0000    -0.0639     2.6776     5.3823     1.0000    -0.0597     1.5415     4.7806     1.0000     0.1235     1.4997     4.8937     1.0000    -0.0636     0.3868     4.3097     1.0000     0.0600     0.5249     4.3129     1.0000    -0.0634    -0.4680     3.6955     1.0000    -0.0603    -0.3086     3.7934     1.0000     0.1235    -1.0556     3.0739     1.0000    -0.0630    -0.8794     3.2079     1.0000     0.0000    -1.5713     2.4823     1.0000    -0.0608    -1.3492     2.6125     1.0000     0.1235    -1.9257     1.9187     1.0000    -0.1235    -1.7131     1.9631     1.0000     0.0624    -2.2925     1.2429     1.0000     0.0000    -2.0358     1.3847     1.0000     0.0000    -2.7035     0.4158     1.0000     0.0616    -2.3382     0.6586     1.0000    -0.1235    -3.1900    -0.4926     1.0000     0.1235    -2.8536    -0.4353     1.0000    -0.1235    -3.6988    -1.4840     1.0000     0.0615    -3.5394    -1.7321     1.0000     0.0621    -4.3135    -3.0333     1.0000    -0.0614    -4.2661    -3.1285     1.0000     0.0000    -5.3184    -4.8820     1.0000     0.0000    -5.1334    -5.2862     1.0000    -0.0623    -6.3215    -6.9251     1.0000     0.0612    -6.2477    -7.5621     1.0000     0.0000    -7.3707    -9.6487     1.0000     0.0624    -7.4374   -10.2761     1.0000    -0.1235    -8.5869   -12.4547     1.0000     0.0612    -8.5998   -13.3511     1.0000     0.0000    -9.7093   -15.6307     1.0000     0.0622    -9.5769   -16.1072     1.0000    -0.1235   -10.6320   -18.9091     1.0000     0.1235   -10.3947   -19.0112     1.0000    -0.1235   -11.2139   -21.2394     1.0000     0.0619   -10.6182   -21.5649     1.0000     0.0615   -10.9324   -22.4792     1.0000    -0.0623   -10.2963   -22.8167     1.0000    -0.0610   -10.0969   -22.7074     1.0000     0.1235    -8.4699   -21.2169     1.0000    -0.1235    -7.7268   -20.5880     1.0000    -0.1789    -5.8041   -16.9416     1.0000
    0.0577    -3.9961     1.0567     1.0000     0.0000    -4.1584     1.6059     1.0000     0.0463    -3.9423     1.1873     1.0000    -0.0923    -3.7074     0.8018     1.0000     0.0923    -3.5284     0.4378     1.0000    -0.0923    -3.3412     0.1080     1.0000     0.0923    -3.1749    -0.2080     1.0000    -0.0923    -2.9948    -0.4981     1.0000     0.0923    -2.8104    -0.7503     1.0000    -0.0923    -2.7047    -1.0155     1.0000     0.0923    -2.4462    -1.1973     1.0000    -0.0459    -2.3113    -1.4034     1.0000    -0.0464    -2.1480    -1.5608     1.0000     0.0923    -1.8815    -1.6766     1.0000    -0.0923    -1.7507    -1.7712     1.0000     0.0460    -1.5325    -1.8705     1.0000     0.0463    -1.2539    -1.8214     1.0000    -0.0461    -1.0924    -1.8771     1.0000    -0.0462    -0.8521    -1.8141     1.0000     0.0923    -0.5928    -1.7251     1.0000    -0.0923    -0.3915    -1.6165     1.0000     0.0462    -0.1377    -1.4716     1.0000     0.0000     0.1250    -1.2606     1.0000     0.0000     0.3134    -1.0645     1.0000     0.0000     0.5912    -0.8188     1.0000     0.0459     0.8380    -0.4880     1.0000    -0.0923     1.0003    -0.2483     1.0000     0.0465     1.2777     0.1553     1.0000     0.0000     1.4023     0.3978     1.0000     0.0000     1.7876     0.9736     1.0000     0.0000     1.7193     1.1105     1.0000     0.0000     2.1819     1.8441     1.0000     0.0000     2.0974     1.8518     1.0000     0.0457     2.5439     2.8224     1.0000    -0.0467     2.3862     2.7389     1.0000    -0.0456     2.6671     3.5102     1.0000     0.0467     2.9606     3.9965     1.0000     0.0000     2.8540     4.3165     1.0000     0.0457     3.2807     5.0882     1.0000    -0.0923     2.9825     5.2706     1.0000     0.0466     3.5606     6.1103     1.0000     0.0000     3.4524     6.6222     1.0000     0.0000     3.7861     7.3098     1.0000     0.0000     3.8802     7.8653     1.0000     0.0459     4.0792     8.8945     1.0000    -0.0464     4.4702     9.5889     1.0000     0.0000     4.6137    10.4690     1.0000    -0.0462     5.1238    11.9854     1.0000     0.0461     5.3645    12.8073     1.0000     0.0000     6.1439    14.7785     1.0000     0.0000     6.4770    16.1186     1.0000     0.0000     7.2794    18.3392     1.0000     0.0000     8.1986    20.7885     1.0000     0.0000     8.9696    23.1763     1.0000     0.0472    10.2615    26.7068     1.0000    -0.0450    11.4299    30.2475     1.0000    -0.0476    12.6521    33.9802     1.0000     0.0445    14.7972    39.8550     1.0000     0.0480    16.5896    44.9696     1.0000    -0.0440    18.4332    50.8578     1.0000    -0.0486    21.2298    59.2550     1.0000     0.0434    23.8571    67.1711     1.0000     0.1476    27.0979    77.0857     1.0000     0.1919    30.4513    86.9794     1.0000
   -0.0878     1.5954    -1.5688     1.0000     0.0585     1.7086    -1.8036     1.0000    -0.0585     1.6906    -1.6166     1.0000     0.0000     1.7594    -1.4171     1.0000     0.0000     1.7221    -1.2321     1.0000     0.0000     1.7655    -1.0294     1.0000    -0.0584     1.7356    -0.8365     1.0000     0.1170     1.7202    -0.6564     1.0000    -0.1170     1.7622    -0.4498     1.0000     0.0587     1.7052    -0.2738     1.0000     0.0583     1.7219    -0.0841     1.0000    -0.1170     1.6252     0.0793     1.0000     0.0588     1.6974     0.2846     1.0000     0.0000     1.5756     0.3843     1.0000     0.0000     1.6959     0.6727     1.0000     0.0582     1.4695     0.6978     1.0000    -0.0588     1.6490     0.9803     1.0000     0.0000     1.4241     1.0036     1.0000     0.0000     1.5292     1.2073     1.0000    -0.0582     1.5014     1.4409     1.0000     0.1170     1.3777     1.4352     1.0000    -0.0588     1.3669     1.6138     1.0000    -0.0582     1.4644     1.8876     1.0000     0.1170     1.3378     1.7540     1.0000    -0.1170     1.3665     2.1817     1.0000     0.0587     1.2274     2.0456     1.0000     0.0583     1.4720     2.4511     1.0000    -0.1170     1.1708     2.2920     1.0000     0.1170     1.3208     2.6618     1.0000    -0.1170     1.2964     2.6625     1.0000     0.0586     1.2618     2.8317     1.0000     0.0000     1.4547     3.2439     1.0000     0.0585     1.2074     2.9447     1.0000    -0.1170     1.2342     3.4250     1.0000     0.1170     1.4874     3.5117     1.0000    -0.0584     1.2822     3.6285     1.0000     0.0000     1.5515     4.1134     1.0000     0.0000     1.3278     3.8290     1.0000     0.0000     1.5676     4.5365     1.0000    -0.0588     1.5092     4.4337     1.0000     0.1170     1.6107     5.0415     1.0000    -0.0581     1.6498     4.9101     1.0000     0.0000     1.8549     5.6901     1.0000    -0.0590     1.5950     5.5649     1.0000     0.0579     2.0658     6.0111     1.0000     0.0591     2.0053     6.7604     1.0000    -0.0578     2.0442     6.6409     1.0000     0.0000     2.3498     7.4399     1.0000    -0.0594     2.1774     7.6013     1.0000     0.1170     2.5625     8.4437     1.0000    -0.0575     2.5359     8.6704     1.0000     0.0000     2.7210     9.2297     1.0000     0.0000     3.0580    10.4729     1.0000    -0.0597     2.5689     9.6320     1.0000     0.0572     3.6346    11.9154     1.0000     0.0599     3.4690    12.1733     1.0000    -0.1170     3.0388    11.8788     1.0000     0.1170     4.2930    14.5669     1.0000    -0.1170     3.4230    13.3760     1.0000     0.1170     4.5978    16.2429     1.0000    -0.0567     4.3948    15.9643     1.0000     0.0000     4.2411    16.9149     1.0000    -0.0605     4.9369    18.4834     1.0000    -0.0795     5.3146    19.6790     1.0000
    0.0290    -7.4092     2.6417     1.0000    -0.1164    -7.4617     3.4807     1.0000     0.0000    -6.9344     2.8709     1.0000     0.0000    -6.4842     2.3148     1.0000     0.0000    -6.1473     1.7917     1.0000     0.0000    -5.8341     1.3097     1.0000     0.0000    -5.5852     0.8379     1.0000     0.0000    -5.3488     0.4054     1.0000     0.0000    -5.1690    -0.0160     1.0000     0.0000    -4.9890    -0.4258     1.0000     0.0000    -4.7971    -0.7989     1.0000     0.0000    -4.6348    -1.1715     1.0000     0.0000    -4.4301    -1.4950     1.0000     0.0000    -4.2671    -1.8319     1.0000     0.0000    -4.0495    -2.0950     1.0000     0.0000    -3.7922    -2.3376     1.0000     0.0000    -3.5804    -2.5749     1.0000     0.0000    -3.3839    -2.7607     1.0000     0.0000    -2.9580    -2.8386     1.0000     0.0000    -2.8305    -3.0132     1.0000     0.0000    -2.3354    -2.9379     1.0000     0.0000    -2.1821    -3.0630     1.0000     0.0000    -1.6273    -2.8826     1.0000     0.0000    -1.4048    -2.8304     1.0000     0.0000    -1.0540    -2.7163     1.0000     0.0585    -0.4965    -2.3615     1.0000    -0.1166    -0.3713    -2.3021     1.0000     0.0583     0.2622    -1.7882     1.0000     0.0000     0.4642    -1.6167     1.0000     0.0582     1.0802    -1.0379     1.0000    -0.1166     1.1184    -0.8000     1.0000     0.0586     1.8527    -0.1350     1.0000     0.0000     1.9070     0.1928     1.0000     0.0000     2.3805     0.7982     1.0000     0.0000     2.7992     1.4126     1.0000     0.0000     2.8984     1.9261     1.0000     0.0000     3.3275     2.4847     1.0000     0.0000     3.4209     2.9689     1.0000     0.0000     4.0274     3.9208     1.0000     0.0000     3.8985     4.2521     1.0000     0.0000     4.3163     4.9772     1.0000     0.0576     4.5167     5.6317     1.0000    -0.1166     4.3828     5.9938     1.0000     0.0590     5.1043     7.1786     1.0000     0.0000     4.9612     7.5504     1.0000     0.0000     5.2952     8.3552     1.0000     0.0000     5.3129     8.8445     1.0000     0.0000     5.8306    10.2728     1.0000     0.0579     5.9723    10.7112     1.0000    -0.1166     6.3017    11.9199     1.0000     0.0586     6.5657    12.8116     1.0000     0.0000     7.3144    14.6248     1.0000     0.0000     7.6402    15.7284     1.0000     0.0000     8.4802    17.8179     1.0000     0.0000     9.0312    19.2894     1.0000     0.0588    10.3211    22.5968     1.0000    -0.1166    11.1847    24.7202     1.0000     0.0574    12.6210    28.2446     1.0000     0.0000    14.2392    32.3958     1.0000     0.0000    15.8756    36.2812     1.0000     0.0000    18.2745    42.5127     1.0000     0.0000    20.5122    47.7026     1.0000     0.0000    23.4656    55.4700     1.0000     0.0000    26.4770    62.6367     1.0000
    0.0143    20.9468   -14.2890     1.0000    -0.0545    29.1607   -16.8076     1.0000     0.0000    33.9371   -13.5181     1.0000     0.0000    37.2008    -9.8398     1.0000    -0.0521    39.1477    -5.9790     1.0000     0.1083    39.9789    -2.0990     1.0000    -0.0571    39.8210     1.6497     1.0000    -0.0509    38.9037     5.1733     1.0000     0.1083    37.2928     8.3740     1.0000    -0.0580    35.1544    11.2037     1.0000     0.0000    32.6202    13.6063     1.0000     0.0000    29.7622    15.5678     1.0000    -0.0497    26.7071    17.0987     1.0000     0.1083    23.5402    18.1601     1.0000    -0.0588    20.2874    18.7990     1.0000     0.0000    17.1432    19.1090     1.0000     0.0000    13.8371    18.8566     1.0000     0.0000    11.1053    18.6238     1.0000    -0.0495     7.8987    17.6628     1.0000     0.1083     5.5984    16.9506     1.0000    -0.0587     2.7765    15.5686     1.0000    -0.0497     0.9413    14.4787     1.0000     0.1083    -1.3736    12.9060     1.0000    -0.0583    -2.7321    11.6743     1.0000     0.0000    -4.5852     9.9798     1.0000     0.0000    -5.4107     8.8065     1.0000     0.0000    -6.7917     7.1750     1.0000     0.0000    -7.1148     6.1213     1.0000     0.0000    -8.0533     4.6534     1.0000     0.0000    -8.0729     3.8560     1.0000     0.0000    -8.5605     2.5884     1.0000     0.0000    -8.3133     2.0438     1.0000    -0.0518    -8.5800     1.0258     1.0000     0.1083    -7.9765     0.7567     1.0000    -0.0560    -8.2113    -0.1657     1.0000     0.0000    -7.5294    -0.2144     1.0000     0.0000    -7.6173    -1.0367     1.0000     0.0000    -7.0616    -0.9593     1.0000    -0.0533    -7.2086    -1.8840     1.0000     0.1083    -6.4865    -1.8064     1.0000    -0.0546    -7.0246    -2.8844     1.0000     0.0000    -6.5811    -3.1570     1.0000     0.0000    -7.1682    -4.3346     1.0000    -0.0542    -7.0347    -5.0882     1.0000     0.0539    -7.8581    -6.6606     1.0000     0.0000    -7.9467    -7.9080     1.0000     0.0000    -9.1374   -10.1811     1.0000     0.0547    -9.4497   -11.5752     1.0000    -0.0535   -10.9254   -14.6928     1.0000     0.0000   -11.5020   -16.7918     1.0000     0.0000   -12.9596   -20.1671     1.0000    -0.0549   -13.7259   -22.7691     1.0000     0.1083   -15.1233   -26.3228     1.0000    -0.0535   -15.9160   -29.2204     1.0000     0.0000   -17.2260   -32.7689     1.0000    -0.0545   -17.5090   -35.0829     1.0000     0.1083   -18.2294   -38.3088     1.0000    -0.1083   -18.1853   -39.3950     1.0000     0.1083   -17.8380   -41.0733     1.0000    -0.1083   -16.8521   -40.3261     1.0000     0.0550   -15.2574   -39.2851     1.0000     0.0529   -12.5548   -35.0365     1.0000    -0.1607    -9.3707   -29.9638     1.0000    -0.2014    -4.2391   -18.9037     1.0000
    0.1809    -6.4527     5.1442     1.0000    -0.1208    -6.0696     5.9269     1.0000     0.1208    -5.3508     5.4257     1.0000    -0.1208    -4.8434     4.9862     1.0000     0.0597    -4.3078     4.6156     1.0000     0.0000    -3.9911     4.2687     1.0000     0.0000    -3.6251     3.9720     1.0000     0.0000    -3.4426     3.6759     1.0000     0.0615    -3.2451     3.4031     1.0000    -0.0591    -3.0951     3.1496     1.0000    -0.0617    -3.0689     2.8498     1.0000     0.1208    -2.9984     2.6036     1.0000    -0.0589    -2.9819     2.2980     1.0000    -0.0619    -2.9637     2.0461     1.0000     0.0588    -3.0737     1.6797     1.0000     0.0000    -3.0163     1.4326     1.0000     0.0621    -3.1502     1.1012     1.0000    -0.0586    -3.1581     0.6993     1.0000    -0.0621    -3.2469     0.4366     1.0000     0.1208    -3.2914     0.0526     1.0000    -0.1208    -3.3564    -0.2977     1.0000     0.0586    -3.4115    -0.6165     1.0000     0.0622    -3.4003    -1.0611     1.0000    -0.0586    -3.3541    -1.2174     1.0000    -0.0621    -3.5899    -1.8243     1.0000     0.1208    -3.3859    -1.9092     1.0000    -0.0587    -3.4404    -2.3559     1.0000    -0.0620    -3.4408    -2.5956     1.0000     0.1208    -3.2309    -2.8998     1.0000    -0.1208    -3.3796    -3.1127     1.0000     0.0588    -3.0485    -3.3331     1.0000     0.0619    -3.1647    -3.6513     1.0000    -0.0589    -2.8049    -3.5300     1.0000    -0.0618    -3.0798    -4.0859     1.0000     0.1208    -2.3211    -3.7329     1.0000    -0.1208    -2.6010    -3.9365     1.0000     0.1208    -2.4547    -4.2912     1.0000    -0.1208    -1.8442    -3.6836     1.0000     0.1208    -2.0827    -4.1569     1.0000    -0.1208    -1.5290    -3.6186     1.0000     0.1208    -1.5991    -3.8679     1.0000    -0.0595    -1.0265    -3.3397     1.0000    -0.0612    -1.2579    -3.5037     1.0000     0.0596    -0.5075    -2.8855     1.0000     0.0610    -0.4000    -2.6618     1.0000    -0.1208    -0.6118    -2.7900     1.0000     0.1208     0.3333    -1.5722     1.0000    -0.1208     0.0416    -2.3259     1.0000     0.1208     0.7108    -0.7751     1.0000    -0.1208     0.4817    -1.1846     1.0000     0.1208     1.1256    -0.2042     1.0000    -0.0602     1.1964     0.0634     1.0000     0.0000     1.3362     0.3303     1.0000    -0.0605     1.7062     1.3116     1.0000     0.0603     1.6676     1.3801     1.0000     0.0604     2.2910     2.4147     1.0000    -0.1208     1.9699     2.2929     1.0000     0.0605     2.5925     3.5625     1.0000     0.0603     2.3997     3.3871     1.0000    -0.0605     2.8610     4.4942     1.0000    -0.0602     2.7854     5.1119     1.0000     0.0606     3.0222     5.0522     1.0000     0.1203     3.3283     6.2402     1.0000     0.1346     3.3873     6.5045     1.0000
    0.0318    12.3171    -6.3855     1.0000    -0.1239    14.5935    -7.7004     1.0000     0.0000    15.4654    -6.4035     1.0000     0.0610    15.9427    -5.0614     1.0000    -0.1843    16.1002    -3.7128     1.0000     0.1866    15.9898    -2.3957     1.0000    -0.0632    15.6423    -1.1454     1.0000     0.0601    15.0876     0.0345     1.0000    -0.1835    14.3860     1.0893     1.0000     0.1274    13.5953     2.0656     1.0000     0.1195    12.7049     2.8917     1.0000    -0.2471    11.6666     3.6077     1.0000     0.1875    10.7321     4.2229     1.0000    -0.0045     9.6690     4.6754     1.0000    -0.0640     8.6246     5.0478     1.0000    -0.0595     7.6226     5.2975     1.0000     0.0641     6.6721     5.4631     1.0000     0.0000     5.7489     5.5631     1.0000     0.0000     4.6956     5.4310     1.0000     0.0596     4.2095     5.6216     1.0000    -0.1832     2.9055     5.1046     1.0000     0.1874     2.8282     5.3588     1.0000    -0.0040     1.5764     4.7468     1.0000    -0.1235     1.5007     4.8516     1.0000     0.1235     0.5245     4.2992     1.0000    -0.1235     0.5266     4.2739     1.0000     0.1235    -0.3360     3.7515     1.0000    -0.1235    -0.2526     3.7623     1.0000     0.1235    -0.9427     3.0922     1.0000    -0.0630    -0.7957     3.2197     1.0000     0.0000    -1.5469     2.5482     1.0000    -0.0608    -1.2004     2.6398     1.0000     0.0626    -1.8989     1.9398     1.0000     0.0000    -1.5369     2.0639     1.0000     0.0612    -2.2677     1.2918     1.0000    -0.0622    -1.9212     1.4534     1.0000     0.0000    -2.5916     0.4582     1.0000    -0.0616    -2.4168     0.7481     1.0000     0.0618    -2.9858    -0.4380     1.0000     0.0618    -2.8166    -0.2799     1.0000    -0.1235    -3.6330    -1.4954     1.0000     0.0615    -3.4171    -1.6211     1.0000     0.0000    -4.3592    -2.9480     1.0000     0.0000    -4.2440    -3.0628     1.0000     0.0623    -5.1149    -4.7875     1.0000    -0.1235    -5.2422    -5.2756     1.0000     0.0612    -6.2171    -6.8188     1.0000     0.0000    -6.2740    -7.5458     1.0000     0.0624    -7.3044    -9.5873     1.0000    -0.0611    -7.5050   -10.3843     1.0000    -0.0624    -8.6047   -12.3324     1.0000     0.0612    -8.6133   -13.4351     1.0000     0.0623    -9.7212   -15.5720     1.0000    -0.1235    -9.7251   -16.3336     1.0000     0.0614   -10.6682   -18.9571     1.0000     0.0620   -10.4015   -19.0105     1.0000    -0.0617   -11.3119   -21.4801     1.0000    -0.0617   -10.8446   -21.7576     1.0000     0.1235   -11.0221   -22.7058     1.0000    -0.0622   -10.4320   -23.0229     1.0000     0.0000   -10.1918   -23.0224     1.0000     0.0000    -8.7925   -21.6225     1.0000    -0.0605    -7.7769   -20.9118     1.0000    -0.0725    -5.8084   -17.2871     1.0000
   -0.0694    -3.9571     1.0591     1.0000     0.0460    -4.1190     1.6126     1.0000    -0.0463    -3.9144     1.1969     1.0000     0.0459    -3.6729     0.8141     1.0000     0.0000    -3.5198     0.4523     1.0000     0.0464    -3.3027     0.1239     1.0000    -0.0923    -3.1946    -0.1969     1.0000     0.0459    -2.9718    -0.4798     1.0000     0.0000    -2.8209    -0.7373     1.0000     0.0000    -2.6963    -1.0011     1.0000     0.0000    -2.4645    -1.1918     1.0000     0.0000    -2.3101    -1.3903     1.0000     0.0000    -2.1497    -1.5529     1.0000     0.0000    -1.9324    -1.6806     1.0000     0.0464    -1.7212    -1.7625     1.0000    -0.0923    -1.6038    -1.8802     1.0000     0.0460    -1.2634    -1.8370     1.0000     0.0000    -1.1170    -1.8771     1.0000     0.0462    -0.8380    -1.8232     1.0000    -0.0923    -0.6767    -1.7561     1.0000     0.0923    -0.3838    -1.6193     1.0000    -0.0923    -0.1800    -1.5178     1.0000     0.0923     0.1124    -1.2672     1.0000    -0.0463     0.2888    -1.1100     1.0000     0.0000     0.5403    -0.8471     1.0000    -0.0459     0.7885    -0.5412     1.0000     0.0464     1.0194    -0.2589     1.0000     0.0459     1.2542     0.1111     1.0000    -0.0923     1.3328     0.3510     1.0000     0.0923     1.8358     0.9500     1.0000    -0.0466     1.6540     1.0639     1.0000     0.0000     2.1658     1.7758     1.0000    -0.0457     2.0789     1.8369     1.0000     0.0466     2.5157     2.7519     1.0000     0.0000     2.4259     2.7703     1.0000     0.0000     2.6715     3.4735     1.0000     0.0000     2.9543     3.9482     1.0000     0.0000     2.7906     4.3171     1.0000     0.0000     3.3503     5.0488     1.0000     0.0000     2.9840     5.3097     1.0000     0.0000     3.6158     6.1158     1.0000     0.0458     3.4897     6.6556     1.0000    -0.0465     3.7715     7.3114     1.0000     0.0000     3.9183     7.9034     1.0000    -0.0459     4.0395     8.8926     1.0000     0.0463     4.6514     9.7575     1.0000     0.0000     4.6257    10.5549     1.0000     0.0000     5.1894    12.0905     1.0000     0.0463     5.5257    12.9706     1.0000    -0.0459     6.1385    14.8907     1.0000     0.0000     6.5664    16.3369     1.0000     0.0000     7.4239    18.4909     1.0000    -0.0468     8.2143    20.9686     1.0000     0.0923     9.1752    23.5640     1.0000    -0.0923    10.2481    26.8549     1.0000     0.0449    11.6545    30.6557     1.0000     0.0000    12.8444    34.3810     1.0000     0.0478    15.0065    40.2548     1.0000    -0.0923    16.5649    45.2950     1.0000     0.0440    18.7006    51.3771     1.0000     0.0486    21.5202    59.9253     1.0000    -0.0923    23.9101    67.5760     1.0000     0.0923    27.2661    77.5372     1.0000     0.1521    30.6543    87.4615     1.0000
   -0.0879     1.5647    -1.5651     1.0000     0.0586     1.6788    -1.8032     1.0000    -0.0585     1.6635    -1.6191     1.0000    -0.0585     1.7357    -1.4221     1.0000     0.1170     1.6961    -1.2392     1.0000    -0.0586     1.7456    -1.0399     1.0000    -0.0584     1.7234    -0.8454     1.0000     0.0587     1.6923    -0.6734     1.0000     0.0000     1.7523    -0.4608     1.0000     0.0000     1.6956    -0.2892     1.0000     0.0000     1.6963    -0.1036     1.0000     0.0000     1.6273     0.0649     1.0000     0.0583     1.7046     0.2680     1.0000    -0.0588     1.5541     0.3746     1.0000    -0.0582     1.6763     0.6449     1.0000     0.0588     1.4475     0.6791     1.0000     0.0000     1.6947     0.9738     1.0000     0.0582     1.4161     0.9927     1.0000    -0.1170     1.4890     1.1824     1.0000     0.1170     1.5787     1.4640     1.0000    -0.0588     1.3023     1.3767     1.0000     0.0000     1.4324     1.6239     1.0000    -0.0583     1.4437     1.8999     1.0000     0.1170     1.3482     1.7250     1.0000    -0.0587     1.4077     2.2138     1.0000     0.0000     1.2407     2.0220     1.0000     0.0000     1.4286     2.4309     1.0000    -0.0584     1.2169     2.3335     1.0000     0.1170     1.3975     2.7068     1.0000    -0.1170     1.2576     2.6235     1.0000     0.1170     1.2830     2.9135     1.0000    -0.0585     1.5361     3.2133     1.0000    -0.0585     1.0775     2.9531     1.0000     0.0585     1.4516     3.4800     1.0000     0.0586     1.4191     3.5879     1.0000    -0.0584     1.3110     3.6459     1.0000     0.0000     1.5817     4.1359     1.0000     0.0000     1.3594     3.9741     1.0000    -0.0588     1.5566     4.4494     1.0000     0.0582     1.6313     4.6260     1.0000     0.0589     1.6620     5.0837     1.0000    -0.0581     1.5699     4.9322     1.0000     0.0000     2.0105     5.7765     1.0000    -0.0591     1.5770     5.7170     1.0000     0.1170     2.1660     6.1706     1.0000    -0.0578     1.9901     6.6922     1.0000    -0.0592     1.9756     6.7648     1.0000     0.0577     2.5626     7.6645     1.0000     0.0000     2.2215     7.7235     1.0000     0.0595     2.5574     8.5908     1.0000    -0.1170     2.5270     8.7007     1.0000     0.1170     2.8845     9.4913     1.0000    -0.1170     2.9937    10.5190     1.0000     0.0572     2.7392     9.7983     1.0000     0.0000     3.6306    12.3280     1.0000     0.0599     3.5239    12.1283     1.0000    -0.1170     3.0946    12.0693     1.0000     0.1170     4.4704    14.8871     1.0000    -0.1170     3.3673    13.4709     1.0000     0.0567     4.5887    16.3831     1.0000     0.0604     4.5882    16.3429     1.0000    -0.0565     4.2385    17.1993     1.0000    -0.1817     4.8668    18.5396     1.0000    -0.2242     5.2207    19.6726     1.0000
    0.1593    -7.5223     2.6581     1.0000    -0.3495    -7.5428     3.4901     1.0000     0.0581    -7.0174     2.8735     1.0000     0.0000    -6.5442     2.3123     1.0000     0.0000    -6.2017     1.7855     1.0000     0.0000    -5.8714     1.3014     1.0000     0.0000    -5.6177     0.8284     1.0000     0.0000    -5.3652     0.3952     1.0000     0.0000    -5.1920    -0.0288     1.0000     0.0000    -5.0002    -0.4361     1.0000     0.0000    -4.7973    -0.8027     1.0000     0.0000    -4.6236    -1.1839     1.0000     0.0000    -4.4281    -1.4942     1.0000     0.0000    -4.2459    -1.8301     1.0000     0.0000    -4.0242    -2.0955     1.0000     0.0000    -3.7786    -2.3408     1.0000     0.0000    -3.5637    -2.5436     1.0000     0.0000    -3.3648    -2.7678     1.0000     0.0589    -2.8897    -2.8097     1.0000    -0.1166    -2.8432    -2.9987     1.0000     0.0578    -2.2648    -2.9135     1.0000     0.0000    -2.1487    -3.0423     1.0000     0.0000    -1.6417    -2.8548     1.0000     0.0000    -1.3223    -2.7863     1.0000     0.0000    -1.0594    -2.6936     1.0000     0.0000    -0.4684    -2.3192     1.0000     0.0584    -0.3020    -2.2454     1.0000    -0.1166     0.2623    -1.7723     1.0000     0.0584     0.5046    -1.5731     1.0000     0.0000     1.0733    -0.9981     1.0000     0.0000     1.1885    -0.7408     1.0000     0.0000     1.8358    -0.1045     1.0000     0.0000     1.9462     0.2209     1.0000     0.0000     2.3879     0.8526     1.0000     0.0000     2.7728     1.4754     1.0000     0.0000     2.9895     1.9310     1.0000     0.0000     3.3262     2.5134     1.0000     0.0000     3.3594     3.0367     1.0000     0.0000     4.0222     3.8822     1.0000     0.0000     4.0062     4.3398     1.0000     0.0576     4.2459     5.0150     1.0000    -0.1166     4.4082     5.5966     1.0000     0.1166     4.6164     6.0696     1.0000    -0.1166     4.8914     7.1348     1.0000     0.0590     5.0378     7.5630     1.0000     0.0000     5.2144     8.3801     1.0000     0.0000     5.3474     8.8490     1.0000     0.0000     5.8047    10.2862     1.0000     0.0000     5.9021    10.7011     1.0000     0.0000     6.3750    11.8961     1.0000     0.0000     6.4789    12.7956     1.0000     0.0000     7.3440    14.6192     1.0000     0.0000     7.6228    15.6957     1.0000     0.0000     8.3818    17.8130     1.0000     0.0000     9.0621    19.2603     1.0000     0.0000    10.2953    22.5806     1.0000     0.0000    11.1606    24.7771     1.0000     0.0000    12.6581    28.1419     1.0000     0.0000    14.1685    32.4957     1.0000     0.0597    15.9661    36.1908     1.0000    -0.1166    18.0978    42.4802     1.0000     0.0563    20.6137    47.7788     1.0000     0.1213    23.5493    55.4273     1.0000     0.1473    26.5665    62.5674     1.0000
    0.0425    21.3968   -14.2720     1.0000    -0.1638    29.5598   -16.7544     1.0000     0.0000    34.2919   -13.4317     1.0000    -0.0525    37.5019    -9.7275     1.0000     0.1083    39.4312    -5.8423     1.0000    -0.0567    40.1937    -1.9478     1.0000     0.0000    40.0232     1.8177     1.0000     0.0000    39.0664     5.3480     1.0000     0.0000    37.4024     8.5538     1.0000     0.0000    35.2730    11.3886     1.0000     0.0000    32.6892    13.7910     1.0000     0.0000    29.8079    15.7493     1.0000    -0.0497    26.7422    17.2733     1.0000     0.0587    23.5295    18.3246     1.0000     0.0000    20.2836    18.9643     1.0000     0.0000    17.1230    19.2606     1.0000     0.0494    13.7871    18.9965     1.0000    -0.0589    11.0551    18.7483     1.0000     0.0000     7.8108    17.7871     1.0000    -0.0495     5.4857    17.0289     1.0000     0.1083     2.7619    15.6669     1.0000    -0.0586     0.8318    14.5690     1.0000     0.0000    -1.5145    12.9410     1.0000     0.0000    -2.8342    11.7391     1.0000     0.0000    -4.6844    10.0034     1.0000     0.0000    -5.5132     8.8381     1.0000     0.0000    -6.8967     7.1811     1.0000     0.0000    -7.2717     6.1169     1.0000    -0.0509    -8.1521     4.6404     1.0000     0.1083    -8.1231     3.8575     1.0000    -0.0569    -8.7149     2.5553     1.0000     0.0000    -8.4344     2.0174     1.0000     0.0000    -8.6181     0.9799     1.0000    -0.0521    -8.1740     0.6772     1.0000     0.1083    -8.2343    -0.1491     1.0000    -0.0557    -7.6323    -0.2984     1.0000     0.0000    -7.6869    -1.0805     1.0000     0.0000    -7.1253    -1.0168     1.0000     0.0000    -7.2660    -1.9003     1.0000     0.0000    -6.5908    -1.8883     1.0000     0.0000    -7.1036    -2.9196     1.0000    -0.0539    -6.5818    -3.2082     1.0000     0.1083    -7.1436    -4.3368     1.0000    -0.0541    -7.1115    -5.1253     1.0000    -0.0544    -7.9139    -6.7073     1.0000     0.1083    -7.9311    -7.8739     1.0000    -0.0537    -9.1807   -10.1864     1.0000    -0.0547    -9.5452   -11.6729     1.0000     0.1083   -10.7577   -14.6043     1.0000    -0.1083   -11.6198   -16.8273     1.0000     0.0534   -12.8691   -20.1613     1.0000     0.0549   -13.7238   -22.5957     1.0000    -0.1083   -15.2473   -26.4445     1.0000     0.1083   -15.7448   -29.0591     1.0000    -0.0536   -17.1856   -32.8625     1.0000     0.0000   -17.5431   -34.8739     1.0000     0.0000   -18.2583   -38.3984     1.0000     0.0000   -18.1110   -39.2632     1.0000    -0.0539   -17.9706   -41.1791     1.0000     0.1083   -16.6793   -40.0770     1.0000    -0.0550   -15.3025   -39.3485     1.0000     0.0000   -12.6029   -35.1459     1.0000    -0.1574    -9.3879   -29.8926     1.0000    -0.1836    -4.2556   -18.8095     1.0000
    0.0148    -6.5907     5.1651     1.0000    -0.0603    -6.1822     5.9371     1.0000     0.0000    -5.4623     5.4253     1.0000     0.0000    -4.9287     4.9782     1.0000     0.0000    -4.4014     4.5985     1.0000    -0.0611    -4.0670     4.2455     1.0000     0.0595    -3.7009     3.9450     1.0000     0.0000    -3.4932     3.6471     1.0000     0.0615    -3.2793     3.3657     1.0000    -0.1208    -3.1631     3.1121     1.0000     0.0591    -3.0781     2.8166     1.0000     0.0000    -3.0407     2.5608     1.0000     0.0619    -2.9877     2.2630     1.0000    -0.1208    -2.9936     2.0083     1.0000     0.0588    -3.0833     1.6472     1.0000     0.0620    -2.9898     1.4024     1.0000    -0.1208    -3.1820     1.0488     1.0000     0.0587    -3.1520     0.6898     1.0000     0.0000    -3.2231     0.4106     1.0000     0.0621    -3.2630     0.0301     1.0000    -0.0586    -3.3551    -0.3246     1.0000    -0.0621    -3.4080    -0.6322     1.0000     0.0586    -3.3885    -1.0669     1.0000     0.0621    -3.2929    -1.2161     1.0000    -0.1208    -3.5790    -1.8431     1.0000     0.1208    -3.3432    -1.9094     1.0000    -0.1208    -3.4859    -2.3493     1.0000     0.1208    -3.2804    -2.5774     1.0000    -0.1208    -3.3324    -2.9153     1.0000     0.1208    -3.2140    -3.0532     1.0000    -0.1208    -3.1221    -3.3598     1.0000     0.1208    -3.1500    -3.5836     1.0000    -0.1208    -2.7327    -3.5685     1.0000     0.1208    -2.9653    -3.9912     1.0000    -0.1208    -2.4034    -3.7557     1.0000     0.0591    -2.5221    -3.8845     1.0000     0.0616    -2.4095    -4.2715     1.0000    -0.1208    -1.8609    -3.5855     1.0000     0.1208    -2.0407    -4.1936     1.0000    -0.1208    -1.4876    -3.5490     1.0000     0.0595    -1.6000    -3.8398     1.0000     0.0000    -1.0086    -3.3021     1.0000     0.0000    -1.1598    -3.4162     1.0000     0.0000    -0.5313    -2.8424     1.0000     0.0610    -0.4263    -2.6952     1.0000    -0.1208    -0.5186    -2.6881     1.0000     0.0599     0.3180    -1.6736     1.0000     0.0608     0.1048    -2.0623     1.0000    -0.1208     0.5827    -0.8862     1.0000     0.0601     0.6160    -1.1092     1.0000     0.0606     1.1508    -0.1523     1.0000    -0.1208     1.1078     0.0848     1.0000     0.0602     1.3481     0.3306     1.0000     0.0605     1.9010     1.4513     1.0000    -0.0603     1.5738     1.3192     1.0000     0.0000     2.1929     2.3619     1.0000     0.0000     2.0372     2.4666     1.0000    -0.0603     2.5556     3.4817     1.0000     0.0605     2.3523     3.4218     1.0000     0.0000     2.9324     4.4801     1.0000     0.0602     2.9190     5.2981     1.0000    -0.1208     2.8537     4.8907     1.0000     0.0606     3.1033     6.0974     1.0000     0.1054     3.1494     6.3669     1.0000
    0.2173    12.5482    -6.3710     1.0000    -0.2475    14.7959    -7.6694     1.0000     0.1235    15.6460    -6.3572     1.0000    -0.0626    16.1098    -5.0027     1.0000     0.0000    16.2415    -3.6438     1.0000    -0.0605    16.0956    -2.3195     1.0000     0.1235    15.7529    -1.0632     1.0000    -0.1235    15.1631     0.1201     1.0000     0.0636    14.4691     1.1806     1.0000     0.0000    13.6320     2.1559     1.0000     0.0000    12.7132     2.9780     1.0000     0.0000    11.7387     3.7002     1.0000     0.0000    10.7171     4.3064     1.0000     0.0595     9.6681     4.7565     1.0000    -0.1235     8.6186     5.1232     1.0000     0.0046     7.6045     5.3741     1.0000     0.0641     6.6332     5.5314     1.0000     0.1189     5.7929     5.6330     1.0000    -0.1281     4.5638     5.4793     1.0000    -0.0596     4.1683     5.6566     1.0000     0.0639     2.9191     5.1752     1.0000     0.0000     2.6948     5.3737     1.0000     0.0000     1.5632     4.7792     1.0000     0.0000     1.4328     4.8848     1.0000    -0.0600     0.4564     4.2978     1.0000     0.1235     0.4975     4.3171     1.0000    -0.0032    -0.3974     3.7161     1.0000    -0.1235    -0.3443     3.7953     1.0000     0.1235    -1.0021     3.0700     1.0000    -0.1235    -0.9110     3.2241     1.0000     0.0629    -1.5156     2.5215     1.0000     0.0608    -1.2566     2.6565     1.0000    -0.1235    -1.9833     1.9036     1.0000     0.0625    -1.6179     2.0223     1.0000     0.0612    -2.2841     1.2760     1.0000    -0.1235    -1.9974     1.4468     1.0000     0.0621    -2.6318     0.4335     1.0000     0.0616    -2.3893     0.7380     1.0000    -0.1235    -3.1173    -0.4599     1.0000     0.0617    -2.8167    -0.3774     1.0000     0.0619    -3.5562    -1.3819     1.0000    -0.0615    -3.5661    -1.7087     1.0000    -0.0621    -4.3454    -2.9700     1.0000     0.1235    -4.2257    -3.0387     1.0000    -0.0613    -5.1943    -4.8353     1.0000     0.0000    -5.1985    -5.2307     1.0000     0.0000    -6.2059    -6.8310     1.0000    -0.0624    -6.3230    -7.5858     1.0000     0.0611    -7.3105    -9.5441     1.0000     0.0624    -7.4217   -10.2953     1.0000    -0.1235    -8.6842   -12.3789     1.0000     0.0612    -8.5046   -13.4041     1.0000     0.0000    -9.7953   -15.5865     1.0000     0.0000    -9.6740   -16.1457     1.0000     0.0000   -10.6011   -19.0382     1.0000     0.0000   -10.4848   -19.0027     1.0000     0.0000   -11.1946   -21.3702     1.0000     0.0617   -10.7379   -21.5298     1.0000    -0.0620   -11.1917   -22.8993     1.0000    -0.0613   -10.3776   -22.9367     1.0000     0.0625   -10.0944   -22.8951     1.0000     0.0000    -8.7937   -21.6196     1.0000    -0.1210    -7.9114   -20.7931     1.0000    -0.1450    -5.9713   -17.1468     1.0000
   -0.0232    -3.9985     1.0753     1.0000     0.0922    -4.1518     1.6258     1.0000     0.0000    -3.9408     1.2066     1.0000     0.0000    -3.6956     0.8227     1.0000     0.0464    -3.5364     0.4582     1.0000    -0.0923    -3.3260     0.1299     1.0000     0.0459    -3.1784    -0.1887     1.0000     0.0464    -2.9774    -0.4715     1.0000    -0.0923    -2.8348    -0.7339     1.0000     0.0459    -2.6776    -0.9877     1.0000     0.0464    -2.4506    -1.1766     1.0000    -0.0459    -2.3052    -1.3829     1.0000     0.0000    -2.1430    -1.5317     1.0000     0.0000    -1.9124    -1.6657     1.0000     0.0000    -1.7135    -1.7407     1.0000    -0.0463    -1.5803    -1.8658     1.0000     0.0923    -1.2289    -1.7949     1.0000    -0.0461    -1.0938    -1.8588     1.0000    -0.0462    -0.8779    -1.8004     1.0000     0.0461    -0.6262    -1.7170     1.0000     0.0000    -0.3498    -1.5927     1.0000     0.0000    -0.1698    -1.4754     1.0000     0.0461     0.1216    -1.2382     1.0000    -0.0923     0.2760    -1.0811     1.0000     0.0464     0.5906    -0.8080     1.0000     0.0459     0.8165    -0.4853     1.0000    -0.0464     1.0014    -0.2332     1.0000     0.0000     1.2784     0.1254     1.0000     0.0000     1.3568     0.4038     1.0000     0.0000     1.7658     0.9696     1.0000    -0.0458     1.6714     1.0927     1.0000     0.0466     2.2336     1.8358     1.0000     0.0457     2.0774     1.8775     1.0000    -0.0923     2.4508     2.7409     1.0000     0.0467     2.4680     2.7786     1.0000     0.0457     2.6830     3.5453     1.0000    -0.0923     2.8640     3.9406     1.0000     0.0467     2.8770     4.3183     1.0000     0.0000     3.2887     5.0645     1.0000     0.0457     3.0477     5.3624     1.0000    -0.0923     3.4841     6.0815     1.0000     0.0466     3.4714     6.6593     1.0000     0.0000     3.8808     7.3335     1.0000     0.0000     3.8076     7.9117     1.0000     0.0000     4.1596     8.9601     1.0000     0.0000     4.5410     9.6544     1.0000     0.0000     4.6086    10.5819     1.0000     0.0000     5.2194    12.1326     1.0000     0.0000     5.4693    12.8987     1.0000     0.0000     6.1662    14.9550     1.0000     0.0465     6.6022    16.3837     1.0000    -0.0923     7.2766    18.4177     1.0000     0.0455     8.3935    21.1005     1.0000     0.0000     9.0357    23.4405     1.0000     0.0472    10.4353    27.0759     1.0000    -0.0449    11.5728    30.5823     1.0000     0.0000    12.8569    34.4696     1.0000    -0.0478    14.9256    40.2241     1.0000     0.0442    16.7269    45.4898     1.0000     0.0000    18.6859    51.4653     1.0000     0.0000    21.5021    59.9867     1.0000     0.0000    24.1048    67.8994     1.0000     0.0492    27.2777    77.5200     1.0000     0.0679    30.6184    87.3528     1.0000
   -0.0149     1.6001    -1.5428     1.0000     0.0585     1.7105    -1.7774     1.0000     0.0000     1.6928    -1.5908     1.0000     0.0000     1.7549    -1.3919     1.0000     0.0000     1.7130    -1.2056     1.0000     0.0000     1.7729    -1.0064     1.0000    -0.0584     1.7350    -0.8081     1.0000     0.0587     1.6944    -0.6390     1.0000     0.0583     1.7814    -0.4172     1.0000    -0.0587     1.6934    -0.2566     1.0000     0.0000     1.7067    -0.0694     1.0000    -0.0582     1.6214     0.1077     1.0000     0.1170     1.7104     0.3039     1.0000    -0.0588     1.5594     0.4119     1.0000     0.0000     1.6800     0.6865     1.0000     0.0000     1.4790     0.7104     1.0000     0.0000     1.6371     1.0017     1.0000     0.0000     1.4242     1.0246     1.0000     0.0000     1.5007     1.2405     1.0000     0.0000     1.5322     1.4502     1.0000    -0.0582     1.3264     1.4400     1.0000     0.0588     1.4226     1.6433     1.0000     0.0582     1.4946     1.9402     1.0000    -0.0588     1.2606     1.7330     1.0000    -0.0583     1.3994     2.2175     1.0000     0.1170     1.2639     2.0906     1.0000    -0.1170     1.3623     2.4281     1.0000     0.1170     1.3012     2.3687     1.0000    -0.1170     1.2977     2.6494     1.0000     0.0586     1.2829     2.7535     1.0000     0.0000     1.2765     2.8402     1.0000     0.0585     1.5297     3.3048     1.0000    -0.1170     1.0713     2.9174     1.0000     0.1170     1.5044     3.5217     1.0000    -0.1170     1.2572     3.5346     1.0000     0.1170     1.4029     3.7218     1.0000    -0.0583     1.5776     4.1482     1.0000     0.0000     1.3561     3.9768     1.0000    -0.0588     1.5541     4.5015     1.0000     0.1170     1.5709     4.5813     1.0000    -0.1170     1.6145     5.0225     1.0000     0.1170     1.6732     5.1385     1.0000    -0.0580     1.9533     5.6776     1.0000    -0.0590     1.6382     5.7555     1.0000     0.1170     2.1116     6.1725     1.0000    -0.1170     1.9429     6.7291     1.0000     0.1170     2.1439     6.9023     1.0000    -0.0577     2.4621     7.5132     1.0000    -0.0594     2.1756     7.8216     1.0000     0.1170     2.6214     8.6380     1.0000    -0.1170     2.5401     8.7223     1.0000     0.0574     2.7811     9.5384     1.0000     0.0597     3.2434    10.6462     1.0000    -0.0572     2.6445     9.8992     1.0000     0.0000     3.6520    12.2157     1.0000     0.0000     3.4840    12.1460     1.0000    -0.0600     3.0601    12.3645     1.0000     0.0569     4.5467    14.6026     1.0000     0.0602     3.5270    14.0137     1.0000    -0.0567     4.5599    16.4011     1.0000     0.0000     4.4343    16.1361     1.0000     0.0000     4.4549    17.5220     1.0000    -0.1817     4.8270    18.5764     1.0000    -0.2389     5.1121    19.6385     1.0000
    0.0000    -7.5138     2.6436     1.0000     0.0000    -7.5319     3.4744     1.0000     0.0000    -7.0126     2.8581     1.0000     0.0586    -6.5407     2.2974     1.0000    -0.1166    -6.2003     1.7697     1.0000     0.0578    -5.8817     1.2852     1.0000     0.0000    -5.6055     0.8137     1.0000     0.0000    -5.3740     0.3788     1.0000     0.0000    -5.1901    -0.0427     1.0000     0.0000    -4.9865    -0.4506     1.0000     0.0000    -4.8078    -0.8193     1.0000     0.0000    -4.6019    -1.1946     1.0000     0.0000    -4.4381    -1.5125     1.0000     0.0000    -4.2368    -1.8411     1.0000     0.0000    -4.0329    -2.1055     1.0000     0.0000    -3.7585    -2.3473     1.0000     0.0000    -3.5437    -2.5606     1.0000     0.0589    -3.3446    -2.7686     1.0000    -0.1166    -2.9350    -2.8187     1.0000     0.0578    -2.7759    -2.9986     1.0000     0.0000    -2.2654    -2.9179     1.0000     0.0587    -2.1264    -3.0293     1.0000    -0.1166    -1.6373    -2.8644     1.0000     0.0580    -1.3014    -2.7828     1.0000     0.0000    -1.0389    -2.6768     1.0000     0.0000    -0.4530    -2.3256     1.0000     0.0000    -0.2746    -2.2179     1.0000     0.0000     0.3061    -1.7736     1.0000     0.0000     0.4904    -1.5345     1.0000     0.0000     1.0903    -1.0027     1.0000     0.0000     1.2218    -0.7160     1.0000     0.0000     1.8525    -0.0824     1.0000     0.0579     2.0041     0.2554     1.0000    -0.1166     2.3401     0.8693     1.0000     0.0588     2.7957     1.4475     1.0000     0.0000     3.0241     2.0044     1.0000     0.0000     3.3433     2.5425     1.0000     0.0000     3.3879     3.0228     1.0000     0.0000     4.0618     3.9420     1.0000     0.0000     3.9057     4.3637     1.0000     0.0000     4.3082     4.9883     1.0000     0.0000     4.4804     5.6451     1.0000     0.0000     4.5253     6.0770     1.0000     0.0000     4.9866     7.1888     1.0000     0.0000     4.9690     7.5479     1.0000     0.0000     5.2736     8.4133     1.0000     0.0000     5.3175     8.8137     1.0000     0.0000     5.8265    10.3281     1.0000     0.0000     5.8626    10.6512     1.0000     0.0579     6.3776    12.0078     1.0000    -0.1166     6.4778    12.6992     1.0000     0.0585     7.3089    14.6269     1.0000     0.0000     7.6222    15.7799     1.0000     0.0000     8.4405    17.7743     1.0000     0.0000     8.9839    19.1881     1.0000     0.0000    10.2583    22.6477     1.0000     0.0000    11.2850    24.7059     1.0000     0.0000    12.5079    28.2242     1.0000     0.0000    14.2867    32.4183     1.0000     0.0000    15.7917    36.2362     1.0000     0.0000    18.3453    42.4988     1.0000     0.0603    20.5363    47.8450     1.0000    -0.3591    23.1509    55.2330     1.0000    -0.4947    26.0581    62.2968     1.0000
    0.0425    21.4054   -14.2873     1.0000    -0.1638    29.5827   -16.7701     1.0000     0.0000    34.3237   -13.4437     1.0000    -0.0525    37.5417    -9.7350     1.0000     0.1083    39.4740    -5.8451     1.0000    -0.1083    40.2507    -1.9454     1.0000     0.1083    40.0896     1.8274     1.0000    -0.0575    39.1132     5.3615     1.0000     0.0000    37.4651     8.5740     1.0000     0.0000    35.3335    11.4154     1.0000     0.0000    32.7344    13.8206     1.0000     0.0000    29.8768    15.7838     1.0000     0.0000    26.7916    17.3124     1.0000     0.0000    23.5770    18.3683     1.0000    -0.0495    20.3010    19.0048     1.0000     0.0589    17.1889    19.3084     1.0000     0.0494    13.8069    19.0416     1.0000    -0.1083    11.0705    18.7971     1.0000     0.1083     7.8887    17.8319     1.0000    -0.1083     5.4545    17.0769     1.0000     0.1083     2.7781    15.7136     1.0000    -0.0586     0.8377    14.5980     1.0000    -0.0498    -1.5018    12.9789     1.0000     0.0583    -2.8407    11.7843     1.0000     0.0501    -4.6625    10.0386     1.0000    -0.1083    -5.5797     8.8384     1.0000     0.1083    -6.8797     7.2183     1.0000    -0.0576    -7.2717     6.1336     1.0000     0.0000    -8.1978     4.6471     1.0000     0.0000    -8.1796     3.8591     1.0000    -0.0513    -8.7344     2.5361     1.0000     0.1083    -8.4171     2.0470     1.0000    -0.0565    -8.6970     0.9759     1.0000     0.0000    -8.1568     0.6724     1.0000    -0.0523    -8.3483    -0.2320     1.0000     0.1083    -7.5830    -0.2318     1.0000    -0.1083    -7.7724    -1.1629     1.0000     0.1083    -7.1312    -0.9903     1.0000    -0.0550    -7.2366    -1.9573     1.0000    -0.0534    -6.7434    -1.9223     1.0000     0.1083    -6.9899    -2.8672     1.0000    -0.1083    -6.7220    -3.2770     1.0000     0.1083    -7.0852    -4.3402     1.0000    -0.0541    -7.1637    -5.1525     1.0000    -0.0544    -7.8954    -6.7079     1.0000     0.1083    -7.9500    -7.8736     1.0000    -0.0537    -9.1830   -10.1836     1.0000    -0.0547    -9.5426   -11.6604     1.0000     0.1083   -10.7793   -14.6449     1.0000    -0.0534   -11.4953   -16.6890     1.0000     0.0000   -12.9967   -20.1896     1.0000     0.0000   -13.6326   -22.6244     1.0000    -0.0548   -15.2583   -26.4032     1.0000     0.1083   -15.7414   -28.9817     1.0000    -0.0536   -17.1740   -32.7600     1.0000    -0.0545   -17.5102   -34.9940     1.0000     0.1083   -18.1581   -38.1592     1.0000    -0.0542   -18.1583   -39.3089     1.0000    -0.0539   -17.9115   -41.0545     1.0000     0.1083   -16.7053   -40.0584     1.0000    -0.0550   -15.2682   -39.3591     1.0000    -0.0529   -12.6740   -35.1395     1.0000     0.1083    -9.0405   -29.6235     1.0000     0.1402    -3.8404   -18.5133     1.0000
   -0.0607    -6.5863     5.1468     1.0000    -0.0603    -6.1781     5.9180     1.0000    -0.0607    -5.4643     5.4059     1.0000     0.0599    -4.9264     4.9600     1.0000     0.0610    -4.3952     4.5793     1.0000    -0.1208    -4.0826     4.2260     1.0000     0.1208    -3.6806     3.9252     1.0000    -0.0594    -3.5120     3.6232     1.0000    -0.0615    -3.3255     3.3427     1.0000     0.0592    -3.1193     3.0935     1.0000     0.0000    -3.1132     2.7925     1.0000     0.0000    -3.0311     2.5364     1.0000     0.0000    -3.0237     2.2337     1.0000     0.0000    -2.9541     1.9906     1.0000     0.0620    -3.0853     1.6243     1.0000    -0.1208    -3.0552     1.3579     1.0000     0.0587    -3.1362     1.0446     1.0000     0.0000    -3.1704     0.6653     1.0000     0.0000    -3.2195     0.3844     1.0000     0.0000    -3.2825    -0.0057     1.0000     0.0621    -3.2955    -0.3190     1.0000    -0.1208    -3.4548    -0.6726     1.0000     0.0586    -3.3451    -1.0844     1.0000     0.0000    -3.3409    -1.2442     1.0000     0.0621    -3.5066    -1.8160     1.0000    -0.0587    -3.3576    -1.9467     1.0000     0.0000    -3.4630    -2.3539     1.0000     0.0000    -3.2963    -2.5937     1.0000    -0.0620    -3.3071    -2.9227     1.0000     0.0588    -3.2311    -3.0744     1.0000     0.0000    -3.0310    -3.3031     1.0000     0.0000    -3.1952    -3.6629     1.0000     0.0000    -2.6040    -3.4576     1.0000     0.0617    -3.0391    -4.0641     1.0000    -0.0591    -2.3964    -3.6814     1.0000    -0.0616    -2.4480    -3.9203     1.0000     0.1208    -2.4300    -4.2135     1.0000    -0.0593    -1.7419    -3.5925     1.0000    -0.0614    -2.2038    -4.1905     1.0000     0.0594    -1.3010    -3.4835     1.0000     0.0000    -1.6549    -3.8584     1.0000     0.0000    -0.9899    -3.2350     1.0000     0.0612    -1.0220    -3.3522     1.0000    -0.1208    -0.6457    -2.9327     1.0000     0.0597    -0.3651    -2.6092     1.0000     0.0609    -0.4109    -2.5325     1.0000    -0.1208     0.1837    -1.7095     1.0000     0.0599     0.1488    -2.0966     1.0000     0.0607     0.7998    -0.7511     1.0000    -0.0601     0.4619    -1.1160     1.0000    -0.0606     1.1272    -0.1927     1.0000     0.0602     1.2500     0.2649     1.0000     0.0000     1.2838     0.3423     1.0000     0.0000     1.8568     1.3891     1.0000     0.0000     1.7097     1.4458     1.0000     0.0000     2.1641     2.4089     1.0000     0.0000     2.0930     2.4503     1.0000     0.0000     2.5557     3.6068     1.0000     0.0000     2.3689     3.3497     1.0000     0.0000     2.9074     4.6386     1.0000     0.0000     2.9049     5.1897     1.0000     0.0000     2.9157     5.0693     1.0000     0.0000     3.1822     6.2614     1.0000     0.0000     3.2320     6.5263     1.0000
    0.0770    12.5543    -6.3850     1.0000     0.0005    14.8252    -7.6832     1.0000     0.0623    15.6662    -6.3699     1.0000    -0.0609    16.1226    -5.0133     1.0000     0.1235    16.2771    -3.6514     1.0000    -0.0631    16.1316    -2.3248     1.0000     0.0000    15.7614    -1.0667     1.0000     0.0601    15.2099     0.1186     1.0000    -0.1235    14.4949     1.1861     1.0000     0.0637    13.6629     2.1579     1.0000    -0.0597    12.7348     2.9832     1.0000     0.1235    11.7708     3.7153     1.0000    -0.0045    10.7530     4.3133     1.0000    -0.1235     9.6646     4.7601     1.0000     0.0046     8.6589     5.1456     1.0000     0.1830     7.6653     5.3973     1.0000    -0.1876     6.6109     5.5272     1.0000     0.0641     5.7524     5.6516     1.0000     0.0000     4.6546     5.4967     1.0000     0.0000     4.1594     5.6782     1.0000     0.0000     2.9212     5.1822     1.0000     0.0000     2.7175     5.3910     1.0000     0.0598     1.5720     4.7895     1.0000    -0.0637     1.4109     4.8864     1.0000    -0.0599     0.4450     4.3192     1.0000     0.0635     0.4716     4.3004     1.0000     0.0000    -0.3754     3.7437     1.0000     0.0000    -0.3293     3.7779     1.0000     0.0000    -1.0705     3.0866     1.0000     0.0000    -0.8246     3.2363     1.0000     0.0000    -1.5916     2.5052     1.0000     0.0608    -1.2695     2.6369     1.0000    -0.0626    -1.9788     1.9280     1.0000     0.0000    -1.6345     2.0067     1.0000    -0.0612    -2.3517     1.2374     1.0000     0.0622    -1.9902     1.4498     1.0000     0.0615    -2.5517     0.4773     1.0000    -0.0620    -2.4528     0.6378     1.0000    -0.0617    -3.1347    -0.4370     1.0000     0.0617    -2.8201    -0.3396     1.0000     0.0000    -3.6799    -1.4636     1.0000     0.0000    -3.4455    -1.6815     1.0000     0.0000    -4.3448    -2.9683     1.0000     0.0622    -4.2357    -3.0272     1.0000    -0.1235    -5.2915    -4.8910     1.0000     0.0612    -5.0980    -5.2069     1.0000     0.0623    -6.1943    -6.7626     1.0000    -0.0612    -6.3162    -7.6098     1.0000     0.0000    -7.3721    -9.5796     1.0000     0.0000    -7.4335   -10.2758     1.0000     0.0000    -8.5502   -12.3040     1.0000     0.0000    -8.5837   -13.3623     1.0000     0.0000    -9.7526   -15.6226     1.0000     0.0000    -9.6192   -16.1435     1.0000    -0.0621   -10.6258   -18.8925     1.0000     0.0615   -10.4487   -19.0393     1.0000     0.0619   -11.1560   -21.2748     1.0000    -0.1235   -10.8245   -21.6291     1.0000     0.0620   -11.0555   -22.6656     1.0000     0.0000   -10.2391   -22.8763     1.0000     0.0000   -10.2331   -22.8925     1.0000     0.0000    -8.7288   -21.5770     1.0000    -0.1210    -7.8948   -20.7899     1.0000    -0.1450    -5.9682   -17.1536     1.0000
   -0.1502    -3.9961     1.0589     1.0000     0.1384    -4.1439     1.6077     1.0000    -0.0923    -3.9392     1.1895     1.0000     0.0460    -3.6847     0.8058     1.0000     0.0000    -3.5365     0.4422     1.0000     0.0000    -3.3071     0.1154     1.0000     0.0000    -3.1847    -0.2047     1.0000     0.0464    -2.9632    -0.4838     1.0000    -0.0923    -2.8283    -0.7475     1.0000     0.0923    -2.6670    -0.9988     1.0000    -0.0459    -2.4463    -1.1902     1.0000    -0.0464    -2.3229    -1.3930     1.0000     0.0459    -2.0987    -1.5384     1.0000     0.0000    -1.9100    -1.6722     1.0000     0.0464    -1.6818    -1.7389     1.0000    -0.0923    -1.5823    -1.8719     1.0000     0.0460    -1.2410    -1.8046     1.0000     0.0463    -1.0606    -1.8427     1.0000    -0.0923    -0.8490    -1.8121     1.0000     0.0462    -0.6066    -1.7041     1.0000     0.0461    -0.3496    -1.5849     1.0000    -0.0923    -0.1375    -1.4754     1.0000     0.0463     0.1027    -1.2254     1.0000     0.0460     0.3326    -1.0598     1.0000    -0.0923     0.5795    -0.8000     1.0000     0.0923     0.8376    -0.4584     1.0000    -0.0923     1.0139    -0.2502     1.0000     0.0465     1.2823     0.1806     1.0000     0.0000     1.3980     0.4166     1.0000     0.0458     1.7977     0.9986     1.0000    -0.0923     1.6712     1.0929     1.0000     0.0466     2.2201     1.8721     1.0000     0.0000     2.1039     1.8780     1.0000     0.0000     2.4968     2.7797     1.0000     0.0000     2.4241     2.8243     1.0000     0.0457     2.7276     3.5376     1.0000    -0.0923     2.8528     3.9554     1.0000     0.0467     2.9026     4.3561     1.0000     0.0000     3.2259     5.0789     1.0000     0.0000     3.1228     5.3773     1.0000     0.0457     3.5148     6.1485     1.0000    -0.0923     3.4011     6.5863     1.0000     0.0465     3.9054     7.3837     1.0000     0.0459     3.8919     7.9677     1.0000    -0.0464     4.0279     8.9314     1.0000     0.0000     4.6159     9.6940     1.0000    -0.0461     4.5514    10.5702     1.0000     0.0923     5.3107    12.1460     1.0000    -0.0923     5.3615    12.9330     1.0000     0.0459     6.2430    14.9520     1.0000     0.0465     6.5625    16.4317     1.0000    -0.0923     7.3486    18.4206     1.0000     0.0455     8.3398    21.1393     1.0000     0.0470     9.1423    23.5813     1.0000    -0.0923    10.2812    26.9413     1.0000     0.0449    11.7126    30.7277     1.0000     0.0000    12.8347    34.5840     1.0000     0.0000    15.0650    40.3568     1.0000     0.0000    16.7056    45.5483     1.0000     0.0000    18.7263    51.6285     1.0000     0.0000    21.6235    60.1025     1.0000     0.0000    24.1027    68.1173     1.0000     0.1477    27.4624    77.9518     1.0000     0.2038    30.8748    87.8941     1.0000
   -0.0286     1.6184    -1.5656     1.0000    -0.1754     1.7098    -1.8014     1.0000    -0.0585     1.7091    -1.6136     1.0000     0.1170     1.7790    -1.4109     1.0000    -0.1170     1.7134    -1.2266     1.0000     0.1170     1.8062    -1.0226     1.0000    -0.0587     1.7529    -0.8227     1.0000    -0.0583     1.6924    -0.6538     1.0000     0.1170     1.8040    -0.4301     1.0000    -0.1170     1.7137    -0.2627     1.0000     0.1170     1.7264    -0.0747     1.0000    -0.0588     1.6489     0.1013     1.0000     0.0000     1.6987     0.2927     1.0000     0.0000     1.5962     0.4189     1.0000     0.0000     1.7064     0.6729     1.0000     0.0000     1.4369     0.7217     1.0000     0.0000     1.7019     1.0024     1.0000    -0.0582     1.4200     1.0233     1.0000     0.0588     1.5156     1.2463     1.0000     0.0582     1.5889     1.4585     1.0000    -0.0588     1.3223     1.4504     1.0000     0.0000     1.4122     1.6537     1.0000     0.0000     1.4972     1.9283     1.0000    -0.0582     1.2530     1.7347     1.0000     0.0587     1.4393     2.2628     1.0000     0.0583     1.2960     2.0816     1.0000    -0.0587     1.3840     2.4517     1.0000     0.0000     1.2808     2.3648     1.0000    -0.0584     1.2715     2.6704     1.0000     0.0586     1.3327     2.7514     1.0000     0.0000     1.2868     2.8612     1.0000     0.0585     1.5006     3.3216     1.0000    -0.1170     1.1201     2.9314     1.0000     0.1170     1.4554     3.5637     1.0000    -0.0584     1.3256     3.5156     1.0000    -0.0586     1.3138     3.7126     1.0000     0.1170     1.7267     4.2222     1.0000    -0.0583     1.2864     3.9717     1.0000     0.0000     1.5884     4.5639     1.0000     0.0000     1.5385     4.4999     1.0000    -0.0589     1.6446     5.1283     1.0000     0.1170     1.7123     5.0888     1.0000    -0.1170     1.8606     5.7721     1.0000     0.0580     1.7781     5.7967     1.0000     0.0591     2.0501     6.1634     1.0000    -0.0578     1.9598     6.8270     1.0000    -0.0592     2.1287     6.7674     1.0000     0.0577     2.4539     7.6971     1.0000     0.0594     2.3693     7.9513     1.0000    -0.0576     2.4976     8.4930     1.0000     0.0000     2.6575     8.9002     1.0000     0.0000     2.7538     9.6194     1.0000     0.0000     3.1738    10.6062     1.0000     0.0000     2.7723     9.9790     1.0000     0.0000     3.6871    12.3629     1.0000    -0.0599     3.3624    12.3056     1.0000     0.0570     3.3182    12.4294     1.0000     0.0601     4.5370    14.7946     1.0000    -0.0568     3.4705    14.0916     1.0000    -0.0603     4.5862    16.2637     1.0000     0.1170     4.6738    16.7468     1.0000    -0.0565     4.3004    17.3265     1.0000    -0.1817     4.9736    18.9593     1.0000    -0.2243     5.3449    20.1938     1.0000
    0.0000    -7.5140     2.6419     1.0000     0.0000    -7.5485     3.4733     1.0000     0.0000    -7.0163     2.8564     1.0000     0.0000    -6.5473     2.2945     1.0000     0.0000    -6.2109     1.7671     1.0000     0.0000    -5.8826     1.2821     1.0000     0.0589    -5.6121     0.8088     1.0000    -0.1166    -5.4002     0.3734     1.0000     0.0576    -5.1704    -0.0466     1.0000     0.0000    -5.0139    -0.4597     1.0000     0.0000    -4.7950    -0.8236     1.0000     0.0000    -4.6351    -1.2044     1.0000     0.0000    -4.4228    -1.5132     1.0000     0.0000    -4.2409    -1.8548     1.0000     0.0590    -4.0276    -2.1072     1.0000    -0.1166    -3.7853    -2.3616     1.0000     0.0577    -3.5613    -2.5666     1.0000     0.0000    -3.3209    -2.7800     1.0000     0.0000    -2.9212    -2.8174     1.0000     0.0000    -2.7856    -3.0099     1.0000     0.0588    -2.2701    -2.9159     1.0000    -0.1166    -2.1715    -3.0597     1.0000     0.0580    -1.5731    -2.8496     1.0000     0.0000    -1.3044    -2.7843     1.0000     0.0000    -1.0706    -2.6965     1.0000     0.0000    -0.3967    -2.3050     1.0000     0.0000    -0.3143    -2.2528     1.0000     0.0000     0.3340    -1.7311     1.0000     0.0000     0.4920    -1.5659     1.0000     0.0581     1.1220    -0.9784     1.0000    -0.0586     1.2017    -0.7180     1.0000    -0.0580     1.8352    -0.0851     1.0000     0.1166     2.0504     0.2550     1.0000    -0.1166     2.3331     0.8859     1.0000     0.0588     2.8565     1.4714     1.0000     0.0000     3.0008     2.0007     1.0000     0.0000     3.3294     2.5319     1.0000     0.0000     3.4394     3.0765     1.0000     0.0000     3.9811     3.9353     1.0000     0.0000     4.0670     4.3671     1.0000     0.0000     4.2084     5.0078     1.0000     0.0000     4.5218     5.6619     1.0000     0.0000     4.4821     6.0827     1.0000     0.0000     5.0500     7.2031     1.0000     0.0000     5.0030     7.5497     1.0000     0.0000     5.2006     8.4272     1.0000     0.0000     5.3217     8.8428     1.0000     0.0000     5.8780    10.3187     1.0000     0.0000     5.8670    10.6593     1.0000     0.0000     6.3220    11.9808     1.0000     0.0000     6.5402    12.7885     1.0000     0.0000     7.2957    14.6125     1.0000     0.0000     7.5988    15.6878     1.0000     0.0000     8.4345    17.8291     1.0000     0.0000     9.0052    19.2342     1.0000     0.0000    10.2696    22.6173     1.0000     0.0000    11.2262    24.7041     1.0000     0.0000    12.6346    28.2425     1.0000     0.0000    14.1883    32.3943     1.0000     0.0000    15.7850    36.2834     1.0000     0.0000    18.3503    42.5164     1.0000     0.0000    20.5156    47.8147     1.0000     0.0000    23.5428    55.4417     1.0000     0.0000    26.5898    62.5893     1.0000
    0.2199    21.4017   -14.2892     1.0000    -0.3266    29.5711   -16.7712     1.0000     0.1083    34.3197   -13.4453     1.0000    -0.0557    37.5419    -9.7369     1.0000    -0.0520    39.4581    -5.8482     1.0000     0.0567    40.2637    -1.9466     1.0000     0.0000    40.0710     1.8248     1.0000     0.0000    39.1289     5.3615     1.0000     0.0505    37.4934     8.5755     1.0000    -0.0580    35.3116    11.4146     1.0000     0.0000    32.7540    13.8241     1.0000    -0.0498    29.8803    15.7864     1.0000     0.1083    26.8136    17.3238     1.0000    -0.0587    23.5828    18.3669     1.0000     0.0000    20.3279    19.0220     1.0000    -0.0494    17.1724    19.3105     1.0000     0.1083    13.8559    19.0578     1.0000    -0.1083    11.0830    18.8035     1.0000     0.1083     7.8531    17.8593     1.0000    -0.1083     5.5375    17.0800     1.0000     0.1083     2.7310    15.7330     1.0000    -0.0586     0.8824    14.6123     1.0000     0.0000    -1.5061    13.0015     1.0000    -0.0499    -2.8456    11.7760     1.0000     0.1083    -4.6464    10.0621     1.0000    -0.0580    -5.5434     8.8662     1.0000     0.0000    -6.9165     7.2093     1.0000    -0.0507    -7.3348     6.1304     1.0000     0.0574    -8.0977     4.6819     1.0000     0.0000    -8.2420     3.8507     1.0000     0.0000    -8.6848     2.5667     1.0000     0.0516    -8.4464     2.0357     1.0000    -0.1083    -8.7474     0.9387     1.0000     0.1083    -8.1161     0.7089     1.0000    -0.1083    -8.3852    -0.2499     1.0000     0.0558    -7.6383    -0.2588     1.0000     0.0000    -7.7020    -1.1462     1.0000     0.0530    -7.1980    -1.0052     1.0000    -0.0551    -7.2261    -1.9761     1.0000     0.0000    -6.7556    -1.8972     1.0000    -0.0537    -7.0450    -2.9925     1.0000     0.1083    -6.6009    -3.1512     1.0000    -0.1083    -7.3132    -4.4594     1.0000     0.1083    -6.9562    -5.0944     1.0000    -0.0539    -7.9781    -6.6783     1.0000     0.0000    -7.9886    -7.9877     1.0000     0.0000    -9.1515   -10.1523     1.0000     0.0000    -9.5180   -11.5765     1.0000    -0.0548   -10.8454   -14.7205     1.0000     0.1083   -11.4112   -16.6261     1.0000    -0.0534   -13.0114   -20.1752     1.0000     0.0000   -13.6032   -22.5726     1.0000    -0.0548   -15.2603   -26.4157     1.0000     0.1083   -15.7210   -28.8954     1.0000    -0.1083   -17.1311   -32.7908     1.0000     0.1083   -17.3960   -34.7164     1.0000    -0.0539   -18.3418   -38.3101     1.0000     0.0000   -18.0005   -39.2042     1.0000     0.0000   -17.8409   -40.9541     1.0000     0.0000   -16.7235   -40.1253     1.0000    -0.0533   -15.3752   -39.2188     1.0000     0.0554   -12.4891   -35.0030     1.0000    -0.1573    -9.3900   -29.9545     1.0000    -0.1971    -4.3025   -18.9506     1.0000
   -0.1363    -6.5853     5.1451     1.0000    -0.0601    -6.1957     5.9164     1.0000    -0.1208    -5.4674     5.4042     1.0000     0.0599    -4.9429     4.9556     1.0000     0.0610    -4.3978     4.5765     1.0000    -0.1208    -4.0973     4.2204     1.0000     0.0595    -3.6926     3.9194     1.0000     0.0000    -3.5271     3.6155     1.0000     0.0000    -3.3093     3.3369     1.0000     0.0000    -3.1466     3.0857     1.0000     0.0617    -3.1134     2.7792     1.0000    -0.0590    -3.0506     2.5287     1.0000    -0.0618    -3.0389     2.2208     1.0000     0.0588    -2.9603     1.9773     1.0000     0.0000    -3.1131     1.6069     1.0000     0.0620    -3.0071     1.3614     1.0000    -0.1208    -3.1893     1.0145     1.0000     0.1208    -3.1723     0.6517     1.0000    -0.0587    -3.2277     0.3694     1.0000    -0.0621    -3.2934    -0.0205     1.0000     0.0586    -3.3182    -0.3415     1.0000     0.0000    -3.3927    -0.6765     1.0000     0.0000    -3.4241    -1.1082     1.0000     0.0000    -3.3054    -1.2635     1.0000     0.0000    -3.5227    -1.8338     1.0000     0.0621    -3.3815    -1.9457     1.0000    -0.1208    -3.4165    -2.3956     1.0000     0.1208    -3.3074    -2.5784     1.0000    -0.0588    -3.2813    -2.9197     1.0000    -0.0619    -3.2906    -3.1310     1.0000     0.0589    -2.9933    -3.3126     1.0000     0.0000    -3.2096    -3.6066     1.0000     0.0618    -2.5786    -3.4991     1.0000    -0.1208    -3.0996    -4.0893     1.0000     0.1208    -2.2221    -3.6711     1.0000    -0.0591    -2.5965    -3.8852     1.0000    -0.0616    -2.4017    -4.3035     1.0000     0.0593    -1.7129    -3.5143     1.0000     0.0000    -2.0975    -4.1529     1.0000     0.0614    -1.2993    -3.4879     1.0000    -0.1208    -1.7415    -3.8718     1.0000     0.1208    -0.8597    -3.1737     1.0000    -0.1208    -1.1415    -3.4485     1.0000     0.0597    -0.5622    -2.7949     1.0000     0.0000    -0.3659    -2.6235     1.0000     0.0000    -0.3797    -2.5240     1.0000     0.0609     0.3102    -1.6279     1.0000    -0.0599     0.0821    -2.1119     1.0000     0.0000     0.7491    -0.6750     1.0000     0.0000     0.5883    -1.1075     1.0000     0.0000     1.1559    -0.1420     1.0000    -0.0606     1.1284     0.2548     1.0000     0.1208     1.4761     0.4179     1.0000    -0.1208     1.7698     1.4507     1.0000     0.0603     1.6995     1.4831     1.0000     0.0000     2.2445     2.3891     1.0000     0.0603     2.1878     2.6466     1.0000    -0.1208     2.4432     3.5149     1.0000     0.0605     2.3957     3.4844     1.0000     0.0602     3.0829     4.6580     1.0000    -0.0606     2.7465     5.2770     1.0000     0.0000     2.9664     5.0437     1.0000     0.0602     3.3284     6.3196     1.0000     0.0748     3.4012     6.6050     1.0000
   -0.0158    12.5446    -6.3868     1.0000     0.0620    14.8156    -7.6840     1.0000     0.0000    15.6570    -6.3714     1.0000    -0.0609    16.1174    -5.0152     1.0000     0.1235    16.2756    -3.6532     1.0000    -0.0631    16.1281    -2.3281     1.0000    -0.0603    15.7480    -1.0683     1.0000     0.1235    15.2204     0.1167     1.0000    -0.0636    14.4980     1.1816     1.0000    -0.0598    13.6342     2.1567     1.0000     0.1235    12.7895     2.9841     1.0000    -0.0639    11.7376     3.7109     1.0000     0.0000    10.7272     4.3085     1.0000     0.0000     9.7106     4.7718     1.0000    -0.0594     8.6509     5.1362     1.0000     0.1235     7.6713     5.3927     1.0000    -0.1235     6.5950     5.5355     1.0000     0.1235     5.7948     5.6512     1.0000    -0.1235     4.5998     5.4909     1.0000     0.0640     4.2159     5.6861     1.0000    -0.0596     2.9017     5.1718     1.0000     0.1832     2.7392     5.4132     1.0000    -0.1873     1.5137     4.7711     1.0000     0.1235     1.4842     4.9024     1.0000    -0.1235     0.4346     4.3069     1.0000     0.0635     0.4705     4.3150     1.0000     0.0000    -0.4377     3.7303     1.0000     0.0000    -0.2692     3.7906     1.0000     0.0604    -1.0283     3.0809     1.0000    -0.0630    -0.9134     3.2014     1.0000    -0.1213    -1.6292     2.5164     1.0000     0.2471    -1.1782     2.6494     1.0000    -0.1252    -2.0117     1.9210     1.0000    -0.0611    -1.6922     1.9700     1.0000     0.0623    -2.2836     1.2609     1.0000     0.0000    -1.9785     1.4444     1.0000     0.0000    -2.6889     0.4270     1.0000     0.0000    -2.3996     0.7124     1.0000     0.0000    -3.0694    -0.4759     1.0000     0.0000    -2.8770    -0.3799     1.0000     0.0619    -3.5968    -1.4271     1.0000    -0.1235    -3.6115    -1.7417     1.0000     0.0614    -4.2439    -2.9774     1.0000     0.0622    -4.2467    -2.9939     1.0000    -0.1235    -5.2691    -4.9328     1.0000     0.0612    -5.1712    -5.1546     1.0000     0.0000    -6.1513    -6.8414     1.0000     0.0624    -6.3222    -7.5286     1.0000    -0.1235    -7.3672    -9.6273     1.0000     0.0612    -7.4105   -10.2164     1.0000     0.0000    -8.4755   -12.3155     1.0000     0.0623    -8.5904   -13.3495     1.0000    -0.1235    -9.8515   -15.6180     1.0000     0.0613    -9.5328   -16.0782     1.0000     0.0621   -10.5214   -18.8599     1.0000    -0.0615   -10.5000   -18.9539     1.0000    -0.0619   -11.1934   -21.3486     1.0000     0.0618   -10.6953   -21.5504     1.0000     0.0615   -11.0187   -22.5903     1.0000    -0.1235   -10.3502   -22.8540     1.0000     0.0625   -10.1086   -22.8271     1.0000     0.0000    -8.6942   -21.5045     1.0000     0.0000    -7.7580   -20.6424     1.0000     0.0000    -5.8134   -16.9939     1.0000
    0.1386    -3.9904     1.0566     1.0000    -0.0923    -4.1625     1.6059     1.0000     0.0923    -3.9386     1.1873     1.0000    -0.0460    -3.6995     0.8030     1.0000    -0.0464    -3.5407     0.4378     1.0000     0.0923    -3.3172     0.1106     1.0000    -0.0459    -3.1863    -0.2095     1.0000    -0.0464    -2.9884    -0.4942     1.0000     0.0923    -2.8139    -0.7475     1.0000    -0.0459    -2.6776    -1.0088     1.0000    -0.0464    -2.4681    -1.2000     1.0000     0.0923    -2.2834    -1.3931     1.0000    -0.0459    -2.1311    -1.5526     1.0000    -0.0464    -1.9254    -1.6794     1.0000     0.0460    -1.6887    -1.7494     1.0000     0.0000    -1.5538    -1.8722     1.0000     0.0000    -1.2388    -1.8173     1.0000     0.0462    -1.0721    -1.8498     1.0000    -0.0923    -0.8403    -1.8071     1.0000     0.0462    -0.6190    -1.7211     1.0000     0.0000    -0.3500    -1.5874     1.0000     0.0000    -0.1387    -1.4663     1.0000     0.0000     0.1355    -1.2398     1.0000     0.0460     0.3384    -1.0473     1.0000    -0.0464     0.5904    -0.7987     1.0000    -0.0459     0.7851    -0.4902     1.0000     0.0465     1.0807    -0.2013     1.0000     0.0000     1.2869     0.1642     1.0000     0.0000     1.3867     0.4274     1.0000     0.0458     1.8196     1.0058     1.0000    -0.0923     1.6988     1.1041     1.0000     0.0466     2.1947     1.8760     1.0000     0.0457     2.1543     1.8995     1.0000    -0.0467     2.4642     2.7990     1.0000    -0.0457     2.4313     2.8045     1.0000     0.0467     2.7236     3.5552     1.0000     0.0000     2.9462     4.0078     1.0000     0.0457     2.8776     4.3842     1.0000    -0.0923     3.2002     5.0326     1.0000     0.0466     3.0998     5.4235     1.0000     0.0000     3.5653     6.1241     1.0000     0.0000     3.4798     6.6908     1.0000     0.0000     3.8035     7.3434     1.0000     0.0000     3.8800     7.9906     1.0000     0.0000     4.1271     8.9195     1.0000     0.0000     4.5888     9.7511     1.0000     0.0461     4.6386    10.6459     1.0000    -0.0462     5.1950    12.0913     1.0000     0.0000     5.4834    12.9867     1.0000    -0.0464     6.0807    14.9924     1.0000     0.0458     6.6456    16.3687     1.0000     0.0467     7.5023    18.6399     1.0000    -0.0923     8.2064    21.0226     1.0000     0.0453     9.1698    23.6130     1.0000     0.0000    10.3884    27.1899     1.0000     0.0000    11.6689    30.6905     1.0000     0.0476    13.0152    34.7298     1.0000    -0.0445    14.9558    40.4048     1.0000    -0.0481    16.7688    45.6970     1.0000     0.0440    18.8405    51.8597     1.0000     0.0486    21.7369    60.3114     1.0000    -0.0923    24.1212    68.2155     1.0000     0.0923    27.5439    78.2907     1.0000     0.1522    30.9829    88.3396     1.0000
   -0.0878     1.6042    -1.5685     1.0000     0.0585     1.7087    -1.8034     1.0000    -0.0585     1.6976    -1.6163     1.0000     0.0000     1.7601    -1.4163     1.0000    -0.0584     1.7112    -1.2317     1.0000     0.0586     1.7758    -1.0294     1.0000     0.0584     1.7686    -0.8281     1.0000    -0.0587     1.7058    -0.6604     1.0000    -0.0583     1.7413    -0.4432     1.0000     0.1170     1.7579    -0.2650     1.0000    -0.0588     1.6964    -0.0860     1.0000     0.0000     1.6532     0.0913     1.0000     0.0000     1.7100     0.2880     1.0000     0.0000     1.5583     0.4056     1.0000     0.0000     1.7385     0.6737     1.0000     0.0000     1.4508     0.6997     1.0000     0.0000     1.6450     1.0008     1.0000    -0.0582     1.4590     1.0151     1.0000     0.1170     1.5367     1.2460     1.0000    -0.1170     1.5084     1.4503     1.0000     0.0588     1.3992     1.4341     1.0000     0.0000     1.3819     1.6544     1.0000     0.0582     1.5257     1.9371     1.0000    -0.0588     1.2873     1.7430     1.0000    -0.0583     1.3927     2.2278     1.0000     0.1170     1.3120     2.0886     1.0000    -0.0587     1.3800     2.4480     1.0000     0.0000     1.2571     2.3950     1.0000     0.0000     1.3485     2.6658     1.0000    -0.0584     1.3003     2.7075     1.0000     0.1170     1.3341     2.9249     1.0000    -0.0586     1.4106     3.2609     1.0000     0.0000     1.2555     2.9947     1.0000     0.0000     1.3142     3.4984     1.0000    -0.0586     1.4343     3.5567     1.0000     0.1170     1.3849     3.7997     1.0000    -0.0584     1.5984     4.1380     1.0000    -0.0587     1.2400     3.9401     1.0000     0.0583     1.7404     4.6539     1.0000     0.0588     1.5835     4.6020     1.0000    -0.0582     1.5988     5.0975     1.0000     0.0000     1.6563     5.0850     1.0000     0.0000     2.0176     5.7869     1.0000     0.0000     1.7040     5.8049     1.0000     0.0000     2.0404     6.1865     1.0000     0.0000     2.0318     6.8957     1.0000     0.0000     2.1768     6.9051     1.0000     0.0000     2.4234     7.6809     1.0000     0.0000     2.3645     7.9346     1.0000     0.0000     2.5236     8.6051     1.0000     0.0000     2.7217     9.0411     1.0000     0.0000     2.7982     9.5555     1.0000    -0.0597     3.1384    10.7502     1.0000     0.1170     2.9553    10.2291     1.0000    -0.0572     3.5613    12.3713     1.0000    -0.0599     3.5751    12.3696     1.0000     0.0570     3.3415    12.6646     1.0000     0.0601     4.4946    14.9417     1.0000    -0.0568     3.5270    14.1835     1.0000     0.0000     4.8276    16.6455     1.0000     0.0000     4.6009    16.7766     1.0000    -0.0605     4.3381    17.5762     1.0000     0.0564     5.3853    19.5843     1.0000     0.0899     5.8771    20.9530     1.0000
    0.0974    -8.4549     2.9775     1.0000    -0.3939    -8.5325     3.9139     1.0000     0.0000    -7.9657     3.2132     1.0000     0.0000    -7.4575     2.5733     1.0000     0.0000    -7.0666     1.9706     1.0000     0.0000    -6.7203     1.4164     1.0000     0.0000    -6.4080     0.8766     1.0000    -0.1327    -6.1567     0.3798     1.0000     0.2629    -5.8716    -0.0898     1.0000    -0.1300    -5.6896    -0.5612     1.0000    -0.1329    -5.4696    -0.9793     1.0000     0.2629    -5.1777    -1.3817     1.0000    -0.1300    -5.0271    -1.7503     1.0000     0.0000    -4.7469    -2.1157     1.0000     0.0000    -4.5478    -2.3994     1.0000    -0.1328    -4.2097    -2.6825     1.0000     0.2629    -3.9562    -2.8822     1.0000    -0.2629    -3.7349    -3.1591     1.0000     0.2629    -3.1988    -3.1447     1.0000    -0.1304    -3.1279    -3.4111     1.0000     0.0000    -2.4843    -3.2692     1.0000     0.0000    -2.3893    -3.4348     1.0000     0.0000    -1.8183    -3.2075     1.0000    -0.1320    -1.4193    -3.1422     1.0000     0.1311    -1.1548    -3.0159     1.0000     0.0000    -0.4860    -2.6108     1.0000     0.1315    -0.3021    -2.5400     1.0000    -0.1315     0.3871    -1.9651     1.0000     0.0000     0.4583    -1.8049     1.0000     0.0000     1.2503    -1.1676     1.0000     0.0000     1.3667    -0.8533     1.0000     0.0000     2.0016    -0.1310     1.0000     0.0000     2.1813     0.1912     1.0000     0.0000     2.6352     0.9087     1.0000    -0.1304     3.1060     1.5816     1.0000     0.1326     3.2835     2.1301     1.0000     0.0000     3.8034     2.8400     1.0000     0.1302     3.8649     3.3248     1.0000    -0.1328     4.4565     4.3861     1.0000    -0.1301     4.3264     4.7216     1.0000     0.2629     4.9109     5.6608     1.0000    -0.1329     5.0559     6.3476     1.0000     0.0000     5.0454     6.7620     1.0000    -0.1300     5.5689     8.0046     1.0000     0.2629     5.8539     8.6772     1.0000    -0.1328     5.8641     9.3883     1.0000    -0.1302     5.8755     9.9762     1.0000     0.2629     6.8723    11.6798     1.0000    -0.1324     6.5584    12.0868     1.0000     0.0000     7.1996    13.4608     1.0000     0.0000     7.3306    14.4299     1.0000     0.0000     8.2662    16.4113     1.0000     0.0000     8.5245    17.5750     1.0000     0.0000     9.3557    19.9181     1.0000    -0.1320     9.8304    21.1580     1.0000     0.1306    11.4374    25.0835     1.0000     0.0000    12.2399    27.1385     1.0000     0.1332    13.7754    30.8027     1.0000    -0.1292    15.1946    34.9921     1.0000     0.0000    16.7828    39.0358     1.0000    -0.1348    19.4024    45.4063     1.0000     0.1275    21.6830    50.8144     1.0000     0.1360    24.5882    58.6795     1.0000     0.1473    27.5727    65.8293     1.0000
    0.0475    24.3469   -16.0585     1.0000    -0.1839    32.6384   -18.8907     1.0000     0.0000    37.2895   -15.2846     1.0000     0.0592    40.4358   -11.3069     1.0000    -0.1217    42.2377    -7.1627     1.0000     0.0051    42.9482    -3.0167     1.0000     0.1217    42.6804     0.9879     1.0000    -0.1217    41.6198     4.7428     1.0000     0.1789    39.8994     8.1685     1.0000    -0.1295    37.6295    11.2033     1.0000    -0.0567    34.9609    13.7924     1.0000     0.1217    32.0262    15.9303     1.0000    -0.1217    28.7757    17.6295     1.0000     0.1217    25.5878    18.8297     1.0000    -0.0655    22.1462    19.5997     1.0000    -0.0561    18.9049    20.0334     1.0000     0.1217    15.4956    19.8711     1.0000    -0.1217    12.6383    19.7548     1.0000     0.0095     9.2532    18.8361     1.0000     0.1217     7.0182    18.2249     1.0000    -0.1217     3.8898    16.8423     1.0000     0.1781     2.2029    15.8722     1.0000    -0.1869    -0.5858    14.2059     1.0000     0.0651    -1.7659    13.0913     1.0000     0.0568    -3.8150    11.3314     1.0000    -0.1787    -4.7735    10.1547     1.0000     0.2434    -6.1709     8.5322     1.0000    -0.2434    -6.7132     7.3737     1.0000     0.1858    -7.6899     5.9174     1.0000    -0.0639    -7.7591     5.0565     1.0000    -0.0580    -8.4854     3.6220     1.0000     0.1217    -8.1081     3.1602     1.0000    -0.0632    -8.6801     1.8477     1.0000    -0.0587    -8.2280     1.6260     1.0000     0.1217    -8.3454     0.4990     1.0000    -0.0625    -7.8507     0.3803     1.0000     0.0595    -8.0219    -0.6580     1.0000    -0.1217    -7.5588    -0.6631     1.0000     0.0618    -7.8263    -1.7675     1.0000     0.0000    -7.2021    -1.8711     1.0000     0.0000    -7.8601    -3.1661     1.0000     0.0000    -7.2888    -3.5019     1.0000     0.0000    -8.2115    -5.0511     1.0000     0.0000    -8.0376    -5.8451     1.0000     0.0000    -8.9470    -7.8302     1.0000     0.0000    -9.1078    -9.0727     1.0000     0.0000   -10.5772   -11.8161     1.0000     0.0000   -10.7121   -13.2816     1.0000     0.0615   -12.4076   -16.7941     1.0000    -0.1217   -12.9936   -19.0060     1.0000     0.1217   -14.4636   -22.7307     1.0000    -0.1217   -15.5539   -25.5319     1.0000     0.0602   -16.8948   -29.6196     1.0000     0.0000   -17.6560   -32.4470     1.0000     0.0000   -19.0992   -36.6782     1.0000     0.0000   -19.4473   -38.8915     1.0000     0.0000   -20.4080   -42.7996     1.0000     0.0000   -20.1009   -43.9026     1.0000     0.0000   -20.2056   -46.1961     1.0000     0.0000   -18.9671   -45.5091     1.0000     0.0000   -17.7047   -45.0271     1.0000     0.0595   -14.7868   -41.0747     1.0000    -0.1808   -12.0005   -36.3125     1.0000    -0.2280    -6.9322   -25.2641     1.0000
    0.0331    -7.3115     5.7405     1.0000    -0.1345    -6.9464     6.5986     1.0000     0.0000    -6.1985     6.0170     1.0000     0.0000    -5.6633     5.5002     1.0000     0.0000    -5.0952     5.0561     1.0000     0.0000    -4.7613     4.6354     1.0000     0.0000    -4.3736     4.2745     1.0000     0.0000    -4.1697     3.9135     1.0000     0.0000    -3.9551     3.5769     1.0000     0.0000    -3.7212     3.2657     1.0000     0.0000    -3.7354     2.9191     1.0000     0.0000    -3.5934     2.6012     1.0000     0.0000    -3.5979     2.2679     1.0000     0.0000    -3.5120     1.9748     1.0000     0.0000    -3.6598     1.5357     1.0000     0.0000    -3.4957     1.2783     1.0000     0.0000    -3.6558     0.8732     1.0000     0.0000    -3.6807     0.4855     1.0000     0.0000    -3.6680     0.1719     1.0000     0.0000    -3.7207    -0.2627     1.0000     0.1382    -3.7052    -0.5961     1.0000    -0.2695    -3.8448    -0.9832     1.0000     0.1312    -3.8340    -1.4493     1.0000     0.0000    -3.6226    -1.5639     1.0000     0.1382    -3.8652    -2.1909     1.0000    -0.2695    -3.7927    -2.3661     1.0000     0.1314    -3.6529    -2.7918     1.0000     0.1380    -3.5353    -2.9326     1.0000    -0.2695    -3.8145    -3.4533     1.0000     0.1316    -3.3451    -3.4720     1.0000     0.0000    -3.2826    -3.8012     1.0000     0.0000    -3.3876    -4.0023     1.0000     0.0000    -2.9018    -4.0381     1.0000     0.1374    -3.0652    -4.4328     1.0000    -0.2695    -2.7476    -4.1929     1.0000     0.1323    -2.4758    -4.3145     1.0000     0.0000    -2.6023    -4.7095     1.0000     0.0000    -1.8171    -3.8973     1.0000     0.0000    -2.1871    -4.6532     1.0000     0.0000    -1.4974    -3.8425     1.0000     0.0000    -1.7079    -4.2778     1.0000     0.0000    -0.8816    -3.4452     1.0000     0.1362    -1.1158    -3.8330     1.0000    -0.2695    -0.6494    -3.1396     1.0000     0.1335    -0.3069    -2.8160     1.0000     0.0000    -0.3973    -2.9398     1.0000     0.0000     0.3918    -1.6405     1.0000     0.0000     0.1648    -2.3914     1.0000     0.0000     0.9363    -0.7508     1.0000     0.0000     0.4624    -1.3350     1.0000     0.0000     1.4616    -0.1578     1.0000     0.0000     1.4136     0.2990     1.0000     0.0000     1.4485     0.3755     1.0000     0.0000     2.0916     1.6581     1.0000     0.0000     1.7695     1.5327     1.0000     0.0000     2.5904     2.5854     1.0000     0.0000     2.1351     2.8133     1.0000     0.1345     3.3236     4.0745     1.0000    -0.2695     2.2178     3.4476     1.0000     0.1351     3.4019     5.2667     1.0000     0.0000     3.1864     5.7848     1.0000     0.0000     3.0422     5.4994     1.0000     0.0000     3.8160     6.9129     1.0000     0.0000     3.9878     7.2279     1.0000
   -0.0713    14.2869    -7.2335     1.0000     0.2808    16.6340    -8.7119     1.0000     0.0000    17.4147    -7.2545     1.0000     0.0000    17.8191    -5.7602     1.0000     0.0000    17.9072    -4.2668     1.0000     0.0000    17.6969    -2.8145     1.0000     0.0000    17.2968    -1.4371     1.0000     0.0000    16.6678    -0.1390     1.0000     0.0000    15.8820     1.0297     1.0000     0.0000    15.0205     2.1060     1.0000     0.0000    14.0250     3.0295     1.0000     0.0000    12.9924     3.8321     1.0000     0.0000    11.8943     4.5209     1.0000     0.0000    10.8211     5.0480     1.0000     0.0000     9.6845     5.4934     1.0000     0.0000     8.6503     5.7952     1.0000     0.0000     7.5645     5.9936     1.0000     0.0000     6.6863     6.1741     1.0000     0.0000     5.3535     6.0059     1.0000     0.0000     4.9936     6.3102     1.0000     0.0000     3.5951     5.7519     1.0000     0.0000     3.3764     6.0717     1.0000     0.0000     2.0666     5.3787     1.0000     0.0000     2.0564     5.6051     1.0000     0.0000     0.8238     4.8994     1.0000     0.0000     0.9510     5.0340     1.0000     0.0000    -0.1934     4.2923     1.0000     0.0000     0.0747     4.4651     1.0000     0.0000    -0.9141     3.6167     1.0000     0.0000    -0.6214     3.8166     1.0000     0.1377    -1.4861     3.0380     1.0000    -0.2799    -1.3226     3.0847     1.0000     0.1416    -1.9362     2.2958     1.0000     0.0000    -1.7838     2.4496     1.0000     0.0000    -2.4196     1.4405     1.0000     0.0000    -2.2190     1.7747     1.0000     0.0000    -2.9909     0.4528     1.0000     0.0000    -2.5911     0.8459     1.0000     0.0000    -3.5246    -0.5648     1.0000     0.0000    -3.3152    -0.5041     1.0000     0.0000    -4.2160    -1.7028     1.0000     0.0000    -3.9565    -1.9788     1.0000     0.0000    -5.0445    -3.5427     1.0000     0.0000    -4.8910    -3.5888     1.0000     0.0000    -6.0368    -5.6658     1.0000     0.0000    -5.8809    -6.0239     1.0000     0.0000    -7.0677    -7.9166     1.0000     0.0000    -7.2535    -8.5967     1.0000     0.0000    -8.3428   -10.9600     1.0000     0.0000    -8.3332   -11.6649     1.0000     0.0000    -9.7742   -14.0128     1.0000     0.0000    -9.6654   -15.1558     1.0000     0.0000   -10.9108   -17.5650     1.0000     0.0000   -10.8047   -18.1998     1.0000     0.0000   -11.9473   -21.3952     1.0000     0.0000   -11.8366   -21.3355     1.0000     0.0000   -12.4938   -24.0551     1.0000     0.0000   -12.0927   -24.3457     1.0000     0.0000   -12.7119   -25.9209     1.0000     0.0000   -11.7402   -26.0119     1.0000     0.0000   -11.7444   -26.3748     1.0000     0.0000   -10.1800   -25.2319     1.0000     0.2747    -9.3562   -24.2057     1.0000     0.3305    -7.4217   -20.4850     1.0000
   -0.0259    -4.4855     1.1811     1.0000     0.1031    -4.6493     1.7956     1.0000     0.0000    -4.4320     1.3247     1.0000     0.0000    -4.1489     0.8928     1.0000     0.0000    -3.9845     0.4830     1.0000     0.0000    -3.7226     0.1160     1.0000     0.0000    -3.5743    -0.2449     1.0000     0.0000    -3.3475    -0.5600     1.0000     0.0000    -3.1560    -0.8479     1.0000     0.0000    -3.0104    -1.1394     1.0000     0.0000    -2.7295    -1.3453     1.0000     0.0000    -2.6019    -1.5660     1.0000     0.0000    -2.3398    -1.7463     1.0000     0.0000    -2.1439    -1.8743     1.0000     0.0000    -1.8897    -1.9691     1.0000     0.0000    -1.7611    -2.1029     1.0000     0.0000    -1.3646    -2.0294     1.0000     0.0000    -1.2274    -2.0902     1.0000     0.0000    -0.9428    -2.0272     1.0000     0.0000    -0.6487    -1.9247     1.0000     0.0000    -0.4533    -1.8148     1.0000     0.0000    -0.1516    -1.6584     1.0000     0.0000     0.1218    -1.4091     1.0000     0.0000     0.3104    -1.2231     1.0000     0.0514     0.7185    -0.9069     1.0000    -0.1033     0.7853    -0.6053     1.0000     0.0519     1.1691    -0.2925     1.0000     0.0000     1.4302     0.1334     1.0000     0.0000     1.5081     0.4047     1.0000     0.0000     1.9747     1.0552     1.0000     0.0000     1.8647     1.1844     1.0000     0.0512     2.4707     2.0288     1.0000    -0.1033     2.2870     1.9908     1.0000     0.0521     2.8116     3.1487     1.0000     0.0000     2.6574     3.0305     1.0000     0.0000     3.0077     3.8698     1.0000     0.0000     3.3097     4.5157     1.0000     0.0000     3.2227     4.7682     1.0000     0.0000     3.6027     5.6777     1.0000     0.0000     3.4448     5.9406     1.0000     0.0000     4.0060     6.8982     1.0000     0.0000     3.8051     7.3991     1.0000     0.0513     4.4353     8.2626     1.0000    -0.1033     4.2274     8.8036     1.0000     0.0519     4.6587     9.9764     1.0000     0.0000     5.0794    10.8202     1.0000     0.0000     5.0736    11.7909     1.0000     0.0000     5.9440    13.3716     1.0000     0.0517     5.8632    14.3197     1.0000    -0.1033     6.7704    16.3931     1.0000     0.1033     7.1894    17.8831     1.0000    -0.1033     7.9204    19.9770     1.0000     0.0510     8.9369    22.9404     1.0000     0.0000     9.6975    25.1821     1.0000     0.0000    10.9894    28.9526     1.0000     0.0000    12.3338    32.6182     1.0000     0.0000    13.4333    36.4437     1.0000     0.0000    15.7237    42.5569     1.0000     0.0000    17.3140    47.5888     1.0000     0.0000    19.2305    53.7338     1.0000     0.0000    22.3619    62.5228     1.0000     0.0000    24.6996    70.3502     1.0000     0.1093    27.9931    80.2070     1.0000     0.1493    31.3515    90.0542     1.0000
   -0.0327     1.7684    -1.7289     1.0000     0.1288     1.8837    -1.9866     1.0000     0.0000     1.8640    -1.7814     1.0000     0.0000     1.9278    -1.5609     1.0000     0.0000     1.8944    -1.3580     1.0000     0.0000     1.9378    -1.1392     1.0000     0.1286     1.9298    -0.9181     1.0000    -0.2577     1.8353    -0.7407     1.0000     0.2577     1.9919    -0.4887     1.0000    -0.2577     1.7995    -0.3205     1.0000     0.2577     1.9333    -0.0891     1.0000    -0.1294     1.7636     0.0709     1.0000    -0.1283     1.8315     0.2983     1.0000     0.1295     1.7584     0.4210     1.0000     0.1283     1.9017     0.7482     1.0000    -0.2577     1.5521     0.7160     1.0000     0.1295     1.8469     1.0946     1.0000     0.0000     1.5569     1.0916     1.0000     0.0000     1.6408     1.3455     1.0000     0.1282     1.8077     1.6146     1.0000    -0.2577     1.3231     1.4740     1.0000     0.1295     1.6525     1.8375     1.0000     0.0000     1.5962     2.0898     1.0000     0.0000     1.4163     1.9002     1.0000     0.1284     1.6095     2.4708     1.0000    -0.2577     1.2968     2.1948     1.0000     0.1293     1.6653     2.6774     1.0000     0.0000     1.2345     2.6115     1.0000     0.0000     1.5279     2.9095     1.0000     0.1286     1.5372     2.9612     1.0000    -0.2577     1.1858     3.0749     1.0000     0.2577     1.7545     3.6329     1.0000    -0.2577     1.0820     3.1375     1.0000     0.1288     1.7381     3.8507     1.0000     0.0000     1.4204     3.8381     1.0000     0.0000     1.3753     3.9734     1.0000     0.0000     1.8120     4.5202     1.0000     0.0000     1.3524     4.2847     1.0000     0.0000     1.6671     4.9037     1.0000     0.0000     1.7131     4.7911     1.0000     0.0000     1.6716     5.4928     1.0000     0.0000     1.8294     5.3191     1.0000     0.0000     2.0063     6.1274     1.0000     0.1299     1.8551     6.2102     1.0000    -0.1277     1.9680     6.3176     1.0000    -0.1302     2.0740     7.1782     1.0000     0.1274     2.1939     7.1989     1.0000     0.0000     2.6149     7.9643     1.0000     0.1306     2.2698     8.2788     1.0000    -0.2577     2.4451     8.7063     1.0000     0.1269     2.8230     9.1708     1.0000     0.0000     2.7629    10.0158     1.0000     0.0000     3.2617    10.8548     1.0000     0.1313     2.7517    10.4043     1.0000    -0.1262     3.7912    12.4337     1.0000    -0.1316     3.0054    12.5324     1.0000     0.2577     3.8576    12.8304     1.0000    -0.2577     3.9418    14.8260     1.0000     0.2577     3.8598    14.2064     1.0000    -0.2577     4.3994    16.6601     1.0000     0.1252     4.4597    16.6192     1.0000    -0.1327     4.3928    17.5186     1.0000     0.3906     5.2945    19.3529     1.0000     0.5452     5.7378    20.6278     1.0000
    0.0000     0.0000     0.0000     0.0000     0.0000     0.0000     0.0000     0.0000     0.0000     0.0000     0.0000     0.0000     0.0000     0.0000     0.0000     0.0000     0.0000     0.0000     0.0000     0.0000     0.0000     0.0000     0.0000     0.0000     0.0000     0.0000     0.0000     0.0000     0.0000     0.0000     0.0000     0.0000     0.0000     0.0000     0.0000     0.0000     0.0000     0.0000     0.0000     0.0000     0.0000     0.0000     0.0000     0.0000     0.0000     0.0000     0.0000     0.0000     0.0000     0.0000     0.0000     0.0000     0.0000     0.0000     0.0000     0.0000     0.0000     0.0000     0.0000     0.0000     0.0000     0.0000     0.0000     0.0000     0.0000     0.0000     0.0000     0.0000     0.0000     0.0000     0.0000     0.0000     0.0000     0.0000     0.0000     0.0000     0.0000     0.0000     0.0000     0.0000     0.0000     0.0000     0.0000     0.0000     0.0000     0.0000     0.0000     0.0000     0.0000     0.0000     0.0000     0.0000     0.0000     0.0000     0.0000     0.0000     0.0000     0.0000     0.0000     0.0000     0.0000     0.0000     0.0000     0.0000     0.0000     0.0000     0.0000     0.0000     0.0000     0.0000     0.0000     0.0000     0.0000     0.0000     0.0000     0.0000     0.0000     0.0000     0.0000     0.0000     0.0000     0.0000     0.0000     0.0000     0.0000     0.0000     0.0000     0.0000     0.0000     0.0000     0.0000     0.0000     0.0000     0.0000     0.0000     0.0000     0.0000     0.0000     0.0000     0.0000     0.0000     0.0000     0.0000     0.0000     0.0000     0.0000     0.0000     0.0000     0.0000     0.0000     0.0000     0.0000     0.0000     0.0000     0.0000     0.0000     0.0000     0.0000     0.0000     0.0000     0.0000     0.0000     0.0000     0.0000     0.0000     0.0000     0.0000     0.0000     0.0000     0.0000     0.0000     0.0000     0.0000     0.0000     0.0000     0.0000     0.0000     0.0000     0.0000     0.0000     0.0000     0.0000     0.0000     0.0000     0.0000     0.0000     0.0000     0.0000     0.0000     0.0000     0.0000     0.0000     0.0000     0.0000     0.0000     0.0000     0.0000     0.0000     0.0000     0.0000     0.0000     0.0000     0.0000     0.0000     0.0000     0.0000     0.0000     0.0000     0.0000     0.0000     0.0000     0.0000     0.0000     0.0000     0.0000     0.0000     0.0000     0.0000     0.0000     0.0000     0.0000     0.0000     0.0000     0.0000     0.0000     0.0000     0.0000     0.0000     0.0000     0.0000     0.0000     0.0000     0.0000     0.0000     0.0000     0.0000     0.0000     0.0000     0.0000     0.0000     0.0000     0.0000     0.0000     0.0000     0.0000     0.0000     0.0000     0.0000     0.0000     0.0000     0.0000     0.0000     0.0000     0.0000     0.0000     0.0000
    0.0000     0.0000     0.0000     0.0000     0.0000     0.0000     0.0000     0.0000     0.0000     0.0000     0.0000     0.0000     0.0000     0.0000     0.0000     0.0000     0.0000     0.0000     0.0000     0.0000     0.0000     0.0000     0.0000     0.0000     0.0000     0.0000     0.0000     0.0000     0.0000     0.0000     0.0000     0.0000     0.0000     0.0000     0.0000     0.0000     0.0000     0.0000     0.0000     0.0000     0.0000     0.0000     0.0000     0.0000     0.0000     0.0000     0.0000     0.0000     0.0000     0.0000     0.0000     0.0000     0.0000     0.0000     0.0000     0.0000     0.0000     0.0000     0.0000     0.0000     0.0000     0.0000     0.0000     0.0000     0.0000     0.0000     0.0000     0.0000     0.0000     0.0000     0.0000     0.0000     0.0000     0.0000     0.0000     0.0000     0.0000     0.0000     0.0000     0.0000     0.0000     0.0000     0.0000     0.0000     0.0000     0.0000     0.0000     0.0000     0.0000     0.0000     0.0000     0.0000     0.0000     0.0000     0.0000     0.0000     0.0000     0.0000     0.0000     0.0000     0.0000     0.0000     0.0000     0.0000     0.0000     0.0000     0.0000     0.0000     0.0000     0.0000     0.0000     0.0000     0.0000     0.0000     0.0000     0.0000     0.0000     0.0000     0.0000     0.0000     0.0000     0.0000     0.0000     0.0000     0.0000     0.0000     0.0000     0.0000     0.0000     0.0000     0.0000     0.0000     0.0000     0.0000     0.0000     0.0000     0.0000     0.0000     0.0000     0.0000     0.0000     0.0000     0.0000     0.0000     0.0000     0.0000     0.0000     0.0000     0.0000     0.0000     0.0000     0.0000     0.0000     0.0000     0.0000     0.0000     0.0000     0.0000     0.0000     0.0000     0.0000     0.0000     0.0000     0.0000     0.0000     0.0000     0.0000     0.0000     0.0000     0.0000     0.0000     0.0000     0.0000     0.0000     0.0000     0.0000     0.0000     0.0000     0.0000     0.0000     0.0000     0.0000     0.0000     0.0000     0.0000     0.0000     0.0000     0.0000     0.0000     0.0000     0.0000     0.0000     0.0000     0.0000     0.0000     0.0000     0.0000     0.0000     0.0000     0.0000     0.0000     0.0000     0.0000     0.0000     0.0000     0.0000     0.0000     0.0000     0.0000     0.0000     0.0000     0.0000     0.0000     0.0000     0.0000     0.0000     0.0000     0.0000     0.0000     0.0000     0.0000     0.0000     0.0000     0.0000     0.0000     0.0000     0.0000     0.0000     0.0000     0.0000     0.0000     0.0000     0.0000     0.0000     0.0000     0.0000     0.0000     0.0000     0.0000     0.0000     0.0000     0.0000     0.0000     0.0000     0.0000     0.0000     0.0000     0.0000     0.0000     0.0000     0.0000     0.0000     0.0000     0.0000     0.0000     0.0000
    0.0000     0.0000     0.0000     0.0000     0.0000     0.0000     0.0000     0.0000     0.0000     0.0000     0.0000     0.0000     0.0000     0.0000     0.0000     0.0000     0.0000     0.0000     0.0000     0.0000     0.0000     0.0000     0.0000     0.0000     0.0000     0.0000     0.0000     0.0000     0.0000     0.0000     0.0000     0.0000     0.0000     0.0000     0.0000     0.0000     0.0000     0.0000     0.0000     0.0000     0.0000     0.0000     0.0000     0.0000     0.0000     0.0000     0.0000     0.0000     0.0000     0.0000     0.0000     0.0000     0.0000     0.0000     0.0000     0.0000     0.0000     0.0000     0.0000     0.0000     0.0000     0.0000     0.0000     0.0000     0.0000     0.0000     0.0000     0.0000     0.0000     0.0000     0.0000     0.0000     0.0000     0.0000     0.0000     0.0000     0.0000     0.0000     0.0000     0.0000     0.0000     0.0000     0.0000     0.0000     0.0000     0.0000     0.0000     0.0000     0.0000     0.0000     0.0000     0.0000     0.0000     0.0000     0.0000     0.0000     0.0000     0.0000     0.0000     0.0000     0.0000     0.0000     0.0000     0.0000     0.0000     0.0000     0.0000     0.0000     0.0000     0.0000     0.0000     0.0000     0.0000     0.0000     0.0000     0.0000     0.0000     0.0000     0.0000     0.0000     0.0000     0.0000     0.0000     0.0000     0.0000     0.0000     0.0000     0.0000     0.0000     0.0000     0.0000     0.0000     0.0000     0.0000     0.0000     0.0000     0.0000     0.0000     0.0000     0.0000     0.0000     0.0000     0.0000     0.0000     0.0000     0.0000     0.0000     0.0000     0.0000     0.0000     0.0000     0.0000     0.0000     0.0000     0.0000     0.0000     0.0000     0.0000     0.0000     0.0000     0.0000     0.0000     0.0000     0.0000     0.0000     0.0000     0.0000     0.0000     0.0000     0.0000     0.0000     0.0000     0.0000     0.0000     0.0000     0.0000     0.0000     0.0000     0.0000     0.0000     0.0000     0.0000     0.0000     0.0000     0.0000     0.0000     0.0000     0.0000     0.0000     0.0000     0.0000     0.0000     0.0000     0.0000     0.0000     0.0000     0.0000     0.0000     0.0000     0.0000     0.0000     0.0000     0.0000     0.0000     0.0000     0.0000     0.0000     0.0000     0.0000     0.0000     0.0000     0.0000     0.0000     0.0000     0.0000     0.0000     0.0000     0.0000     0.0000     0.0000     0.0000     0.0000     0.0000     0.0000     0.0000     0.0000     0.0000     0.0000     0.0000     0.0000     0.0000     0.0000     0.0000     0.0000     0.0000     0.0000     0.0000     0.0000     0.0000     0.0000     0.0000     0.0000     0.0000     0.0000     0.0000     0.0000     0.0000     0.0000     0.0000     0.0000     0.0000     0.0000     0.0000     0.0000     0.0000     0.0000
    0.0000     0.0000     0.0000     0.0000     0.0000     0.0000     0.0000     0.0000     0.0000     0.0000     0.0000     0.0000     0.0000     0.0000     0.0000     0.0000     0.0000     0.0000     0.0000     0.0000     0.0000     0.0000     0.0000     0.0000     0.0000     0.0000     0.0000     0.0000     0.0000     0.0000     0.0000     0.0000     0.0000     0.0000     0.0000     0.0000     0.0000     0.0000     0.0000     0.0000     0.0000     0.0000     0.0000     0.0000     0.0000     0.0000     0.0000     0.0000     0.0000     0.0000     0.0000     0.0000     0.0000     0.0000     0.0000     0.0000     0.0000     0.0000     0.0000     0.0000     0.0000     0.0000     0.0000     0.0000     0.0000     0.0000     0.0000     0.0000     0.0000     0.0000     0.0000     0.0000     0.0000     0.0000     0.0000     0.0000     0.0000     0.0000     0.0000     0.0000     0.0000     0.0000     0.0000     0.0000     0.0000     0.0000     0.0000     0.0000     0.0000     0.0000     0.0000     0.0000     0.0000     0.0000     0.0000     0.0000     0.0000     0.0000     0.0000     0.0000     0.0000     0.0000     0.0000     0.0000     0.0000     0.0000     0.0000     0.0000     0.0000     0.0000     0.0000     0.0000     0.0000     0.0000     0.0000     0.0000     0.0000     0.0000     0.0000     0.0000     0.0000     0.0000     0.0000     0.0000     0.0000     0.0000     0.0000     0.0000     0.0000     0.0000     0.0000     0.0000     0.0000     0.0000     0.0000     0.0000     0.0000     0.0000     0.0000     0.0000     0.0000     0.0000     0.0000     0.0000     0.0000     0.0000     0.0000     0.0000     0.0000     0.0000     0.0000     0.0000     0.0000     0.0000     0.0000     0.0000     0.0000     0.0000     0.0000     0.0000     0.0000     0.0000     0.0000     0.0000     0.0000     0.0000     0.0000     0.0000     0.0000     0.0000     0.0000     0.0000     0.0000     0.0000     0.0000     0.0000     0.0000     0.0000     0.0000     0.0000     0.0000     0.0000     0.0000     0.0000     0.0000     0.0000     0.0000     0.0000     0.0000     0.0000     0.0000     0.0000     0.0000     0.0000     0.0000     0.0000     0.0000     0.0000     0.0000     0.0000     0.0000     0.0000     0.0000     0.0000     0.0000     0.0000     0.0000     0.0000     0.0000     0.0000     0.0000     0.0000     0.0000     0.0000     0.0000     0.0000     0.0000     0.0000     0.0000     0.0000     0.0000     0.0000     0.0000     0.0000     0.0000     0.0000     0.0000     0.0000     0.0000     0.0000     0.0000     0.0000     0.0000     0.0000     0.0000     0.0000     0.0000     0.0000     0.0000     0.0000     0.0000     0.0000     0.0000     0.0000     0.0000     0.0000     0.0000     0.0000     0.0000     0.0000     0.0000     0.0000     0.0000     0.0000     0.0000     0.0000
    0.0000     0.0000     0.0000     0.0000     0.0000     0.0000     0.0000     0.0000     0.0000     0.0000     0.0000     0.0000     0.0000     0.0000     0.0000     0.0000     0.0000     0.0000     0.0000     0.0000     0.0000     0.0000     0.0000     0.0000     0.0000     0.0000     0.0000     0.0000     0.0000     0.0000     0.0000     0.0000     0.0000     0.0000     0.0000     0.0000     0.0000     0.0000     0.0000     0.0000     0.0000     0.0000     0.0000     0.0000     0.0000     0.0000     0.0000     0.0000     0.0000     0.0000     0.0000     0.0000     0.0000     0.0000     0.0000     0.0000     0.0000     0.0000     0.0000     0.0000     0.0000     0.0000     0.0000     0.0000     0.0000     0.0000     0.0000     0.0000     0.0000     0.0000     0.0000     0.0000     0.0000     0.0000     0.0000     0.0000     0.0000     0.0000     0.0000     0.0000     0.0000     0.0000     0.0000     0.0000     0.0000     0.0000     0.0000     0.0000     0.0000     0.0000     0.0000     0.0000     0.0000     0.0000     0.0000     0.0000     0.0000     0.0000     0.0000     0.0000     0.0000     0.0000     0.0000     0.0000     0.0000     0.0000     0.0000     0.0000     0.0000     0.0000     0.0000     0.0000     0.0000     0.0000     0.0000     0.0000     0.0000     0.0000     0.0000     0.0000     0.0000     0.0000     0.0000     0.0000     0.0000     0.0000     0.0000     0.0000     0.0000     0.0000     0.0000     0.0000     0.0000     0.0000     0.0000     0.0000     0.0000     0.0000     0.0000     0.0000     0.0000     0.0000     0.0000     0.0000     0.0000     0.0000     0.0000     0.0000     0.0000     0.0000     0.0000     0.0000     0.0000     0.0000     0.0000     0.0000     0.0000     0.0000     0.0000     0.0000     0.0000     0.0000     0.0000     0.0000     0.0000     0.0000     0.0000     0.0000     0.0000     0.0000     0.0000     0.0000     0.0000     0.0000     0.0000     0.0000     0.0000     0.0000     0.0000     0.0000     0.0000     0.0000     0.0000     0.0000     0.0000     0.0000     0.0000     0.0000     0.0000     0.0000     0.0000     0.0000     0.0000     0.0000     0.0000     0.0000     0.0000     0.0000     0.0000     0.0000     0.0000     0.0000     0.0000     0.0000     0.0000     0.0000     0.0000     0.0000     0.0000     0.0000     0.0000     0.0000     0.0000     0.0000     0.0000     0.0000     0.0000     0.0000     0.0000     0.0000     0.0000     0.0000     0.0000     0.0000     0.0000     0.0000     0.0000     0.0000     0.0000     0.0000     0.0000     0.0000     0.0000     0.0000     0.0000     0.0000     0.0000     0.0000     0.0000     0.0000     0.0000     0.0000     0.0000     0.0000     0.0000     0.0000     0.0000     0.0000     0.0000     0.0000     0.0000     0.0000     0.0000     0.0000     0.0000     0.0000
    0.0000     0.0000     0.0000     0.0000     0.0000     0.0000     0.0000     0.0000     0.0000     0.0000     0.0000     0.0000     0.0000     0.0000     0.0000     0.0000     0.0000     0.0000     0.0000     0.0000     0.0000     0.0000     0.0000     0.0000     0.0000     0.0000     0.0000     0.0000     0.0000     0.0000     0.0000     0.0000     0.0000     0.0000     0.0000     0.0000     0.0000     0.0000     0.0000     0.0000     0.0000     0.0000     0.0000     0.0000     0.0000     0.0000     0.0000     0.0000     0.0000     0.0000     0.0000     0.0000     0.0000     0.0000     0.0000     0.0000     0.0000     0.0000     0.0000     0.0000     0.0000     0.0000     0.0000     0.0000     0.0000     0.0000     0.0000     0.0000     0.0000     0.0000     0.0000     0.0000     0.0000     0.0000     0.0000     0.0000     0.0000     0.0000     0.0000     0.0000     0.0000     0.0000     0.0000     0.0000     0.0000     0.0000     0.0000     0.0000     0.0000     0.0000     0.0000     0.0000     0.0000     0.0000     0.0000     0.0000     0.0000     0.0000     0.0000     0.0000     0.0000     0.0000     0.0000     0.0000     0.0000     0.0000     0.0000     0.0000     0.0000     0.0000     0.0000     0.0000     0.0000     0.0000     0.0000     0.0000     0.0000     0.0000     0.0000     0.0000     0.0000     0.0000     0.0000     0.0000     0.0000     0.0000     0.0000     0.0000     0.0000     0.0000     0.0000     0.0000     0.0000     0.0000     0.0000     0.0000     0.0000     0.0000     0.0000     0.0000     0.0000     0.0000     0.0000     0.0000     0.0000     0.0000     0.0000     0.0000     0.0000     0.0000     0.0000     0.0000     0.0000     0.0000     0.0000     0.0000     0.0000     0.0000     0.0000     0.0000     0.0000     0.0000     0.0000     0.0000     0.0000     0.0000     0.0000     0.0000     0.0000     0.0000     0.0000     0.0000     0.0000     0.0000     0.0000     0.0000     0.0000     0.0000     0.0000     0.0000     0.0000     0.0000     0.0000     0.0000     0.0000     0.0000     0.0000     0.0000     0.0000     0.0000     0.0000     0.0000     0.0000     0.0000     0.0000     0.0000     0.0000     0.0000     0.0000     0.0000     0.0000     0.0000     0.0000     0.0000     0.0000     0.0000     0.0000     0.0000     0.0000     0.0000     0.0000     0.0000     0.0000     0.0000     0.0000     0.0000     0.0000     0.0000     0.0000     0.0000     0.0000     0.0000     0.0000     0.0000     0.0000     0.0000     0.0000     0.0000     0.0000     0.0000     0.0000     0.0000     0.0000     0.0000     0.0000     0.0000     0.0000     0.0000     0.0000     0.0000     0.0000     0.0000     0.0000     0.0000     0.0000     0.0000     0.0000     0.0000     0.0000     0.0000     0.0000     0.0000     0.0000     0.0000     0.0000     0.0000
    0.0000     0.0000     0.0000     0.0000     0.0000     0.0000     0.0000     0.0000     0.0000     0.0000     0.0000     0.0000     0.0000     0.0000     0.0000     0.0000     0.0000     0.0000     0.0000     0.0000     0.0000     0.0000     0.0000     0.0000     0.0000     0.0000     0.0000     0.0000     0.0000     0.0000     0.0000     0.0000     0.0000     0.0000     0.0000     0.0000     0.0000     0.0000     0.0000     0.0000     0.0000     0.0000     0.0000     0.0000     0.0000     0.0000     0.0000     0.0000     0.0000     0.0000     0.0000     0.0000     0.0000     0.0000     0.0000     0.0000     0.0000     0.0000     0.0000     0.0000     0.0000     0.0000     0.0000     0.0000     0.0000     0.0000     0.0000     0.0000     0.0000     0.0000     0.0000     0.0000     0.0000     0.0000     0.0000     0.0000     0.0000     0.0000     0.0000     0.0000     0.0000     0.0000     0.0000     0.0000     0.0000     0.0000     0.0000     0.0000     0.0000     0.0000     0.0000     0.0000     0.0000     0.0000     0.0000     0.0000     0.0000     0.0000     0.0000     0.0000     0.0000     0.0000     0.0000     0.0000     0.0000     0.0000     0.0000     0.0000     0.0000     0.0000     0.0000     0.0000     0.0000     0.0000     0.0000     0.0000     0.0000     0.0000     0.0000     0.0000     0.0000     0.0000     0.0000     0.0000     0.0000     0.0000     0.0000     0.0000     0.0000     0.0000     0.0000     0.0000     0.0000     0.0000     0.0000     0.0000     0.0000     0.0000     0.0000     0.0000     0.0000     0.0000     0.0000     0.0000     0.0000     0.0000     0.0000     0.0000     0.0000     0.0000     0.0000     0.0000     0.0000     0.0000     0.0000     0.0000     0.0000     0.0000     0.0000     0.0000     0.0000     0.0000     0.0000     0.0000     0.0000     0.0000     0.0000     0.0000     0.0000     0.0000     0.0000     0.0000     0.0000     0.0000     0.0000     0.0000     0.0000     0.0000     0.0000     0.0000     0.0000     0.0000     0.0000     0.0000     0.0000     0.0000     0.0000     0.0000     0.0000     0.0000     0.0000     0.0000     0.0000     0.0000     0.0000     0.0000     0.0000     0.0000     0.0000     0.0000     0.0000     0.0000     0.0000     0.0000     0.0000     0.0000     0.0000     0.0000     0.0000     0.0000     0.0000     0.0000     0.0000     0.0000     0.0000     0.0000     0.0000     0.0000     0.0000     0.0000     0.0000     0.0000     0.0000     0.0000     0.0000     0.0000     0.0000     0.0000     0.0000     0.0000     0.0000     0.0000     0.0000     0.0000     0.0000     0.0000     0.0000     0.0000     0.0000     0.0000     0.0000     0.0000     0.0000     0.0000     0.0000     0.0000     0.0000     0.0000     0.0000     0.0000     0.0000     0.0000     0.0000     0.0000     0.0000     0.0000
    0.0000     0.0000     0.0000     0.0000     0.0000     0.0000     0.0000     0.0000     0.0000     0.0000     0.0000     0.0000     0.0000     0.0000     0.0000     0.0000     0.0000     0.0000     0.0000     0.0000     0.0000     0.0000     0.0000     0.0000     0.0000     0.0000     0.0000     0.0000     0.0000     0.0000     0.0000     0.0000     0.0000     0.0000     0.0000     0.0000     0.0000     0.0000     0.0000     0.0000     0.0000     0.0000     0.0000     0.0000     0.0000     0.0000     0.0000     0.0000     0.0000     0.0000     0.0000     0.0000     0.0000     0.0000     0.0000     0.0000     0.0000     0.0000     0.0000     0.0000     0.0000     0.0000     0.0000     0.0000     0.0000     0.0000     0.0000     0.0000     0.0000     0.0000     0.0000     0.0000     0.0000     0.0000     0.0000     0.0000     0.0000     0.0000     0.0000     0.0000     0.0000     0.0000     0.0000     0.0000     0.0000     0.0000     0.0000     0.0000     0.0000     0.0000     0.0000     0.0000     0.0000     0.0000     0.0000     0.0000     0.0000     0.0000     0.0000     0.0000     0.0000     0.0000     0.0000     0.0000     0.0000     0.0000     0.0000     0.0000     0.0000     0.0000     0.0000     0.0000     0.0000     0.0000     0.0000     0.0000     0.0000     0.0000     0.0000     0.0000     0.0000     0.0000     0.0000     0.0000     0.0000     0.0000     0.0000     0.0000     0.0000     0.0000     0.0000     0.0000     0.0000     0.0000     0.0000     0.0000     0.0000     0.0000     0.0000     0.0000     0.0000     0.0000     0.0000     0.0000     0.0000     0.0000     0.0000     0.0000     0.0000     0.0000     0.0000     0.0000     0.0000     0.0000     0.0000     0.0000     0.0000     0.0000     0.0000     0.0000     0.0000     0.0000     0.0000     0.0000     0.0000     0.0000     0.0000     0.0000     0.0000     0.0000     0.0000     0.0000     0.0000     0.0000     0.0000     0.0000     0.0000     0.0000     0.0000     0.0000     0.0000     0.0000     0.0000     0.0000     0.0000     0.0000     0.0000     0.0000     0.0000     0.0000     0.0000     0.0000     0.0000     0.0000     0.0000     0.0000     0.0000     0.0000     0.0000     0.0000     0.0000     0.0000     0.0000     0.0000     0.0000     0.0000     0.0000     0.0000     0.0000     0.0000     0.0000     0.0000     0.0000     0.0000     0.0000     0.0000     0.0000     0.0000     0.0000     0.0000     0.0000     0.0000     0.0000     0.0000     0.0000     0.0000     0.0000     0.0000     0.0000     0.0000     0.0000     0.0000     0.0000     0.0000     0.0000     0.0000     0.0000     0.0000     0.0000     0.0000     0.0000     0.0000     0.0000     0.0000     0.0000     0.0000     0.0000     0.0000     0.0000     0.0000     0.0000     0.0000     0.0000     0.0000     0.0000     0.0000
    0.0000     0.0000     0.0000     0.0000     0.0000     0.0000     0.0000     0.0000     0.0000     0.0000     0.0000     0.0000     0.0000     0.0000     0.0000     0.0000     0.0000     0.0000     0.0000     0.0000     0.0000     0.0000     0.0000     0.0000     0.0000     0.0000     0.0000     0.0000     0.0000     0.0000     0.0000     0.0000     0.0000     0.0000     0.0000     0.0000     0.0000     0.0000     0.0000     0.0000     0.0000     0.0000     0.0000     0.0000     0.0000     0.0000     0.0000     0.0000     0.0000     0.0000     0.0000     0.0000     0.0000     0.0000     0.0000     0.0000     0.0000     0.0000     0.0000     0.0000     0.0000     0.0000     0.0000     0.0000     0.0000     0.0000     0.0000     0.0000     0.0000     0.0000     0.0000     0.0000     0.0000     0.0000     0.0000     0.0000     0.0000     0.0000     0.0000     0.0000     0.0000     0.0000     0.0000     0.0000     0.0000     0.0000     0.0000     0.0000     0.0000     0.0000     0.0000     0.0000     0.0000     0.0000     0.0000     0.0000     0.0000     0.0000     0.0000     0.0000     0.0000     0.0000     0.0000     0.0000     0.0000     0.0000     0.0000     0.0000     0.0000     0.0000     0.0000     0.0000     0.0000     0.0000     0.0000     0.0000     0.0000     0.0000     0.0000     0.0000     0.0000     0.0000     0.0000     0.0000     0.0000     0.0000     0.0000     0.0000     0.0000     0.0000     0.0000     0.0000     0.0000     0.0000     0.0000     0.0000     0.0000     0.0000     0.0000     0.0000     0.0000     0.0000     0.0000     0.0000     0.0000     0.0000     0.0000     0.0000     0.0000     0.0000     0.0000     0.0000     0.0000     0.0000     0.0000     0.0000     0.0000     0.0000     0.0000     0.0000     0.0000     0.0000     0.0000     0.0000     0.0000     0.0000     0.0000     0.0000     0.0000     0.0000     0.0000     0.0000     0.0000     0.0000     0.0000     0.0000     0.0000     0.0000     0.0000     0.0000     0.0000     0.0000     0.0000     0.0000     0.0000     0.0000     0.0000     0.0000     0.0000     0.0000     0.0000     0.0000     0.0000     0.0000     0.0000     0.0000     0.0000     0.0000     0.0000     0.0000     0.0000     0.0000     0.0000     0.0000     0.0000     0.0000     0.0000     0.0000     0.0000     0.0000     0.0000     0.0000     0.0000     0.0000     0.0000     0.0000     0.0000     0.0000     0.0000     0.0000     0.0000     0.0000     0.0000     0.0000     0.0000     0.0000     0.0000     0.0000     0.0000     0.0000     0.0000     0.0000     0.0000     0.0000     0.0000     0.0000     0.0000     0.0000     0.0000     0.0000     0.0000     0.0000     0.0000     0.0000     0.0000     0.0000     0.0000     0.0000     0.0000     0.0000     0.0000     0.0000     0.0000     0.0000     0.0000     0.0000
    0.0000     0.0000     0.0000     0.0000     0.0000     0.0000     0.0000     0.0000     0.0000     0.0000     0.0000     0.0000     0.0000     0.0000     0.0000     0.0000     0.0000     0.0000     0.0000     0.0000     0.0000     0.0000     0.0000     0.0000     0.0000     0.0000     0.0000     0.0000     0.0000     0.0000     0.0000     0.0000     0.0000     0.0000     0.0000     0.0000     0.0000     0.0000     0.0000     0.0000     0.0000     0.0000     0.0000     0.0000     0.0000     0.0000     0.0000     0.0000     0.0000     0.0000     0.0000     0.0000     0.0000     0.0000     0.0000     0.0000     0.0000     0.0000     0.0000     0.0000     0.0000     0.0000     0.0000     0.0000     0.0000     0.0000     0.0000     0.0000     0.0000     0.0000     0.0000     0.0000     0.0000     0.0000     0.0000     0.0000     0.0000     0.0000     0.0000     0.0000     0.0000     0.0000     0.0000     0.0000     0.0000     0.0000     0.0000     0.0000     0.0000     0.0000     0.0000     0.0000     0.0000     0.0000     0.0000     0.0000     0.0000     0.0000     0.0000     0.0000     0.0000     0.0000     0.0000     0.0000     0.0000     0.0000     0.0000     0.0000     0.0000     0.0000     0.0000     0.0000     0.0000     0.0000     0.0000     0.0000     0.0000     0.0000     0.0000     0.0000     0.0000     0.0000     0.0000     0.0000     0.0000     0.0000     0.0000     0.0000     0.0000     0.0000     0.0000     0.0000     0.0000     0.0000     0.0000     0.0000     0.0000     0.0000     0.0000     0.0000     0.0000     0.0000     0.0000     0.0000     0.0000     0.0000     0.0000     0.0000     0.0000     0.0000     0.0000     0.0000     0.0000     0.0000     0.0000     0.0000     0.0000     0.0000     0.0000     0.0000     0.0000     0.0000     0.0000     0.0000     0.0000     0.0000     0.0000     0.0000     0.0000     0.0000     0.0000     0.0000     0.0000     0.0000     0.0000     0.0000     0.0000     0.0000     0.0000     0.0000     0.0000     0.0000     0.0000     0.0000     0.0000     0.0000     0.0000     0.0000     0.0000     0.0000     0.0000     0.0000     0.0000     0.0000     0.0000     0.0000     0.0000     0.0000     0.0000     0.0000     0.0000     0.0000     0.0000     0.0000     0.0000     0.0000     0.0000     0.0000     0.0000     0.0000     0.0000     0.0000     0.0000     0.0000     0.0000     0.0000     0.0000     0.0000     0.0000     0.0000     0.0000     0.0000     0.0000     0.0000     0.0000     0.0000     0.0000     0.0000     0.0000     0.0000     0.0000     0.0000     0.0000     0.0000     0.0000     0.0000     0.0000     0.0000     0.0000     0.0000     0.0000     0.0000     0.0000     0.0000     0.0000     0.0000     0.0000     0.0000     0.0000     0.0000     0.0000     0.0000     0.0000     0.0000     0.0000     0.0000
    0.0000     0.0000     0.0000     0.0000     0.0000     0.0000     0.0000     0.0000     0.0000     0.0000     0.0000     0.0000     0.0000     0.0000     0.0000     0.0000     0.0000     0.0000     0.0000     0.0000     0.0000     0.0000     0.0000     0.0000     0.0000     0.0000     0.0000     0.0000     0.0000     0.0000     0.0000     0.0000     0.0000     0.0000     0.0000     0.0000     0.0000     0.0000     0.0000     0.0000     0.0000     0.0000     0.0000     0.0000     0.0000     0.0000     0.0000     0.0000     0.0000     0.0000     0.0000     0.0000     0.0000     0.0000     0.0000     0.0000     0.0000     0.0000     0.0000     0.0000     0.0000     0.0000     0.0000     0.0000     0.0000     0.0000     0.0000     0.0000     0.0000     0.0000     0.0000     0.0000     0.0000     0.0000     0.0000     0.0000     0.0000     0.0000     0.0000     0.0000     0.0000     0.0000     0.0000     0.0000     0.0000     0.0000     0.0000     0.0000     0.0000     0.0000     0.0000     0.0000     0.0000     0.0000     0.0000     0.0000     0.0000     0.0000     0.0000     0.0000     0.0000     0.0000     0.0000     0.0000     0.0000     0.0000     0.0000     0.0000     0.0000     0.0000     0.0000     0.0000     0.0000     0.0000     0.0000     0.0000     0.0000     0.0000     0.0000     0.0000     0.0000     0.0000     0.0000     0.0000     0.0000     0.0000     0.0000     0.0000     0.0000     0.0000     0.0000     0.0000     0.0000     0.0000     0.0000     0.0000     0.0000     0.0000     0.0000     0.0000     0.0000     0.0000     0.0000     0.0000     0.0000     0.0000     0.0000     0.0000     0.0000     0.0000     0.0000     0.0000     0.0000     0.0000     0.0000     0.0000     0.0000     0.0000     0.0000     0.0000     0.0000     0.0000     0.0000     0.0000     0.0000     0.0000     0.0000     0.0000     0.0000     0.0000     0.0000     0.0000     0.0000     0.0000     0.0000     0.0000     0.0000     0.0000     0.0000     0.0000     0.0000     0.0000     0.0000     0.0000     0.0000     0.0000     0.0000     0.0000     0.0000     0.0000     0.0000     0.0000     0.0000     0.0000     0.0000     0.0000     0.0000     0.0000     0.0000     0.0000     0.0000     0.0000     0.0000     0.0000     0.0000     0.0000     0.0000     0.0000     0.0000     0.0000     0.0000     0.0000     0.0000     0.0000     0.0000     0.0000     0.0000     0.0000     0.0000     0.0000     0.0000     0.0000     0.0000     0.0000     0.0000     0.0000     0.0000     0.0000     0.0000     0.0000     0.0000     0.0000     0.0000     0.0000     0.0000     0.0000     0.0000     0.0000     0.0000     0.0000     0.0000     0.0000     0.0000     0.0000     0.0000     0.0000     0.0000     0.0000     0.0000     0.0000     0.0000     0.0000     0.0000     0.0000     0.0000     0.0000
    0.0000     0.0000     0.0000     0.0000     0.0000     0.0000     0.0000     0.0000     0.0000     0.0000     0.0000     0.0000     0.0000     0.0000     0.0000     0.0000     0.0000     0.0000     0.0000     0.0000     0.0000     0.0000     0.0000     0.0000     0.0000     0.0000     0.0000     0.0000     0.0000     0.0000     0.0000     0.0000     0.0000     0.0000     0.0000     0.0000     0.0000     0.0000     0.0000     0.0000     0.0000     0.0000     0.0000     0.0000     0.0000     0.0000     0.0000     0.0000     0.0000     0.0000     0.0000     0.0000     0.0000     0.0000     0.0000     0.0000     0.0000     0.0000     0.0000     0.0000     0.0000     0.0000     0.0000     0.0000     0.0000     0.0000     0.0000     0.0000     0.0000     0.0000     0.0000     0.0000     0.0000     0.0000     0.0000     0.0000     0.0000     0.0000     0.0000     0.0000     0.0000     0.0000     0.0000     0.0000     0.0000     0.0000     0.0000     0.0000     0.0000     0.0000     0.0000     0.0000     0.0000     0.0000     0.0000     0.0000     0.0000     0.0000     0.0000     0.0000     0.0000     0.0000     0.0000     0.0000     0.0000     0.0000     0.0000     0.0000     0.0000     0.0000     0.0000     0.0000     0.0000     0.0000     0.0000     0.0000     0.0000     0.0000     0.0000     0.0000     0.0000     0.0000     0.0000     0.0000     0.0000     0.0000     0.0000     0.0000     0.0000     0.0000     0.0000     0.0000     0.0000     0.0000     0.0000     0.0000     0.0000     0.0000     0.0000     0.0000     0.0000     0.0000     0.0000     0.0000     0.0000     0.0000     0.0000     0.0000     0.0000     0.0000     0.0000     0.0000     0.0000     0.0000     0.0000     0.0000     0.0000     0.0000     0.0000     0.0000     0.0000     0.0000     0.0000     0.0000     0.0000     0.0000     0.0000     0.0000     0.0000     0.0000     0.0000     0.0000     0.0000     0.0000     0.0000     0.0000     0.0000     0.0000     0.0000     0.0000     0.0000     0.0000     0.0000     0.0000     0.0000     0.0000     0.0000     0.0000     0.0000     0.0000     0.0000     0.0000     0.0000     0.0000     0.0000     0.0000     0.0000     0.0000     0.0000     0.0000     0.0000     0.0000     0.0000     0.0000     0.0000     0.0000     0.0000     0.0000     0.0000     0.0000     0.0000     0.0000     0.0000     0.0000     0.0000     0.0000     0.0000     0.0000     0.0000     0.0000     0.0000     0.0000     0.0000     0.0000     0.0000     0.0000     0.0000     0.0000     0.0000     0.0000     0.0000     0.0000     0.0000     0.0000     0.0000     0.0000     0.0000     0.0000     0.0000     0.0000     0.0000     0.0000     0.0000     0.0000     0.0000     0.0000     0.0000     0.0000     0.0000     0.0000     0.0000     0.0000     0.0000     0.0000     0.0000     0.0000
    0.0000     0.0000     0.0000     0.0000     0.0000     0.0000     0.0000     0.0000     0.0000     0.0000     0.0000     0.0000     0.0000     0.0000     0.0000     0.0000     0.0000     0.0000     0.0000     0.0000     0.0000     0.0000     0.0000     0.0000     0.0000     0.0000     0.0000     0.0000     0.0000     0.0000     0.0000     0.0000     0.0000     0.0000     0.0000     0.0000     0.0000     0.0000     0.0000     0.0000     0.0000     0.0000     0.0000     0.0000     0.0000     0.0000     0.0000     0.0000     0.0000     0.0000     0.0000     0.0000     0.0000     0.0000     0.0000     0.0000     0.0000     0.0000     0.0000     0.0000     0.0000     0.0000     0.0000     0.0000     0.0000     0.0000     0.0000     0.0000     0.0000     0.0000     0.0000     0.0000     0.0000     0.0000     0.0000     0.0000     0.0000     0.0000     0.0000     0.0000     0.0000     0.0000     0.0000     0.0000     0.0000     0.0000     0.0000     0.0000     0.0000     0.0000     0.0000     0.0000     0.0000     0.0000     0.0000     0.0000     0.0000     0.0000     0.0000     0.0000     0.0000     0.0000     0.0000     0.0000     0.0000     0.0000     0.0000     0.0000     0.0000     0.0000     0.0000     0.0000     0.0000     0.0000     0.0000     0.0000     0.0000     0.0000     0.0000     0.0000     0.0000     0.0000     0.0000     0.0000     0.0000     0.0000     0.0000     0.0000     0.0000     0.0000     0.0000     0.0000     0.0000     0.0000     0.0000     0.0000     0.0000     0.0000     0.0000     0.0000     0.0000     0.0000     0.0000     0.0000     0.0000     0.0000     0.0000     0.0000     0.0000     0.0000     0.0000     0.0000     0.0000     0.0000     0.0000     0.0000     0.0000     0.0000     0.0000     0.0000     0.0000     0.0000     0.0000     0.0000     0.0000     0.0000     0.0000     0.0000     0.0000     0.0000     0.0000     0.0000     0.0000     0.0000     0.0000     0.0000     0.0000     0.0000     0.0000     0.0000     0.0000     0.0000     0.0000     0.0000     0.0000     0.0000     0.0000     0.0000     0.0000     0.0000     0.0000     0.0000     0.0000     0.0000     0.0000     0.0000     0.0000     0.0000     0.0000     0.0000     0.0000     0.0000     0.0000     0.0000     0.0000     0.0000     0.0000     0.0000     0.0000     0.0000     0.0000     0.0000     0.0000     0.0000     0.0000     0.0000     0.0000     0.0000     0.0000     0.0000     0.0000     0.0000     0.0000     0.0000     0.0000     0.0000     0.0000     0.0000     0.0000     0.0000     0.0000     0.0000     0.0000     0.0000     0.0000     0.0000     0.0000     0.0000     0.0000     0.0000     0.0000     0.0000     0.0000     0.0000     0.0000     0.0000     0.0000     0.0000     0.0000     0.0000     0.0000     0.0000     0.0000     0.0000     0.0000     0.0000
    0.0000     0.0000     0.0000     0.0000     0.0000     0.0000     0.0000     0.0000     0.0000     0.0000     0.0000     0.0000     0.0000     0.0000     0.0000     0.0000     0.0000     0.0000     0.0000     0.0000     0.0000     0.0000     0.0000     0.0000     0.0000     0.0000     0.0000     0.0000     0.0000     0.0000     0.0000     0.0000     0.0000     0.0000     0.0000     0.0000     0.0000     0.0000     0.0000     0.0000     0.0000     0.0000     0.0000     0.0000     0.0000     0.0000     0.0000     0.0000     0.0000     0.0000     0.0000     0.0000     0.0000     0.0000     0.0000     0.0000     0.0000     0.0000     0.0000     0.0000     0.0000     0.0000     0.0000     0.0000     0.0000     0.0000     0.0000     0.0000     0.0000     0.0000     0.0000     0.0000     0.0000     0.0000     0.0000     0.0000     0.0000     0.0000     0.0000     0.0000     0.0000     0.0000     0.0000     0.0000     0.0000     0.0000     0.0000     0.0000     0.0000     0.0000     0.0000     0.0000     0.0000     0.0000     0.0000     0.0000     0.0000     0.0000     0.0000     0.0000     0.0000     0.0000     0.0000     0.0000     0.0000     0.0000     0.0000     0.0000     0.0000     0.0000     0.0000     0.0000     0.0000     0.0000     0.0000     0.0000     0.0000     0.0000     0.0000     0.0000     0.0000     0.0000     0.0000     0.0000     0.0000     0.0000     0.0000     0.0000     0.0000     0.0000     0.0000     0.0000     0.0000     0.0000     0.0000     0.0000     0.0000     0.0000     0.0000     0.0000     0.0000     0.0000     0.0000     0.0000     0.0000     0.0000     0.0000     0.0000     0.0000     0.0000     0.0000     0.0000     0.0000     0.0000     0.0000     0.0000     0.0000     0.0000     0.0000     0.0000     0.0000     0.0000     0.0000     0.0000     0.0000     0.0000     0.0000     0.0000     0.0000     0.0000     0.0000     0.0000     0.0000     0.0000     0.0000     0.0000     0.0000     0.0000     0.0000     0.0000     0.0000     0.0000     0.0000     0.0000     0.0000     0.0000     0.0000     0.0000     0.0000     0.0000     0.0000     0.0000     0.0000     0.0000     0.0000     0.0000     0.0000     0.0000     0.0000     0.0000     0.0000     0.0000     0.0000     0.0000     0.0000     0.0000     0.0000     0.0000     0.0000     0.0000     0.0000     0.0000     0.0000     0.0000     0.0000     0.0000     0.0000     0.0000     0.0000     0.0000     0.0000     0.0000     0.0000     0.0000     0.0000     0.0000     0.0000     0.0000     0.0000     0.0000     0.0000     0.0000     0.0000     0.0000     0.0000     0.0000     0.0000     0.0000     0.0000     0.0000     0.0000     0.0000     0.0000     0.0000     0.0000     0.0000     0.0000     0.0000     0.0000     0.0000     0.0000     0.0000     0.0000     0.0000     0.0000     0.0000
    0.0000     0.0000     0.0000     0.0000     0.0000     0.0000     0.0000     0.0000     0.0000     0.0000     0.0000     0.0000     0.0000     0.0000     0.0000     0.0000     0.0000     0.0000     0.0000     0.0000     0.0000     0.0000     0.0000     0.0000     0.0000     0.0000     0.0000     0.0000     0.0000     0.0000     0.0000     0.0000     0.0000     0.0000     0.0000     0.0000     0.0000     0.0000     0.0000     0.0000     0.0000     0.0000     0.0000     0.0000     0.0000     0.0000     0.0000     0.0000     0.0000     0.0000     0.0000     0.0000     0.0000     0.0000     0.0000     0.0000     0.0000     0.0000     0.0000     0.0000     0.0000     0.0000     0.0000     0.0000     0.0000     0.0000     0.0000     0.0000     0.0000     0.0000     0.0000     0.0000     0.0000     0.0000     0.0000     0.0000     0.0000     0.0000     0.0000     0.0000     0.0000     0.0000     0.0000     0.0000     0.0000     0.0000     0.0000     0.0000     0.0000     0.0000     0.0000     0.0000     0.0000     0.0000     0.0000     0.0000     0.0000     0.0000     0.0000     0.0000     0.0000     0.0000     0.0000     0.0000     0.0000     0.0000     0.0000     0.0000     0.0000     0.0000     0.0000     0.0000     0.0000     0.0000     0.0000     0.0000     0.0000     0.0000     0.0000     0.0000     0.0000     0.0000     0.0000     0.0000     0.0000     0.0000     0.0000     0.0000     0.0000     0.0000     0.0000     0.0000     0.0000     0.0000     0.0000     0.0000     0.0000     0.0000     0.0000     0.0000     0.0000     0.0000     0.0000     0.0000     0.0000     0.0000     0.0000     0.0000     0.0000     0.0000     0.0000     0.0000     0.0000     0.0000     0.0000     0.0000     0.0000     0.0000     0.0000     0.0000     0.0000     0.0000     0.0000     0.0000     0.0000     0.0000     0.0000     0.0000     0.0000     0.0000     0.0000     0.0000     0.0000     0.0000     0.0000     0.0000     0.0000     0.0000     0.0000     0.0000     0.0000     0.0000     0.0000     0.0000     0.0000     0.0000     0.0000     0.0000     0.0000     0.0000     0.0000     0.0000     0.0000     0.0000     0.0000     0.0000     0.0000     0.0000     0.0000     0.0000     0.0000     0.0000     0.0000     0.0000     0.0000     0.0000     0.0000     0.0000     0.0000     0.0000     0.0000     0.0000     0.0000     0.0000     0.0000     0.0000     0.0000     0.0000     0.0000     0.0000     0.0000     0.0000     0.0000     0.0000     0.0000     0.0000     0.0000     0.0000     0.0000     0.0000     0.0000     0.0000     0.0000     0.0000     0.0000     0.0000     0.0000     0.0000     0.0000     0.0000     0.0000     0.0000     0.0000     0.0000     0.0000     0.0000     0.0000     0.0000     0.0000     0.0000     0.0000     0.0000     0.0000     0.0000     0.0000     0.0000
    0.0000     0.0000     0.0000     0.0000     0.0000     0.0000     0.0000     0.0000     0.0000     0.0000     0.0000     0.0000     0.0000     0.0000     0.0000     0.0000     0.0000     0.0000     0.0000     0.0000     0.0000     0.0000     0.0000     0.0000     0.0000     0.0000     0.0000     0.0000     0.0000     0.0000     0.0000     0.0000     0.0000     0.0000     0.0000     0.0000     0.0000     0.0000     0.0000     0.0000     0.0000     0.0000     0.0000     0.0000     0.0000     0.0000     0.0000     0.0000     0.0000     0.0000     0.0000     0.0000     0.0000     0.0000     0.0000     0.0000     0.0000     0.0000     0.0000     0.0000     0.0000     0.0000     0.0000     0.0000     0.0000     0.0000     0.0000     0.0000     0.0000     0.0000     0.0000     0.0000     0.0000     0.0000     0.0000     0.0000     0.0000     0.0000     0.0000     0.0000     0.0000     0.0000     0.0000     0.0000     0.0000     0.0000     0.0000     0.0000     0.0000     0.0000     0.0000     0.0000     0.0000     0.0000     0.0000     0.0000     0.0000     0.0000     0.0000     0.0000     0.0000     0.0000     0.0000     0.0000     0.0000     0.0000     0.0000     0.0000     0.0000     0.0000     0.0000     0.0000     0.0000     0.0000     0.0000     0.0000     0.0000     0.0000     0.0000     0.0000     0.0000     0.0000     0.0000     0.0000     0.0000     0.0000     0.0000     0.0000     0.0000     0.0000     0.0000     0.0000     0.0000     0.0000     0.0000     0.0000     0.0000     0.0000     0.0000     0.0000     0.0000     0.0000     0.0000     0.0000     0.0000     0.0000     0.0000     0.0000     0.0000     0.0000     0.0000     0.0000     0.0000     0.0000     0.0000     0.0000     0.0000     0.0000     0.0000     0.0000     0.0000     0.0000     0.0000     0.0000     0.0000     0.0000     0.0000     0.0000     0.0000     0.0000     0.0000     0.0000     0.0000     0.0000     0.0000     0.0000     0.0000     0.0000     0.0000     0.0000     0.0000     0.0000     0.0000     0.0000     0.0000     0.0000     0.0000     0.0000     0.0000     0.0000     0.0000     0.0000     0.0000     0.0000     0.0000     0.0000     0.0000     0.0000     0.0000     0.0000     0.0000     0.0000     0.0000     0.0000     0.0000     0.0000     0.0000     0.0000     0.0000     0.0000     0.0000     0.0000     0.0000     0.0000     0.0000     0.0000     0.0000     0.0000     0.0000     0.0000     0.0000     0.0000     0.0000     0.0000     0.0000     0.0000     0.0000     0.0000     0.0000     0.0000     0.0000     0.0000     0.0000     0.0000     0.0000     0.0000     0.0000     0.0000     0.0000     0.0000     0.0000     0.0000     0.0000     0.0000     0.0000     0.0000     0.0000     0.0000     0.0000     0.0000     0.0000     0.0000     0.0000     0.0000     0.0000     0.0000
    0.0000     0.0000     0.0000     0.0000     0.0000     0.0000     0.0000     0.0000     0.0000     0.0000     0.0000     0.0000     0.0000     0.0000     0.0000     0.0000     0.0000     0.0000     0.0000     0.0000     0.0000     0.0000     0.0000     0.0000     0.0000     0.0000     0.0000     0.0000     0.0000     0.0000     0.0000     0.0000     0.0000     0.0000     0.0000     0.0000     0.0000     0.0000     0.0000     0.0000     0.0000     0.0000     0.0000     0.0000     0.0000     0.0000     0.0000     0.0000     0.0000     0.0000     0.0000     0.0000     0.0000     0.0000     0.0000     0.0000     0.0000     0.0000     0.0000     0.0000     0.0000     0.0000     0.0000     0.0000     0.0000     0.0000     0.0000     0.0000     0.0000     0.0000     0.0000     0.0000     0.0000     0.0000     0.0000     0.0000     0.0000     0.0000     0.0000     0.0000     0.0000     0.0000     0.0000     0.0000     0.0000     0.0000     0.0000     0.0000     0.0000     0.0000     0.0000     0.0000     0.0000     0.0000     0.0000     0.0000     0.0000     0.0000     0.0000     0.0000     0.0000     0.0000     0.0000     0.0000     0.0000     0.0000     0.0000     0.0000     0.0000     0.0000     0.0000     0.0000     0.0000     0.0000     0.0000     0.0000     0.0000     0.0000     0.0000     0.0000     0.0000     0.0000     0.0000     0.0000     0.0000     0.0000     0.0000     0.0000     0.0000     0.0000     0.0000     0.0000     0.0000     0.0000     0.0000     0.0000     0.0000     0.0000     0.0000     0.0000     0.0000     0.0000     0.0000     0.0000     0.0000     0.0000     0.0000     0.0000     0.0000     0.0000     0.0000     0.0000     0.0000     0.0000     0.0000     0.0000     0.0000     0.0000     0.0000     0.0000     0.0000     0.0000     0.0000     0.0000     0.0000     0.0000     0.0000     0.0000     0.0000     0.0000     0.0000     0.0000     0.0000     0.0000     0.0000     0.0000     0.0000     0.0000     0.0000     0.0000     0.0000     0.0000     0.0000     0.0000     0.0000     0.0000     0.0000     0.0000     0.0000     0.0000     0.0000     0.0000     0.0000     0.0000     0.0000     0.0000     0.0000     0.0000     0.0000     0.0000     0.0000     0.0000     0.0000     0.0000     0.0000     0.0000     0.0000     0.0000     0.0000     0.0000     0.0000     0.0000     0.0000     0.0000     0.0000     0.0000     0.0000     0.0000     0.0000     0.0000     0.0000     0.0000     0.0000     0.0000     0.0000     0.0000     0.0000     0.0000     0.0000     0.0000     0.0000     0.0000     0.0000     0.0000     0.0000     0.0000     0.0000     0.0000     0.0000     0.0000     0.0000     0.0000     0.0000     0.0000     0.0000     0.0000     0.0000     0.0000     0.0000     0.0000     0.0000     0.0000     0.0000     0.0000     0.0000     0.0000
    0.0000     0.0000     0.0000     0.0000     0.0000     0.0000     0.0000     0.0000     0.0000     0.0000     0.0000     0.0000     0.0000     0.0000     0.0000     0.0000     0.0000     0.0000     0.0000     0.0000     0.0000     0.0000     0.0000     0.0000     0.0000     0.0000     0.0000     0.0000     0.0000     0.0000     0.0000     0.0000     0.0000     0.0000     0.0000     0.0000     0.0000     0.0000     0.0000     0.0000     0.0000     0.0000     0.0000     0.0000     0.0000     0.0000     0.0000     0.0000     0.0000     0.0000     0.0000     0.0000     0.0000     0.0000     0.0000     0.0000     0.0000     0.0000     0.0000     0.0000     0.0000     0.0000     0.0000     0.0000     0.0000     0.0000     0.0000     0.0000     0.0000     0.0000     0.0000     0.0000     0.0000     0.0000     0.0000     0.0000     0.0000     0.0000     0.0000     0.0000     0.0000     0.0000     0.0000     0.0000     0.0000     0.0000     0.0000     0.0000     0.0000     0.0000     0.0000     0.0000     0.0000     0.0000     0.0000     0.0000     0.0000     0.0000     0.0000     0.0000     0.0000     0.0000     0.0000     0.0000     0.0000     0.0000     0.0000     0.0000     0.0000     0.0000     0.0000     0.0000     0.0000     0.0000     0.0000     0.0000     0.0000     0.0000     0.0000     0.0000     0.0000     0.0000     0.0000     0.0000     0.0000     0.0000     0.0000     0.0000     0.0000     0.0000     0.0000     0.0000     0.0000     0.0000     0.0000     0.0000     0.0000     0.0000     0.0000     0.0000     0.0000     0.0000     0.0000     0.0000     0.0000     0.0000     0.0000     0.0000     0.0000     0.0000     0.0000     0.0000     0.0000     0.0000     0.0000     0.0000     0.0000     0.0000     0.0000     0.0000     0.0000     0.0000     0.0000     0.0000     0.0000     0.0000     0.0000     0.0000     0.0000     0.0000     0.0000     0.0000     0.0000     0.0000     0.0000     0.0000     0.0000     0.0000     0.0000     0.0000     0.0000     0.0000     0.0000     0.0000     0.0000     0.0000     0.0000     0.0000     0.0000     0.0000     0.0000     0.0000     0.0000     0.0000     0.0000     0.0000     0.0000     0.0000     0.0000     0.0000     0.0000     0.0000     0.0000     0.0000     0.0000     0.0000     0.0000     0.0000     0.0000     0.0000     0.0000     0.0000     0.0000     0.0000     0.0000     0.0000     0.0000     0.0000     0.0000     0.0000     0.0000     0.0000     0.0000     0.0000     0.0000     0.0000     0.0000     0.0000     0.0000     0.0000     0.0000     0.0000     0.0000     0.0000     0.0000     0.0000     0.0000     0.0000     0.0000     0.0000     0.0000     0.0000     0.0000     0.0000     0.0000     0.0000     0.0000     0.0000     0.0000     0.0000     0.0000     0.0000     0.0000     0.0000     0.0000     0.0000
{"varName":"tauKrylov2Tex","savedAt":"2026-05-18T12:17:10.916Z","value":{"__backupType":"texture2D","w":64,"h":54,"dim":4,"format":[6408,34836,5126],"unit":25,"program":15,"data":[0.10162895917892456,-7.515152454376221,2.642289876937866,1,-0.11645977944135666,-7.551518440246582,3.473114490509033,1,0.05851628631353378,-7.017759323120117,2.856703519821167,1,-0.11661621928215027,-6.550680160522461,2.2937331199645996,1,0.05788728967308998,-6.214198112487793,1.766857624053955,1,0,-5.877297878265381,1.2807561159133911,1,0,-5.626616954803467,0.8078388571739197,1,0,-5.389069557189941,0.3738420307636261,1,0,-5.193883419036865,-0.04990424960851669,1,0,-4.991520881652832,-0.46155476570129395,1,0,-4.821492671966553,-0.8280797600746155,1,0,-4.623296737670898,-1.2027937173843384,1,0,-4.441257953643799,-1.5220916271209717,1,0.059035155922174454,-4.229590892791748,-1.8567759990692139,1,-0.11661621928215027,-4.075913429260254,-2.118356943130493,1,0.05762645602226257,-3.7443504333496094,-2.362501382827759,1,0,-3.5702600479125977,-2.573167324066162,1,0,-3.369788646697998,-2.7835311889648438,1,0,-2.907662868499756,-2.8294310569763184,1,0,-2.7819595336914062,-3.0237717628479004,1,0.05875680223107338,-2.2667157649993896,-2.924077033996582,1,-0.11661621928215027,-2.189657211303711,-3.0655369758605957,1,0.05798667296767235,-1.5933363437652588,-2.8665337562561035,1,0,-1.3302359580993652,-2.7937941551208496,1,0,-1.036429524421692,-2.7037551403045654,1,0,-0.4490315020084381,-2.322340726852417,1,0,-0.2940962016582489,-2.2583060264587402,1,0,0.339344322681427,-1.769432544708252,1,0.05819893255829811,0.47973549365997314,-1.538327693939209,1,-0.11661621928215027,1.0742075443267822,-1.0501164197921753,1,0.05855967849493027,1.248475432395935,-0.7006317377090454,1,0,1.8377220630645752,-0.08933401852846146,1,0.05792343243956566,2.007702589035034,0.24149489402770996,1,-0.11661621928215027,2.3609330654144287,0.8470536470413208,1,0.058811381459236145,2.804064989089966,1.4738106727600098,1,0,2.9910099506378174,1.9761146306991577,1,0,3.413544178009033,2.546234369277954,1,0,3.3860247135162354,2.9992306232452393,1,0,3.966036319732666,3.9689650535583496,1,0,4.0181803703308105,4.319793224334717,1,0,4.243614196777344,5.014616966247559,1,0,4.5781121253967285,5.641475200653076,1,0,4.41702938079834,6.0501508712768555,1,0,5.016602516174316,7.1493916511535645,1,0,4.981970310211182,7.557740688323975,1,0,5.269205570220947,8.353878021240234,1,0,5.221304893493652,8.858270645141602,1,0,5.9046454429626465,10.212642669677734,1,0,5.80408239364624,10.634352684020996,1,0,6.299366474151611,11.853538513183594,1,0,6.494943141937256,12.724824905395508,1,0,7.233311653137207,14.515628814697266,1,0,7.548348426818848,15.536697387695312,1,0,8.377276420593262,17.716360092163086,1,0,8.858238220214844,19.043569564819336,1,0,10.252596855163574,22.378507614135742,1,0,11.045950889587402,24.528165817260742,1,0,12.46250057220459,27.888782501220703,1,0,14.088061332702637,32.09959030151367,1,0,15.630897521972656,35.848384857177734,1,0,18.138580322265625,42.107295989990234,1,0,20.301733016967773,47.30661392211914,1,0,23.05742645263672,54.63604736328125,1,0,25.992326736450195,61.62766647338867,1,0.0708252415060997,21.396345138549805,-14.28986930847168,1,-0.27293482422828674,29.571109771728516,-16.771244049072266,1,3.725290298461914e-9,34.31545639038086,-13.445778846740723,1,3.725290298461914e-9,37.53892517089844,-9.7369966506958,1,-0.052036020904779434,39.466556549072266,-5.848578453063965,1,0.10827862471342087,40.259342193603516,-1.9462497234344482,1,-0.10827862471342087,40.06428146362305,1.822191834449768,1,0.057457130402326584,39.131568908691406,5.361614227294922,1,0.05050686001777649,37.47848892211914,8.574750900268555,1,-0.058044083416461945,35.33271026611328,11.414409637451172,1,3.725290298461914e-9,32.745262145996094,13.8245849609375,1,3.725290298461914e-9,29.89000701904297,15.782783508300781,1,3.725290298461914e-9,26.794593811035156,17.32222557067871,1,3.725290298461914e-9,23.596162796020508,18.373252868652344,1,3.725290298461914e-9,20.332361221313477,19.016714096069336,1,3.725290298461914e-9,17.169471740722656,19.313806533813477,1,3.725290298461914e-9,13.843664169311523,19.05673599243164,1,3.725290298461914e-9,11.11744499206543,18.816734313964844,1,-0.049411386251449585,7.8280487060546875,17.83686065673828,1,0.10827862471342087,5.554747581481934,17.111648559570312,1,-0.058725956827402115,2.74347186088562,15.715720176696777,1,-0.04965746030211449,0.8642650842666626,14.616226196289062,1,0.10827862471342087,-1.4629830121994019,13.026542663574219,1,-0.05835161730647087,-2.858848810195923,11.763850212097168,1,3.725290298461914e-9,-4.668456554412842,10.071809768676758,1,3.725290298461914e-9,-5.532244682312012,8.859281539916992,1,3.725290298461914e-9,-6.921916961669922,7.222940921783447,1,3.725290298461914e-9,-7.277701377868652,6.137255668640137,1,3.725290298461914e-9,-8.168299674987793,4.676715850830078,1,3.725290298461914e-9,-8.222228050231934,3.83354115486145,1,3.725290298461914e-9,-8.73872184753418,2.5486927032470703,1,3.725290298461914e-9,-8.440945625305176,2.01330828666687,1,-0.051797427237033844,-8.737792015075684,0.9511248469352722,1,0.10827862471342087,-8.13514518737793,0.6799160242080688,1,-0.0559992715716362,-8.39561653137207,-0.25740060210227966,1,3.725290298461914e-9,-7.684667587280273,-0.33281970024108887,1,-0.05275634303689003,-7.743809700012207,-1.1664514541625977,1,0.10827862471342087,-7.212272644042969,-1.0725762844085693,1,-0.05506361275911331,-7.320418834686279,-2.0111513137817383,1,3.725290298461914e-9,-6.749339580535889,-1.979095697402954,1,3.725290298461914e-9,-7.068274974822998,-3.021869659423828,1,3.725290298461914e-9,-6.706373691558838,-3.3184523582458496,1,3.725290298461914e-9,-7.284250736236572,-4.4684672355651855,1,3.725290298461914e-9,-7.14065408706665,-5.245868682861328,1,3.725290298461914e-9,-7.898288726806641,-6.812183380126953,1,3.725290298461914e-9,-8.1372709274292,-8.023420333862305,1,-0.054598383605480194,-9.152432441711426,-10.310855865478516,1,0.10827862471342087,-9.558669090270996,-11.689827919006348,1,-0.10827862471342087,-10.954132080078125,-14.823070526123047,1,0.10827862471342087,-11.43748950958252,-16.740821838378906,1,-0.10827862471342087,-13.051595687866211,-20.33838653564453,1,0.10827862471342087,-13.566472053527832,-22.655139923095703,1,-0.10827862471342087,-15.34289264678955,-26.43370819091797,1,0.10827862471342087,-15.659887313842773,-28.971765518188477,1,-0.053662028163671494,-17.1392765045166,-32.75761795043945,1,-0.0544801726937294,-17.461328506469727,-34.92976379394531,1,0.10827862471342087,-18.15790557861328,-38.04693603515625,1,-0.10827862471342087,-17.979900360107422,-39.128509521484375,1,0.10827862471342087,-17.660263061523438,-40.74248504638672,1,-0.05472492799162865,-16.646766662597656,-39.871761322021484,1,-0.053218502551317215,-15.076605796813965,-38.86351776123047,1,0.055440086871385574,-12.288565635681152,-34.53122329711914,1,-0.15723633766174316,-9.01168441772461,-29.23157501220703,1,-0.19674144685268402,-3.8374505043029785,-18.050554275512695,1,0.13487400114536285,-6.577457427978516,5.144991397857666,1,-0.2413139045238495,-6.199089527130127,5.916202068328857,1,0.06009899824857712,-5.461789608001709,5.40403938293457,1,0,-4.95023250579834,4.955636978149414,1,0.06098058819770813,-4.400588035583496,4.5749969482421875,1,-0.0596272349357605,-4.09552001953125,4.220898628234863,1,3.725290298461914e-9,-3.7019286155700684,3.916731357574463,1,3.725290298461914e-9,-3.5273993015289307,3.6145620346069336,1,-0.06149623170495033,-3.3258345127105713,3.333641290664673,1,0.12075337767601013,-3.1348001956939697,3.0824413299560547,1,-0.12075337767601013,-3.141078233718872,2.7739241123199463,1,0.058980509638786316,-3.0494847297668457,2.5226597785949707,1,0,-3.0115010738372803,2.2185170650482178,1,0.061909426003694534,-2.986994504928589,1.9728058576583862,1,-0.05878911912441254,-3.150751829147339,1.5912091732025146,1,3.725290298461914e-9,-3.013941764831543,1.3468859195709229,1,-0.062048543244600296,-3.190140962600708,1.0140588283538818,1,0.05867476761341095,-3.1895217895507812,0.6230462789535522,1,0.062101028859615326,-3.2090442180633545,0.3715553283691406,1,-0.05863727256655693,-3.3378684520721436,-0.04502664506435394,1,-0.062124136835336685,-3.339708089828491,-0.3743487596511841,1,0.058627936989068985,-3.4408626556396484,-0.6815271377563477,1,0,-3.364935874938965,-1.1297999620437622,1,0.06210905686020851,-3.375420093536377,-1.2826836109161377,1,-0.12075337767601013,-3.5471129417419434,-1.8856568336486816,1,0.05868399515748024,-3.3688340187072754,-1.9974675178527832,1,0.062041573226451874,-3.4511849880218506,-2.3638198375701904,1,-0.12075337767601013,-3.3570311069488525,-2.6734251976013184,1,0.12075337767601013,-3.2648282051086426,-2.9279892444610596,1,-0.12075337767601013,-3.3210930824279785,-3.165792465209961,1,0.05886910483241081,-2.9860026836395264,-3.366360664367676,1,0.06183495372533798,-3.221958875656128,-3.663261651992798,1,-0.05897112935781479,-2.7101454734802246,-3.567014455795288,1,-0.06172645092010498,-3.0418381690979004,-4.11782169342041,1,0.05908549949526787,-2.343169927597046,-3.728854179382324,1,0,-2.500850200653076,-3.926853656768799,1,0.061543602496385574,-2.350728988647461,-4.305639743804932,1,-0.05927486717700958,-1.8826038837432861,-3.638030529022217,1,-0.06141185015439987,-2.1165518760681152,-4.239729881286621,1,0.05940944328904152,-1.3257077932357788,-3.5338332653045654,1,0,-1.6741694211959839,-3.892204999923706,1,0,-0.9822353720664978,-3.2688775062561035,1,0,-1.0299646854400635,-3.457514524459839,1,0,-0.6419654488563538,-2.865058660507202,1,0,-0.3557376265525818,-2.7296102046966553,1,0.06092698499560356,-0.3996120095252991,-2.546584129333496,1,-0.0598946176469326,0.2262580543756485,-1.7316243648529053,1,-0.06079170107841492,0.06987738609313965,-2.197951316833496,1,0.06002725288271904,0.8133024573326111,-0.6783594489097595,1,0,0.5229699015617371,-1.2072080373764038,1,0,1.1654167175292969,-0.1042715311050415,1,0.060541294515132904,1.2343894243240356,0.16428989171981812,1,-0.12075337767601013,1.311890959739685,0.2505069971084595,1,0.060322344303131104,1.8005356788635254,1.473125696182251,1,0.06038070097565651,1.8143497705459595,1.4695079326629639,1,-0.12075337767601013,2.090482234954834,2.2945938110351562,1,0.12075337767601013,2.1680095195770264,2.5523226261138916,1,-0.12075337767601013,2.5033838748931885,3.490532875061035,1,0.06053490564227104,2.4167745113372803,3.4099438190460205,1,0.06018920987844467,2.9991555213928223,4.580850124359131,1,-0.060588303953409195,2.798818588256836,5.192569255828857,1,-0.06014636531472206,2.911954164505005,4.946760654449463,1,0.060619983822107315,3.135822296142578,6.1506829261779785,1,0.09031480550765991,3.172471046447754,6.413717746734619,1,0.07698764652013779,12.548017501831055,-6.386643886566162,1,0.0004613026976585388,14.812620162963867,-7.684150218963623,1,0.06231246143579483,15.659159660339355,-6.371331691741943,1,0,16.120515823364258,-5.015162467956543,1,0,16.26287841796875,-3.6544294357299805,1,0.060457125306129456,16.131189346313477,-2.3277480602264404,1,-0.12353824824094772,15.759926795959473,-1.0699880123138428,1,0.12353824824094772,15.195406913757324,0.11705243587493896,1,-0.12353824824094772,14.503342628479004,1.1803127527236938,1,0.0637468695640564,13.649776458740234,2.155640125274658,1,0,12.754508972167969,2.981161594390869,1,0,11.7634859085083,3.7093214988708496,1,0,10.726568222045898,4.311601161956787,1,0.059479303658008575,9.706904411315918,4.763450622558594,1,-0.06408895552158356,8.65377140045166,5.1422929763793945,1,-0.05943653732538223,7.624960422515869,5.380279541015625,1,0.06409815698862076,6.634342670440674,5.541311264038086,1,0,5.778010368347168,5.643274307250977,1,0,4.623015880584717,5.497048854827881,1,-0.05953885614871979,4.17633581161499,5.6659040451049805,1,0.12353824824094772,2.9427435398101807,5.193087100982666,1,-0.06386979669332504,2.6775755882263184,5.382294654846191,1,-0.05974946916103363,1.541481852531433,4.7806315422058105,1,0.12353824824094772,1.4997398853302002,4.8936944007873535,1,-0.0635991320014,0.3867988586425781,4.309715747833252,1,0.06004580855369568,0.5249178409576416,4.312924385070801,1,-0.06337912380695343,-0.46797633171081543,3.695462942123413,1,-0.06027808040380478,-0.30857405066490173,3.793398380279541,1,0.12353824824094772,-1.0555535554885864,3.0738649368286133,1,-0.06300914287567139,-0.8793751001358032,3.2078704833984375,1,3.725290298461914e-9,-1.5713270902633667,2.482272148132324,1,-0.06079113483428955,-1.3491708040237427,2.612522840499878,1,0.12353824824094772,-1.9257138967514038,1.9186897277832031,1,-0.12353824824094772,-1.7131068706512451,1.9630649089813232,1,0.06235036998987198,-2.292465925216675,1.242883563041687,1,0,-2.035794496536255,1.3846946954727173,1,0,-2.7034826278686523,0.4157530963420868,1,0.061565835028886795,-2.3382129669189453,0.6586002111434937,1,-0.12353824824094772,-3.189995050430298,-0.4926130473613739,1,0.12353824824094772,-2.8535959720611572,-0.4352509379386902,1,-0.12353824824094772,-3.6988024711608887,-1.4840444326400757,1,0.06154285743832588,-3.5394227504730225,-1.732098937034607,1,0.06208304688334465,-4.313544750213623,-3.0333356857299805,1,-0.06137737259268761,-4.266098976135254,-3.128519058227539,1,3.725290298461914e-9,-5.318406581878662,-4.881992340087891,1,3.725290298461914e-9,-5.133435249328613,-5.286189079284668,1,-0.062325701117515564,-6.321497440338135,-6.925065994262695,1,0.061183709651231766,-6.2477498054504395,-7.5621232986450195,1,0,-7.370708465576172,-9.648698806762695,1,0.062367238104343414,-7.437412261962891,-10.27611255645752,1,-0.12353824824094772,-8.586870193481445,-12.454724311828613,1,0.06122472137212753,-8.599841117858887,-13.351133346557617,1,0,-9.709259986877441,-15.630657196044922,1,0.06218566745519638,-9.576881408691406,-16.10719108581543,1,-0.12353824824094772,-10.63199234008789,-18.909107208251953,1,0.12353824824094772,-10.394719123840332,-19.011249542236328,1,-0.12353824824094772,-11.213897705078125,-21.23939323425293,1,0.06186172738671303,-10.618203163146973,-21.564918518066406,1,0.06149079650640488,-10.932403564453125,-22.47918128967285,1,-0.06225849315524101,-10.29629135131836,-22.81671905517578,1,-0.061042435467243195,-10.096879959106445,-22.707395553588867,1,0.12353824824094772,-8.469926834106445,-21.216856002807617,1,-0.12353824824094772,-7.7268195152282715,-20.58799171447754,1,-0.1788833886384964,-5.804144382476807,-16.941572189331055,1,0.057704150676727295,-3.996091842651367,1.0567270517349243,1,3.725290298461914e-9,-4.1584062576293945,1.6058942079544067,1,0.046298813074827194,-3.942307949066162,1.1873260736465454,1,-0.09232663363218307,-3.7073566913604736,0.8017845749855042,1,0.09232663363218307,-3.5284111499786377,0.4377700686454773,1,-0.09232663363218307,-3.3412017822265625,0.10802124440670013,1,0.09232663363218307,-3.1749424934387207,-0.20801827311515808,1,-0.09232663363218307,-2.9947702884674072,-0.49813494086265564,1,0.09232663363218307,-2.8103606700897217,-0.7503450512886047,1,-0.09232663363218307,-2.7047464847564697,-1.0154838562011719,1,0.09232663363218307,-2.4461686611175537,-1.1973423957824707,1,-0.04590959474444389,-2.31131649017334,-1.403403878211975,1,-0.046398889273405075,-2.1480002403259277,-1.5607659816741943,1,0.09232663363218307,-1.8815099000930786,-1.6766480207443237,1,-0.09232663363218307,-1.7507025003433228,-1.771152377128601,1,0.04600782319903374,-1.5324773788452148,-1.8705452680587769,1,0.04628510773181915,-1.253885269165039,-1.8213838338851929,1,-0.04607797786593437,-1.0923705101013184,-1.8771411180496216,1,-0.046209920197725296,-0.8520541191101074,-1.8141210079193115,1,0.09232663363218307,-0.5928221344947815,-1.7250983715057373,1,-0.09232663363218307,-0.39152178168296814,-1.6165072917938232,1,0.04624205082654953,-0.13768891990184784,-1.4715710878372192,1,3.725290298461914e-9,0.12504316866397858,-1.2606050968170166,1,3.725290298461914e-9,0.31338465213775635,-1.064513087272644,1,3.725290298461914e-9,0.59119713306427,-0.8187820315361023,1,0.04591328650712967,0.8380175828933716,-0.48802313208580017,1,-0.09232663363218307,1.0002626180648804,-0.2483287751674652,1,0.046492546796798706,1.2777334451675415,0.15533894300460815,1,3.725290298461914e-9,1.4022842645645142,0.39778730273246765,1,3.725290298461914e-9,1.7875919342041016,0.9736288785934448,1,3.725290298461914e-9,1.719253659248352,1.1104660034179688,1,3.725290298461914e-9,2.181896448135376,1.8440724611282349,1,3.725290298461914e-9,2.097384214401245,1.851821780204773,1,0.04566631838679314,2.5438687801361084,2.822387456893921,1,-0.04667328670620918,2.3862130641937256,2.738856077194214,1,-0.04564588516950607,2.6670541763305664,3.51021409034729,1,0.04668224975466728,2.96060848236084,3.9964964389801025,1,3.725290298461914e-9,2.8540191650390625,4.31653356552124,1,0.045661117881536484,3.280691385269165,5.088151454925537,1,-0.09232663363218307,2.982496738433838,5.270643711090088,1,0.04661943018436432,3.5605580806732178,6.110259056091309,1,3.725290298461914e-9,3.452425956726074,6.622236728668213,1,3.725290298461914e-9,3.7860867977142334,7.309767246246338,1,3.725290298461914e-9,3.8802363872528076,7.865292072296143,1,0.04590211808681488,4.079176902770996,8.894479751586914,1,-0.04635171219706535,4.470178604125977,9.588920593261719,1,0,4.613711833953857,10.468984603881836,1,-0.04615263268351555,5.123777389526367,11.985432624816895,1,0.04606818035244942,5.364528179168701,12.807295799255371,1,3.725290298461914e-9,6.143856525421143,14.778524398803711,1,3.725290298461914e-9,6.477027416229248,16.118627548217773,1,3.725290298461914e-9,7.279397010803223,18.339223861694336,1,3.725290298461914e-9,8.198592185974121,20.78845977783203,1,3.725290298461914e-9,8.969600677490234,23.17625617980957,1,0.04715980216860771,10.261528968811035,26.706789016723633,1,-0.044967930763959885,11.429917335510254,30.247549057006836,1,-0.04757273569703102,12.652078628540039,33.98015213012695,1,0.04452427476644516,14.797215461730957,39.854976654052734,1,0.04804803058505058,16.589550018310547,44.96963119506836,1,-0.04401642829179764,18.433197021484375,50.85777282714844,1,-0.04858934506773949,21.229753494262695,59.255043029785156,1,0.04344072937965393,23.857131958007812,67.17109680175781,1,0.14760103821754456,27.097929000854492,77.08573150634766,1,0.19189989566802979,30.451337814331055,86.97936248779297,1,-0.08783527463674545,1.5954340696334839,-1.5687782764434814,1,0.05853620544075966,1.708614706993103,-1.8036218881607056,1,-0.058519888669252396,1.6905611753463745,-1.6165727376937866,1,3.725290298461914e-9,1.7594444751739502,-1.4171453714370728,1,3.725290298461914e-9,1.7220735549926758,-1.2321475744247437,1,3.725290298461914e-9,1.7655391693115234,-1.0294281244277954,1,-0.05835147947072983,1.7355598211288452,-0.8365179896354675,1,0.11701332032680511,1.7201855182647705,-0.6563628315925598,1,-0.11701332032680511,1.7621961832046509,-0.449759840965271,1,0.05873829126358032,1.7052066326141357,-0.2737915515899658,1,0.0582551471889019,1.7219454050064087,-0.0840706005692482,1,-0.11701332032680511,1.625224232673645,0.07927355915307999,1,0.05878966301679611,1.6974447965621948,0.2845897376537323,1,0,1.5756487846374512,0.38430896401405334,1,0,1.6958591938018799,0.6727015972137451,1,0.058196790516376495,1.4695444107055664,0.6978249549865723,1,-0.05882013589143753,1.649019479751587,0.9802582859992981,1,3.725290298461914e-9,1.4241430759429932,1.0035884380340576,1,3.725290298461914e-9,1.5292255878448486,1.2073328495025635,1,-0.05819809064269066,1.501444935798645,1.4408605098724365,1,0.11701332032680511,1.3777302503585815,1.4352351427078247,1,-0.058799050748348236,1.366910696029663,1.6137629747390747,1,-0.05822616070508957,1.4644019603729248,1.8876248598098755,1,0.11701332032680511,1.3378373384475708,1.7540276050567627,1,-0.11701332032680511,1.3665344715118408,2.181698799133301,1,0.05873650312423706,1.2273632287979126,2.045579671859741,1,0.05829862132668495,1.4719643592834473,2.451131582260132,1,-0.11701332032680511,1.170843243598938,2.292015552520752,1,0.11701332032680511,1.3208292722702026,2.661832571029663,1,-0.11701332032680511,1.2964214086532593,2.66252064704895,1,0.05860345810651779,1.2617546319961548,2.831655740737915,1,0,1.4546892642974854,3.243900775909424,1,0.05847959965467453,1.2074071168899536,2.9447131156921387,1,-0.11701332032680511,1.2341511249542236,3.425041675567627,1,0.11701332032680511,1.4874358177185059,3.511698007583618,1,-0.05841194838285446,1.2822407484054565,3.628507375717163,1,3.725290298461914e-9,1.5514507293701172,4.113393783569336,1,3.725290298461914e-9,1.3277679681777954,3.829028606414795,1,3.725290298461914e-9,1.5675619840621948,4.5365095138549805,1,-0.05879487842321396,1.5092480182647705,4.4337053298950195,1,0.11701332032680511,1.6107425689697266,5.041473388671875,1,-0.05810872092843056,1.649802327156067,4.910106658935547,1,3.725290298461914e-9,1.8548775911331177,5.690072536468506,1,-0.059022728353738785,1.5950441360473633,5.564883232116699,1,0.0579284206032753,2.065840005874634,6.011091232299805,1,0.059149108827114105,2.005340814590454,6.760362148284912,1,-0.057797983288764954,2.044217824935913,6.640861511230469,1,3.725290298461914e-9,2.3498497009277344,7.439873695373535,1,-0.05935375764966011,2.1773648262023926,7.601294040679932,1,0.11701332032680511,2.562478542327881,8.443685531616211,1,-0.057513318955898285,2.535939931869507,8.670439720153809,1,3.725290298461914e-9,2.7209715843200684,9.22974681854248,1,3.725290298461914e-9,3.0580310821533203,10.472862243652344,1,-0.059733644127845764,2.5688669681549072,9.63198184967041,1,0.057198069989681244,3.634582281112671,11.915375709533691,1,0.059898681938648224,3.468963384628296,12.173316955566406,1,-0.11701332032680511,3.0387630462646484,11.878814697265625,1,0.11701332032680511,4.29295015335083,14.566880226135254,1,-0.11701332032680511,3.423008918762207,13.375970840454102,1,0.11701332032680511,4.597767353057861,16.242902755737305,1,-0.05667082965373993,4.394803524017334,15.964316368103027,1,3.725290298461914e-9,4.241142749786377,16.91492462158203,1,-0.06053204461932182,4.936861515045166,18.48341941833496,1,-0.07950130850076675,5.314589023590088,19.679014205932617,1,0.028990836814045906,-7.4091925621032715,2.6417057514190674,1,-0.11637744307518005,-7.461677074432373,3.480724811553955,1,0,-6.934435844421387,2.870945692062378,1,0,-6.4841837882995605,2.314764976501465,1,0,-6.147258758544922,1.791744589805603,1,0,-5.8340935707092285,1.30966055393219,1,0,-5.58518123626709,0.8378785252571106,1,0,-5.348776817321777,0.4054427444934845,1,0,-5.16897439956665,-0.015961891040205956,1,0,-4.98896598815918,-0.42580974102020264,1,0,-4.797082901000977,-0.7988932728767395,1,0,-4.63482141494751,-1.171488642692566,1,0,-4.430143356323242,-1.4949532747268677,1,0,-4.267056941986084,-1.8319196701049805,1,0,-4.049500465393066,-2.094978094100952,1,0,-3.7921783924102783,-2.3376033306121826,1,0,-3.5803897380828857,-2.5748674869537354,1,0,-3.3839263916015625,-2.7607405185699463,1,0,-2.9579617977142334,-2.838623285293579,1,0,-2.830524206161499,-3.0131969451904297,1,0,-2.3353984355926514,-2.93794322013855,1,0,-2.1820921897888184,-3.062998056411743,1,0,-1.6273260116577148,-2.8826305866241455,1,0,-1.4047749042510986,-2.8303825855255127,1,0,-1.0540412664413452,-2.7162766456604004,1,0.05845966562628746,-0.4965282678604126,-2.3614776134490967,1,-0.11661621928215027,-0.371268630027771,-2.3020660877227783,1,0.058303073048591614,0.2622211277484894,-1.7882254123687744,1,0,0.46419093012809753,-1.6167176961898804,1,0.058168068528175354,1.0802048444747925,-1.03791081905365,1,-0.11661621928215027,1.1183772087097168,-0.7999883890151978,1,0.05858655273914337,1.8527237176895142,-0.13500580191612244,1,0,1.9070217609405518,0.19276344776153564,1,0,2.3804752826690674,0.7981956601142883,1,0,2.7992465496063232,1.4125884771347046,1,0,2.8984243869781494,1.9261081218719482,1,0,3.32749605178833,2.484663486480713,1,0,3.4208853244781494,2.968871831893921,1,0,4.027420997619629,3.9208180904388428,1,0,3.8985321521759033,4.252101898193359,1,0,4.316250324249268,4.977195739746094,1,0.05762069672346115,4.516700744628906,5.631708145141602,1,-0.11661621928215027,4.382844924926758,5.993819713592529,1,0.05898411199450493,5.104342460632324,7.178563117980957,1,0,4.961184501647949,7.550441265106201,1,0,5.295162677764893,8.355247497558594,1,0,5.312927722930908,8.84446907043457,1,0,5.830564022064209,10.272794723510742,1,0.05786136910319328,5.972316265106201,10.711247444152832,1,-0.11661621928215027,6.3017377853393555,11.919899940490723,1,0.05856912583112717,6.565666675567627,12.811553955078125,1,0,7.3143696784973145,14.624842643737793,1,0,7.64015007019043,15.728397369384766,1,0,8.480237007141113,17.81788444519043,1,0,9.031152725219727,19.289430618286133,1,0.058792177587747574,10.321106910705566,22.596839904785156,1,-0.11661621928215027,11.184745788574219,24.720157623291016,1,0.057399969547986984,12.620980262756348,28.24460792541504,1,0,14.239240646362305,32.39582443237305,1,0,15.87559700012207,36.28123474121094,1,0,18.2745418548584,42.512725830078125,1,0,20.512237548828125,47.70256423950195,1,0,23.465578079223633,55.46996307373047,1,0,26.476993560791016,62.636695861816406,1,0.014281041920185089,20.946775436401367,-14.28895092010498,1,-0.054548293352127075,29.160654067993164,-16.807636260986328,1,3.725290298461914e-9,33.93709945678711,-13.518119812011719,1,3.725290298461914e-9,37.20084762573242,-9.839834213256836,1,-0.05207468569278717,39.14768981933594,-5.978973388671875,1,0.10827862471342087,39.97886657714844,-2.0989761352539062,1,-0.057059843093156815,39.82100296020508,1.649741768836975,1,-0.05086015537381172,38.90367889404297,5.173348903656006,1,0.10827862471342087,37.29277038574219,8.374039649963379,1,-0.05800541862845421,35.15439987182617,11.203736305236816,1,3.725290298461914e-9,32.620201110839844,13.606285095214844,1,3.725290298461914e-9,29.762184143066406,15.567750930786133,1,-0.04969336837530136,26.707128524780273,17.09869956970215,1,0.10827862471342087,23.540220260620117,18.160078048706055,1,-0.05879094824194908,20.28744888305664,18.79902458190918,1,3.725290298461914e-9,17.143224716186523,19.108966827392578,1,3.725290298461914e-9,13.837108612060547,18.856599807739258,1,3.725290298461914e-9,11.105270385742188,18.623830795288086,1,-0.04945005103945732,7.898745059967041,17.662845611572266,1,0.10827862471342087,5.598358154296875,16.950599670410156,1,-0.05868729203939438,2.7764732837677,15.568625450134277,1,-0.04969612509012222,0.9413184523582458,14.478658676147461,1,0.10827862471342087,-1.3735746145248413,12.90598201751709,1,-0.058312952518463135,-2.732105016708374,11.674264907836914,1,3.725290298461914e-9,-4.585194110870361,9.9797945022583,1,3.725290298461914e-9,-5.410690784454346,8.806501388549805,1,3.725290298461914e-9,-6.7917280197143555,7.17496395111084,1,3.725290298461914e-9,-7.114825248718262,6.121264934539795,1,3.725290298461914e-9,-8.053332328796387,4.653397560119629,1,3.725290298461914e-9,-8.072940826416016,3.8559958934783936,1,3.725290298461914e-9,-8.560465812683105,2.5884058475494385,1,3.725290298461914e-9,-8.313294410705566,2.0437939167022705,1,-0.05183609202504158,-8.579984664916992,1.02578866481781,1,0.10827862471342087,-7.976469039916992,0.7567351460456848,1,-0.055960606783628464,-8.211267471313477,-0.16573740541934967,1,3.725290298461914e-9,-7.529417037963867,-0.21435295045375824,1,3.725290298461914e-9,-7.617294788360596,-1.0367062091827393,1,3.725290298461914e-9,-7.061625003814697,-0.9593350887298584,1,-0.053253673017024994,-7.208563804626465,-1.8840420246124268,1,0.10827862471342087,-6.486546039581299,-1.8064122200012207,1,-0.054598014801740646,-7.024592876434326,-2.884432792663574,1,3.725290298461914e-9,-6.581145286560059,-3.1569607257843018,1,3.725290298461914e-9,-7.168170928955078,-4.334583759307861,1,-0.05423220992088318,-7.034729480743408,-5.088160514831543,1,0.05389292538166046,-7.8580803871154785,-6.6606059074401855,1,0,-7.946727752685547,-7.9079718589782715,1,0,-9.137361526489258,-10.181117057800293,1,0.0547315739095211,-9.449687957763672,-11.575244903564453,1,-0.05347553640604019,-10.925393104553223,-14.692845344543457,1,3.725290298461914e-9,-11.50197982788086,-16.791784286499023,1,3.725290298461914e-9,-12.959566116333008,-20.167083740234375,1,-0.054862845689058304,-13.725899696350098,-22.769128799438477,1,0.10827862471342087,-15.123299598693848,-26.322811126708984,1,-0.053521670401096344,-15.91600513458252,-29.220373153686523,1,3.725290298461914e-9,-17.2259521484375,-32.76893615722656,1,-0.05451883748173714,-17.50899314880371,-35.082916259765625,1,0.10827862471342087,-18.229419708251953,-38.308834075927734,1,-0.10827862471342087,-18.185302734375,-39.395042419433594,1,0.10827862471342087,-17.838022232055664,-41.073341369628906,1,-0.10827862471342087,-16.852100372314453,-40.3260612487793,1,0.05502145364880562,-15.25741958618164,-39.28507614135742,1,0.05287720263004303,-12.554803848266602,-35.036476135253906,1,-0.16072940826416016,-9.37070083618164,-29.963848114013672,1,-0.20141562819480896,-4.23914098739624,-18.903717041015625,1,0.1808934211730957,-6.452662944793701,5.144247531890869,1,-0.12075337767601013,-6.06959867477417,5.9269118309021,1,0.12075337767601013,-5.35076379776001,5.425687313079834,1,-0.12075337767601013,-4.8433732986450195,4.986235618591309,1,0.05973459407687187,-4.307763576507568,4.615560054779053,1,0,-3.9910728931427,4.268728256225586,1,0,-3.625105857849121,3.9720051288604736,1,0,-3.442560911178589,3.6759164333343506,1,0.06153442710638046,-3.2450990676879883,3.403137445449829,1,-0.05911675840616226,-3.0951032638549805,3.1496336460113525,1,-0.06172872707247734,-3.0688936710357666,2.849757194519043,1,0.12075337767601013,-2.998408555984497,2.6035983562469482,1,-0.05886945128440857,-2.9819087982177734,2.297981023788452,1,-0.061947617679834366,-2.9637184143066406,2.0461344718933105,1,0.058750927448272705,-3.0737366676330566,1.6796983480453491,1,0,-3.016326904296875,1.4326447248458862,1,0.062086738646030426,-3.150205135345459,1.1012356281280518,1,-0.05863657221198082,-3.1581075191497803,0.699259877204895,1,-0.06213922053575516,-3.246931552886963,0.4366081655025482,1,0.12075337767601013,-3.2914023399353027,0.05262332409620285,1,-0.12075337767601013,-3.356417179107666,-0.29773348569869995,1,0.058589741587638855,-3.4115498065948486,-0.6165226101875305,1,0.062158506363630295,-3.4002623558044434,-1.0610580444335938,1,-0.05860612541437149,-3.3540706634521484,-1.2174344062805176,1,-0.062130171805620193,-3.5899462699890137,-1.8243118524551392,1,0.12075337767601013,-3.385876417160034,-1.909191370010376,1,-0.05867360904812813,-3.440429449081421,-2.355919122695923,1,-0.062047045677900314,-3.4408488273620605,-2.5955517292022705,1,0.12075337767601013,-3.23091721534729,-2.899843692779541,1,-0.12075337767601013,-3.3795690536499023,-3.1126887798309326,1,0.05883090943098068,-3.0484724044799805,-3.3330588340759277,1,0.06187314912676811,-3.1647226810455322,-3.6512503623962402,1,-0.05893293395638466,-2.8049328327178955,-3.5299596786499023,1,-0.06176464632153511,-3.079791307449341,-4.085853576660156,1,0.12075337767601013,-2.3210651874542236,-3.732867956161499,1,-0.12075337767601013,-2.600957155227661,-3.936450958251953,1,0.12075337767601013,-2.454723358154297,-4.291208744049072,1,-0.12075337767601013,-1.8441990613937378,-3.683586359024048,1,0.12075337767601013,-2.0827276706695557,-4.1569108963012695,1,-0.12075337767601013,-1.5290261507034302,-3.618605852127075,1,0.12075337767601013,-1.5990816354751587,-3.867931604385376,1,-0.059509649872779846,-1.0264647006988525,-3.3396530151367188,1,-0.06117384880781174,-1.257926344871521,-3.5036706924438477,1,0.05964944511651993,-0.5075486302375793,-2.885488271713257,1,0.061034273356199265,-0.3999943733215332,-2.6617865562438965,1,-0.12075337767601013,-0.6118089556694031,-2.7900407314300537,1,0.12075337767601013,0.33330121636390686,-1.5721766948699951,1,-0.12075337767601013,0.04155322164297104,-2.3258979320526123,1,0.12075337767601013,0.7108433246612549,-0.7750563025474548,1,-0.12075337767601013,0.48172417283058167,-1.1846497058868408,1,0.12075337767601013,1.1256235837936401,-0.2042088359594345,1,-0.0601738877594471,1.1964415311813354,0.06338316947221756,1,3.725290298461914e-9,1.3361660242080688,0.3302704989910126,1,-0.06046922504901886,1.7061845064163208,1.3115938901901245,1,0.06033448129892349,1.6675604581832886,1.3801491260528564,1,0.06037217006087303,2.290980100631714,2.4146502017974854,1,-0.12075337767601013,1.9699288606643677,2.2928614616394043,1,0.060462627559900284,2.5925204753875732,3.5624701976776123,1,0.06025666743516922,2.399674892425537,3.3870644569396973,1,-0.06052597239613533,2.8609619140625,4.494210720062256,1,-0.06020326539874077,2.785404920578003,5.11191463470459,1,0.06056881695985794,3.022226572036743,5.052248477935791,1,0.1203431785106659,3.328286647796631,6.24016809463501,1,0.13457533717155457,3.3872549533843994,6.504517078399658,1,0.03182055056095123,12.317145347595215,-6.38554048538208,1,-0.12391132116317749,14.593485832214355,-7.7004499435424805,1,0,15.465423583984375,-6.403489112854004,1,0.06098609417676926,15.94271183013916,-5.061352252960205,1,-0.18426844477653503,16.10016632080078,-3.7127692699432373,1,0.1865752637386322,15.989825248718262,-2.3956522941589355,1,-0.06323999166488647,15.6422758102417,-1.1454486846923828,1,0.06012028455734253,15.08761978149414,0.03454722464084625,1,-0.1835045963525772,14.385994911193848,1.0893467664718628,1,0.12740550935268402,13.595315933227539,2.0655508041381836,1,0.11945347487926483,12.704872131347656,2.891672372817993,1,-0.24707649648189545,11.666605949401855,3.6077394485473633,1,0.1875048279762268,10.732087135314941,4.2228617668151855,1,-0.0044914111495018005,9.66904354095459,4.675426483154297,1,-0.06404484808444977,8.624584197998047,5.047768592834473,1,-0.05948065221309662,7.622643947601318,5.297455310821533,1,0.06405404210090637,6.67207670211792,5.463111877441406,1,0,5.748946189880371,5.563104152679443,1,0,4.695560455322266,5.430958271026611,1,0.059582971036434174,4.209544658660889,5.621633529663086,1,-0.1831802874803543,2.905470132827759,5.104578495025635,1,0.18736392259597778,2.828192710876465,5.358835220336914,1,-0.003951080143451691,1.5764080286026,4.746751308441162,1,-0.12353824824094772,1.5006552934646606,4.851581573486328,1,0.12353824824094772,0.5244513750076294,4.299222946166992,1,-0.12353824824094772,0.5265649557113647,4.273948669433594,1,0.12353824824094772,-0.3359907269477844,3.751509666442871,1,-0.12353824824094772,-0.2526124119758606,3.7623422145843506,1,0.12353824824094772,-0.9426887035369873,3.0922231674194336,1,-0.0629650205373764,-0.7956801056861877,3.219663143157959,1,3.725290298461914e-9,-1.546946406364441,2.5482349395751953,1,-0.06083524972200394,-1.200378656387329,2.639826536178589,1,0.06257027387619019,-1.8988876342773438,1.939841389656067,1,0,-1.5368900299072266,2.0639495849609375,1,0.06123199313879013,-2.267735242843628,1.2918362617492676,1,-0.062176890671253204,-1.9211552143096924,1.4533963203430176,1,3.725290298461914e-9,-2.5915558338165283,0.4581591784954071,1,-0.06160994619131088,-2.4168143272399902,0.7481107115745544,1,0.06181100755929947,-2.9857592582702637,-0.43799081444740295,1,0.061838578432798386,-2.8165977001190186,-0.2799394726753235,1,-0.12353824824094772,-3.633030891418457,-1.495363473892212,1,0.061498742550611496,-3.4170894622802734,-1.6211169958114624,1,0,-4.359164714813232,-2.9480066299438477,1,0,-4.243968486785889,-3.0627529621124268,1,0.06227201595902443,-5.114940643310547,-4.7875189781188965,1,-0.12353824824094772,-5.2422194480896,-5.275630950927734,1,0.06116843223571777,-6.217126369476318,-6.818754196166992,1,0,-6.2740373611450195,-7.545810222625732,1,0.062412820756435394,-7.304440498352051,-9.587331771850586,1,-0.06112689524888992,-7.504995346069336,-10.384344100952148,1,-0.06239328160881996,-8.604735374450684,-12.332406997680664,1,0.06118060648441315,-8.613262176513672,-13.435054779052734,1,0.062303461134433746,-9.721203804016113,-15.572027206420898,1,-0.12353824824094772,-9.725139617919922,-16.333593368530273,1,0.06140262633562088,-10.668153762817383,-18.957134246826172,1,0.06202002614736557,-10.401533126831055,-19.01047706604004,1,-0.06165622919797897,-11.311895370483398,-21.480144500732422,1,-0.06172063201665878,-10.84455394744873,-21.757572174072266,1,0.12353824824094772,-11.022132873535156,-22.7058048248291,1,-0.06221437826752663,-10.43199634552002,-23.022911071777344,1,3.725290298461914e-9,-10.191828727722168,-23.02244758605957,1,3.725290298461914e-9,-8.792510986328125,-21.62249183654785,1,-0.0605292022228241,-7.776858806610107,-20.911779403686523,1,-0.072525754570961,-5.808434009552002,-17.28708267211914,1,-0.06940813362598419,-3.9570915699005127,1.059123158454895,1,0.04604648798704147,-4.119001388549805,1.6126374006271362,1,-0.04633297026157379,-3.9144184589385986,1.1969358921051025,1,0.04594999924302101,-3.6729400157928467,0.81406170129776,1,3.725290298461914e-9,-3.519763708114624,0.45227423310279846,1,0.046438321471214294,-3.3027091026306152,0.12393301725387573,1,-0.09232663363218307,-3.1945934295654297,-0.19686923921108246,1,0.04585777223110199,-2.971764326095581,-0.47975820302963257,1,3.725290298461914e-9,-2.8209140300750732,-0.7372625470161438,1,3.725290298461914e-9,-2.6962943077087402,-1.001054048538208,1,3.725290298461914e-9,-2.464535713195801,-1.191827416419983,1,3.725290298461914e-9,-2.3100504875183105,-1.3903051614761353,1,3.725290298461914e-9,-2.1497461795806885,-1.5529186725616455,1,3.725290298461914e-9,-1.932396650314331,-1.68058180809021,1,0.04638347774744034,-1.7212072610855103,-1.762487769126892,1,-0.09232663363218307,-1.603805422782898,-1.8802164793014526,1,0.04600737243890762,-1.2633720636367798,-1.8370126485824585,1,3.725290298461914e-9,-1.117039680480957,-1.8771356344223022,1,0.04624408110976219,-0.8380086421966553,-1.8231910467147827,1,-0.09232663363218307,-0.676744818687439,-1.7561051845550537,1,0.09232663363218307,-0.3838295042514801,-1.6192880868911743,1,-0.09232663363218307,-0.17996805906295776,-1.51776123046875,1,0.09232663363218307,0.11235196888446808,-1.2671853303909302,1,-0.04629446938633919,0.28875598311424255,-1.1099711656570435,1,0,0.5402888655662537,-0.8471341133117676,1,-0.045947443693876266,0.7884919047355652,-0.5412328243255615,1,0.04641970992088318,1.019355058670044,-0.25892502069473267,1,0.045868247747421265,1.254196286201477,0.11108599603176117,1,-0.09232663363218307,1.3327785730361938,0.35098615288734436,1,0.09232663363218307,1.835841417312622,0.9499838352203369,1,-0.04655880108475685,1.6540253162384033,1.0638874769210815,1,0,2.165827751159668,1.775796890258789,1,-0.045718491077423096,2.078855514526367,1.8368990421295166,1,0.04662616178393364,2.515655040740967,2.7519068717956543,1,3.725290298461914e-9,2.425905466079712,2.7702648639678955,1,3.725290298461914e-9,2.6714508533477783,3.4734933376312256,1,3.725290298461914e-9,2.9543211460113525,3.948181390762329,1,3.725290298461914e-9,2.7906386852264404,4.31708288192749,1,3.725290298461914e-9,3.35031795501709,5.048844814300537,1,3.725290298461914e-9,2.9840331077575684,5.309667110443115,1,3.725290298461914e-9,3.615778923034668,6.115780830383301,1,0.04577656462788582,3.489683151245117,6.655641078948975,1,-0.046506159007549286,3.771501302719116,7.311431884765625,1,0,3.918290376663208,7.903383255004883,1,-0.04593627527356148,4.039491653442383,8.892562866210938,1,0.046317555010318756,4.651424407958984,9.757526397705078,1,3.725290298461914e-9,4.625717639923096,10.554911613464355,1,3.725290298461914e-9,5.189389705657959,12.090478897094727,1,0.046292614191770554,5.525735855102539,12.970595359802246,1,-0.045916274189949036,6.138502597808838,14.890653610229492,1,0,6.566416263580322,16.33690071105957,1,0,7.423926830291748,18.49087142944336,1,-0.04683971032500267,8.214265823364258,20.96862030029297,1,0.09232663363218307,9.175244331359863,23.564023971557617,1,-0.09232663363218307,10.24808120727539,26.854917526245117,1,0.04493377357721329,11.654458045959473,30.655654907226562,1,3.725290298461914e-9,12.844388008117676,34.381011962890625,1,0.04783651977777481,15.0065336227417,40.25480651855469,1,-0.09232663363218307,16.564926147460938,45.29502868652344,1,0.04398227110505104,18.700618743896484,51.377105712890625,1,0.04862350597977638,21.52022361755371,59.925323486328125,1,-0.09232663363218307,23.910085678100586,67.57599639892578,1,0.09232663363218307,27.26605796813965,77.53723907470703,1,0.15210582315921783,30.654306411743164,87.4615249633789,1,-0.08786829560995102,1.5646727085113525,-1.5651061534881592,1,0.058569226413965225,1.6788116693496704,-1.8031954765319824,1,-0.05848686769604683,1.6634867191314697,-1.6190731525421143,1,-0.058486610651016235,1.7356653213500977,-1.422120213508606,1,0.11701332032680511,1.69609534740448,-1.2392431497573853,1,-0.05859765782952309,1.745551586151123,-1.03988778591156,1,-0.058384500443935394,1.7233952283859253,-0.8453854918479919,1,0.058657124638557434,1.6922767162322998,-0.6733729839324951,1,0,1.7523270845413208,-0.46075356006622314,1,0,1.695616602897644,-0.2892060875892639,1,0,1.6963263750076294,-0.10364213585853577,1,0,1.6273176670074463,0.06492157280445099,1,0.05825667828321457,1.7045702934265137,0.26802876591682434,1,-0.058768291026353836,1.5541077852249146,0.3745642900466919,1,-0.058236077427864075,1.6762868165969849,0.6449030637741089,1,0.05878350883722305,1.447524905204773,0.6790863275527954,1,0,1.6946979761123657,0.9737852215766907,1,0.058225229382514954,1.416085124015808,0.9927326440811157,1,-0.11701332032680511,1.4890334606170654,1.1823657751083374,1,0.11701332032680511,1.5786935091018677,1.4640077352523804,1,-0.058775395154953,1.3023167848587036,1.376651644706726,1,3.725290298461914e-9,1.4324283599853516,1.6238995790481567,1,-0.058259181678295135,1.4436876773834229,1.8999333381652832,1,0.11701332032680511,1.3481730222702026,1.7249633073806763,1,-0.0587228387594223,1.4076828956604004,2.2137610912323,1,3.725290298461914e-9,1.2406796216964722,2.0220470428466797,1,3.725290298461914e-9,1.4286044836044312,2.430903911590576,1,-0.058355867862701416,1.2169108390808105,2.3334779739379883,1,0.11701332032680511,1.3974575996398926,2.706836700439453,1,-0.11701332032680511,1.2576158046722412,2.623544216156006,1,0.11701332032680511,1.2830342054367065,2.9135031700134277,1,-0.058536726981401443,1.536091923713684,3.213285207748413,1,-0.0585126169025898,1.0775021314620972,2.9530556201934814,1,0.05846237763762474,1.4515775442123413,3.4800429344177246,1,0.05859154090285301,1.4190536737442017,3.587888717651367,1,-0.058378927409648895,1.3109700679779053,3.6458656787872314,1,3.725290298461914e-9,1.5817152261734009,4.135921001434326,1,3.725290298461914e-9,1.359444260597229,3.974139451980591,1,-0.05877624824643135,1.556598424911499,4.449395179748535,1,0.05818542093038559,1.6312872171401978,4.625975131988525,1,0.058881696313619614,1.6619871854782104,5.083682060241699,1,-0.05807569995522499,1.5699118375778198,4.932246208190918,1,3.725290298461914e-9,2.0104727745056152,5.776510715484619,1,-0.05905574932694435,1.577046275138855,5.717011451721191,1,0.11701332032680511,2.166046380996704,6.17064094543457,1,-0.05783119052648544,1.9901037216186523,6.692184925079346,1,-0.05924835428595543,1.9755967855453491,6.764810085296631,1,0.057696741074323654,2.5626418590545654,7.664472579956055,1,0,2.2214908599853516,7.7234601974487305,1,0.059458933770656586,2.5574347972869873,8.590825080871582,1,-0.11701332032680511,2.527036190032959,8.700718879699707,1,0.11701332032680511,2.884474515914917,9.491288185119629,1,-0.11701332032680511,2.993696928024292,10.518963813781738,1,0.057246655225753784,2.7391505241394043,9.798319816589355,1,0,3.630568265914917,12.327975273132324,1,0.05993170291185379,3.5239293575286865,12.1282958984375,1,-0.11701332032680511,3.094606876373291,12.06927490234375,1,0.11701332032680511,4.470395565032959,14.88709831237793,1,-0.11701332032680511,3.3672635555267334,13.470898628234863,1,0.05673005431890488,4.58869743347168,16.383056640625,1,0.060375507920980453,4.588189125061035,16.342945098876953,1,-0.05654386803507805,4.238539695739746,17.19926643371582,1,-0.18169520795345306,4.866841793060303,18.53955841064453,1,-0.22417443990707397,5.220696926116943,19.672611236572266,1,0.15925824642181396,-7.522294998168945,2.658143997192383,1,-0.3495321273803711,-7.542788982391357,3.490093946456909,1,0.058098405599594116,-7.017354488372803,2.8734827041625977,1,0,-6.5441789627075195,2.3123221397399902,1,0,-6.201712131500244,1.7855218648910522,1,0,-5.871435165405273,1.3014072179794312,1,0,-5.617731094360352,0.8283910155296326,1,0,-5.365246772766113,0.39523112773895264,1,0,-5.191954135894775,-0.028822949156165123,1,0,-5.000191688537598,-0.4361432194709778,1,0,-4.79726505279541,-0.8027240037918091,1,0,-4.62362813949585,-1.1839121580123901,1,0,-4.428125381469727,-1.4942399263381958,1,0,-4.245908260345459,-1.8300727605819702,1,0,-4.024158477783203,-2.0955498218536377,1,0,-3.778553009033203,-2.340847969055176,1,0,-3.5636978149414062,-2.5436439514160156,1,0,-3.364758014678955,-2.767765760421753,1,0.058878492563962936,-2.8896830081939697,-2.80973744392395,1,-0.11661621928215027,-2.843167543411255,-2.9986701011657715,1,0.057846907526254654,-2.2648065090179443,-2.9134609699249268,1,0,-2.1486926078796387,-3.0423026084899902,1,0,-1.6417392492294312,-2.8548367023468018,1,0,-1.3222918510437012,-2.7863073348999023,1,0,-1.059436559677124,-2.6936211585998535,1,0,-0.46839484572410583,-2.319164991378784,1,0.05836155638098717,-0.3020341098308563,-2.245436906814575,1,-0.11661621928215027,0.26234349608421326,-1.7723231315612793,1,0.05839989334344864,0.5046274065971375,-1.5731418132781982,1,0,1.0733225345611572,-0.9980935454368591,1,0,1.1885030269622803,-0.7407687306404114,1,0,1.8358402252197266,-0.10446671396493912,1,0,1.9461597204208374,0.22092677652835846,1,0,2.3878872394561768,0.8526068925857544,1,0,2.7728400230407715,1.4754481315612793,1,0,2.989506959915161,1.9309676885604858,1,0,3.3262431621551514,2.5134243965148926,1,0,3.3593692779541016,3.0367398262023926,1,0,4.022222518920898,3.882249116897583,1,0,4.006218433380127,4.339798927307129,1,0.05761313438415527,4.245907306671143,5.015047073364258,1,-0.11661621928215027,4.40815544128418,5.596587657928467,1,0.11661621928215027,4.6164374351501465,6.069641590118408,1,-0.11661621928215027,4.891387462615967,7.134757041931152,1,0.058976512402296066,5.037826061248779,7.563005447387695,1,0,5.214408874511719,8.380146980285645,1,0,5.347391128540039,8.848977088928223,1,0,5.804746150970459,10.286150932312012,1,0,5.902127265930176,10.70106029510498,1,0,6.375025749206543,11.896088600158691,1,0,6.478880405426025,12.79557991027832,1,0,7.344004154205322,14.619179725646973,1,0,7.622767925262451,15.69568920135498,1,0,8.381754875183105,17.813020706176758,1,0,9.062139511108398,19.26034164428711,1,0,10.295318603515625,22.580595016479492,1,0,11.16059398651123,24.777099609375,1,0,12.658061981201172,28.141868591308594,1,0,14.168465614318848,32.495704650878906,1,0.059715330600738525,15.966070175170898,36.19076919555664,1,-0.11661621928215027,18.097759246826172,42.48017883300781,1,0.056310638785362244,20.613685607910156,47.778812408447266,1,0.12126848846673965,23.549272537231445,55.427337646484375,1,0.14726145565509796,26.56647491455078,62.5673713684082,1,0.04249788820743561,21.39678955078125,-14.272013664245605,1,-0.16375812888145447,29.55975341796875,-16.754446029663086,1,3.725290298461914e-9,34.29185104370117,-13.431705474853516,1,-0.05253879353404045,37.50187301635742,-9.727499008178711,1,0.10827862471342087,39.43118667602539,-5.842303276062012,1,-0.05669086426496506,40.19366455078125,-1.947829246520996,1,3.725290298461914e-9,40.0232048034668,1.8176711797714233,1,3.725290298461914e-9,39.066402435302734,5.348046779632568,1,3.725290298461914e-9,37.40241622924805,8.553800582885742,1,3.725290298461914e-9,35.272987365722656,11.388595581054688,1,3.725290298461914e-9,32.689170837402344,13.790973663330078,1,3.725290298461914e-9,29.807865142822266,15.749330520629883,1,-0.049662332981824875,26.742162704467773,17.273252487182617,1,0.058735497295856476,23.5295467376709,18.32463264465332,1,0,20.283645629882812,18.964262008666992,1,0,17.12297821044922,19.260560989379883,1,0.049382440745830536,13.787125587463379,18.99652671813965,1,-0.058889683336019516,11.055099487304688,18.748289108276367,1,3.725290298461914e-9,7.810781002044678,17.787097930908203,1,-0.04948198050260544,5.485718250274658,17.028915405273438,1,0.10827862471342087,2.7618613243103027,15.666888236999512,1,-0.0586080364882946,0.8317645192146301,14.568976402282715,1,3.725290298461914e-9,-1.5144623517990112,12.941001892089844,1,3.725290298461914e-9,-2.8342413902282715,11.739102363586426,1,3.725290298461914e-9,-4.684361934661865,10.003435134887695,1,3.725290298461914e-9,-5.51317834854126,8.8380708694458,1,3.725290298461914e-9,-6.896699905395508,7.181129455566406,1,3.725290298461914e-9,-7.27166223526001,6.1168670654296875,1,-0.05088977888226509,-8.152128219604492,4.640371322631836,1,0.10827862471342087,-8.123079299926758,3.857496500015259,1,-0.05693603307008743,-8.714922904968262,2.5553364753723145,1,3.725290298461914e-9,-8.434365272521973,2.017399311065674,1,3.725290298461914e-9,-8.618097305297852,0.9799026846885681,1,-0.052058614790439606,-8.174039840698242,0.6771592497825623,1,0.10827862471342087,-8.234335899353027,-0.14909277856349945,1,-0.05573765188455582,-7.632285118103027,-0.29842841625213623,1,3.725290298461914e-9,-7.6868696212768555,-1.0804959535598755,1,3.725290298461914e-9,-7.125301361083984,-1.0168449878692627,1,3.725290298461914e-9,-7.265963554382324,-1.9003283977508545,1,3.725290298461914e-9,-6.590805530548096,-1.8882685899734497,1,3.725290298461914e-9,-7.103583812713623,-2.9196064472198486,1,-0.053864650428295135,-6.581798076629639,-3.2082459926605225,1,0.10827862471342087,-7.143613815307617,-4.336757183074951,1,-0.05405852571129799,-7.111490726470947,-5.12533712387085,1,-0.05437419191002846,-7.913917064666748,-6.7072930335998535,1,0.10827862471342087,-7.931076526641846,-7.873900413513184,1,-0.053651854395866394,-9.180670738220215,-10.186391830444336,1,-0.054721899330616,-9.545243263244629,-11.672904968261719,1,0.10827862471342087,-10.757661819458008,-14.60431957244873,1,-0.10827862471342087,-11.619755744934082,-16.827268600463867,1,0.053416065871715546,-12.869080543518066,-20.16132354736328,1,0.05485561490058899,-13.723834991455078,-22.595706939697266,1,-0.10827862471342087,-15.247254371643066,-26.44452667236328,1,0.10827862471342087,-15.744824409484863,-29.059080123901367,1,-0.05362876132130623,-17.185625076293945,-32.86251449584961,1,3.725290298461914e-9,-17.543136596679688,-34.87393569946289,1,3.725290298461914e-9,-18.258251190185547,-38.39842987060547,1,3.725290298461914e-9,-18.11095428466797,-39.26319122314453,1,-0.05388149246573448,-17.970552444458008,-41.1790657043457,1,0.10827862471342087,-16.679330825805664,-40.077030181884766,1,-0.055023193359375,-15.302509307861328,-39.34848403930664,1,3.725290298461914e-9,-12.602910995483398,-35.14588928222656,1,-0.15735077857971191,-9.387852668762207,-29.89262580871582,1,-0.1835554838180542,-4.255630016326904,-18.809490203857422,1,0.014803022146224976,-6.590672016143799,5.165050506591797,1,-0.060279347002506256,-6.1822404861450195,5.937096118927002,1,3.725290298461914e-9,-5.462340831756592,5.425266742706299,1,3.725290298461914e-9,-4.928705215454102,4.978154182434082,1,3.725290298461914e-9,-4.401432991027832,4.598490238189697,1,-0.06112949550151825,-4.066985607147217,4.245528697967529,1,0.059489015489816666,-3.700861930847168,3.9450039863586426,1,0,-3.4931843280792236,3.6471498012542725,1,0.06150142103433609,-3.2792983055114746,3.3657047748565674,1,-0.12075337767601013,-3.1630961894989014,3.112107515335083,1,0.05905643478035927,-3.0781090259552,2.8166019916534424,1,0,-3.0406570434570312,2.5607805252075195,1,0.06185336038470268,-2.987718105316162,2.2629878520965576,1,-0.12075337767601013,-2.993621587753296,2.008329153060913,1,0.05878027155995369,-3.08331036567688,1.6472339630126953,1,0.062019988894462585,-2.9897518157958984,1.4023654460906982,1,-0.12075337767601013,-3.182044506072998,1.0487704277038574,1,0.05866408720612526,-3.1519854068756104,0.6897786259651184,1,0,-3.2230827808380127,0.41064316034317017,1,0.06212800368666649,-3.2629711627960205,0.03014308214187622,1,-0.058616723865270615,-3.3550875186920166,-0.32457345724105835,1,-0.06213856115937233,-3.4079527854919434,-0.6322491765022278,1,0.05861933156847954,-3.3884902000427246,-1.0668902397155762,1,0.06212339922785759,-3.292947292327881,-1.2161095142364502,1,-0.12075337767601013,-3.579011917114258,-1.8431016206741333,1,0.12075337767601013,-3.343228340148926,-1.909406304359436,1,-0.12075337767601013,-3.4858806133270264,-2.349341630935669,1,0.12075337767601013,-3.2804150581359863,-2.5773932933807373,1,-0.12075337767601013,-3.3323802947998047,-2.91532826423645,1,0.12075337767601013,-3.2139978408813477,-3.0532126426696777,1,-0.12075337767601013,-3.12206768989563,-3.359839677810669,1,0.12075337767601013,-3.149976968765259,-3.583582878112793,1,-0.12075337767601013,-2.732694387435913,-3.5685019493103027,1,0.12075337767601013,-2.9653079509735107,-3.9911916255950928,1,-0.12075337767601013,-2.4033756256103516,-3.755741596221924,1,0.05912488326430321,-2.5221385955810547,-3.8845431804656982,1,0.06156587973237038,-2.409538745880127,-4.271459579467773,1,-0.12075337767601013,-1.8608590364456177,-3.5855062007904053,1,0.12075337767601013,-2.0406510829925537,-4.193606376647949,1,-0.12075337767601013,-1.4876288175582886,-3.5489795207977295,1,0.05945359915494919,-1.5999876260757446,-3.8398208618164062,1,0,-1.0085633993148804,-3.3020951747894287,1,0,-1.1597563028335571,-3.416200637817383,1,0,-0.531281054019928,-2.8423779010772705,1,0.06102323904633522,-0.42634323239326477,-2.6951825618743896,1,-0.12075337767601013,-0.5185546278953552,-2.6881258487701416,1,0.05986623838543892,0.3180263936519623,-1.6736468076705933,1,0.060820695012807846,0.1048283502459526,-2.0622520446777344,1,-0.12075337767601013,0.582746148109436,-0.8862027525901794,1,0.060060836374759674,0.616019606590271,-1.1091691255569458,1,0.060631439089775085,1.1508375406265259,-0.15231215953826904,1,-0.12075337767601013,1.107774257659912,0.08476248383522034,1,0.060236670076847076,1.3480764627456665,0.3305973410606384,1,0.06046368554234505,1.9010305404663086,1.4513461589813232,1,-0.06033940985798836,1.5738009214401245,1.3191996812820435,1,3.725290298461914e-9,2.1929287910461426,2.3618524074554443,1,3.725290298461914e-9,2.0371925830841064,2.4665825366973877,1,-0.06028765067458153,2.5556235313415527,3.4816699028015137,1,0.060499198734760284,2.3522517681121826,3.421809196472168,1,0,2.9324395656585693,4.480086326599121,1,0.06020199880003929,2.9189529418945312,5.298087120056152,1,-0.12075337767601013,2.853695869445801,4.890714645385742,1,0.060581836849451065,3.1033029556274414,6.097367763519287,1,0.10544773191213608,3.149432420730591,6.366941452026367,1,0.21731382608413696,12.548203468322754,-6.370981693267822,1,-0.24753597378730774,14.795924186706543,-7.6694231033325195,1,0.12353824824094772,15.646035194396973,-6.357177257537842,1,-0.06259413063526154,16.109750747680664,-5.0026984214782715,1,3.725290298461914e-9,16.24150848388672,-3.6437954902648926,1,-0.06046047806739807,16.095613479614258,-2.319458484649658,1,0.12353824824094772,15.752931594848633,-1.0631881952285767,1,-0.12353824824094772,15.16312313079834,0.12012200057506561,1,0.06361082196235657,14.46912956237793,1.180602788925171,1,0,13.632013320922852,2.155860185623169,1,0,12.713245391845703,2.9779610633850098,1,0,11.738714218139648,3.7002341747283936,1,0,10.71714973449707,4.306428909301758,1,0.05948754400014877,9.6680908203125,4.756450176239014,1,-0.12353824824094772,8.61862564086914,5.123245716094971,1,0.0046462491154670715,7.60450553894043,5.3740973472595215,1,0.06408809125423431,6.633223056793213,5.531400203704834,1,0.11893931031227112,5.792850017547607,5.632955074310303,1,-0.12806947529315948,4.563800811767578,5.479267120361328,1,-0.059550754725933075,4.168252468109131,5.656574726104736,1,0.06392781436443329,2.919099807739258,5.1751604080200195,1,0,2.6947548389434814,5.373669624328613,1,0,1.5632376670837402,4.779244422912598,1,0,1.4328495264053345,4.884843826293945,1,-0.059954069554805756,0.45638224482536316,4.297799110412598,1,0.12353824824094772,0.49754127860069275,4.317087650299072,1,-0.0031876638531684875,-0.3973828852176666,3.7160816192626953,1,-0.12353824824094772,-0.3442811369895935,3.795320510864258,1,0.12353824824094772,-1.002149224281311,3.0700480937957764,1,-0.12353824824094772,-0.9110326170921326,3.2240848541259766,1,0.0628603994846344,-1.5156323909759521,2.521527051925659,1,0.06081036478281021,-1.2566405534744263,2.6565263271331787,1,-0.12353824824094772,-1.9832584857940674,1.9036234617233276,1,0.06246137246489525,-1.6179089546203613,2.022303581237793,1,0.06120893731713295,-2.2840991020202637,1.2759571075439453,1,-0.12353824824094772,-1.9973591566085815,1.4468069076538086,1,0.06207242235541344,-2.6317503452301025,0.43349429965019226,1,0.061588723212480545,-2.3893322944641113,0.7380040287971497,1,-0.12353824824094772,-3.11734938621521,-0.45985686779022217,1,0.06171967461705208,-2.816739559173584,-0.37739232182502747,1,0.061923593282699585,-3.5562241077423096,-1.3819267749786377,1,-0.06151752546429634,-3.566073417663574,-1.7087072134017944,1,-0.06210898607969284,-4.345354080200195,-2.9700489044189453,1,0.12353824824094772,-4.22566032409668,-3.03872013092041,1,-0.061283182352781296,-5.194251537322998,-4.835254192352295,1,3.725290298461914e-9,-5.198496341705322,-5.230682849884033,1,3.725290298461914e-9,-6.20593786239624,-6.83098840713501,1,-0.06238352879881859,-6.322991371154785,-7.585750579833984,1,0.06113993749022484,-7.310545921325684,-9.544116973876953,1,0.06239745020866394,-7.421731472015381,-10.29528522491455,1,-0.12353824824094772,-8.684197425842285,-12.37894058227539,1,0.06119328737258911,-8.504581451416016,-13.404130935668945,1,0,-9.795265197753906,-15.586480140686035,1,0,-9.6739501953125,-16.14569854736328,1,0,-10.601144790649414,-19.038244247436523,1,0,-10.484816551208496,-19.002653121948242,1,0,-11.194609642028809,-21.370166778564453,1,0.061711616814136505,-10.737862586975098,-21.52981185913086,1,-0.06201174482703209,-11.19167423248291,-22.899335861206055,1,-0.06131606921553612,-10.377634048461914,-22.93671226501465,1,0.062458883970975876,-10.094449043273926,-22.89508628845215,1,0,-8.793732643127441,-21.619619369506836,1,-0.12104648351669312,-7.91143274307251,-20.7930850982666,1,-0.14501938223838806,-5.9713263511657715,-17.146814346313477,1,-0.02320486679673195,-3.9984779357910156,1.0752909183502197,1,0.0921594649553299,-4.15178918838501,1.625826120376587,1,3.725290298461914e-9,-3.940781354904175,1.206640601158142,1,3.725290298461914e-9,-3.6956119537353516,0.8227338194847107,1,0.046380188316106796,-3.5364480018615723,0.4582068622112274,1,-0.09232663363218307,-3.3259966373443604,0.12985512614250183,1,0.04589957371354103,-3.1783509254455566,-0.18872496485710144,1,0.0464392825961113,-2.977440357208252,-0.47145897150039673,1,-0.09232663363218307,-2.8348231315612793,-0.733913242816925,1,0.04588306322693825,-2.6775543689727783,-0.9877328872680664,1,0.04643656313419342,-2.450641393661499,-1.1765962839126587,1,-0.04590257629752159,-2.3052148818969727,-1.3829344511032104,1,0,-2.1429500579833984,-1.531744360923767,1,0,-1.912375569343567,-1.6656655073165894,1,0,-1.7135428190231323,-1.7406798601150513,1,-0.04632827267050743,-1.5803313255310059,-1.8657931089401245,1,0.09232663363218307,-1.2289001941680908,-1.794947624206543,1,-0.04606729745864868,-1.0937944650650024,-1.8588374853134155,1,-0.046221211552619934,-0.877923846244812,-1.8004000186920166,1,0.046145375818014145,-0.6262068152427673,-1.7169514894485474,1,3.725290298461914e-9,-0.349843829870224,-1.5927422046661377,1,3.725290298461914e-9,-0.16980090737342834,-1.475408911705017,1,0.04605502635240555,0.12160784006118774,-1.238167405128479,1,-0.09232663363218307,0.27598628401756287,-1.0810548067092896,1,0.04635649919509888,0.5906088352203369,-0.8080059885978699,1,0.04592885076999664,0.8165499567985535,-0.4852765202522278,1,-0.046437691897153854,1.0013881921768188,-0.23324517905712128,1,0,1.278377890586853,0.12540842592716217,1,0,1.3567677736282349,0.4037722051143646,1,0,1.7657581567764282,0.9695606827735901,1,-0.04575229063630104,1.6713683605194092,1.0926998853683472,1,0.046600472182035446,2.233576774597168,1.8358043432235718,1,0.04570417106151581,2.077413558959961,1.8774681091308594,1,-0.09232663363218307,2.45082426071167,2.7409374713897705,1,0.046652231365442276,2.4680356979370117,2.7785580158233643,1,0.045667555183172226,2.683027505874634,3.5452680587768555,1,-0.09232663363218307,2.8639767169952393,3.940596342086792,1,0.046654436737298965,2.8770251274108887,4.318330764770508,1,3.725290298461914e-9,3.2887156009674072,5.064546585083008,1,0.045704372227191925,3.0477070808410645,5.362386226654053,1,-0.09232663363218307,3.4840755462646484,6.0814900398254395,1,0.04655890166759491,3.471397638320923,6.6592841148376465,1,3.725290298461914e-9,3.8808321952819824,7.33353328704834,1,3.725290298461914e-9,3.8075788021087646,7.911717414855957,1,3.725290298461914e-9,4.159583568572998,8.960092544555664,1,3.725290298461914e-9,4.540961265563965,9.65443229675293,1,3.725290298461914e-9,4.608609676361084,10.58192253112793,1,3.725290298461914e-9,5.219415664672852,12.13257122039795,1,3.725290298461914e-9,5.46931266784668,12.89869213104248,1,3.725290298461914e-9,6.166245460510254,14.95497989654541,1,0.04653714969754219,6.602184772491455,16.383691787719727,1,-0.09232663363218307,7.2766313552856445,18.41765785217285,1,0.04548903927206993,8.393487930297852,21.10052490234375,1,3.725290298461914e-9,9.035741806030273,23.440536499023438,1,0.04719306528568268,10.435307502746582,27.075851440429688,1,-0.04493405669927597,11.572758674621582,30.582292556762695,1,0,12.856922149658203,34.4696159362793,1,-0.047837454825639725,14.925581932067871,40.22409439086914,1,0.04424289986491203,16.72686195373535,45.48975372314453,1,3.725290298461914e-9,18.685867309570312,51.46531677246094,1,3.725290298461914e-9,21.502105712890625,59.98665237426758,1,3.725290298461914e-9,24.104806900024414,67.89942169189453,1,0.04923849552869797,27.277711868286133,77.52001953125,1,0.06792984157800674,30.61843490600586,87.35281372070312,1,-0.014853410422801971,1.600067377090454,-1.5427727699279785,1,0.05847620591521263,1.7104716300964355,-1.7774478197097778,1,3.725290298461914e-9,1.692841649055481,-1.5907680988311768,1,3.725290298461914e-9,1.7549258470535278,-1.391935110092163,1,3.725290298461914e-9,1.7130049467086792,-1.205550193786621,1,3.725290298461914e-9,1.772883653640747,-1.0063714981079102,1,-0.05835544690489769,1.7350354194641113,-0.8081438541412354,1,0.05868556722998619,1.694364070892334,-0.6390419006347656,1,0.05830288678407669,1.7814453840255737,-0.41716232895851135,1,-0.05873249098658562,1.6933740377426147,-0.256639689207077,1,3.725290298461914e-9,1.7067461013793945,-0.06939820945262909,1,-0.05824504792690277,1.621395230293274,0.1077469140291214,1,0.11701332032680511,1.7104018926620483,0.3038513958454132,1,-0.058793071657419205,1.5594135522842407,0.4119108021259308,1,3.725290298461914e-9,1.6799980401992798,0.6865497827529907,1,3.725290298461914e-9,1.4789612293243408,0.7103882431983948,1,3.725290298461914e-9,1.6371352672576904,1.001711368560791,1,3.725290298461914e-9,1.4241923093795776,1.024627447128296,1,3.725290298461914e-9,1.500740885734558,1.2405297756195068,1,3.725290298461914e-9,1.532169222831726,1.4501758813858032,1,-0.05821741372346878,1.3264278173446655,1.439989686012268,1,0.05878593027591705,1.4225921630859375,1.6433478593826294,1,0.05823989585042,1.4946256875991821,1.9402263164520264,1,-0.05875840783119202,1.260576605796814,1.732998251914978,1,-0.058272410184144974,1.3994104862213135,2.2175023555755615,1,0.11701332032680511,1.2639368772506714,2.0905685424804688,1,-0.11701332032680511,1.3622868061065674,2.4281182289123535,1,0.11701332032680511,1.3012393712997437,2.368690252304077,1,-0.11701332032680511,1.297727346420288,2.649441957473755,1,0.05861682444810867,1.2829488515853882,2.7535452842712402,1,0,1.2764873504638672,2.840158224105835,1,0.05846279859542847,1.5296522378921509,3.304755926132202,1,-0.11701332032680511,1.0713493824005127,2.917396306991577,1,0.11701332032680511,1.5043576955795288,3.5216948986053467,1,-0.11701332032680511,1.257190227508545,3.534616231918335,1,0.11701332032680511,1.402930736541748,3.7218050956726074,1,-0.05834458768367767,1.577579379081726,4.148176193237305,1,3.725290298461914e-9,1.3560943603515625,3.9767508506774902,1,-0.05876672640442848,1.554112434387207,4.501524448394775,1,0.11701332032680511,1.5709117650985718,4.581319808959961,1,-0.11701332032680511,1.614484190940857,5.022521018981934,1,0.11701332032680511,1.6731668710708618,5.138498783111572,1,-0.058024756610393524,1.9533311128616333,5.677608013153076,1,-0.05904927849769592,1.6381837129592896,5.755471229553223,1,0.11701332032680511,2.1116268634796143,6.172508239746094,1,-0.11701332032680511,1.9429072141647339,6.729145526885986,1,0.11701332032680511,2.143925666809082,6.902343273162842,1,-0.05770076811313629,2.462118625640869,7.513164520263672,1,-0.05938335880637169,2.1756231784820557,7.82163143157959,1,0.11701332032680511,2.6214187145233154,8.638045310974121,1,-0.11701332032680511,2.5401015281677246,8.722265243530273,1,0.05740588903427124,2.7810542583465576,9.538374900817871,1,0.059685930609703064,3.2433815002441406,10.646174430847168,1,-0.05724702030420303,2.6445062160491943,9.899224281311035,1,3.725290298461914e-9,3.651982307434082,12.215731620788574,1,3.725290298461914e-9,3.4840304851531982,12.146048545837402,1,-0.060018401592969894,3.060065746307373,12.364496231079102,1,0.0569072850048542,4.5466790199279785,14.602583885192871,1,0.060195427387952805,3.526988983154297,14.013671875,1,-0.05672675743699074,4.5598978996276855,16.40113639831543,1,3.725290298461914e-9,4.434308052062988,16.136062622070312,1,3.725290298461914e-9,4.454854488372803,17.52198600769043,1,-0.18171058595180511,4.826963901519775,18.576431274414062,1,-0.23885273933410645,5.112093448638916,19.638458251953125,1,0,-7.513844966888428,2.6436450481414795,1,0,-7.531937122344971,3.474382162094116,1,0,-7.012567520141602,2.858097553253174,1,0.058630380779504776,-6.540694236755371,2.2974140644073486,1,-0.11661621928215027,-6.200260162353516,1.76974618434906,1,0.05780302360653877,-5.881664752960205,1.2851805686950684,1,0,-5.605535507202148,0.8136898875236511,1,0,-5.373996734619141,0.37883269786834717,1,0,-5.190055847167969,-0.042682498693466187,1,0,-4.986456871032715,-0.4505927562713623,1,0,-4.8078179359436035,-0.819321870803833,1,0,-4.6018548011779785,-1.1945692300796509,1,0,-4.438054084777832,-1.5124942064285278,1,0,-4.236810684204102,-1.8410861492156982,1,0,-4.032918930053711,-2.105513572692871,1,0,-3.7584855556488037,-2.3472976684570312,1,0,-3.543694496154785,-2.560598850250244,1,0.058917220681905746,-3.344620943069458,-2.768550157546997,1,-0.11661621928215027,-2.935023784637451,-2.8186657428741455,1,0.057798344641923904,-2.7758734226226807,-2.998593807220459,1,0,-2.2653870582580566,-2.9178783893585205,1,0.05869913473725319,-2.1263740062713623,-3.029348850250244,1,-0.11661621928215027,-1.6372902393341064,-2.8643908500671387,1,0.058049991726875305,-1.3013806343078613,-2.7828257083892822,1,0,-1.0388513803482056,-2.6767523288726807,1,0,-0.4529828727245331,-2.325608491897583,1,0,-0.27458611130714417,-2.2178726196289062,1,0,0.30614280700683594,-1.773577094078064,1,0,0.49036115407943726,-1.5345312356948853,1,0,1.0902503728866577,-1.0027016401290894,1,0,1.221807599067688,-0.7160308361053467,1,0,1.852507472038269,-0.08242020010948181,1,0.05793298780918121,2.004075765609741,0.2554000914096832,1,-0.11661621928215027,2.340115785598755,0.8692750930786133,1,0.05880061164498329,2.7957005500793457,1.447477102279663,1,0,3.024144172668457,2.0044429302215576,1,0,3.343271017074585,2.542471408843994,1,0,3.38788104057312,3.0227673053741455,1,0,4.06184720993042,3.9419655799865723,1,0,3.9056718349456787,4.363677978515625,1,0,4.308164119720459,4.98827600479126,1,0,4.480404853820801,5.645134449005127,1,0,4.52532958984375,6.0770263671875,1,0,4.986557483673096,7.188797473907471,1,0,4.969029903411865,7.547875881195068,1,0,5.273642539978027,8.413300514221191,1,0,5.317457675933838,8.81368350982666,1,0,5.826501846313477,10.32811164855957,1,0,5.862612247467041,10.651185989379883,1,0.05792786926031113,6.3776068687438965,12.007758140563965,1,-0.11661621928215027,6.4778056144714355,12.699185371398926,1,0.058470673859119415,7.308900833129883,14.626899719238281,1,0,7.62219762802124,15.779868125915527,1,0,8.440507888793945,17.774250030517578,1,0,8.983894348144531,19.188060760498047,1,0,10.258310317993164,22.647737503051758,1,0,11.284985542297363,24.705930709838867,1,0,12.507916450500488,28.224201202392578,1,0,14.286720275878906,32.41828536987305,1,0,15.791731834411621,36.23617172241211,1,0,18.34529685974121,42.4987907409668,1,0.06030226871371269,20.536340713500977,47.84497833251953,1,-0.359142005443573,23.150894165039062,55.232967376708984,1,-0.4947001338005066,26.05808448791504,62.296791076660156,1,0.042495161294937134,21.405418395996094,-14.287324905395508,1,-0.16376081109046936,29.582725524902344,-16.77005386352539,1,3.725290298461914e-9,34.323699951171875,-13.443704605102539,1,-0.052536774426698685,37.54169464111328,-9.734965324401855,1,0.10827862471342087,39.47400665283203,-5.845149993896484,1,-0.10827862471342087,40.25069046020508,-1.945351004600525,1,0.10827862471342087,40.08955764770508,1.8273831605911255,1,-0.05745658650994301,39.113224029541016,5.361536979675293,1,3.725290298461914e-9,37.46510696411133,8.574045181274414,1,3.725290298461914e-9,35.33352279663086,11.415355682373047,1,3.725290298461914e-9,32.73440170288086,13.820625305175781,1,3.725290298461914e-9,29.876808166503906,15.783818244934082,1,3.725290298461914e-9,26.79163932800293,17.312421798706055,1,3.725290298461914e-9,23.57701301574707,18.36829376220703,1,-0.049451034516096115,20.300962448120117,19.004758834838867,1,0.05888091400265694,17.18891716003418,19.30837631225586,1,0.04937499389052391,13.80685806274414,19.041637420654297,1,-0.10827862471342087,11.070517539978027,18.797073364257812,1,0.10827862471342087,7.888734817504883,17.83191680908203,1,-0.10827862471342087,5.454505443572998,17.076906204223633,1,0.10827862471342087,2.7781264781951904,15.713558197021484,1,-0.05861670523881912,0.8377288579940796,14.597970008850098,1,-0.04978767782449722,-1.5018342733383179,12.978911399841309,1,0.05834629759192467,-2.840718984603882,11.784340858459473,1,0.050094183534383774,-4.662505626678467,10.038615226745605,1,-0.10827862471342087,-5.579748630523682,8.838357925415039,1,0.10827862471342087,-6.87971830368042,7.218251705169678,1,-0.05761235952377319,-7.271701812744141,6.133577346801758,1,3.725290298461914e-9,-8.197782516479492,4.647132396697998,1,3.725290298461914e-9,-8.179610252380371,3.8591182231903076,1,-0.05133293569087982,-8.734358787536621,2.5361199378967285,1,0.10827862471342087,-8.417091369628906,2.046964645385742,1,-0.05647101625800133,-8.696999549865723,0.9759402275085449,1,3.725290298461914e-9,-8.156786918640137,0.6724069714546204,1,-0.052290819585323334,-8.348267555236816,-0.23202061653137207,1,0.10827862471342087,-7.58303689956665,-0.23182298243045807,1,-0.10827862471342087,-7.7723565101623535,-1.162872552871704,1,0.10827862471342087,-7.1312079429626465,-0.9903437495231628,1,-0.05504932999610901,-7.236608982086182,-1.957311749458313,1,-0.05344831198453903,-6.743352890014648,-1.922288179397583,1,0.10827862471342087,-6.989858150482178,-2.8672168254852295,1,-0.10827862471342087,-6.72199010848999,-3.2769508361816406,1,0.10827862471342087,-7.08524227142334,-4.340171813964844,1,-0.054066844284534454,-7.1636505126953125,-5.152547836303711,1,-0.054366111755371094,-7.895449161529541,-6.707902908325195,1,0.10827862471342087,-7.950042724609375,-7.873594760894775,1,-0.05365940183401108,-9.18298053741455,-10.183562278747559,1,-0.05471464619040489,-9.542648315429688,-11.660417556762695,1,0.10827862471342087,-10.779311180114746,-14.644940376281738,1,-0.05344375967979431,-11.495280265808105,-16.689008712768555,1,3.725290298461914e-9,-12.99666690826416,-20.189603805541992,1,3.725290298461914e-9,-13.632583618164062,-22.624433517456055,1,-0.054813481867313385,-15.258310317993164,-26.403165817260742,1,0.10827862471342087,-15.741426467895508,-28.981698989868164,1,-0.05363341048359871,-17.17402458190918,-32.75997543334961,1,-0.05450984835624695,-17.510244369506836,-34.99404525756836,1,0.10827862471342087,-18.15806007385254,-38.159202575683594,1,-0.05415032431483269,-18.158344268798828,-39.30894470214844,1,-0.05387875437736511,-17.911514282226562,-41.054481506347656,1,0.10827862471342087,-16.705318450927734,-40.05841064453125,1,-0.055024851113557816,-15.268224716186523,-39.359066009521484,1,-0.05287497490644455,-12.67403507232666,-35.13951873779297,1,0.10827862471342087,-9.040488243103027,-29.623477935791016,1,0.14023149013519287,-3.840394973754883,-18.5133056640625,1,-0.06066874414682388,-6.58627462387085,5.146801471710205,1,-0.06028024107217789,-6.178062915802002,5.918037414550781,1,-0.06065443903207779,-5.464293479919434,5.405910968780518,1,0.05992982164025307,-4.926363468170166,4.959962368011475,1,0.06098078563809395,-4.395205974578857,4.579288959503174,1,-0.12075337767601013,-4.0825629234313965,4.225982189178467,1,0.12075337767601013,-3.6806139945983887,3.9252002239227295,1,-0.05936916917562485,-3.5120201110839844,3.6231532096862793,1,-0.06149693578481674,-3.3254663944244385,3.3426685333251953,1,0.059154074639081955,-3.119300603866577,3.0934808254241943,1,0,-3.113163709640503,2.7924892902374268,1,0,-3.0311272144317627,2.5363943576812744,1,0,-3.0237350463867188,2.233668804168701,1,0,-2.9541375637054443,1.990569829940796,1,0.06196630746126175,-3.0852854251861572,1.624333381652832,1,-0.12075337767601013,-3.0552499294281006,1.3578684329986572,1,0.05870217829942703,-3.13616681098938,1.0445804595947266,1,0,-3.1703948974609375,0.6653298735618591,1,0,-3.2195277214050293,0.38443803787231445,1,0,-3.2824549674987793,-0.005712463054805994,1,0.06212823837995529,-3.2955026626586914,-0.31901445984840393,1,-0.12075337767601013,-3.4548254013061523,-0.6726146936416626,1,0.05862812697887421,-3.345062255859375,-1.0843546390533447,1,0,-3.340879201889038,-1.2442002296447754,1,0.062097832560539246,-3.5066332817077637,-1.815955400466919,1,-0.05867765098810196,-3.357633352279663,-1.946732759475708,1,3.725290298461914e-9,-3.463043451309204,-2.35390305519104,1,3.725290298461914e-9,-3.2963011264801025,-2.5937371253967285,1,-0.061979446560144424,-3.307093381881714,-2.9227206707000732,1,0.058814991265535355,-3.2310574054718018,-3.0744285583496094,1,0,-3.031015634536743,-3.3030660152435303,1,0,-3.1951751708984375,-3.6629419326782227,1,0,-2.6040196418762207,-3.4575982093811035,1,0.06173739954829216,-3.039055824279785,-4.064081192016602,1,-0.05907388776540756,-2.39642071723938,-3.6814281940460205,1,-0.061619117856025696,-2.4479730129241943,-3.9203362464904785,1,0.12075337767601013,-2.4299871921539307,-4.213500499725342,1,-0.059261150658130646,-1.7418859004974365,-3.592543840408325,1,-0.0614263080060482,-2.2038211822509766,-4.190493583679199,1,0.0593942254781723,-1.3010495901107788,-3.4834554195404053,1,0,-1.6549407243728638,-3.8584277629852295,1,0,-0.9899231791496277,-3.2350211143493652,1,0.06115327402949333,-1.0220093727111816,-3.3522074222564697,1,-0.12075337767601013,-0.6457311511039734,-2.9326961040496826,1,0.05973798409104347,-0.36514872312545776,-2.6092348098754883,1,0.060947176069021225,-0.4109143018722534,-2.5325286388397217,1,-0.12075337767601013,0.18369418382644653,-1.7095022201538086,1,0.0599396675825119,0.1488191932439804,-2.0965981483459473,1,0.06074906885623932,0.7997887134552002,-0.7510756254196167,1,-0.06006714701652527,0.4619423747062683,-1.1159507036209106,1,-0.06062548980116844,1.1272103786468506,-0.19272245466709137,1,0.06018621474504471,1.2499549388885498,0.2649165093898773,1,0,1.2837783098220825,0.34230804443359375,1,0,1.856808066368103,1.389140009880066,1,0,1.7096902132034302,1.4458211660385132,1,0,2.1640918254852295,2.4089250564575195,1,0,2.093006134033203,2.450282335281372,1,0,2.5557186603546143,3.6068029403686523,1,0,2.3688621520996094,3.349727153778076,1,0,2.907411575317383,4.638616561889648,1,0,2.9049484729766846,5.189672470092773,1,0,2.915724277496338,5.069331169128418,1,0,3.182159185409546,6.261407375335693,1,0,3.231976270675659,6.5263447761535645,1,0.07698763906955719,12.554348945617676,-6.384955883026123,1,0.0004612654447555542,14.825224876403809,-7.683178424835205,1,0.06231240928173065,15.66622257232666,-6.369904041290283,1,-0.06094208359718323,16.122638702392578,-5.013345241546631,1,0.12353824824094772,16.277149200439453,-3.6514134407043457,1,-0.06308086961507797,16.13161849975586,-2.324756383895874,1,0,15.761448860168457,-1.0667234659194946,1,0.060076646506786346,15.209866523742676,0.1186159998178482,1,-0.12353824824094772,14.494918823242188,1.1860860586166382,1,0.06374610960483551,13.662850379943848,2.157860279083252,1,-0.059683553874492645,12.73483657836914,2.983193874359131,1,0.12353824824094772,11.770829200744629,3.7152528762817383,1,-0.004480503499507904,10.753030776977539,4.313346862792969,1,-0.12353824824094772,9.664566993713379,4.76013708114624,1,0.004636116325855255,8.658884048461914,5.145592212677002,1,0.18297681212425232,7.665349960327148,5.397318363189697,1,-0.18763411045074463,6.610934734344482,5.527154445648193,1,0.06407669186592102,5.752382755279541,5.651576519012451,1,0,4.65463924407959,5.496746063232422,1,0,4.1593546867370605,5.6782121658325195,1,0,2.921200752258301,5.182239532470703,1,0,2.71748948097229,5.391047954559326,1,0.059753745794296265,1.5720016956329346,4.789545059204102,1,-0.063693568110466,1.4108781814575195,4.886350631713867,1,-0.05994418263435364,0.4449771046638489,4.319173336029053,1,0.06348694860935211,0.47163212299346924,4.3004302978515625,1,0,-0.37541818618774414,3.743657350540161,1,0,-0.3293229937553406,3.7778704166412354,1,0,-1.0704506635665894,3.0866427421569824,1,0,-0.8246107697486877,3.2363295555114746,1,0,-1.591552734375,2.505180597305298,1,0.06079951673746109,-1.2695038318634033,2.6368863582611084,1,-0.06260547041893005,-1.9787620306015015,1.9279756546020508,1,3.725290298461914e-9,-1.6345226764678955,2.006721258163452,1,-0.061197929084300995,-2.3516688346862793,1.2373669147491455,1,0.062210362404584885,-1.9901940822601318,1.4497698545455933,1,0.06145479902625084,-2.551694393157959,0.4772840738296509,1,-0.06196053698658943,-2.4528157711029053,0.6377716064453125,1,-0.0616956427693367,-3.1347146034240723,-0.4369697570800781,1,0.061730608344078064,-2.820077896118164,-0.33963659405708313,1,0,-3.6799254417419434,-1.4636328220367432,1,0,-3.445491075515747,-1.6815115213394165,1,0,-4.344784259796143,-2.9682884216308594,1,0.06217685341835022,-4.235662937164307,-3.027156352996826,1,-0.12353824824094772,-5.2915358543396,-4.891005992889404,1,0.06123759597539902,-5.09796667098999,-5.206856727600098,1,0.062343962490558624,-6.1942572593688965,-6.76259708404541,1,-0.06116465479135513,-6.316168308258057,-7.609821796417236,1,3.725290298461914e-9,-7.372126579284668,-9.579628944396973,1,3.725290298461914e-9,-7.433488368988037,-10.275775909423828,1,3.725290298461914e-9,-8.550189018249512,-12.303993225097656,1,3.725290298461914e-9,-8.583700180053711,-13.362326622009277,1,3.725290298461914e-9,-9.752574920654297,-15.622550010681152,1,3.725290298461914e-9,-9.619194984436035,-16.143543243408203,1,-0.062116589397192,-10.625791549682617,-18.89250946044922,1,0.06153632700443268,-10.448700904846191,-19.039255142211914,1,0.061864860355854034,-11.15600872039795,-21.2747859954834,1,-0.12353824824094772,-10.824515342712402,-21.629108428955078,1,0.06201855093240738,-11.055492401123047,-22.665645599365234,1,0,-10.239100456237793,-22.87628936767578,1,0,-10.233100891113281,-22.892515182495117,1,0,-8.72878360748291,-21.577049255371094,1,-0.12103615701198578,-7.8948073387146,-20.789899826049805,1,-0.14499112963676453,-5.96816349029541,-17.153573989868164,1,-0.1501723974943161,-3.996065616607666,1.0589402914047241,1,0.13840726017951965,-4.143893241882324,1.6076511144638062,1,-0.09232663363218307,-3.9392054080963135,1.189467191696167,1,0.04598402604460716,-3.6846938133239746,0.8058238625526428,1,3.725290298461914e-9,-3.5365219116210938,0.44223567843437195,1,3.725290298461914e-9,-3.3070828914642334,0.11544308066368103,1,3.725290298461914e-9,-3.184720277786255,-0.20467187464237213,1,0.046435318887233734,-2.9632248878479004,-0.4838072955608368,1,-0.09232663363218307,-2.828265428543091,-0.7475442886352539,1,0.09232663363218307,-2.6669814586639404,-0.9987547993659973,1,-0.045895278453826904,-2.4463064670562744,-1.1901757717132568,1,-0.046418480575084686,-2.3228797912597656,-1.3929651975631714,1,0.0459260419011116,-2.0986993312835693,-1.5384243726730347,1,3.725290298461914e-9,-1.909987449645996,-1.6722220182418823,1,0.046351611614227295,-1.6817771196365356,-1.7388709783554077,1,-0.09232663363218307,-1.5823261737823486,-1.8718616962432861,1,0.046038560569286346,-1.2409578561782837,-1.804635763168335,1,0.04625199735164642,-1.060592532157898,-1.842671513557434,1,-0.09232663363218307,-0.8489683270454407,-1.8120993375778198,1,0.04615313187241554,-0.6065592169761658,-1.7040581703186035,1,0.04613201320171356,-0.3495703339576721,-1.5848644971847534,1,-0.09232663363218307,-0.13745561242103577,-1.4754202365875244,1,0.046279821544885635,0.10266702622175217,-1.2254377603530884,1,0.0460040308535099,0.3326208293437958,-1.0597561597824097,1,-0.09232663363218307,0.5794922113418579,-0.7999550700187683,1,0.09232663363218307,0.8375795483589172,-0.4584367275238037,1,-0.09232663363218307,1.0138590335845947,-0.25021788477897644,1,0.04648429900407791,1.2823162078857422,0.18062859773635864,1,3.725290298461914e-9,1.3980093002319336,0.41660234332084656,1,0.04577357694506645,1.7977066040039062,0.9986354112625122,1,-0.09232663363218307,1.6712297201156616,1.092937707901001,1,0.046608876436948776,2.220076084136963,1.8721483945846558,1,3.725290298461914e-9,2.1039416790008545,1.8780128955841064,1,3.725290298461914e-9,2.4968080520629883,2.7796781063079834,1,3.725290298461914e-9,2.4241044521331787,2.824270248413086,1,0.0456596314907074,2.7275781631469727,3.5375607013702393,1,-0.09232663363218307,2.852848768234253,3.955381393432617,1,0.04666198790073395,2.9026310443878174,4.356052875518799,1,3.725290298461914e-9,3.225916624069214,5.0788702964782715,1,3.725290298461914e-9,3.122795820236206,5.377333641052246,1,0.04572509601712227,3.5147721767425537,6.148527145385742,1,-0.09232663363218307,3.4010519981384277,6.586309432983398,1,0.046520620584487915,3.9053995609283447,7.383740425109863,1,0.04586004093289375,3.8918519020080566,7.967705726623535,1,-0.04640292003750801,4.027898788452148,8.931380271911621,1,0,4.615913391113281,9.694011688232422,1,-0.04608185589313507,4.551379203796387,10.570159912109375,1,0.09232663363218307,5.310680389404297,12.145970344543457,1,-0.09232663363218307,5.361502647399902,12.933012962341309,1,0.045923713594675064,6.24297571182251,14.952043533325195,1,0.04653413966298103,6.562517166137695,16.431655883789062,1,-0.09232663363218307,7.348613739013672,18.420639038085938,1,0.04549102485179901,8.339750289916992,21.1392765045166,1,0.04700678586959839,9.142251968383789,23.581262588500977,1,-0.09232663363218307,10.281235694885254,26.941255569458008,1,0.044934339821338654,11.712556838989258,30.727680206298828,1,3.725290298461914e-9,12.83471965789795,34.58403015136719,1,3.725290298461914e-9,15.065006256103516,40.356842041015625,1,3.725290298461914e-9,16.705575942993164,45.54833221435547,1,3.725290298461914e-9,18.726320266723633,51.628543853759766,1,3.725290298461914e-9,21.62348747253418,60.102481842041016,1,3.725290298461914e-9,24.1026668548584,68.11727142333984,1,0.1477288454771042,27.462385177612305,77.95182800292969,1,0.20383650064468384,30.874786376953125,87.89411163330078,1,-0.028575807809829712,1.618423581123352,-1.5656286478042603,1,-0.1754312813282013,1.7097690105438232,-1.8014121055603027,1,-0.05849349871277809,1.70907723903656,-1.6136300563812256,1,0.11701332032680511,1.779025673866272,-1.4108800888061523,1,-0.11701332032680511,1.7134422063827515,-1.226595401763916,1,0.11701332032680511,1.806228756904602,-1.0226373672485352,1,-0.058661360293626785,1.7529230117797852,-0.8227458596229553,1,-0.05832380801439285,1.6924457550048828,-0.6538065671920776,1,0.11701332032680511,1.804005742073059,-0.4300934374332428,1,-0.11701332032680511,1.7137290239334106,-0.2626713514328003,1,0.11701332032680511,1.7263890504837036,-0.07465440034866333,1,-0.05877379700541496,1.6488819122314453,0.10125496983528137,1,3.725290298461914e-9,1.6987082958221436,0.29266154766082764,1,3.725290298461914e-9,1.5961581468582153,0.41886425018310547,1,3.725290298461914e-9,1.7064257860183716,0.6728565692901611,1,3.725290298461914e-9,1.436902403831482,0.7216588258743286,1,3.725290298461914e-9,1.7018886804580688,1.0024173259735107,1,-0.05819566175341606,1.4199937582015991,1.0233007669448853,1,0.0588156059384346,1.515552043914795,1.2463035583496094,1,0.05820238217711449,1.58893620967865,1.4585250616073608,1,-0.05880367383360863,1.322332739830017,1.450402021408081,1,3.725290298461914e-9,1.4121729135513306,1.6537388563156128,1,3.725290298461914e-9,1.497212290763855,1.9282658100128174,1,-0.05824679508805275,1.2529528141021729,1.7346597909927368,1,0.05874909088015556,1.4392775297164917,2.2627501487731934,1,0.058284152299165726,1.2960326671600342,2.0815939903259277,1,-0.058706775307655334,1.3839753866195679,2.451712131500244,1,3.725290298461914e-9,1.2808247804641724,2.3647892475128174,1,-0.05835863947868347,1.2714745998382568,2.6704492568969727,1,0.05862501263618469,1.3326812982559204,2.7513513565063477,1,0,1.286780595779419,2.861243963241577,1,0.05845476686954498,1.5006177425384521,3.321613311767578,1,-0.11701332032680511,1.1200815439224243,2.9314026832580566,1,0.11701332032680511,1.4554046392440796,3.5637176036834717,1,-0.058441370725631714,1.3255939483642578,3.5155837535858154,1,-0.058615587651729584,1.3138447999954224,3.712550163269043,1,0.11701332032680511,1.726677656173706,4.222214221954346,1,-0.05830370634794235,1.2863792181015015,3.971714735031128,1,3.725290298461914e-9,1.5884054899215698,4.563941478729248,1,3.725290298461914e-9,1.538492202758789,4.499941349029541,1,-0.05886717885732651,1.6445965766906738,5.128284454345703,1,0.11701332032680511,1.7123324871063232,5.088760852813721,1,-0.11701332032680511,1.8605961799621582,5.772058963775635,1,0.057969242334365845,1.77814519405365,5.796741962432861,1,0.05910724028944969,2.0500807762145996,6.163370609283447,1,-0.05784085392951965,1.959770679473877,6.827035903930664,1,-0.05923972651362419,2.128708600997925,6.767442226409912,1,0.05770430713891983,2.4539129734039307,7.697092056274414,1,0.05938029661774635,2.3693366050720215,7.951284408569336,1,-0.05755976215004921,2.4976022243499756,8.49304485321045,1,3.725290298461914e-9,2.6575310230255127,8.900221824645996,1,3.725290298461914e-9,2.75380802154541,9.619423866271973,1,3.725290298461914e-9,3.1737735271453857,10.606213569641113,1,3.725290298461914e-9,2.772308111190796,9.978984832763672,1,3.725290298461914e-9,3.6870615482330322,12.362944602966309,1,-0.05993343144655228,3.3623600006103516,12.305590629577637,1,0.05699338763952255,3.318152904510498,12.429426193237305,1,0.0601082406938076,4.536979675292969,14.79464340209961,1,-0.05681498721241951,3.470459461212158,14.091639518737793,1,-0.06029018387198448,4.586174488067627,16.263689041137695,1,0.11701332032680511,4.673801422119141,16.746845245361328,1,-0.05653421953320503,4.300427436828613,17.32651138305664,1,-0.18172834813594818,4.973555088043213,18.959304809570312,1,-0.22428667545318604,5.344925403594971,20.193803787231445,1,0,-7.514041423797607,2.6418981552124023,1,0,-7.548499584197998,3.473285675048828,1,0,-7.016271114349365,2.8564229011535645,1,0,-6.54731559753418,2.2944512367248535,1,0,-6.210891246795654,1.7670608758926392,1,0,-5.88261604309082,1.2821083068847656,1,0.0588829331099987,-5.612061023712158,0.8088257312774658,1,-0.11661621928215027,-5.400249481201172,0.3733833432197571,1,0.05763272941112518,-5.170440673828125,-0.04655631631612778,1,0,-5.01391077041626,-0.45967158675193787,1,0,-4.794975280761719,-0.823559045791626,1,0,-4.6351447105407715,-1.2044144868850708,1,0,-4.4228434562683105,-1.513249158859253,1,0,-4.240937232971191,-1.854812741279602,1,0.059016935527324677,-4.027626037597656,-2.10722279548645,1,-0.11661621928215027,-3.7853355407714844,-2.3615760803222656,1,0.057660095393657684,-3.561282157897949,-2.5666074752807617,1,0,-3.3208577632904053,-2.7799596786499023,1,0,-2.9212214946746826,-2.8174054622650146,1,0,-2.7856009006500244,-3.0098557472229004,1,0.0587579570710659,-2.2701210975646973,-2.915891408920288,1,-0.11661621928215027,-2.1715457439422607,-3.0597071647644043,1,0.05798514559864998,-1.573053240776062,-2.8496367931365967,1,0,-1.3043862581253052,-2.78432297706604,1,0,-1.0706210136413574,-2.696521282196045,1,0,-0.396714985370636,-2.3049509525299072,1,0,-0.3143191933631897,-2.2528226375579834,1,0,0.33399698138237,-1.7310564517974854,1,0,0.49204370379447937,-1.5658577680587769,1,0.05813034623861313,1.1220054626464844,-0.9783675074577332,1,-0.05855587124824524,1.201725959777832,-0.7180061340332031,1,-0.057992689311504364,1.8352400064468384,-0.08506394177675247,1,0.11661621928215027,2.0503697395324707,0.25499609112739563,1,-0.11661621928215027,2.3330626487731934,0.8858526945114136,1,0.05880587548017502,2.8565261363983154,1.4714157581329346,1,0,3.0008270740509033,2.0007190704345703,1,0,3.329423427581787,2.531947612762451,1,0,3.439401626586914,3.076467752456665,1,0,3.9810733795166016,3.9353091716766357,1,0,4.067024230957031,4.367077350616455,1,0,4.208431720733643,5.007835388183594,1,0,4.521812915802002,5.661934852600098,1,0,4.482138633728027,6.082675457000732,1,0,5.050027847290039,7.203088283538818,1,0,5.002963542938232,7.549655437469482,1,0,5.200584411621094,8.427199363708496,1,0,5.321679592132568,8.8428373336792,1,0,5.878035068511963,10.31865406036377,1,0,5.866978645324707,10.659346580505371,1,0,6.321993827819824,11.980835914611816,1,0,6.540163516998291,12.788546562194824,1,0,7.2957024574279785,14.612464904785156,1,0,7.598763942718506,15.68784236907959,1,0,8.434528350830078,17.829071044921875,1,0,9.005206108093262,19.234176635742188,1,0,10.269622802734375,22.617259979248047,1,0,11.226157188415527,24.7041072845459,1,0,12.634553909301758,28.242456436157227,1,0,14.18834114074707,32.394317626953125,1,0,15.784989356994629,36.283409118652344,1,0,18.350297927856445,42.5163688659668,1,0,20.515579223632812,47.814674377441406,1,0,23.5428466796875,55.44171905517578,1,0,26.58981704711914,62.58931350708008,1,0.21991842985153198,21.401697158813477,-14.28920841217041,1,-0.3266264796257019,29.571109771728516,-16.771244049072266,1,0.10827862471342087,34.31965637207031,-13.445291519165039,1,-0.05574195832014084,37.54194641113281,-9.736936569213867,1,-0.05203603580594063,39.45808410644531,-5.848238468170166,1,0.05669419839978218,40.2636833190918,-1.9465737342834473,1,0,40.07102966308594,1.82479989528656,1,0,39.12894058227539,5.361466884613037,1,0.05050695315003395,37.493377685546875,8.575532913208008,1,-0.0580439530313015,35.311553955078125,11.41464900970459,1,3.725290298461914e-9,32.75395584106445,13.824132919311523,1,-0.049810364842414856,29.880273818969727,15.786449432373047,1,0.10827862471342087,26.813570022583008,17.32375717163086,1,-0.05874336138367653,23.582841873168945,18.36687469482422,1,3.725290298461914e-9,20.327863693237305,19.021989822387695,1,-0.049395959824323654,17.172439575195312,19.310462951660156,1,0.10827862471342087,13.855864524841309,19.057775497436523,1,-0.10827862471342087,11.083038330078125,18.803508758544922,1,0.10827862471342087,7.853077411651611,17.859323501586914,1,-0.10827862471342087,5.537506580352783,17.079992294311523,1,0.10827862471342087,2.7310101985931396,15.732987403869629,1,-0.05861964821815491,0.8823572397232056,14.612282752990723,1,3.725290298461914e-9,-1.5060700178146362,13.001500129699707,1,-0.04992897808551788,-2.8455963134765625,11.775957107543945,1,0.10827862471342087,-4.6464385986328125,10.06210708618164,1,-0.05801079049706459,-5.5433526039123535,8.86616039276123,1,3.725290298461914e-9,-6.916467666625977,7.2092790603637695,1,-0.05066213756799698,-7.334837436676025,6.1303510665893555,1,0.05740271881222725,-8.097745895385742,4.681914329528809,1,0,-8.242044448852539,3.8507239818573,1,0,-8.684760093688965,2.5667192935943604,1,0.051563560962677,-8.446426391601562,2.035659074783325,1,-0.10827862471342087,-8.74739933013916,0.9387331604957581,1,0.10827862471342087,-8.116129875183105,0.7088795900344849,1,-0.10827862471342087,-8.38521671295166,-0.24987056851387024,1,0.05575251579284668,-7.638331413269043,-0.2588410973548889,1,0,-7.702049255371094,-1.1461689472198486,1,0.05299682915210724,-7.198037147521973,-1.0052363872528076,1,-0.055054932832717896,-7.226108074188232,-1.9760704040527344,1,3.725290298461914e-9,-6.7555766105651855,-1.8972129821777344,1,-0.053652044385671616,-7.044997692108154,-2.9925222396850586,1,0.10827862471342087,-6.600853443145752,-3.1511969566345215,1,-0.10827862471342087,-7.3132123947143555,-4.459397792816162,1,0.10827862471342087,-6.956227779388428,-5.094358444213867,1,-0.05391818657517433,-7.9781293869018555,-6.678297996520996,1,3.725290298461914e-9,-7.9885993003845215,-7.98769474029541,1,3.725290298461914e-9,-9.151464462280273,-10.152297019958496,1,3.725290298461914e-9,-9.517982482910156,-11.576492309570312,1,-0.05478177219629288,-10.845434188842773,-14.720525741577148,1,0.10827862471342087,-11.411223411560059,-16.626087188720703,1,-0.05342730134725571,-13.01144790649414,-20.175201416015625,1,3.725290298461914e-9,-13.60323715209961,-22.572643280029297,1,-0.05480893328785896,-15.260271072387695,-26.415714263916016,1,0.10827862471342087,-15.721014976501465,-28.895444869995117,1,-0.10827862471342087,-17.131141662597656,-32.790802001953125,1,0.10827862471342087,-17.395977020263672,-34.71637725830078,1,-0.05394384264945984,-18.3418025970459,-38.310062408447266,1,3.725290298461914e-9,-18.000534057617188,-39.20418167114258,1,3.725290298461914e-9,-17.84093475341797,-40.954124450683594,1,3.725290298461914e-9,-16.72350311279297,-40.125343322753906,1,-0.05325218290090561,-15.375194549560547,-39.21879196166992,1,0.05540470778942108,-12.489123344421387,-35.002994537353516,1,-0.15734773874282837,-9.390015602111816,-29.9544620513916,1,-0.1970919519662857,-4.3025078773498535,-18.95056915283203,1,-0.13633432984352112,-6.585316181182861,5.145130634307861,1,-0.0600874125957489,-6.195708751678467,5.916407585144043,1,-0.12075337767601013,-5.467379570007324,5.404234886169434,1,0.05992993339896202,-4.942948341369629,4.9555559158325195,1,0.060980603098869324,-4.397846698760986,4.576474189758301,1,-0.12075337767601013,-4.097346305847168,4.220396995544434,1,0.059492938220500946,-3.692563772201538,3.919440746307373,1,0,-3.527130126953125,3.6154541969299316,1,0,-3.3093085289001465,3.336944818496704,1,0,-3.146606683731079,3.0856869220733643,1,0.061690714210271835,-3.113380193710327,2.7791926860809326,1,-0.058980271220207214,-3.050631523132324,2.5286595821380615,1,-0.06184603273868561,-3.038879871368408,2.220761775970459,1,0.058843567967414856,-2.9603354930877686,1.9773468971252441,1,0,-3.113096237182617,1.6068907976150513,1,0.06201110780239105,-3.007103204727173,1.361364483833313,1,-0.12075337767601013,-3.1893346309661865,1.0145164728164673,1,0.12075337767601013,-3.172300338745117,0.6517059803009033,1,-0.058651361614465714,-3.2276549339294434,0.36937305331230164,1,-0.062117256224155426,-3.293403387069702,-0.02052345499396324,1,0.0586278960108757,-3.3181965351104736,-0.3415450155735016,1,0,-3.392749071121216,-0.6765239834785461,1,0,-3.4241485595703125,-1.1082192659378052,1,0,-3.3054251670837402,-1.2635244131088257,1,0,-3.5227432250976562,-1.8338003158569336,1,0.062071967869997025,-3.3815360069274902,-1.9456676244735718,1,-0.12075337767601013,-3.4165263175964355,-2.3955533504486084,1,0.12075337767601013,-3.3074493408203125,-2.57840633392334,1,-0.05877824127674103,-3.281259059906006,-2.9196784496307373,1,-0.06193389743566513,-3.290555477142334,-3.130997896194458,1,0.05886468291282654,-2.9933457374572754,-3.3125557899475098,1,0,-3.209583044052124,-3.606581926345825,1,0.061787597835063934,-2.5785562992095947,-3.4990992546081543,1,-0.12075337767601013,-3.0996062755584717,-4.089294910430908,1,0.12075337767601013,-2.2221405506134033,-3.67107892036438,1,-0.05913957580924034,-2.5964789390563965,-3.8851778507232666,1,-0.061551179736852646,-2.4016783237457275,-4.303482532501221,1,0.059266649186611176,-1.7129193544387817,-3.5143160820007324,1,0,-2.0975027084350586,-4.152853488922119,1,0.06135353818535805,-1.2993419170379639,-3.487926483154297,1,-0.12075337767601013,-1.7414559125900269,-3.8717799186706543,1,0.12075337767601013,-0.859741747379303,-3.173689842224121,1,-0.12075337767601013,-1.1414859294891357,-3.4484736919403076,1,0.059674810618162155,-0.5621525049209595,-2.794867753982544,1,0,-0.36591529846191406,-2.6234986782073975,1,0,-0.3797474503517151,-2.524012804031372,1,0.06087442860007286,0.31019750237464905,-1.6279184818267822,1,-0.05994496867060661,0.08213791996240616,-2.1118931770324707,1,3.725290298461914e-9,0.7490513324737549,-0.6750417947769165,1,3.725290298461914e-9,0.5882558226585388,-1.1075279712677002,1,3.725290298461914e-9,1.1559078693389893,-0.14202548563480377,1,-0.060562580823898315,1.1283916234970093,0.25482186675071716,1,0.12075337767601013,1.476074457168579,0.4178999066352844,1,-0.12075337767601013,1.7697780132293701,1.4507465362548828,1,0.06034744530916214,1.6994917392730713,1.4831286668777466,1,0,2.244507312774658,2.389052629470825,1,0.06031927093863487,2.1878347396850586,2.6465885639190674,1,-0.12075337767601013,2.443173885345459,3.514888048171997,1,0.060503702610731125,2.3957107067108154,3.4843742847442627,1,0.060222040861845016,3.0828700065612793,4.657978534698486,1,-0.060553789138793945,2.7464652061462402,5.276956081390381,1,3.725290298461914e-9,2.9663548469543457,5.043680667877197,1,0.060171451419591904,3.3283817768096924,6.319612503051758,1,0.07483990490436554,3.401195526123047,6.605046272277832,1,-0.01577793061733246,12.544633865356445,-6.386769771575928,1,0.06199977919459343,14.815594673156738,-7.684000015258789,1,3.725290298461914e-9,15.656982421875,-6.371376037597656,1,-0.06094197928905487,16.117422103881836,-5.015209674835205,1,0.12353824824094772,16.27556610107422,-3.6531567573547363,1,-0.06308110058307648,16.12810707092285,-2.3281450271606445,1,-0.06025417149066925,15.748017311096191,-1.068250060081482,1,0.12353824824094772,15.220389366149902,0.11670975387096405,1,-0.06361593306064606,14.497980117797852,1.1816133260726929,1,-0.05979147553443909,13.634214401245117,2.1566669940948486,1,0.12353824824094772,12.789505004882812,2.9841206073760986,1,-0.06394307315349579,11.737611770629883,3.7108633518218994,1,3.725290298461914e-9,10.727219581604004,4.308531284332275,1,3.725290298461914e-9,9.710623741149902,4.7717719078063965,1,-0.05944964289665222,8.650872230529785,5.136215686798096,1,0.12353824824094772,7.671265602111816,5.392740249633789,1,-0.12353824824094772,6.595044136047363,5.53547477722168,1,0.12353824824094772,5.79480504989624,5.651244640350342,1,-0.12353824824094772,4.599837779998779,5.49085807800293,1,0.06399852782487869,4.215907096862793,5.6860833168029785,1,-0.059598930180072784,2.9017035961151123,5.171837329864502,1,0.18320785462856293,2.739159345626831,5.413181781768799,1,-0.18732570111751556,1.5137336254119873,4.771084308624268,1,0.12353824824094772,1.484204888343811,4.902408599853516,1,-0.12353824824094772,0.4346027076244354,4.306858539581299,1,0.06349050253629684,0.4704609513282776,4.3150200843811035,1,0,-0.437662810087204,3.7303316593170166,1,0,-0.26924026012420654,3.79057240486145,1,0.06040444225072861,-1.0282694101333618,3.080911874771118,1,-0.06300613284111023,-0.9133658409118652,3.201425552368164,1,-0.12132509052753448,-1.6291890144348145,2.5163583755493164,1,0.24707649648189545,-1.1781765222549438,2.6493775844573975,1,-0.12522076070308685,-2.011672019958496,1.9209885597229004,1,-0.061060819774866104,-1.692246437072754,1.969981074333191,1,0.06234557181596756,-2.2835919857025146,1.2608819007873535,1,0,-1.9785181283950806,1.4443923234939575,1,0,-2.68894624710083,0.42703166604042053,1,0,-2.399625778198242,0.712401807308197,1,0,-3.0693719387054443,-0.4758785367012024,1,0,-2.8769936561584473,-0.37993910908699036,1,0.061906635761260986,-3.5968332290649414,-1.4270871877670288,1,-0.12353824824094772,-3.61151123046875,-1.74174964427948,1,0.06144623085856438,-4.2439141273498535,-2.977383613586426,1,0.06217049062252045,-4.24671745300293,-2.9939467906951904,1,-0.12353824824094772,-5.269120693206787,-4.932806015014648,1,0.06124407425522804,-5.171230316162109,-5.154609203338623,1,0,-6.1512627601623535,-6.841429710388184,1,0.06236705929040909,-6.322183609008789,-7.52857780456543,1,-0.12353824824094772,-7.367186069488525,-9.6273193359375,1,0.06115683913230896,-7.4104533195495605,-10.21644115447998,1,0,-8.475454330444336,-12.315465927124023,1,0.0623294860124588,-8.590434074401855,-13.349469184875488,1,-0.12353824824094772,-9.851547241210938,-15.617964744567871,1,0.06133468821644783,-9.532846450805664,-16.078222274780273,1,0.06211042404174805,-10.521356582641602,-18.859895706176758,1,-0.061542361974716187,-10.499992370605469,-18.953948974609375,1,-0.061858974397182465,-11.1934232711792,-21.348588943481445,1,0.0618395134806633,-10.69526195526123,-21.55040740966797,1,0.06151418760418892,-11.018695831298828,-22.590295791625977,1,-0.12353824824094772,-10.35016918182373,-22.85399055480957,1,0.06246993690729141,-10.108602523803711,-22.827133178710938,1,0,-8.694222450256348,-21.50445556640625,1,0,-7.757983207702637,-20.642356872558594,1,0,-5.813418865203857,-16.993911743164062,1,0.1385708600282669,-3.990419387817383,1.0566121339797974,1,-0.09232663363218307,-4.162528991699219,1.6059216260910034,1,0.09232663363218307,-3.9385855197906494,1.1873077154159546,1,-0.04598414897918701,-3.6994705200195312,0.8030490279197693,1,-0.046377457678318024,-3.5407328605651855,0.437773734331131,1,0.09232663363218307,-3.3171918392181396,0.11064767837524414,1,-0.045903485268354416,-3.186270236968994,-0.20950177311897278,1,-0.046434786170721054,-2.988405704498291,-0.4941774904727936,1,0.09232663363218307,-2.813906192779541,-0.7474775910377502,1,-0.045888692140579224,-2.6776134967803955,-1.0087707042694092,1,-0.046430379152297974,-2.468134641647339,-1.1999998092651367,1,0.09232663363218307,-2.2834010124206543,-1.3930518627166748,1,-0.04592736437916756,-2.1310670375823975,-1.5526432991027832,1,-0.04637664183974266,-1.9254238605499268,-1.6793773174285889,1,0.04597672447562218,-1.6887410879135132,-1.7493581771850586,1,3.725290298461914e-9,-1.553816556930542,-1.8721588850021362,1,3.725290298461914e-9,-1.2388018369674683,-1.817293643951416,1,0.04624970257282257,-1.0720982551574707,-1.8497960567474365,1,-0.09232663363218307,-0.8403068780899048,-1.8071271181106567,1,0.04615583270788193,-0.6189627051353455,-1.7210866212844849,1,3.725290298461914e-9,-0.3500164747238159,-1.5874069929122925,1,3.725290298461914e-9,-0.1387317180633545,-1.4663121700286865,1,3.725290298461914e-9,0.13545897603034973,-1.2397805452346802,1,0.046000536531209946,0.33843323588371277,-1.047296166419983,1,-0.04636858403682709,0.5904426574707031,-0.798669695854187,1,-0.045916516333818436,0.78505539894104,-0.490165114402771,1,0.04645024240016937,1.0806736946105957,-0.20129989087581635,1,3.725290298461914e-9,1.2868789434432983,0.16420485079288483,1,3.725290298461914e-9,1.3866500854492188,0.4273886978626251,1,0.045769087970256805,1.8196361064910889,1.0057649612426758,1,-0.09232663363218307,1.698783040046692,1.1040878295898438,1,0.04661360755562782,2.1947107315063477,1.8759742975234985,1,0.045691024512052536,2.154313564300537,1.8994535207748413,1,-0.04665299132466316,2.4642086029052734,2.799037218093872,1,-0.04566134884953499,2.43131685256958,2.804530143737793,1,0.0466720312833786,2.7236151695251465,3.555202007293701,1,3.725290298461914e-9,2.9462265968322754,4.0078301429748535,1,0.045659590512514114,2.8775815963745117,4.384225845336914,1,-0.09232663363218307,3.200221061706543,5.0325541496276855,1,0.04663436487317085,3.0998103618621826,5.423480987548828,1,3.725290298461914e-9,3.565304756164551,6.124131202697754,1,3.725290298461914e-9,3.4798316955566406,6.690754413604736,1,3.725290298461914e-9,3.803509473800659,7.343393325805664,1,3.725290298461914e-9,3.880031108856201,7.990627288818359,1,3.725290298461914e-9,4.127096176147461,8.919461250305176,1,3.725290298461914e-9,4.588768482208252,9.751140594482422,1,0.04607786983251572,4.638630390167236,10.6459379196167,1,-0.04615311697125435,5.194986820220947,12.091273307800293,1,0,5.483407974243164,12.986710548400879,1,-0.046399835497140884,6.08068323135376,14.992371559143066,1,0.04579521343111992,6.645594596862793,16.368671417236328,1,0.0466759093105793,7.502339839935303,18.63985824584961,1,-0.09232663363218307,8.206424713134766,21.022621154785156,1,0.04532122611999512,9.169795036315918,23.612974166870117,1,3.725290298461914e-9,10.388375282287598,27.189912796020508,1,3.725290298461914e-9,11.668886184692383,30.6905460357666,1,0.04760788381099701,13.015195846557617,34.729793548583984,1,-0.044487226754426956,14.955831527709961,40.40481185913086,1,-0.048087041825056076,16.768842697143555,45.69696044921875,1,0.043975383043289185,18.84052276611328,51.85966873168945,1,0.04863249883055687,21.73687171936035,60.3113899230957,1,-0.09232663363218307,24.121158599853516,68.2154541015625,1,0.09232663363218307,27.543930053710938,78.29072570800781,1,0.15216876566410065,30.982933044433594,88.33955383300781,1,-0.08783527463674545,1.6041852235794067,-1.5684601068496704,1,0.05853620544075966,1.7087433338165283,-1.8033932447433472,1,-0.0585198849439621,1.6975866556167603,-1.6162786483764648,1,3.725290298461914e-9,1.7600945234298706,-1.4163187742233276,1,-0.058416686952114105,1.7111831903457642,-1.2316781282424927,1,0.05863064527511597,1.7757506370544434,-1.0293726921081543,1,0.0583515390753746,1.7686457633972168,-0.8280760049819946,1,-0.05869005620479584,1.7057864665985107,-0.6603972315788269,1,-0.05829782411456108,1.7412866353988647,-0.4431740641593933,1,0.11701332032680511,1.7578500509262085,-0.2649790942668915,1,-0.058757930994033813,1.6963930130004883,-0.08601425588130951,1,3.725290298461914e-9,1.6531933546066284,0.09126294404268265,1,3.725290298461914e-9,1.7100178003311157,0.2879738509654999,1,3.725290298461914e-9,1.5583354234695435,0.40556859970092773,1,3.725290298461914e-9,1.7384915351867676,0.6736937761306763,1,3.725290298461914e-9,1.4508323669433594,0.6996691226959229,1,3.725290298461914e-9,1.64495050907135,1.0007970333099365,1,-0.058193325996398926,1.4590026140213013,1.0151495933532715,1,0.11701332032680511,1.5366898775100708,1.2459502220153809,1,-0.11701332032680511,1.5084412097930908,1.4502609968185425,1,0.05880662053823471,1.399200677871704,1.4341076612472534,1,0,1.3818936347961426,1.6543941497802734,1,0.05822853744029999,1.525682806968689,1.937149167060852,1,-0.05877004563808441,1.2873187065124512,1.7429825067520142,1,-0.05826052278280258,1.3927464485168457,2.227795124053955,1,0.11701332032680511,1.3120135068893433,2.0886287689208984,1,-0.058710817247629166,1.380028247833252,2.4480388164520264,1,3.725290298461914e-9,1.2570909261703491,2.3949787616729736,1,3.725290298461914e-9,1.3484505414962769,2.665844440460205,1,-0.058383841067552567,1.300329327583313,2.707540273666382,1,0.11701332032680511,1.334091067314148,2.9249331951141357,1,-0.0585632286965847,1.4105864763259888,3.2609269618988037,1,3.725290298461914e-9,1.2554888725280762,2.9947316646575928,1,3.725290298461914e-9,1.3141897916793823,3.4984278678894043,1,-0.05856708064675331,1.4342941045761108,3.5566513538360596,1,0.11701332032680511,1.3849369287490845,3.7996530532836914,1,-0.05835672467947006,1.598381757736206,4.138014316558838,1,-0.058704741299152374,1.2400058507919312,3.9401378631591797,1,0.058258190751075745,1.7404454946517944,4.653857707977295,1,0.05880773067474365,1.5835448503494263,4.6019697189331055,1,-0.05815079063177109,1.5987575054168701,5.0975341796875,1,3.725290298461914e-9,1.6563414335250854,5.084955215454102,1,3.725290298461914e-9,2.017559766769409,5.786949634552002,1,3.725290298461914e-9,1.7040014266967773,5.804879188537598,1,3.725290298461914e-9,2.040410041809082,6.186549663543701,1,3.725290298461914e-9,2.0317931175231934,6.895700931549072,1,3.725290298461914e-9,2.1768085956573486,6.905065059661865,1,3.725290298461914e-9,2.4233901500701904,7.680922508239746,1,3.725290298461914e-9,2.3644607067108154,7.934649467468262,1,3.725290298461914e-9,2.5235989093780518,8.605110168457031,1,3.725290298461914e-9,2.7217347621917725,9.041118621826172,1,3.725290298461914e-9,2.7982232570648193,9.555481910705566,1,-0.059684060513973236,3.138381242752075,10.750184059143066,1,0.11701332032680511,2.9552841186523438,10.22905445098877,1,-0.05716431140899658,3.561277151107788,12.37133502960205,1,-0.059934329241514206,3.575143814086914,12.369598388671875,1,0.05699178948998451,3.341498374938965,12.664606094360352,1,0.060110583901405334,4.494616508483887,14.941685676574707,1,-0.056811846792697906,3.526998281478882,14.18348217010498,1,3.725290298461914e-9,4.82761287689209,16.645475387573242,1,3.725290298461914e-9,4.6009039878845215,16.776639938354492,1,-0.060484934598207474,4.338069915771484,17.57617950439453,1,0.05643036216497421,5.385273456573486,19.584264755249023,1,0.08993604779243469,5.877067565917969,20.952957153320312,1,0.09736151993274689,-8.45490550994873,2.9775049686431885,1,-0.39389950037002563,-8.532461166381836,3.9138824939727783,1,1.4901161193847656e-8,-7.965691566467285,3.213189125061035,1,1.4901161193847656e-8,-7.457481384277344,2.573275566101074,1,1.4901161193847656e-8,-7.066583633422852,1.9705923795700073,1,1.4901161193847656e-8,-6.720289707183838,1.4163837432861328,1,1.4901161193847656e-8,-6.408033847808838,0.876639187335968,1,-0.13271905481815338,-6.156696796417236,0.3797874450683594,1,0.2629125416278839,-5.871611595153809,-0.08977194130420685,1,-0.1300419718027115,-5.689599514007568,-0.5612323880195618,1,-0.13291144371032715,-5.46963357925415,-0.979289710521698,1,0.2629125416278839,-5.177687168121338,-1.381725788116455,1,-0.12998248636722565,-5.027129650115967,-1.75027334690094,1,1.4901161193847656e-8,-4.746866703033447,-2.115748167037964,1,1.4901161193847656e-8,-4.54777717590332,-2.399444580078125,1,-0.13281957805156708,-4.209660530090332,-2.6825098991394043,1,0.2629125416278839,-3.956151008605957,-2.8822391033172607,1,-0.2629125416278839,-3.7349092960357666,-3.159111499786377,1,0.2629125416278839,-3.1988070011138916,-3.1447105407714844,1,-0.13044361770153046,-3.127906084060669,-3.411055326461792,1,1.4901161193847656e-8,-2.4842588901519775,-3.2692198753356934,1,1.4901161193847656e-8,-2.389319658279419,-3.4348480701446533,1,1.4901161193847656e-8,-1.8183282613754272,-3.207521915435791,1,-0.13196250796318054,-1.41925048828125,-3.1421501636505127,1,0.1310911625623703,-1.154788613319397,-3.0159287452697754,1,0,-0.4860396981239319,-2.610840320587158,1,0.13153082132339478,-0.30211058259010315,-2.5400075912475586,1,-0.13152852654457092,0.3871055245399475,-1.9651037454605103,1,1.4901161193847656e-8,0.4582635164260864,-1.8049274682998657,1,1.4901161193847656e-8,1.250288486480713,-1.167620062828064,1,1.4901161193847656e-8,1.3667484521865845,-0.8533377647399902,1,1.4901161193847656e-8,2.0015738010406494,-0.13101793825626373,1,1.4901161193847656e-8,2.181251287460327,0.19122129678726196,1,1.4901161193847656e-8,2.635235071182251,0.9086509346961975,1,-0.13044971227645874,3.105994939804077,1.581626296043396,1,0.13256725668907166,3.2835371494293213,2.1300909519195557,1,0,3.803391218185425,2.8400039672851562,1,0.13017123937606812,3.8648953437805176,3.3247828483581543,1,-0.13280828297138214,4.456466197967529,4.386083602905273,1,-0.1300523579120636,4.326416492462158,4.721563339233398,1,0.2629125416278839,4.910897254943848,5.660826206207275,1,-0.13291342556476593,5.055925369262695,6.347606182098389,1,1.4901161193847656e-8,5.045362949371338,6.761990547180176,1,-0.13002192974090576,5.5689263343811035,8.004610061645508,1,0.2629125416278839,5.853877067565918,8.677248001098633,1,-0.1327812373638153,5.864105224609375,9.388286590576172,1,-0.1302216798067093,5.875522613525391,9.97623062133789,1,0.2629125416278839,6.872316360473633,11.679832458496094,1,-0.13243207335472107,6.55844259262085,12.086798667907715,1,1.4901161193847656e-8,7.19959831237793,13.460831642150879,1,1.4901161193847656e-8,7.3305745124816895,14.429943084716797,1,1.4901161193847656e-8,8.266231536865234,16.411338806152344,1,1.4901161193847656e-8,8.524456024169922,17.574979782104492,1,1.4901161193847656e-8,9.355663299560547,19.918054580688477,1,-0.13197462260723114,9.830440521240234,21.158016204833984,1,0.13057047128677368,11.437357902526855,25.083515167236328,1,0,12.239927291870117,27.1385498046875,1,0.13319021463394165,13.775406837463379,30.802709579467773,1,-0.1292390078306198,15.19456672668457,34.99214553833008,1,1.4901161193847656e-8,16.782808303833008,39.03580093383789,1,-0.13476517796516418,19.402360916137695,45.40629577636719,1,0.12753640115261078,21.683034896850586,50.814430236816406,1,0.13603225350379944,24.588176727294922,58.67954635620117,1,0.14729195833206177,27.572681427001953,65.82933044433594,1,0.0475277304649353,24.34685707092285,-16.058475494384766,1,-0.1838911473751068,32.638389587402344,-18.890663146972656,1,3.725290298461914e-9,37.2895393371582,-15.284567832946777,1,0.05924675241112709,40.435813903808594,-11.306941032409668,1,-0.12169881165027618,42.237728118896484,-7.162655353546143,1,0.005109824240207672,42.9482307434082,-3.0167155265808105,1,0.12169882655143738,42.68035888671875,0.9879294037818909,1,-0.12169880419969559,41.61982727050781,4.742793083190918,1,0.17891576886177063,39.89942169189453,8.168525695800781,1,-0.1295083612203598,37.629451751708984,11.203338623046875,1,-0.05671294778585434,34.960941314697266,13.792396545410156,1,0.12169881165027618,32.026214599609375,15.930281639099121,1,-0.12169881165027618,28.775739669799805,17.629518508911133,1,0.12169881165027618,25.587827682495117,18.829694747924805,1,-0.06553971022367477,22.146240234375,19.59967803955078,1,-0.056105487048625946,18.904924392700195,20.03337860107422,1,0.12169881165027618,15.495555877685547,19.871122360229492,1,-0.12169881165027618,12.638310432434082,19.754758834838867,1,0.009455852210521698,9.253219604492188,18.836122512817383,1,0.12169881910085678,7.018214702606201,18.22492218017578,1,-0.12169880419969559,3.889812707901001,16.842281341552734,1,0.17806637287139893,2.2028677463531494,15.872160911560059,1,-0.18690472841262817,-0.5858379006385803,14.205936431884766,1,0.06506171822547913,-1.7658802270889282,13.091291427612305,1,0.05679849535226822,-3.8149547576904297,11.331354141235352,1,-0.17867422103881836,-4.77346658706665,10.154685974121094,1,0.24339762330055237,-6.170895576477051,8.532214164733887,1,-0.24339762330055237,-6.713233947753906,7.3736748695373535,1,0.18581515550613403,-7.689863681793213,5.917379856109619,1,-0.0638941079378128,-7.759060382843018,5.056509971618652,1,-0.05803406238555908,-8.485366821289062,3.6219756603240967,1,0.12169881910085678,-8.108078002929688,3.1601784229278564,1,-0.06319127976894379,-8.680143356323242,1.8476547002792358,1,-0.058748260140419006,-8.227975845336914,1.6259962320327759,1,0.12169881910085678,-8.345420837402344,0.4990118145942688,1,-0.06246940791606903,-7.8506622314453125,0.3803290128707886,1,0.059466440230607986,-8.021892547607422,-0.6579846143722534,1,-0.12169881165027618,-7.5587992668151855,-0.6631082892417908,1,0.06177370995283127,-7.826347351074219,-1.767467975616455,1,3.725290298461914e-9,-7.2020955085754395,-1.8710993528366089,1,3.725290298461914e-9,-7.8600544929504395,-3.1660871505737305,1,3.725290298461914e-9,-7.288822174072266,-3.501923084259033,1,3.725290298461914e-9,-8.21147346496582,-5.051084518432617,1,3.725290298461914e-9,-8.037593841552734,-5.845128536224365,1,3.725290298461914e-9,-8.946974754333496,-7.830156326293945,1,3.725290298461914e-9,-9.107754707336426,-9.072725296020508,1,3.725290298461914e-9,-10.577202796936035,-11.81613540649414,1,3.725290298461914e-9,-10.712112426757812,-13.281625747680664,1,0.0614745169878006,-12.407635688781738,-16.79410743713379,1,-0.12169881165027618,-12.993569374084473,-19.006013870239258,1,0.12169881165027618,-14.46361255645752,-22.730695724487305,1,-0.12169881165027618,-15.553927421569824,-25.531909942626953,1,0.060201793909072876,-16.894807815551758,-29.6196346282959,1,3.725290298461914e-9,-17.656007766723633,-32.447025299072266,1,3.725290298461914e-9,-19.0992431640625,-36.678226470947266,1,3.725290298461914e-9,-19.447298049926758,-38.891483306884766,1,3.725290298461914e-9,-20.408008575439453,-42.799560546875,1,3.725290298461914e-9,-20.100948333740234,-43.90259552001953,1,3.725290298461914e-9,-20.20558738708496,-46.19613265991211,1,3.725290298461914e-9,-18.967119216918945,-45.50914001464844,1,3.725290298461914e-9,-17.70469093322754,-45.02714157104492,1,0.05954863131046295,-14.786808013916016,-41.074745178222656,1,-0.1808210164308548,-12.000523567199707,-36.312538146972656,1,-0.22798532247543335,-6.93215799331665,-25.26412582397461,1,0.03309756517410278,-7.311501979827881,5.740545272827148,1,-0.13453392684459686,-6.94635534286499,6.598641872406006,1,0,-6.198493480682373,6.016953945159912,1,0,-5.663259506225586,5.500168323516846,1,0,-5.095233917236328,5.056089878082275,1,0,-4.761270046234131,4.635385990142822,1,0,-4.373558521270752,4.274497032165527,1,0,-4.169727325439453,3.913473129272461,1,0,-3.955104112625122,3.576885461807251,1,0,-3.7212111949920654,3.2656562328338623,1,0,-3.7354257106781006,2.9191343784332275,1,0,-3.593369960784912,2.601217746734619,1,0,-3.597929000854492,2.2679128646850586,1,0,-3.511981964111328,1.9747506380081177,1,0,-3.659764528274536,1.5356574058532715,1,0,-3.4956564903259277,1.2783476114273071,1,0,-3.6558187007904053,0.8732399344444275,1,0,-3.680673837661743,0.48548611998558044,1,0,-3.668017864227295,0.17193908989429474,1,0,-3.7207095623016357,-0.2626643776893616,1,0.13822168111801147,-3.705233097076416,-0.5960530042648315,1,-0.2694535553455353,-3.8448357582092285,-0.9832303524017334,1,0.13123953342437744,-3.833991050720215,-1.4492918252944946,1,0,-3.622572660446167,-1.5638535022735596,1,0.13815735280513763,-3.86517333984375,-2.190915822982788,1,-0.2694535553455353,-3.7927424907684326,-2.3661458492279053,1,0.13139700889587402,-3.6528713703155518,-2.7918412685394287,1,0.13799110054969788,-3.535337448120117,-2.9325947761535645,1,-0.2694535553455353,-3.814514636993408,-3.4532864093780518,1,0.1316203624010086,-3.3450701236724854,-3.4719738960266113,1,0,-3.2825875282287598,-3.8011724948883057,1,0,-3.3876492977142334,-4.002285480499268,1,0,-2.9018068313598633,-4.038083553314209,1,0.13742630183696747,-3.0652334690093994,-4.432845592498779,1,-0.2694535553455353,-2.7475521564483643,-4.19291353225708,1,0.13226650655269623,-2.475837230682373,-4.314469814300537,1,0,-2.602348566055298,-4.709498882293701,1,0,-1.8171218633651733,-3.8973326683044434,1,0,-2.1870524883270264,-4.653228282928467,1,0,-1.4974445104599,-3.842514991760254,1,0,-1.7078816890716553,-4.27780294418335,1,0,-0.8815586566925049,-3.4452104568481445,1,0.13624471426010132,-1.1158075332641602,-3.832977056503296,1,-0.2694535553455353,-0.6494492292404175,-3.139575481414795,1,0.1334879994392395,-0.30691877007484436,-2.8160171508789062,1,0,-0.3972685933113098,-2.939845085144043,1,0,0.3918406665325165,-1.6404610872268677,1,0,0.1648421436548233,-2.3913965225219727,1,0,0.9362611770629883,-0.7508008480072021,1,0,0.46241068840026855,-1.3350423574447632,1,0,1.4615896940231323,-0.1578359305858612,1,0,1.4135860204696655,0.2989743947982788,1,0,1.4485108852386475,0.375499963760376,1,0,2.091625213623047,1.658076286315918,1,0,1.769478440284729,1.5326788425445557,1,0,2.590390205383301,2.5853805541992188,1,0,2.135118246078491,2.813253164291382,1,0.13447850942611694,3.3236284255981445,4.07453727722168,1,-0.2694535553455353,2.2178311347961426,3.447552442550659,1,0.13510173559188843,3.4019391536712646,5.266695976257324,1,0,3.18644118309021,5.784773826599121,1,0,3.0422332286834717,5.499423503875732,1,0,3.816005229949951,6.912931442260742,1,0,3.987844705581665,7.227930545806885,1,-0.07130546867847443,14.286948204040527,-7.233529567718506,1,0.28077399730682373,16.63395118713379,-8.711944580078125,1,1.4901161193847656e-8,17.414663314819336,-7.254456043243408,1,1.4901161193847656e-8,17.819135665893555,-5.760157585144043,1,1.4901161193847656e-8,17.907196044921875,-4.266806125640869,1,1.4901161193847656e-8,17.6968936920166,-2.8145482540130615,1,1.4901161193847656e-8,17.296777725219727,-1.43709397315979,1,1.4901161193847656e-8,16.667753219604492,-0.13901151716709137,1,1.4901161193847656e-8,15.88204574584961,1.0297456979751587,1,1.4901161193847656e-8,15.02046012878418,2.1060118675231934,1,1.4901161193847656e-8,14.025023460388184,3.029517650604248,1,1.4901161193847656e-8,12.99240779876709,3.8320672512054443,1,1.4901161193847656e-8,11.894315719604492,4.520871162414551,1,1.4901161193847656e-8,10.82106876373291,5.048030376434326,1,1.4901161193847656e-8,9.684470176696777,5.493397235870361,1,1.4901161193847656e-8,8.650275230407715,5.795246124267578,1,1.4901161193847656e-8,7.564528942108154,5.993569374084473,1,1.4901161193847656e-8,6.686258316040039,6.17408561706543,1,1.4901161193847656e-8,5.353529453277588,6.005913734436035,1,1.4901161193847656e-8,4.993640422821045,6.310198783874512,1,1.4901161193847656e-8,3.5950520038604736,5.751916885375977,1,1.4901161193847656e-8,3.376446485519409,6.071723937988281,1,1.4901161193847656e-8,2.066633701324463,5.378664016723633,1,1.4901161193847656e-8,2.0563857555389404,5.605075836181641,1,1.4901161193847656e-8,0.8237690925598145,4.899353981018066,1,1.4901161193847656e-8,0.9510059952735901,5.034016132354736,1,1.4901161193847656e-8,-0.1934201717376709,4.292349338531494,1,1.4901161193847656e-8,0.07470323145389557,4.465070724487305,1,1.4901161193847656e-8,-0.9140951633453369,3.616702079772949,1,1.4901161193847656e-8,-0.6214407682418823,3.8166403770446777,1,0.13770590722560883,-1.4861186742782593,3.0380337238311768,1,-0.27985137701034546,-1.322623610496521,3.0846939086914062,1,0.14161622524261475,-1.9361687898635864,2.295773983001709,1,1.4901161193847656e-8,-1.7837517261505127,2.4495604038238525,1,1.4901161193847656e-8,-2.419642448425293,1.440464973449707,1,1.4901161193847656e-8,-2.219020366668701,1.7747467756271362,1,1.4901161193847656e-8,-2.990945339202881,0.45280909538269043,1,1.4901161193847656e-8,-2.5910661220550537,0.8458634614944458,1,1.4901161193847656e-8,-3.5245697498321533,-0.5648041367530823,1,1.4901161193847656e-8,-3.3151845932006836,-0.5040565729141235,1,1.4901161193847656e-8,-4.215989589691162,-1.7027777433395386,1,1.4901161193847656e-8,-3.9564836025238037,-1.9788137674331665,1,1.4901161193847656e-8,-5.044499397277832,-3.5427229404449463,1,1.4901161193847656e-8,-4.890994548797607,-3.588789701461792,1,1.4901161193847656e-8,-6.036847114562988,-5.665801048278809,1,1.4901161193847656e-8,-5.8809003829956055,-6.023895740509033,1,1.4901161193847656e-8,-7.0677361488342285,-7.916550159454346,1,1.4901161193847656e-8,-7.253538608551025,-8.596705436706543,1,1.4901161193847656e-8,-8.342757225036621,-10.960007667541504,1,1.4901161193847656e-8,-8.333222389221191,-11.664905548095703,1,1.4901161193847656e-8,-9.774174690246582,-14.012787818908691,1,1.4901161193847656e-8,-9.665360450744629,-15.155768394470215,1,1.4901161193847656e-8,-10.910823822021484,-17.564992904663086,1,1.4901161193847656e-8,-10.804656982421875,-18.199752807617188,1,1.4901161193847656e-8,-11.947347640991211,-21.395204544067383,1,1.4901161193847656e-8,-11.83660888671875,-21.335506439208984,1,1.4901161193847656e-8,-12.493759155273438,-24.055072784423828,1,1.4901161193847656e-8,-12.092731475830078,-24.345722198486328,1,1.4901161193847656e-8,-12.711949348449707,-25.920928955078125,1,1.4901161193847656e-8,-11.740191459655762,-26.011932373046875,1,1.4901161193847656e-8,-11.744401931762695,-26.374845504760742,1,1.4901161193847656e-8,-10.17995548248291,-25.23194122314453,1,0.27471524477005005,-9.35617733001709,-24.20572280883789,1,0.3305422067642212,-7.421650409698486,-20.484981536865234,1,-0.025936566293239594,-4.485454082489014,1.181093692779541,1,0.10309544205665588,-4.649317741394043,1.795566201210022,1,0,-4.431980133056641,1.3247029781341553,1,0,-4.148930072784424,0.892841100692749,1,0,-3.9844727516174316,0.4829731285572052,1,0,-3.7225606441497803,0.11596116423606873,1,0,-3.574298858642578,-0.24487611651420593,1,0,-3.3475489616394043,-0.5599663853645325,1,0,-3.155958652496338,-0.8478983640670776,1,0,-3.0103847980499268,-1.1394389867782593,1,0,-2.7295312881469727,-1.345265507698059,1,0,-2.601933240890503,-1.5659698247909546,1,0,-2.3397676944732666,-1.7462973594665527,1,0,-2.143933057785034,-1.8743431568145752,1,0,-1.889675259590149,-1.9691355228424072,1,0,-1.7610881328582764,-2.102921485900879,1,0,-1.364580750465393,-2.029391050338745,1,0,-1.2273708581924438,-2.090153694152832,1,0,-0.9427640438079834,-2.0272340774536133,1,0,-0.648656964302063,-1.9247292280197144,1,0,-0.4533160626888275,-1.8147997856140137,1,0,-0.1516036093235016,-1.6584066152572632,1,0,0.12180416285991669,-1.4090794324874878,1,0,0.31042712926864624,-1.2231285572052002,1,0.05142226070165634,0.7184558510780334,-0.9068751335144043,1,-0.10326078534126282,0.7852839231491089,-0.605276346206665,1,0.05192094296216965,1.1690534353256226,-0.2924894690513611,1,0,1.4301952123641968,0.13337446749210358,1,0,1.5081430673599243,0.40471160411834717,1,0,1.974708080291748,1.055151104927063,1,0,1.8647030591964722,1.1843918561935425,1,0.051174014806747437,2.4707343578338623,2.0288145542144775,1,-0.10326078534126282,2.2870140075683594,1.9907523393630981,1,0.05212739482522011,2.8116486072540283,3.1486928462982178,1,0,2.65741229057312,3.030503749847412,1,0,3.007662057876587,3.8698089122772217,1,0,3.3096516132354736,4.515682220458984,1,0,3.222728967666626,4.768167972564697,1,0,3.6027443408966064,5.6777424812316895,1,0,3.4448187351226807,5.940563201904297,1,0,4.006006717681885,6.898208141326904,1,0,3.8051114082336426,7.399109363555908,1,0.05125339329242706,4.435344219207764,8.2626371383667,1,-0.10326078534126282,4.227401256561279,8.803637504577637,1,0.051891591399908066,4.658736228942871,9.9763765335083,1,0,5.0794172286987305,10.820184707641602,1,0,5.073635101318359,11.790884017944336,1,0,5.944037914276123,13.371577262878418,1,0.05172552913427353,5.863165378570557,14.319673538208008,1,-0.10326078534126282,6.770434379577637,16.393085479736328,1,0.10326078534126282,7.189373970031738,17.883115768432617,1,-0.10326078534126282,7.920396327972412,19.976970672607422,1,0.05098815634846687,8.93688678741455,22.9404296875,1,0,9.69747257232666,25.18209457397461,1,0,10.989429473876953,28.952552795410156,1,0,12.33382511138916,32.61824035644531,1,0,13.433286666870117,36.443748474121094,1,0,15.723716735839844,42.55693054199219,1,0,17.31403350830078,47.58878707885742,1,0,19.230453491210938,53.73380661010742,1,0,22.361927032470703,62.52284240722656,1,0,24.699607849121094,70.35020446777344,1,0.10933484882116318,27.993074417114258,80.20701599121094,1,0.14929483830928802,31.351491928100586,90.05415344238281,1,-0.03266806900501251,1.7684170007705688,-1.7289378643035889,1,0.12880654633045197,1.8836581707000732,-1.9866235256195068,1,1.4901161193847656e-8,1.8639689683914185,-1.7813504934310913,1,1.4901161193847656e-8,1.9277920722961426,-1.5609090328216553,1,1.4901161193847656e-8,1.8943946361541748,-1.3580381870269775,1,1.4901161193847656e-8,1.9377678632736206,-1.1392383575439453,1,0.1285552829504013,1.929811716079712,-0.9181079268455505,1,-0.25773125886917114,1.8352906703948975,-0.7406951189041138,1,0.25773125886917114,1.9919127225875854,-0.4886811673641205,1,-0.25773125886917114,1.7994704246520996,-0.3205068111419678,1,0.25773125886917114,1.933325171470642,-0.08906202763319016,1,-0.12940289080142975,1.7636430263519287,0.0708758682012558,1,-0.12829962372779846,1.8315110206604004,0.29825422167778015,1,0.12945494055747986,1.7584408521652222,0.4210069477558136,1,0.12825843691825867,1.9016997814178467,0.7482190728187561,1,-0.25773125886917114,1.5520858764648438,0.7160421013832092,1,0.1294925957918167,1.8469339609146118,1.0946182012557983,1,1.4901161193847656e-8,1.5568501949310303,1.0915915966033936,1,1.4901161193847656e-8,1.6408199071884155,1.3454564809799194,1,0.12824849784374237,1.8077354431152344,1.6146206855773926,1,-0.25773125886917114,1.3231397867202759,1.47402024269104,1,0.12945042550563812,1.6524851322174072,1.8374818563461304,1,1.4901161193847656e-8,1.5961661338806152,2.0898470878601074,1,1.4901161193847656e-8,1.4162557125091553,1.900154709815979,1,0.12836723029613495,1.6094627380371094,2.4708151817321777,1,-0.25773125886917114,1.296768069267273,2.1948132514953613,1,0.12928171455860138,1.6653190851211548,2.6774423122406006,1,1.4901161193847656e-8,1.2345329523086548,2.6115076541900635,1,1.4901161193847656e-8,1.5279179811477661,2.9094717502593994,1,0.128609299659729,1.5372183322906494,2.9611802101135254,1,-0.25773125886917114,1.1858333349227905,3.0748510360717773,1,0.25773125886917114,1.7544623613357544,3.632897138595581,1,-0.25773125886917114,1.0820441246032715,3.1374588012695312,1,0.12884311378002167,1.738071322441101,3.850698709487915,1,1.4901161193847656e-8,1.420449137687683,3.838137149810791,1,1.4901161193847656e-8,1.37533700466156,3.973357677459717,1,1.4901161193847656e-8,1.8119970560073853,4.5201568603515625,1,1.4901161193847656e-8,1.352390170097351,4.284663677215576,1,1.4901161193847656e-8,1.6671115159988403,4.903675079345703,1,1.4901161193847656e-8,1.7131215333938599,4.7910590171813965,1,1.4901161193847656e-8,1.6715515851974487,5.492801666259766,1,1.4901161193847656e-8,1.8293530941009521,5.3191423416137695,1,1.4901161193847656e-8,2.0062613487243652,6.1274189949035645,1,0.12989777326583862,1.8551104068756104,6.210205554962158,1,-0.12770915031433105,1.9680498838424683,6.31757116317749,1,-0.13015052676200867,2.0740482807159424,7.178194046020508,1,0.12744829058647156,2.193936824798584,7.1988654136657715,1,1.4901161193847656e-8,2.614863395690918,7.9642839431762695,1,0.13055983185768127,2.2698097229003906,8.27883529663086,1,-0.25773125886917114,2.4450817108154297,8.706268310546875,1,0.12687896192073822,2.8230273723602295,9.17076587677002,1,1.4901161193847656e-8,2.762941598892212,10.015830993652344,1,1.4901161193847656e-8,3.2616758346557617,10.854801177978516,1,0.13131961226463318,2.751659393310547,10.40434455871582,1,-0.12624844908714294,3.7911975383758545,12.433683395385742,1,-0.1316496729850769,3.005371570587158,12.532439231872559,1,0.25773125886917114,3.857630729675293,12.830440521240234,1,-0.25773125886917114,3.941796064376831,14.825959205627441,1,0.25773125886917114,3.8598337173461914,14.206387519836426,1,-0.25773125886917114,4.399370193481445,16.660072326660156,1,0.1251939833164215,4.4596662521362305,16.619163513183594,1,-0.13272514939308167,4.392822265625,17.5185604095459,1,0.39064767956733704,5.294495105743408,19.352914810180664,1,0.5451797246932983,5.737818241119385,20.62784194946289,1,0,0,0,0,0,0,0,0,0,0,0,0,0,0,0,0,0,0,0,0,0,0,0,0,0,0,0,0,0,0,0,0,0,0,0,0,0,0,0,0,0,0,0,0,0,0,0,0,0,0,0,0,0,0,0,0,0,0,0,0,0,0,0,0,0,0,0,0,0,0,0,0,0,0,0,0,0,0,0,0,0,0,0,0,0,0,0,0,0,0,0,0,0,0,0,0,0,0,0,0,0,0,0,0,0,0,0,0,0,0,0,0,0,0,0,0,0,0,0,0,0,0,0,0,0,0,0,0,0,0,0,0,0,0,0,0,0,0,0,0,0,0,0,0,0,0,0,0,0,0,0,0,0,0,0,0,0,0,0,0,0,0,0,0,0,0,0,0,0,0,0,0,0,0,0,0,0,0,0,0,0,0,0,0,0,0,0,0,0,0,0,0,0,0,0,0,0,0,0,0,0,0,0,0,0,0,0,0,0,0,0,0,0,0,0,0,0,0,0,0,0,0,0,0,0,0,0,0,0,0,0,0,0,0,0,0,0,0,0,0,0,0,0,0,0,0,0,0,0,0,0,0,0,0,0,0,0,0,0,0,0,0,0,0,0,0,0,0,0,0,0,0,0,0,0,0,0,0,0,0,0,0,0,0,0,0,0,0,0,0,0,0,0,0,0,0,0,0,0,0,0,0,0,0,0,0,0,0,0,0,0,0,0,0,0,0,0,0,0,0,0,0,0,0,0,0,0,0,0,0,0,0,0,0,0,0,0,0,0,0,0,0,0,0,0,0,0,0,0,0,0,0,0,0,0,0,0,0,0,0,0,0,0,0,0,0,0,0,0,0,0,0,0,0,0,0,0,0,0,0,0,0,0,0,0,0,0,0,0,0,0,0,0,0,0,0,0,0,0,0,0,0,0,0,0,0,0,0,0,0,0,0,0,0,0,0,0,0,0,0,0,0,0,0,0,0,0,0,0,0,0,0,0,0,0,0,0,0,0,0,0,0,0,0,0,0,0,0,0,0,0,0,0,0,0,0,0,0,0,0,0,0,0,0,0,0,0,0,0,0,0,0,0,0,0,0,0,0,0,0,0,0,0,0,0,0,0,0,0,0,0,0,0,0,0,0,0,0,0,0,0,0,0,0,0,0,0,0,0,0,0,0,0,0,0,0,0,0,0,0,0,0,0,0,0,0,0,0,0,0,0,0,0,0,0,0,0,0,0,0,0,0,0,0,0,0,0,0,0,0,0,0,0,0,0,0,0,0,0,0,0,0,0,0,0,0,0,0,0,0,0,0,0,0,0,0,0,0,0,0,0,0,0,0,0,0,0,0,0,0,0,0,0,0,0,0,0,0,0,0,0,0,0,0,0,0,0,0,0,0,0,0,0,0,0,0,0,0,0,0,0,0,0,0,0,0,0,0,0,0,0,0,0,0,0,0,0,0,0,0,0,0,0,0,0,0,0,0,0,0,0,0,0,0,0,0,0,0,0,0,0,0,0,0,0,0,0,0,0,0,0,0,0,0,0,0,0,0,0,0,0,0,0,0,0,0,0,0,0,0,0,0,0,0,0,0,0,0,0,0,0,0,0,0,0,0,0,0,0,0,0,0,0,0,0,0,0,0,0,0,0,0,0,0,0,0,0,0,0,0,0,0,0,0,0,0,0,0,0,0,0,0,0,0,0,0,0,0,0,0,0,0,0,0,0,0,0,0,0,0,0,0,0,0,0,0,0,0,0,0,0,0,0,0,0,0,0,0,0,0,0,0,0,0,0,0,0,0,0,0,0,0,0,0,0,0,0,0,0,0,0,0,0,0,0,0,0,0,0,0,0,0,0,0,0,0,0,0,0,0,0,0,0,0,0,0,0,0,0,0,0,0,0,0,0,0,0,0,0,0,0,0,0,0,0,0,0,0,0,0,0,0,0,0,0,0,0,0,0,0,0,0,0,0,0,0,0,0,0,0,0,0,0,0,0,0,0,0,0,0,0,0,0,0,0,0,0,0,0,0,0,0,0,0,0,0,0,0,0,0,0,0,0,0,0,0,0,0,0,0,0,0,0,0,0,0,0,0,0,0,0,0,0,0,0,0,0,0,0,0,0,0,0,0,0,0,0,0,0,0,0,0,0,0,0,0,0,0,0,0,0,0,0,0,0,0,0,0,0,0,0,0,0,0,0,0,0,0,0,0,0,0,0,0,0,0,0,0,0,0,0,0,0,0,0,0,0,0,0,0,0,0,0,0,0,0,0,0,0,0,0,0,0,0,0,0,0,0,0,0,0,0,0,0,0,0,0,0,0,0,0,0,0,0,0,0,0,0,0,0,0,0,0,0,0,0,0,0,0,0,0,0,0,0,0,0,0,0,0,0,0,0,0,0,0,0,0,0,0,0,0,0,0,0,0,0,0,0,0,0,0,0,0,0,0,0,0,0,0,0,0,0,0,0,0,0,0,0,0,0,0,0,0,0,0,0,0,0,0,0,0,0,0,0,0,0,0,0,0,0,0,0,0,0,0,0,0,0,0,0,0,0,0,0,0,0,0,0,0,0,0,0,0,0,0,0,0,0,0,0,0,0,0,0,0,0,0,0,0,0,0,0,0,0,0,0,0,0,0,0,0,0,0,0,0,0,0,0,0,0,0,0,0,0,0,0,0,0,0,0,0,0,0,0,0,0,0,0,0,0,0,0,0,0,0,0,0,0,0,0,0,0,0,0,0,0,0,0,0,0,0,0,0,0,0,0,0,0,0,0,0,0,0,0,0,0,0,0,0,0,0,0,0,0,0,0,0,0,0,0,0,0,0,0,0,0,0,0,0,0,0,0,0,0,0,0,0,0,0,0,0,0,0,0,0,0,0,0,0,0,0,0,0,0,0,0,0,0,0,0,0,0,0,0,0,0,0,0,0,0,0,0,0,0,0,0,0,0,0,0,0,0,0,0,0,0,0,0,0,0,0,0,0,0,0,0,0,0,0,0,0,0,0,0,0,0,0,0,0,0,0,0,0,0,0,0,0,0,0,0,0,0,0,0,0,0,0,0,0,0,0,0,0,0,0,0,0,0,0,0,0,0,0,0,0,0,0,0,0,0,0,0,0,0,0,0,0,0,0,0,0,0,0,0,0,0,0,0,0,0,0,0,0,0,0,0,0,0,0,0,0,0,0,0,0,0,0,0,0,0,0,0,0,0,0,0,0,0,0,0,0,0,0,0,0,0,0,0,0,0,0,0,0,0,0,0,0,0,0,0,0,0,0,0,0,0,0,0,0,0,0,0,0,0,0,0,0,0,0,0,0,0,0,0,0,0,0,0,0,0,0,0,0,0,0,0,0,0,0,0,0,0,0,0,0,0,0,0,0,0,0,0,0,0,0,0,0,0,0,0,0,0,0,0,0,0,0,0,0,0,0,0,0,0,0,0,0,0,0,0,0,0,0,0,0,0,0,0,0,0,0,0,0,0,0,0,0,0,0,0,0,0,0,0,0,0,0,0,0,0,0,0,0,0,0,0,0,0,0,0,0,0,0,0,0,0,0,0,0,0,0,0,0,0,0,0,0,0,0,0,0,0,0,0,0,0,0,0,0,0,0,0,0,0,0,0,0,0,0,0,0,0,0,0,0,0,0,0,0,0,0,0,0,0,0,0,0,0,0,0,0,0,0,0,0,0,0,0,0,0,0,0,0,0,0,0,0,0,0,0,0,0,0,0,0,0,0,0,0,0,0,0,0,0,0,0,0,0,0,0,0,0,0,0,0,0,0,0,0,0,0,0,0,0,0,0,0,0,0,0,0,0,0,0,0,0,0,0,0,0,0,0,0,0,0,0,0,0,0,0,0,0,0,0,0,0,0,0,0,0,0,0,0,0,0,0,0,0,0,0,0,0,0,0,0,0,0,0,0,0,0,0,0,0,0,0,0,0,0,0,0,0,0,0,0,0,0,0,0,0,0,0,0,0,0,0,0,0,0,0,0,0,0,0,0,0,0,0,0,0,0,0,0,0,0,0,0,0,0,0,0,0,0,0,0,0,0,0,0,0,0,0,0,0,0,0,0,0,0,0,0,0,0,0,0,0,0,0,0,0,0,0,0,0,0,0,0,0,0,0,0,0,0,0,0,0,0,0,0,0,0,0,0,0,0,0,0,0,0,0,0,0,0,0,0,0,0,0,0,0,0,0,0,0,0,0,0,0,0,0,0,0,0,0,0,0,0,0,0,0,0,0,0,0,0,0,0,0,0,0,0,0,0,0,0,0,0,0,0,0,0,0,0,0,0,0,0,0,0,0,0,0,0,0,0,0,0,0,0,0,0,0,0,0,0,0,0,0,0,0,0,0,0,0,0,0,0,0,0,0,0,0,0,0,0,0,0,0,0,0,0,0,0,0,0,0,0,0,0,0,0,0,0,0,0,0,0,0,0,0,0,0,0,0,0,0,0,0,0,0,0,0,0,0,0,0,0,0,0,0,0,0,0,0,0,0,0,0,0,0,0,0,0,0,0,0,0,0,0,0,0,0,0,0,0,0,0,0,0,0,0,0,0,0,0,0,0,0,0,0,0,0,0,0,0,0,0,0,0,0,0,0,0,0,0,0,0,0,0,0,0,0,0,0,0,0,0,0,0,0,0,0,0,0,0,0,0,0,0,0,0,0,0,0,0,0,0,0,0,0,0,0,0,0,0,0,0,0,0,0,0,0,0,0,0,0,0,0,0,0,0,0,0,0,0,0,0,0,0,0,0,0,0,0,0,0,0,0,0,0,0,0,0,0,0,0,0,0,0,0,0,0,0,0,0,0,0,0,0,0,0,0,0,0,0,0,0,0,0,0,0,0,0,0,0,0,0,0,0,0,0,0,0,0,0,0,0,0,0,0,0,0,0,0,0,0,0,0,0,0,0,0,0,0,0,0,0,0,0,0,0,0,0,0,0,0,0,0,0,0,0,0,0,0,0,0,0,0,0,0,0,0,0,0,0,0,0,0,0,0,0,0,0,0,0,0,0,0,0,0,0,0,0,0,0,0,0,0,0,0,0,0,0,0,0,0,0,0,0,0,0,0,0,0,0,0,0,0,0,0,0,0,0,0,0,0,0,0,0,0,0,0,0,0,0,0,0,0,0,0,0,0,0,0,0,0,0,0,0,0,0,0,0,0,0,0,0,0,0,0,0,0,0,0,0,0,0,0,0,0,0,0,0,0,0,0,0,0,0,0,0,0,0,0,0,0,0,0,0,0,0,0,0,0,0,0,0,0,0,0,0,0,0,0,0,0,0,0,0,0,0,0,0,0,0,0,0,0,0,0,0,0,0,0,0,0,0,0,0,0,0,0,0,0,0,0,0,0,0,0,0,0,0,0,0,0,0,0,0,0,0,0,0,0,0,0,0,0,0,0,0,0,0,0,0,0,0,0,0,0,0,0,0,0,0,0,0,0,0,0,0,0,0,0,0,0,0,0,0,0,0,0,0,0,0,0,0,0,0,0,0,0,0,0,0,0,0,0,0,0,0,0,0,0,0,0,0,0,0,0,0,0,0,0,0,0,0,0,0,0,0,0,0,0,0,0,0,0,0,0,0,0,0,0,0,0,0,0,0,0,0,0,0,0,0,0,0,0,0,0,0,0,0,0,0,0,0,0,0,0,0,0,0,0,0,0,0,0,0,0,0,0,0,0,0,0,0,0,0,0,0,0,0,0,0,0,0,0,0,0,0,0,0,0,0,0,0,0,0,0,0,0,0,0,0,0,0,0,0,0,0,0,0,0,0,0,0,0,0,0,0,0,0,0,0,0,0,0,0,0,0,0,0,0,0,0,0,0,0,0,0,0,0,0,0,0,0,0,0,0,0,0,0,0,0,0,0,0,0,0,0,0,0,0,0,0,0,0,0,0,0,0,0,0,0,0,0,0,0,0,0,0,0,0,0,0,0,0,0,0,0,0,0,0,0,0,0,0,0,0,0,0,0,0,0,0,0,0,0,0,0,0,0,0,0,0,0,0,0,0,0,0,0,0,0,0,0,0,0,0,0,0,0,0,0,0,0,0,0,0,0,0,0,0,0,0,0,0,0,0,0,0,0,0,0,0,0,0,0,0,0,0,0,0,0,0,0,0,0,0,0,0,0,0,0,0,0,0,0,0,0,0,0,0,0,0,0,0,0,0,0,0,0,0,0,0,0,0,0,0,0,0,0,0,0,0,0,0,0,0,0,0,0,0,0,0,0,0,0,0,0,0,0,0,0,0,0,0,0,0,0,0,0,0,0,0,0,0,0,0,0,0,0,0,0,0,0,0,0,0,0,0,0,0,0,0,0,0,0,0,0,0,0,0,0,0,0,0,0,0,0,0,0,0,0,0,0,0,0,0,0,0,0,0,0,0,0,0,0,0,0,0,0,0,0,0,0,0,0,0,0,0,0,0,0,0,0,0,0,0,0,0,0,0,0,0,0,0,0,0,0,0,0,0,0,0,0,0,0,0,0,0,0,0,0,0,0,0,0,0,0,0,0,0,0,0,0,0,0,0,0,0,0,0,0,0,0,0,0,0,0,0,0,0,0,0,0,0,0,0,0,0,0,0,0,0,0,0,0,0,0,0,0,0,0,0,0,0,0,0,0,0,0,0,0,0,0,0,0,0,0,0,0,0,0,0,0,0,0,0,0,0,0,0,0,0,0,0,0,0,0,0,0,0,0,0,0,0,0,0,0,0,0,0,0,0,0,0,0,0,0,0,0,0,0,0,0,0,0,0,0,0,0,0,0,0,0,0,0,0,0,0,0,0,0,0,0,0,0,0,0,0,0,0,0,0,0,0,0,0,0,0,0,0,0,0,0,0,0,0,0,0,0,0,0,0,0,0,0,0,0,0,0,0,0,0,0,0,0,0,0,0,0,0,0,0,0,0,0,0,0,0,0,0,0,0,0,0,0,0,0,0,0,0,0,0,0,0,0,0,0,0,0,0,0,0,0,0,0,0,0,0,0,0,0,0,0,0,0,0,0,0,0,0,0,0,0,0,0,0,0,0,0,0,0,0,0,0,0,0,0,0,0,0,0,0,0,0,0,0,0,0,0,0,0,0,0,0,0,0,0,0,0,0,0,0,0,0,0,0,0,0,0,0,0,0,0,0,0,0,0,0,0,0,0,0,0,0,0,0,0,0,0,0,0,0,0,0,0,0,0,0,0,0,0,0,0,0,0,0,0,0,0,0,0,0,0,0,0,0,0,0,0,0,0,0,0,0,0,0,0,0,0,0,0,0,0,0,0,0,0,0,0,0,0,0,0,0,0,0,0,0,0,0,0,0,0,0,0,0,0,0,0,0,0,0,0,0,0,0,0,0,0,0,0,0,0,0,0,0,0,0,0,0,0,0,0,0,0,0,0,0,0,0,0,0,0,0,0,0,0,0,0,0,0,0,0,0,0,0,0,0,0,0,0,0,0,0,0,0,0,0,0,0,0,0,0,0,0,0,0,0,0,0,0,0,0,0,0,0,0,0,0,0,0,0,0,0,0,0,0,0,0,0,0,0,0,0,0,0,0,0,0,0,0,0,0,0,0,0,0,0,0,0,0,0,0,0,0,0,0,0,0,0,0,0,0,0,0,0,0,0,0,0,0,0,0,0,0,0,0,0,0,0,0,0,0,0,0,0,0,0,0,0,0,0,0,0,0,0,0,0,0,0,0,0,0,0,0,0,0,0,0,0,0,0,0,0,0,0,0,0,0,0,0,0,0,0,0,0,0,0,0,0,0,0,0,0,0,0,0,0,0,0,0,0,0,0,0,0,0,0,0,0,0,0,0,0,0,0,0,0,0,0,0,0,0,0,0,0,0,0,0,0,0,0,0,0,0,0,0,0,0,0,0,0,0,0,0,0,0,0,0,0,0,0,0,0,0,0,0,0,0,0,0,0,0,0,0,0,0,0,0,0,0,0,0,0,0,0,0,0,0,0,0,0,0,0,0,0,0,0,0,0,0,0,0,0,0,0,0,0,0,0,0,0,0,0,0,0,0,0,0,0,0,0,0,0,0,0,0,0,0,0,0,0,0,0,0,0,0,0,0,0,0,0,0,0,0,0,0,0,0,0,0,0,0,0,0,0,0,0,0,0,0,0,0,0,0,0,0,0,0,0,0,0,0,0,0,0,0,0,0,0,0,0,0,0,0,0,0,0,0,0,0,0,0,0,0,0,0,0,0,0,0,0,0,0,0,0,0,0,0,0,0,0,0,0,0,0,0,0,0,0,0,0,0,0,0,0,0,0,0,0,0,0,0,0,0,0,0,0,0,0,0,0,0,0,0,0,0,0,0,0,0,0,0,0,0,0,0,0,0,0,0,0,0,0,0,0,0,0,0,0,0,0,0,0,0,0,0,0,0,0,0,0,0,0,0,0,0,0,0,0,0,0,0,0,0,0,0,0,0,0,0,0,0,0,0,0,0,0,0,0,0,0,0,0,0,0,0,0,0,0,0,0,0,0,0,0,0,0,0,0,0,0,0,0,0,0,0,0,0,0,0,0,0,0,0,0,0,0,0,0,0,0,0,0,0,0,0,0,0,0,0,0,0,0,0,0,0,0,0,0,0,0,0,0,0,0,0,0,0,0,0,0,0,0,0,0,0,0,0,0,0,0,0,0,0,0,0,0,0,0,0,0,0,0,0,0,0,0,0,0,0,0,0,0,0,0,0,0,0,0,0,0,0,0,0,0,0,0,0,0,0,0,0,0,0,0,0,0,0,0,0,0,0,0,0,0,0,0,0,0,0,0,0,0,0,0,0,0,0,0,0,0,0,0,0,0,0,0,0,0,0,0,0,0,0,0,0,0,0,0,0,0,0,0,0,0,0,0,0,0,0,0,0,0,0,0,0,0,0,0,0,0,0,0,0,0,0,0,0,0,0,0,0,0,0,0,0,0,0,0,0,0,0,0,0,0,0,0,0,0,0,0,0,0,0,0,0,0,0,0,0,0,0,0,0,0,0,0,0,0,0,0,0,0,0,0,0,0,0,0,0,0,0,0,0,0,0,0,0,0,0,0,0,0,0,0,0,0,0,0,0,0,0,0,0,0,0,0,0,0,0,0,0,0,0,0,0,0,0,0,0,0,0,0,0,0,0,0,0,0,0,0,0,0,0,0,0,0,0,0,0,0,0,0,0,0,0,0,0,0,0,0,0,0,0,0,0,0,0,0,0,0,0,0,0,0,0,0,0,0,0,0,0,0,0,0,0,0,0,0,0,0,0,0,0,0,0,0,0,0,0,0,0,0,0,0,0,0,0,0,0,0,0,0,0,0,0,0,0,0,0,0,0,0,0,0,0,0,0,0,0,0,0,0,0,0,0,0,0,0,0,0,0,0,0,0,0,0,0,0,0,0,0,0,0,0,0,0,0,0,0,0,0,0,0,0,0,0,0,0,0,0,0,0,0,0,0,0,0,0,0,0,0,0,0,0,0,0,0,0,0,0,0,0,0,0,0,0,0,0,0,0,0,0,0,0,0,0,0,0,0,0,0,0,0,0,0,0,0,0,0,0,0,0,0,0,0,0,0,0,0,0,0,0,0,0,0,0,0,0,0,0,0,0,0,0,0,0,0,0,0,0,0,0,0,0,0,0,0,0,0,0,0,0,0,0,0,0,0,0,0,0,0,0,0,0,0,0,0,0,0,0,0,0,0,0,0,0,0,0,0,0,0,0,0,0,0,0,0,0,0,0,0,0,0,0,0,0,0,0,0,0,0,0,0,0,0,0,0,0,0,0,0,0,0,0,0,0,0,0,0,0,0,0,0,0,0,0,0,0,0,0,0,0,0,0,0,0,0,0,0,0,0,0,0,0,0,0,0,0,0,0,0,0,0,0,0,0,0,0,0,0,0,0,0,0,0,0,0,0,0,0,0,0,0,0,0,0,0,0,0,0,0,0,0,0,0,0,0,0,0,0,0,0,0,0,0,0,0,0,0,0,0,0,0,0,0,0,0,0,0,0,0,0,0,0,0,0,0,0,0,0,0,0,0,0,0,0,0,0,0,0,0,0,0,0,0,0,0,0,0,0,0,0,0,0,0,0,0,0,0,0,0,0,0,0,0,0,0,0,0,0,0,0,0,0,0,0,0,0,0,0,0,0,0,0,0,0,0,0,0,0,0,0,0,0,0,0,0,0,0,0,0,0,0,0,0,0,0,0,0,0,0,0,0,0,0,0,0,0,0,0,0,0,0,0,0,0,0,0,0,0,0,0,0,0,0,0,0,0,0,0,0,0,0,0,0,0,0,0,0,0,0,0,0,0,0,0,0,0,0,0,0,0,0,0,0,0,0,0,0,0,0,0,0,0,0,0,0,0,0,0,0,0,0,0,0,0,0,0,0,0,0,0,0,0,0,0,0,0,0,0,0,0]}}