tauSteadyFPTex [64 x 54] 12
    2.2001     2.9102     0.0000    27.6310     2.1504     2.5744     0.0000    27.6310     2.0992     2.2386     0.0000    27.6310     2.0473     2.6863     0.0000    27.6310     1.9950     2.1267     0.0000    27.6310     1.9430     2.2386     0.0000    27.6310     1.8910     2.3505     0.0000    27.6310     1.8398     2.6863     0.0000    27.6310     1.7892     2.0147     0.0000    27.6310     1.7396     2.6863     0.0000    27.6310     1.6912     2.3505     0.0000    27.6310     1.6441     2.2386     0.0000    27.6310     1.5984     2.0147     0.0000    27.6310     1.5543     2.1267     0.0000    27.6310     1.5116     1.9028     0.0000    27.6310     1.4707     1.9028     0.0000    27.6310     1.4313     1.4551     0.0000    27.6310     1.3935     1.1193     0.0000    27.6310     1.3573     0.6716     0.0000    27.6310     1.3227     1.1193     0.0000    27.6310     1.2896     1.6790     0.0000    27.6310     1.2580     2.0147     0.0000    27.6310     1.2279     1.2312     0.0000    27.6310     1.1991     0.8954     0.0000    27.6310     1.1716     1.3432     0.0000    27.6310     1.1454     1.1193     0.0000    27.6310     1.1203     1.1193     0.0000    27.6310     1.0963     1.1193     0.0000    27.6310     1.0733     1.9028     0.0000    27.6310     1.0512     1.5670     0.0000    27.6310     1.0298     0.3358     0.0000    27.6310     1.0091     1.2312     0.0000    27.6310     0.9890     0.6716     0.0000    27.6310     0.9694     0.6716     0.0000    27.6310     0.9500     0.6716     0.0000    27.6310     0.9309     0.3358     0.0000    27.6310     0.9118     0.7835     0.0000    27.6310     0.8926     0.2239     0.0000    27.6310     0.8732     0.6716     0.0000    27.6310     0.8534     0.3358     0.0000    27.6310     0.8330     0.2239     0.0000    27.6310     0.8119     0.2239     0.0000    27.6310     0.7899     0.2239     0.0000    27.6310     0.7668     0.0000     0.0000    27.6310     0.7425     0.6716     0.0000    27.6310     0.7168     0.1119     0.0000    27.6310     0.6896     0.3358     0.0000    27.6310     0.6606     0.1119     0.0000    27.6310     0.6297     0.2239     0.0000    27.6310     0.5968     0.2239     0.0000    27.6310     0.5618     0.2239     0.0000    27.6310     0.5247     0.3358     0.0000    27.6310     0.4854     0.1119     0.0000    27.6310     0.4439     0.2239     0.0000    27.6310     0.4002     0.4477     0.0000    27.6310     0.3545     0.0000     0.0000    27.6310     0.3070     0.0000     0.0000    27.6310     0.2578     0.1119     0.0000    27.6310     0.2073     0.1119     0.0000    27.6310     0.1558     0.1119     0.0000    27.6310     0.1038     0.1119     0.0000    27.6310     0.0517     0.0000     0.0000    27.6310     0.0000     0.1119     0.0000    27.6310     0.0000     0.1119     0.0000    27.6310
    1.3998     1.8975     0.0000    27.6310     1.4015     1.9923     0.0000    27.6310     1.4039     2.1821     0.0000    27.6310     1.4074     2.0872     0.0000    27.6310     1.4119     1.8975     0.0000    27.6310     1.4176     1.8975     0.0000    27.6310     1.4244     2.9411     0.0000    27.6310     1.4325     2.1821     0.0000    27.6310     1.4419     3.1308     0.0000    27.6310     1.4124     2.7513     0.0000    27.6310     1.3840     1.7077     0.0000    27.6310     1.3566     1.8975     0.0000    27.6310     1.3302     1.6129     0.0000    27.6310     1.3049     2.1821     0.0000    27.6310     1.2804     1.7077     0.0000    27.6310     1.2569     2.0872     0.0000    27.6310     1.2342     1.9923     0.0000    27.6310     1.2123     1.5180     0.0000    27.6310     1.1912     1.3282     0.0000    27.6310     1.1708     1.2334     0.0000    27.6310     1.1510     0.6641     0.0000    27.6310     1.1319     1.3282     0.0000    27.6310     1.1133     0.7590     0.0000    27.6310     1.0951     0.5692     0.0000    27.6310     1.0774     0.9487     0.0000    27.6310     1.0600     0.8539     0.0000    27.6310     1.0429     1.2334     0.0000    27.6310     1.0259     0.9487     0.0000    27.6310     1.0091     0.4744     0.0000    27.6310     0.9923     0.9487     0.0000    27.6310     0.9755     0.4744     0.0000    27.6310     0.9585     0.4744     0.0000    27.6310     0.9413     0.6641     0.0000    27.6310     0.9238     0.5692     0.0000    27.6310     0.9058     0.4744     0.0000    27.6310     0.8874     0.2846     0.0000    27.6310     0.8683     0.5692     0.0000    27.6310     0.8485     0.2846     0.0000    27.6310     0.8280     0.3795     0.0000    27.6310     0.8065     0.2846     0.0000    27.6310     0.7841     0.2846     0.0000    27.6310     0.7606     0.3795     0.0000    27.6310     0.7360     0.0000     0.0000    27.6310     0.7101     0.1897     0.0000    27.6310     0.6829     0.4744     0.0000    27.6310     0.6544     0.0000     0.0000    27.6310     0.6244     0.0000     0.0000    27.6310     0.5931     0.0949     0.0000    27.6310     0.5603     0.0949     0.0000    27.6310     0.5261     0.0949     0.0000    27.6310     0.4905     0.0000     0.0000    27.6310     0.4535     0.0949     0.0000    27.6310     0.4153     0.0949     0.0000    27.6310     0.3759     0.0949     0.0000    27.6310     0.3355     0.0000     0.0000    27.6310     0.2942     0.0000     0.0000    27.6310     0.2523     0.0000     0.0000    27.6310     0.2098     0.0949     0.0000    27.6310     0.1672     0.0000     0.0000    27.6310     0.1246     0.1897     0.0000    27.6310     0.0823     0.0000     0.0000    27.6310     0.0407     0.0000     0.0000    27.6310     0.0000     0.0000     0.0000    27.6310     0.0000     0.0949     0.0000    27.6310
    3.7223     2.3189     0.0000    27.6322     3.7178     3.1217     0.0000    27.6322     3.6491     2.1406     0.0000    27.6322     3.5324     2.9433     0.0000    27.6322     3.3767     2.5865     0.0000    27.6322     3.1917     2.5865     0.0000    27.6322     2.9864     2.4973     0.0000    27.6322     2.7695     1.9622     0.0000    27.6322     2.5483     2.2298     0.0000    27.6322     2.3289     1.7838     0.0000    27.6322     2.1162     1.6054     0.0000    27.6322     1.9136     1.7838     0.0000    27.6322     1.7236     1.3379     0.0000    27.6322     1.5478     1.6054     0.0000    27.6322     1.3867     1.5162     0.0000    27.6322     1.2405     1.6946     0.0000    27.6322     1.1088     1.9622     0.0000    27.6322     0.9909     1.1595     0.0000    27.6322     0.8858     2.4081     0.0000    27.6322     0.7927     1.3379     0.0000    27.6322     0.7103     1.1595     0.0000    27.6322     0.6377     0.6243     0.0000    27.6322     0.5738     0.8919     0.0000    27.6322     0.5176     0.8027     0.0000    27.6322     0.4682     0.6243     0.0000    27.6322     0.4249     1.0703     0.0000    27.6322     0.3869     0.4460     0.0000    27.6322     0.3535     0.8027     0.0000    27.6322     0.3241     0.8027     0.0000    27.6322     0.2983     0.9811     0.0000    27.6322     0.2756     0.4460     0.0000    27.6322     0.2555     0.0892     0.0000    27.6322     0.2378     0.3568     0.0000    27.6322     0.2222     0.4460     0.0000    27.6322     0.2083     0.2676     0.0000    27.6322     0.1959     0.1784     0.0000    27.6322     0.1849     0.2676     0.0000    27.6322     0.1751     0.5351     0.0000    27.6322     0.1663     0.0892     0.0000    27.6322     0.1583     0.0000     0.0000    27.6322     0.1511     0.1784     0.0000    27.6322     0.1445     0.0892     0.0000    27.6322     0.1383     0.0892     0.0000    27.6322     0.1326     0.0892     0.0000    27.6322     0.1271     0.0892     0.0000    27.6322     0.1219     0.1784     0.0000    27.6322     0.1167     0.0000     0.0000    27.6322     0.1116     0.0892     0.0000    27.6322     0.1063     0.0000     0.0000    27.6322     0.1009     0.0000     0.0000    27.6322     0.0953     0.0000     0.0000    27.6322     0.0893     0.0000     0.0000    27.6322     0.0830     0.0000     0.0000    27.6322     0.0762     0.0000     0.0000    27.6322     0.0689     0.0000     0.0000    27.6322     0.0612     0.0000     0.0000    27.6322     0.0530     0.0000     0.0000    27.6322     0.0445     0.0000     0.0000    27.6322     0.0356     0.0000     0.0000    27.6322     0.0265     0.0000     0.0000    27.6322     0.0175     0.0000     0.0000    27.6322     0.0085     0.0000     0.0000    27.6322     0.0000     0.0000     0.0000    27.6322     0.0000     0.0892     0.0000    27.6322
    4.7626     2.3029     0.0000    27.7302     4.7628     2.0025     0.0000    27.7302     4.6806     1.6020     0.0000    27.7302     4.5265     2.1027     0.0000    27.7302     4.3132     3.0038     0.0000    27.7302     4.0523     2.0025     0.0000    27.7302     3.7606     2.2028     0.0000    27.7302     3.4513     2.3029     0.0000    27.7302     3.1361     1.9024     0.0000    27.7302     2.8245     2.7034     0.0000    27.7302     2.5241     1.8023     0.0000    27.7302     2.2403     2.3029     0.0000    27.7302     1.9769     1.8023     0.0000    27.7302     1.7360     2.0025     0.0000    27.7302     1.5184     1.4018     0.0000    27.7302     1.3238     2.1027     0.0000    27.7302     1.1514     1.6020     0.0000    27.7302     0.9999     1.3016     0.0000    27.7302     0.8675     1.8023     0.0000    27.7302     0.7524     1.8023     0.0000    27.7302     0.6528     1.4018     0.0000    27.7302     0.5669     1.0013     0.0000    27.7302     0.4930     1.5019     0.0000    27.7302     0.4295     1.0013     0.0000    27.7302     0.3750     1.0013     0.0000    27.7302     0.3284     1.3016     0.0000    27.7302     0.2883     0.8010     0.0000    27.7302     0.2540     0.6008     0.0000    27.7302     0.2245     0.9011     0.0000    27.7302     0.1992     0.5006     0.0000    27.7302     0.1774     0.9011     0.0000    27.7302     0.1586     1.3016     0.0000    27.7302     0.1423     0.7009     0.0000    27.7302     0.1282     0.7009     0.0000    27.7302     0.1160     0.9011     0.0000    27.7302     0.1053     0.4005     0.0000    27.7302     0.0960     0.3004     0.0000    27.7302     0.0878     0.3004     0.0000    27.7302     0.0805     0.4005     0.0000    27.7302     0.0741     0.3004     0.0000    27.7302     0.0684     0.2003     0.0000    27.7302     0.0634     0.2003     0.0000    27.7302     0.0588     0.2003     0.0000    27.7302     0.0546     0.2003     0.0000    27.7302     0.0508     0.1001     0.0000    27.7302     0.0473     0.5006     0.0000    27.7302     0.0440     0.0000     0.0000    27.7302     0.0410     0.1001     0.0000    27.7302     0.0381     0.0000     0.0000    27.7302     0.0353     0.0000     0.0000    27.7302     0.0326     0.2003     0.0000    27.7302     0.0300     0.2003     0.0000    27.7302     0.0273     0.0000     0.0000    27.7302     0.0247     0.0000     0.0000    27.7302     0.0221     0.1001     0.0000    27.7302     0.0194     0.1001     0.0000    27.7302     0.0167     0.1001     0.0000    27.7302     0.0140     0.0000     0.0000    27.7302     0.0112     0.1001     0.0000    27.7302     0.0084     0.0000     0.0000    27.7302     0.0056     0.0000     0.0000    27.7302     0.0028     0.0000     0.0000    27.7302     0.0000     0.0000     0.0000    27.7302     0.0000     0.1001     0.0000    27.7302
    2.0066     3.3639     0.0000    27.6310     1.9801     2.6713     0.0000    27.6310     1.9514     1.9788     0.0000    27.6310     1.9207     2.9681     0.0000    27.6310     1.8881     1.9788     0.0000    27.6310     1.8541     2.5724     0.0000    27.6310     1.8187     2.7703     0.0000    27.6310     1.7821     2.5724     0.0000    27.6310     1.7447     1.1873     0.0000    27.6310     1.7065     1.6819     0.0000    27.6310     1.6677     2.1766     0.0000    27.6310     1.6285     2.2756     0.0000    27.6310     1.5889     1.8798     0.0000    27.6310     1.5492     1.1873     0.0000    27.6310     1.5095     2.6713     0.0000    27.6310     1.4698     2.1766     0.0000    27.6310     1.4302     1.9788     0.0000    27.6310     1.3908     1.4841     0.0000    27.6310     1.3516     1.5830     0.0000    27.6310     1.3128     1.1873     0.0000    27.6310     1.2744     0.7915     0.0000    27.6310     1.2364     1.0883     0.0000    27.6310     1.1988     1.2862     0.0000    27.6310     1.1616     1.2862     0.0000    27.6310     1.1250     1.0883     0.0000    27.6310     1.0888     0.8904     0.0000    27.6310     1.0531     0.6926     0.0000    27.6310     1.0179     0.0989     0.0000    27.6310     0.9832     1.0883     0.0000    27.6310     0.9490     0.5936     0.0000    27.6310     0.9152     0.3958     0.0000    27.6310     0.8819     0.8904     0.0000    27.6310     0.8490     0.7915     0.0000    27.6310     0.8166     0.3958     0.0000    27.6310     0.7845     0.1979     0.0000    27.6310     0.7528     0.6926     0.0000    27.6310     0.7215     0.5936     0.0000    27.6310     0.6905     0.3958     0.0000    27.6310     0.6598     0.2968     0.0000    27.6310     0.6294     0.1979     0.0000    27.6310     0.5993     0.1979     0.0000    27.6310     0.5695     0.1979     0.0000    27.6310     0.5399     0.0989     0.0000    27.6310     0.5105     0.1979     0.0000    27.6310     0.4814     0.0000     0.0000    27.6310     0.4524     0.0000     0.0000    27.6310     0.4237     0.0989     0.0000    27.6310     0.3951     0.2968     0.0000    27.6310     0.3668     0.0000     0.0000    27.6310     0.3386     0.0989     0.0000    27.6310     0.3107     0.0989     0.0000    27.6310     0.2829     0.0989     0.0000    27.6310     0.2554     0.0000     0.0000    27.6310     0.2282     0.0000     0.0000    27.6310     0.2012     0.0000     0.0000    27.6310     0.1746     0.0000     0.0000    27.6310     0.1482     0.0000     0.0000    27.6310     0.1223     0.0989     0.0000    27.6310     0.0968     0.0989     0.0000    27.6310     0.0717     0.0989     0.0000    27.6310     0.0472     0.0989     0.0000    27.6310     0.0233     0.0000     0.0000    27.6310     0.0000     0.0000     0.0000    27.6310     0.0000     0.0989     0.0000    27.6310
    0.0000     0.0000     0.0000     0.0000     0.0000     0.0000     0.0000     0.0000     0.0000     0.0000     0.0000     0.0000     0.0000     0.0000     0.0000     0.0000     0.0000     0.0000     0.0000     0.0000     0.0000     0.0000     0.0000     0.0000     0.0000     0.0000     0.0000     0.0000     0.0000     0.0000     0.0000     0.0000     0.0000     0.0000     0.0000     0.0000     0.0000     0.0000     0.0000     0.0000     0.0000     0.0000     0.0000     0.0000     0.0000     0.0000     0.0000     0.0000     0.0000     0.0000     0.0000     0.0000     0.0000     0.0000     0.0000     0.0000     0.0000     0.0000     0.0000     0.0000     0.0000     0.0000     0.0000     0.0000     0.0000     0.0000     0.0000     0.0000     0.0000     0.0000     0.0000     0.0000     0.0000     0.0000     0.0000     0.0000     0.0000     0.0000     0.0000     0.0000     0.0000     0.0000     0.0000     0.0000     0.0000     0.0000     0.0000     0.0000     0.0000     0.0000     0.0000     0.0000     0.0000     0.0000     0.0000     0.0000     0.0000     0.0000     0.0000     0.0000     0.0000     0.0000     0.0000     0.0000     0.0000     0.0000     0.0000     0.0000     0.0000     0.0000     0.0000     0.0000     0.0000     0.0000     0.0000     0.0000     0.0000     0.0000     0.0000     0.0000     0.0000     0.0000     0.0000     0.0000     0.0000     0.0000     0.0000     0.0000     0.0000     0.0000     0.0000     0.0000     0.0000     0.0000     0.0000     0.0000     0.0000     0.0000     0.0000     0.0000     0.0000     0.0000     0.0000     0.0000     0.0000     0.0000     0.0000     0.0000     0.0000     0.0000     0.0000     0.0000     0.0000     0.0000     0.0000     0.0000     0.0000     0.0000     0.0000     0.0000     0.0000     0.0000     0.0000     0.0000     0.0000     0.0000     0.0000     0.0000     0.0000     0.0000     0.0000     0.0000     0.0000     0.0000     0.0000     0.0000     0.0000     0.0000     0.0000     0.0000     0.0000     0.0000     0.0000     0.0000     0.0000     0.0000     0.0000     0.0000     0.0000     0.0000     0.0000     0.0000     0.0000     0.0000     0.0000     0.0000     0.0000     0.0000     0.0000     0.0000     0.0000     0.0000     0.0000     0.0000     0.0000     0.0000     0.0000     0.0000     0.0000     0.0000     0.0000     0.0000     0.0000     0.0000     0.0000     0.0000     0.0000     0.0000     0.0000     0.0000     0.0000     0.0000     0.0000     0.0000     0.0000     0.0000     0.0000     0.0000     0.0000     0.0000     0.0000     0.0000     0.0000     0.0000     0.0000     0.0000     0.0000     0.0000     0.0000     0.0000     0.0000     0.0000     0.0000     0.0000     0.0000     0.0000     0.0000     0.0000     0.0000     0.0000     0.0000     0.0000     0.0000     0.0000     0.0000     0.0000
    2.2250     2.9102     0.0000    27.6310     2.1734     2.5744     0.0000    27.6310     2.1205     2.2386     0.0000    27.6310     2.0670     2.6863     0.0000    27.6310     2.0131     2.1267     0.0000    27.6310     1.9592     2.2386     0.0000    27.6310     1.9058     2.3505     0.0000    27.6310     1.8530     2.6863     0.0000    27.6310     1.8010     2.0147     0.0000    27.6310     1.7501     2.6863     0.0000    27.6310     1.7000     2.3505     0.0000    27.6310     1.6518     2.2386     0.0000    27.6310     1.6051     2.0147     0.0000    27.6310     1.5600     2.1267     0.0000    27.6310     1.5165     1.9028     0.0000    27.6310     1.4747     1.9028     0.0000    27.6310     1.4345     1.4551     0.0000    27.6310     1.3960     1.1193     0.0000    27.6310     1.3591     0.6716     0.0000    27.6310     1.3239     1.1193     0.0000    27.6310     1.2902     1.6790     0.0000    27.6310     1.2581     2.0147     0.0000    27.6310     1.2274     1.2312     0.0000    27.6310     1.1981     0.8954     0.0000    27.6310     1.1702     1.3432     0.0000    27.6310     1.1435     1.1193     0.0000    27.6310     1.1180     1.1193     0.0000    27.6310     1.0936     1.1193     0.0000    27.6310     1.0702     1.9028     0.0000    27.6310     1.0476     1.5670     0.0000    27.6310     1.0259     0.3358     0.0000    27.6310     1.0049     1.2312     0.0000    27.6310     0.9844     0.6716     0.0000    27.6310     0.9644     0.6716     0.0000    27.6310     0.9448     0.6716     0.0000    27.6310     0.9253     0.3358     0.0000    27.6310     0.9059     0.7835     0.0000    27.6310     0.8865     0.2239     0.0000    27.6310     0.8668     0.6716     0.0000    27.6310     0.8467     0.3358     0.0000    27.6310     0.8261     0.2239     0.0000    27.6310     0.8047     0.2239     0.0000    27.6310     0.7825     0.2239     0.0000    27.6310     0.7593     0.0000     0.0000    27.6310     0.7349     0.6716     0.0000    27.6310     0.7090     0.1119     0.0000    27.6310     0.6817     0.3358     0.0000    27.6310     0.6526     0.1119     0.0000    27.6310     0.6217     0.2239     0.0000    27.6310     0.5889     0.2239     0.0000    27.6310     0.5541     0.2239     0.0000    27.6310     0.5172     0.3358     0.0000    27.6310     0.4781     0.1119     0.0000    27.6310     0.4369     0.2239     0.0000    27.6310     0.3937     0.4477     0.0000    27.6310     0.3486     0.0000     0.0000    27.6310     0.3016     0.0000     0.0000    27.6310     0.2531     0.1119     0.0000    27.6310     0.2034     0.1119     0.0000    27.6310     0.1528     0.1119     0.0000    27.6310     0.1017     0.1119     0.0000    27.6310     0.0506     0.0000     0.0000    27.6310     0.0000     0.1119     0.0000    27.6310     0.0000     0.1119     0.0000    27.6310
    1.4187     1.8975     0.0000    27.6310     1.4187     1.9923     0.0000    27.6310     1.4197     2.1821     0.0000    27.6310     1.4219     2.0872     0.0000    27.6310     1.4250     1.8975     0.0000    27.6310     1.4292     1.8975     0.0000    27.6310     1.4347     2.9411     0.0000    27.6310     1.4414     2.1821     0.0000    27.6310     1.4494     3.1308     0.0000    27.6310     1.4192     2.7513     0.0000    27.6310     1.3901     1.7077     0.0000    27.6310     1.3621     1.8975     0.0000    27.6310     1.3352     1.6129     0.0000    27.6310     1.3092     2.1821     0.0000    27.6310     1.2843     1.7077     0.0000    27.6310     1.2602     2.0872     0.0000    27.6310     1.2370     1.9923     0.0000    27.6310     1.2146     1.5180     0.0000    27.6310     1.1931     1.3282     0.0000    27.6310     1.1722     1.2334     0.0000    27.6310     1.1520     0.6641     0.0000    27.6310     1.1325     1.3282     0.0000    27.6310     1.1134     0.7590     0.0000    27.6310     1.0949     0.5692     0.0000    27.6310     1.0768     0.9487     0.0000    27.6310     1.0590     0.8539     0.0000    27.6310     1.0415     1.2334     0.0000    27.6310     1.0242     0.9487     0.0000    27.6310     1.0070     0.4744     0.0000    27.6310     0.9899     0.9487     0.0000    27.6310     0.9727     0.4744     0.0000    27.6310     0.9554     0.4744     0.0000    27.6310     0.9379     0.6641     0.0000    27.6310     0.9200     0.5692     0.0000    27.6310     0.9018     0.4744     0.0000    27.6310     0.8831     0.2846     0.0000    27.6310     0.8637     0.5692     0.0000    27.6310     0.8437     0.2846     0.0000    27.6310     0.8229     0.3795     0.0000    27.6310     0.8013     0.2846     0.0000    27.6310     0.7786     0.2846     0.0000    27.6310     0.7550     0.3795     0.0000    27.6310     0.7301     0.0000     0.0000    27.6310     0.7041     0.1897     0.0000    27.6310     0.6769     0.4744     0.0000    27.6310     0.6483     0.0000     0.0000    27.6310     0.6183     0.0000     0.0000    27.6310     0.5870     0.0949     0.0000    27.6310     0.5543     0.0949     0.0000    27.6310     0.5201     0.0949     0.0000    27.6310     0.4847     0.0000     0.0000    27.6310     0.4479     0.0949     0.0000    27.6310     0.4100     0.0949     0.0000    27.6310     0.3709     0.0949     0.0000    27.6310     0.3309     0.0000     0.0000    27.6310     0.2900     0.0000     0.0000    27.6310     0.2485     0.0000     0.0000    27.6310     0.2066     0.0949     0.0000    27.6310     0.1646     0.0000     0.0000    27.6310     0.1226     0.1897     0.0000    27.6310     0.0810     0.0000     0.0000    27.6310     0.0400     0.0000     0.0000    27.6310     0.0000     0.0000     0.0000    27.6310     0.0000     0.0949     0.0000    27.6310
    3.7736     2.3189     0.0000    27.6337     3.7635     3.1217     0.0000    27.6337     3.6891     2.1406     0.0000    27.6337     3.5663     2.9433     0.0000    27.6337     3.4047     2.5865     0.0000    27.6337     3.2139     2.5865     0.0000    27.6337     3.0032     2.4973     0.0000    27.6337     2.7815     1.9622     0.0000    27.6337     2.5560     2.2298     0.0000    27.6337     2.3329     1.7838     0.0000    27.6337     2.1171     1.6054     0.0000    27.6337     1.9120     1.7838     0.0000    27.6337     1.7200     1.3379     0.0000    27.6337     1.5426     1.6054     0.0000    27.6337     1.3804     1.5162     0.0000    27.6337     1.2333     1.6946     0.0000    27.6337     1.1011     1.9622     0.0000    27.6337     0.9828     1.1595     0.0000    27.6337     0.8777     2.4081     0.0000    27.6337     0.7845     1.3379     0.0000    27.6337     0.7022     1.1595     0.0000    27.6337     0.6297     0.6243     0.0000    27.6337     0.5660     0.8919     0.0000    27.6337     0.5101     0.8027     0.0000    27.6337     0.4610     0.6243     0.0000    27.6337     0.4179     1.0703     0.0000    27.6337     0.3802     0.4460     0.0000    27.6337     0.3471     0.8027     0.0000    27.6337     0.3180     0.8027     0.0000    27.6337     0.2924     0.9811     0.0000    27.6337     0.2699     0.4460     0.0000    27.6337     0.2501     0.0892     0.0000    27.6337     0.2326     0.3568     0.0000    27.6337     0.2171     0.4460     0.0000    27.6337     0.2034     0.2676     0.0000    27.6337     0.1912     0.1784     0.0000    27.6337     0.1804     0.2676     0.0000    27.6337     0.1707     0.5351     0.0000    27.6337     0.1620     0.0892     0.0000    27.6337     0.1541     0.0000     0.0000    27.6337     0.1470     0.1784     0.0000    27.6337     0.1404     0.0892     0.0000    27.6337     0.1344     0.0892     0.0000    27.6337     0.1287     0.0892     0.0000    27.6337     0.1234     0.0892     0.0000    27.6337     0.1182     0.1784     0.0000    27.6337     0.1131     0.0000     0.0000    27.6337     0.1081     0.0892     0.0000    27.6337     0.1029     0.0000     0.0000    27.6337     0.0976     0.0000     0.0000    27.6337     0.0921     0.0000     0.0000    27.6337     0.0863     0.0000     0.0000    27.6337     0.0801     0.0000     0.0000    27.6337     0.0735     0.0000     0.0000    27.6337     0.0664     0.0000     0.0000    27.6337     0.0589     0.0000     0.0000    27.6337     0.0510     0.0000     0.0000    27.6337     0.0428     0.0000     0.0000    27.6337     0.0342     0.0000     0.0000    27.6337     0.0255     0.0000     0.0000    27.6337     0.0168     0.0000     0.0000    27.6337     0.0082     0.0000     0.0000    27.6337     0.0000     0.0000     0.0000    27.6337     0.0000     0.0892     0.0000    27.6337
    4.8156     2.3029     0.0000    27.7353     4.8094     2.0025     0.0000    27.7353     4.7204     1.6020     0.0000    27.7353     4.5590     2.1027     0.0000    27.7353     4.3386     3.0038     0.0000    27.7353     4.0710     2.0025     0.0000    27.7353     3.7733     2.2028     0.0000    27.7353     3.4586     2.3029     0.0000    27.7353     3.1388     1.9024     0.0000    27.7353     2.8234     2.7034     0.0000    27.7353     2.5200     1.8023     0.0000    27.7353     2.2339     2.3029     0.0000    27.7353     1.9689     1.8023     0.0000    27.7353     1.7268     2.0025     0.0000    27.7353     1.5085     1.4018     0.0000    27.7353     1.3136     2.1027     0.0000    27.7353     1.1411     1.6020     0.0000    27.7353     0.9898     1.3016     0.0000    27.7353     0.8577     1.8023     0.0000    27.7353     0.7430     1.8023     0.0000    27.7353     0.6439     1.4018     0.0000    27.7353     0.5585     1.0013     0.0000    27.7353     0.4852     1.5019     0.0000    27.7353     0.4222     1.0013     0.0000    27.7353     0.3683     1.0013     0.0000    27.7353     0.3221     1.3016     0.0000    27.7353     0.2825     0.8010     0.0000    27.7353     0.2487     0.6008     0.0000    27.7353     0.2196     0.9011     0.0000    27.7353     0.1946     0.5006     0.0000    27.7353     0.1732     0.9011     0.0000    27.7353     0.1547     1.3016     0.0000    27.7353     0.1387     0.7009     0.0000    27.7353     0.1248     0.7009     0.0000    27.7353     0.1128     0.9011     0.0000    27.7353     0.1023     0.4005     0.0000    27.7353     0.0932     0.3004     0.0000    27.7353     0.0852     0.3004     0.0000    27.7353     0.0781     0.4005     0.0000    27.7353     0.0718     0.3004     0.0000    27.7353     0.0663     0.2003     0.0000    27.7353     0.0613     0.2003     0.0000    27.7353     0.0568     0.2003     0.0000    27.7353     0.0527     0.2003     0.0000    27.7353     0.0490     0.1001     0.0000    27.7353     0.0456     0.5006     0.0000    27.7353     0.0425     0.0000     0.0000    27.7353     0.0395     0.1001     0.0000    27.7353     0.0367     0.0000     0.0000    27.7353     0.0340     0.0000     0.0000    27.7353     0.0314     0.2003     0.0000    27.7353     0.0288     0.2003     0.0000    27.7353     0.0263     0.0000     0.0000    27.7353     0.0237     0.0000     0.0000    27.7353     0.0212     0.1001     0.0000    27.7353     0.0186     0.1001     0.0000    27.7353     0.0160     0.1001     0.0000    27.7353     0.0134     0.0000     0.0000    27.7353     0.0107     0.1001     0.0000    27.7353     0.0080     0.0000     0.0000    27.7353     0.0053     0.0000     0.0000    27.7353     0.0026     0.0000     0.0000    27.7353     0.0000     0.0000     0.0000    27.7353     0.0000     0.1001     0.0000    27.7353
    2.0337     3.3639     0.0000    27.6310     2.0055     2.6713     0.0000    27.6310     1.9750     1.9788     0.0000    27.6310     1.9425     2.9681     0.0000    27.6310     1.9082     1.9788     0.0000    27.6310     1.8725     2.5724     0.0000    27.6310     1.8354     2.7703     0.0000    27.6310     1.7973     2.5724     0.0000    27.6310     1.7583     1.1873     0.0000    27.6310     1.7186     1.6819     0.0000    27.6310     1.6783     2.1766     0.0000    27.6310     1.6377     2.2756     0.0000    27.6310     1.5969     1.8798     0.0000    27.6310     1.5559     1.1873     0.0000    27.6310     1.5149     2.6713     0.0000    27.6310     1.4740     2.1766     0.0000    27.6310     1.4333     1.9788     0.0000    27.6310     1.3929     1.4841     0.0000    27.6310     1.3528     1.5830     0.0000    27.6310     1.3130     1.1873     0.0000    27.6310     1.2737     0.7915     0.0000    27.6310     1.2349     1.0883     0.0000    27.6310     1.1965     1.2862     0.0000    27.6310     1.1587     1.2862     0.0000    27.6310     1.1214     1.0883     0.0000    27.6310     1.0846     0.8904     0.0000    27.6310     1.0483     0.6926     0.0000    27.6310     1.0126     0.0989     0.0000    27.6310     0.9774     1.0883     0.0000    27.6310     0.9428     0.5936     0.0000    27.6310     0.9086     0.3958     0.0000    27.6310     0.8750     0.8904     0.0000    27.6310     0.8418     0.7915     0.0000    27.6310     0.8091     0.3958     0.0000    27.6310     0.7768     0.1979     0.0000    27.6310     0.7450     0.6926     0.0000    27.6310     0.7135     0.5936     0.0000    27.6310     0.6824     0.3958     0.0000    27.6310     0.6517     0.2968     0.0000    27.6310     0.6213     0.1979     0.0000    27.6310     0.5912     0.1979     0.0000    27.6310     0.5614     0.1979     0.0000    27.6310     0.5319     0.0989     0.0000    27.6310     0.5026     0.1979     0.0000    27.6310     0.4736     0.0000     0.0000    27.6310     0.4449     0.0000     0.0000    27.6310     0.4163     0.0989     0.0000    27.6310     0.3880     0.2968     0.0000    27.6310     0.3600     0.0000     0.0000    27.6310     0.3321     0.0989     0.0000    27.6310     0.3045     0.0989     0.0000    27.6310     0.2772     0.0989     0.0000    27.6310     0.2501     0.0000     0.0000    27.6310     0.2233     0.0000     0.0000    27.6310     0.1967     0.0000     0.0000    27.6310     0.1706     0.0000     0.0000    27.6310     0.1448     0.0000     0.0000    27.6310     0.1194     0.0989     0.0000    27.6310     0.0944     0.0989     0.0000    27.6310     0.0699     0.0989     0.0000    27.6310     0.0460     0.0989     0.0000    27.6310     0.0227     0.0000     0.0000    27.6310     0.0000     0.0000     0.0000    27.6310     0.0000     0.0989     0.0000    27.6310
    0.0000     0.0000     0.0000     0.0000     0.0000     0.0000     0.0000     0.0000     0.0000     0.0000     0.0000     0.0000     0.0000     0.0000     0.0000     0.0000     0.0000     0.0000     0.0000     0.0000     0.0000     0.0000     0.0000     0.0000     0.0000     0.0000     0.0000     0.0000     0.0000     0.0000     0.0000     0.0000     0.0000     0.0000     0.0000     0.0000     0.0000     0.0000     0.0000     0.0000     0.0000     0.0000     0.0000     0.0000     0.0000     0.0000     0.0000     0.0000     0.0000     0.0000     0.0000     0.0000     0.0000     0.0000     0.0000     0.0000     0.0000     0.0000     0.0000     0.0000     0.0000     0.0000     0.0000     0.0000     0.0000     0.0000     0.0000     0.0000     0.0000     0.0000     0.0000     0.0000     0.0000     0.0000     0.0000     0.0000     0.0000     0.0000     0.0000     0.0000     0.0000     0.0000     0.0000     0.0000     0.0000     0.0000     0.0000     0.0000     0.0000     0.0000     0.0000     0.0000     0.0000     0.0000     0.0000     0.0000     0.0000     0.0000     0.0000     0.0000     0.0000     0.0000     0.0000     0.0000     0.0000     0.0000     0.0000     0.0000     0.0000     0.0000     0.0000     0.0000     0.0000     0.0000     0.0000     0.0000     0.0000     0.0000     0.0000     0.0000     0.0000     0.0000     0.0000     0.0000     0.0000     0.0000     0.0000     0.0000     0.0000     0.0000     0.0000     0.0000     0.0000     0.0000     0.0000     0.0000     0.0000     0.0000     0.0000     0.0000     0.0000     0.0000     0.0000     0.0000     0.0000     0.0000     0.0000     0.0000     0.0000     0.0000     0.0000     0.0000     0.0000     0.0000     0.0000     0.0000     0.0000     0.0000     0.0000     0.0000     0.0000     0.0000     0.0000     0.0000     0.0000     0.0000     0.0000     0.0000     0.0000     0.0000     0.0000     0.0000     0.0000     0.0000     0.0000     0.0000     0.0000     0.0000     0.0000     0.0000     0.0000     0.0000     0.0000     0.0000     0.0000     0.0000     0.0000     0.0000     0.0000     0.0000     0.0000     0.0000     0.0000     0.0000     0.0000     0.0000     0.0000     0.0000     0.0000     0.0000     0.0000     0.0000     0.0000     0.0000     0.0000     0.0000     0.0000     0.0000     0.0000     0.0000     0.0000     0.0000     0.0000     0.0000     0.0000     0.0000     0.0000     0.0000     0.0000     0.0000     0.0000     0.0000     0.0000     0.0000     0.0000     0.0000     0.0000     0.0000     0.0000     0.0000     0.0000     0.0000     0.0000     0.0000     0.0000     0.0000     0.0000     0.0000     0.0000     0.0000     0.0000     0.0000     0.0000     0.0000     0.0000     0.0000     0.0000     0.0000     0.0000     0.0000     0.0000     0.0000     0.0000     0.0000     0.0000     0.0000
    2.1996     2.9102     0.0000    27.6310     2.1500     2.5744     0.0000    27.6310     2.0992     2.2386     0.0000    27.6310     2.0476     2.6863     0.0000    27.6310     1.9958     2.1267     0.0000    27.6310     1.9439     2.2386     0.0000    27.6310     1.8922     2.3505     0.0000    27.6310     1.8411     2.6863     0.0000    27.6310     1.7897     2.0147     0.0000    27.6310     1.7401     2.6863     0.0000    27.6310     1.6919     2.3505     0.0000    27.6310     1.6450     2.2386     0.0000    27.6310     1.5994     2.0147     0.0000    27.6310     1.5553     2.1267     0.0000    27.6310     1.5128     1.9028     0.0000    27.6310     1.4718     1.9028     0.0000    27.6310     1.4325     1.4551     0.0000    27.6310     1.3948     1.1193     0.0000    27.6310     1.3586     0.6716     0.0000    27.6310     1.3240     1.1193     0.0000    27.6310     1.2910     1.6790     0.0000    27.6310     1.2594     2.0147     0.0000    27.6310     1.2292     1.2312     0.0000    27.6310     1.2004     0.8954     0.0000    27.6310     1.1729     1.3432     0.0000    27.6310     1.1467     1.1193     0.0000    27.6310     1.1215     1.1193     0.0000    27.6310     1.0975     1.1193     0.0000    27.6310     1.0744     1.9028     0.0000    27.6310     1.0522     1.5670     0.0000    27.6310     1.0308     0.3358     0.0000    27.6310     1.0100     1.2312     0.0000    27.6310     0.9898     0.6716     0.0000    27.6310     0.9700     0.6716     0.0000    27.6310     0.9505     0.6716     0.0000    27.6310     0.9313     0.3358     0.0000    27.6310     0.9120     0.7835     0.0000    27.6310     0.8927     0.2239     0.0000    27.6310     0.8731     0.6716     0.0000    27.6310     0.8532     0.3358     0.0000    27.6310     0.8326     0.2239     0.0000    27.6310     0.8113     0.2239     0.0000    27.6310     0.7892     0.2239     0.0000    27.6310     0.7659     0.0000     0.0000    27.6310     0.7415     0.6716     0.0000    27.6310     0.7156     0.1119     0.0000    27.6310     0.6881     0.3358     0.0000    27.6310     0.6589     0.1119     0.0000    27.6310     0.6279     0.2239     0.0000    27.6310     0.5949     0.2239     0.0000    27.6310     0.5598     0.2239     0.0000    27.6310     0.5226     0.3358     0.0000    27.6310     0.4832     0.1119     0.0000    27.6310     0.4417     0.2239     0.0000    27.6310     0.3980     0.4477     0.0000    27.6310     0.3524     0.0000     0.0000    27.6310     0.3050     0.0000     0.0000    27.6310     0.2560     0.1119     0.0000    27.6310     0.2057     0.1119     0.0000    27.6310     0.1545     0.1119     0.0000    27.6310     0.1029     0.1119     0.0000    27.6310     0.0512     0.0000     0.0000    27.6310     0.0000     0.1119     0.0000    27.6310     0.0000     0.1119     0.0000    27.6310
    1.4010     1.8975     0.0000    27.6310     1.4026     1.9923     0.0000    27.6310     1.4050     2.1821     0.0000    27.6310     1.4084     2.0872     0.0000    27.6310     1.4128     1.8975     0.0000    27.6310     1.4184     1.8975     0.0000    27.6310     1.4250     2.9411     0.0000    27.6310     1.4330     2.1821     0.0000    27.6310     1.4421     3.1308     0.0000    27.6310     1.4129     2.7513     0.0000    27.6310     1.3846     1.7077     0.0000    27.6310     1.3574     1.8975     0.0000    27.6310     1.3311     1.6129     0.0000    27.6310     1.3059     2.1821     0.0000    27.6310     1.2815     1.7077     0.0000    27.6310     1.2580     2.0872     0.0000    27.6310     1.2354     1.9923     0.0000    27.6310     1.2136     1.5180     0.0000    27.6310     1.1925     1.3282     0.0000    27.6310     1.1721     1.2334     0.0000    27.6310     1.1524     0.6641     0.0000    27.6310     1.1333     1.3282     0.0000    27.6310     1.1146     0.7590     0.0000    27.6310     1.0965     0.5692     0.0000    27.6310     1.0787     0.9487     0.0000    27.6310     1.0613     0.8539     0.0000    27.6310     1.0441     1.2334     0.0000    27.6310     1.0271     0.9487     0.0000    27.6310     1.0102     0.4744     0.0000    27.6310     0.9933     0.9487     0.0000    27.6310     0.9763     0.4744     0.0000    27.6310     0.9592     0.4744     0.0000    27.6310     0.9419     0.6641     0.0000    27.6310     0.9242     0.5692     0.0000    27.6310     0.9062     0.4744     0.0000    27.6310     0.8876     0.2846     0.0000    27.6310     0.8683     0.5692     0.0000    27.6310     0.8484     0.2846     0.0000    27.6310     0.8277     0.3795     0.0000    27.6310     0.8061     0.2846     0.0000    27.6310     0.7835     0.2846     0.0000    27.6310     0.7598     0.3795     0.0000    27.6310     0.7350     0.0000     0.0000    27.6310     0.7089     0.1897     0.0000    27.6310     0.6815     0.4744     0.0000    27.6310     0.6529     0.0000     0.0000    27.6310     0.6228     0.0000     0.0000    27.6310     0.5913     0.0949     0.0000    27.6310     0.5584     0.0949     0.0000    27.6310     0.5241     0.0949     0.0000    27.6310     0.4884     0.0000     0.0000    27.6310     0.4514     0.0949     0.0000    27.6310     0.4132     0.0949     0.0000    27.6310     0.3738     0.0949     0.0000    27.6310     0.3335     0.0000     0.0000    27.6310     0.2923     0.0000     0.0000    27.6310     0.2505     0.0000     0.0000    27.6310     0.2083     0.0949     0.0000    27.6310     0.1659     0.0000     0.0000    27.6310     0.1235     0.1897     0.0000    27.6310     0.0816     0.0000     0.0000    27.6310     0.0403     0.0000     0.0000    27.6310     0.0000     0.0000     0.0000    27.6310     0.0000     0.0949     0.0000    27.6310
    3.7294     2.3189     0.0000    27.6323     3.7247     3.1217     0.0000    27.6323     3.6559     2.1406     0.0000    27.6323     3.5388     2.9433     0.0000    27.6323     3.3827     2.5865     0.0000    27.6323     3.1971     2.5865     0.0000    27.6323     2.9912     2.4973     0.0000    27.6323     2.7736     1.9622     0.0000    27.6323     2.5517     2.2298     0.0000    27.6323     2.3316     1.7838     0.0000    27.6323     2.1182     1.6054     0.0000    27.6323     1.9150     1.7838     0.0000    27.6323     1.7245     1.3379     0.0000    27.6323     1.5482     1.6054     0.0000    27.6323     1.3867     1.5162     0.0000    27.6323     1.2402     1.6946     0.0000    27.6323     1.1082     1.9622     0.0000    27.6323     0.9900     1.1595     0.0000    27.6323     0.8848     2.4081     0.0000    27.6323     0.7915     1.3379     0.0000    27.6323     0.7090     1.1595     0.0000    27.6323     0.6363     0.6243     0.0000    27.6323     0.5724     0.8919     0.0000    27.6323     0.5161     0.8027     0.0000    27.6323     0.4668     0.6243     0.0000    27.6323     0.4234     1.0703     0.0000    27.6323     0.3854     0.4460     0.0000    27.6323     0.3520     0.8027     0.0000    27.6323     0.3227     0.8027     0.0000    27.6323     0.2969     0.9811     0.0000    27.6323     0.2742     0.4460     0.0000    27.6323     0.2541     0.0892     0.0000    27.6323     0.2364     0.3568     0.0000    27.6323     0.2208     0.4460     0.0000    27.6323     0.2069     0.2676     0.0000    27.6323     0.1946     0.1784     0.0000    27.6323     0.1836     0.2676     0.0000    27.6323     0.1738     0.5351     0.0000    27.6323     0.1650     0.0892     0.0000    27.6323     0.1570     0.0000     0.0000    27.6323     0.1498     0.1784     0.0000    27.6323     0.1432     0.0892     0.0000    27.6323     0.1371     0.0892     0.0000    27.6323     0.1313     0.0892     0.0000    27.6323     0.1259     0.0892     0.0000    27.6323     0.1206     0.1784     0.0000    27.6323     0.1155     0.0000     0.0000    27.6323     0.1103     0.0892     0.0000    27.6323     0.1051     0.0000     0.0000    27.6323     0.0997     0.0000     0.0000    27.6323     0.0940     0.0000     0.0000    27.6323     0.0881     0.0000     0.0000    27.6323     0.0818     0.0000     0.0000    27.6323     0.0750     0.0000     0.0000    27.6323     0.0678     0.0000     0.0000    27.6323     0.0602     0.0000     0.0000    27.6323     0.0521     0.0000     0.0000    27.6323     0.0437     0.0000     0.0000    27.6323     0.0349     0.0000     0.0000    27.6323     0.0260     0.0000     0.0000    27.6323     0.0171     0.0000     0.0000    27.6323     0.0084     0.0000     0.0000    27.6323     0.0000     0.0000     0.0000    27.6323     0.0000     0.0892     0.0000    27.6323
    4.7695     2.3029     0.0000    27.7304     4.7696     2.0025     0.0000    27.7304     4.6871     1.6020     0.0000    27.7304     4.5324     2.1027     0.0000    27.7304     4.3184     3.0038     0.0000    27.7304     4.0568     2.0025     0.0000    27.7304     3.7644     2.2028     0.0000    27.7304     3.4543     2.3029     0.0000    27.7304     3.1383     1.9024     0.0000    27.7304     2.8260     2.7034     0.0000    27.7304     2.5249     1.8023     0.0000    27.7304     2.2406     2.3029     0.0000    27.7304     1.9767     1.8023     0.0000    27.7304     1.7354     2.0025     0.0000    27.7304     1.5174     1.4018     0.0000    27.7304     1.3226     2.1027     0.0000    27.7304     1.1500     1.6020     0.0000    27.7304     0.9983     1.3016     0.0000    27.7304     0.8658     1.8023     0.0000    27.7304     0.7507     1.8023     0.0000    27.7304     0.6511     1.4018     0.0000    27.7304     0.5652     1.0013     0.0000    27.7304     0.4913     1.5019     0.0000    27.7304     0.4279     1.0013     0.0000    27.7304     0.3735     1.0013     0.0000    27.7304     0.3269     1.3016     0.0000    27.7304     0.2869     0.8010     0.0000    27.7304     0.2526     0.6008     0.0000    27.7304     0.2232     0.9011     0.0000    27.7304     0.1980     0.5006     0.0000    27.7304     0.1762     0.9011     0.0000    27.7304     0.1575     1.3016     0.0000    27.7304     0.1413     0.7009     0.0000    27.7304     0.1272     0.7009     0.0000    27.7304     0.1150     0.9011     0.0000    27.7304     0.1044     0.4005     0.0000    27.7304     0.0951     0.3004     0.0000    27.7304     0.0869     0.3004     0.0000    27.7304     0.0797     0.4005     0.0000    27.7304     0.0734     0.3004     0.0000    27.7304     0.0677     0.2003     0.0000    27.7304     0.0626     0.2003     0.0000    27.7304     0.0581     0.2003     0.0000    27.7304     0.0539     0.2003     0.0000    27.7304     0.0502     0.1001     0.0000    27.7304     0.0467     0.5006     0.0000    27.7304     0.0435     0.0000     0.0000    27.7304     0.0404     0.1001     0.0000    27.7304     0.0375     0.0000     0.0000    27.7304     0.0348     0.0000     0.0000    27.7304     0.0321     0.2003     0.0000    27.7304     0.0295     0.2003     0.0000    27.7304     0.0269     0.0000     0.0000    27.7304     0.0243     0.0000     0.0000    27.7304     0.0217     0.1001     0.0000    27.7304     0.0191     0.1001     0.0000    27.7304     0.0164     0.1001     0.0000    27.7304     0.0137     0.0000     0.0000    27.7304     0.0110     0.1001     0.0000    27.7304     0.0082     0.0000     0.0000    27.7304     0.0054     0.0000     0.0000    27.7304     0.0027     0.0000     0.0000    27.7304     0.0000     0.0000     0.0000    27.7304     0.0000     0.1001     0.0000    27.7304
    2.0084     3.3639     0.0000    27.6310     1.9823     2.6713     0.0000    27.6310     1.9538     1.9788     0.0000    27.6310     1.9232     2.9681     0.0000    27.6310     1.8909     1.9788     0.0000    27.6310     1.8569     2.5724     0.0000    27.6310     1.8216     2.7703     0.0000    27.6310     1.7851     2.5724     0.0000    27.6310     1.7477     1.1873     0.0000    27.6310     1.7095     1.6819     0.0000    27.6310     1.6707     2.1766     0.0000    27.6310     1.6314     2.2756     0.0000    27.6310     1.5918     1.8798     0.0000    27.6310     1.5520     1.1873     0.0000    27.6310     1.5121     2.6713     0.0000    27.6310     1.4723     2.1766     0.0000    27.6310     1.4325     1.9788     0.0000    27.6310     1.3930     1.4841     0.0000    27.6310     1.3537     1.5830     0.0000    27.6310     1.3147     1.1873     0.0000    27.6310     1.2760     0.7915     0.0000    27.6310     1.2378     1.0883     0.0000    27.6310     1.2000     1.2862     0.0000    27.6310     1.1627     1.2862     0.0000    27.6310     1.1258     1.0883     0.0000    27.6310     1.0894     0.8904     0.0000    27.6310     1.0535     0.6926     0.0000    27.6310     1.0181     0.0989     0.0000    27.6310     0.9831     1.0883     0.0000    27.6310     0.9487     0.5936     0.0000    27.6310     0.9147     0.3958     0.0000    27.6310     0.8812     0.8904     0.0000    27.6310     0.8481     0.7915     0.0000    27.6310     0.8155     0.3958     0.0000    27.6310     0.7832     0.1979     0.0000    27.6310     0.7513     0.6926     0.0000    27.6310     0.7199     0.5936     0.0000    27.6310     0.6887     0.3958     0.0000    27.6310     0.6579     0.2968     0.0000    27.6310     0.6274     0.1979     0.0000    27.6310     0.5971     0.1979     0.0000    27.6310     0.5672     0.1979     0.0000    27.6310     0.5375     0.0989     0.0000    27.6310     0.5081     0.1979     0.0000    27.6310     0.4788     0.0000     0.0000    27.6310     0.4499     0.0000     0.0000    27.6310     0.4211     0.0989     0.0000    27.6310     0.3925     0.2968     0.0000    27.6310     0.3642     0.0000     0.0000    27.6310     0.3361     0.0989     0.0000    27.6310     0.3082     0.0989     0.0000    27.6310     0.2805     0.0989     0.0000    27.6310     0.2531     0.0000     0.0000    27.6310     0.2260     0.0000     0.0000    27.6310     0.1992     0.0000     0.0000    27.6310     0.1727     0.0000     0.0000    27.6310     0.1466     0.0000     0.0000    27.6310     0.1209     0.0989     0.0000    27.6310     0.0956     0.0989     0.0000    27.6310     0.0708     0.0989     0.0000    27.6310     0.0466     0.0989     0.0000    27.6310     0.0230     0.0000     0.0000    27.6310     0.0000     0.0000     0.0000    27.6310     0.0000     0.0989     0.0000    27.6310
    0.0000     0.0000     0.0000     0.0000     0.0000     0.0000     0.0000     0.0000     0.0000     0.0000     0.0000     0.0000     0.0000     0.0000     0.0000     0.0000     0.0000     0.0000     0.0000     0.0000     0.0000     0.0000     0.0000     0.0000     0.0000     0.0000     0.0000     0.0000     0.0000     0.0000     0.0000     0.0000     0.0000     0.0000     0.0000     0.0000     0.0000     0.0000     0.0000     0.0000     0.0000     0.0000     0.0000     0.0000     0.0000     0.0000     0.0000     0.0000     0.0000     0.0000     0.0000     0.0000     0.0000     0.0000     0.0000     0.0000     0.0000     0.0000     0.0000     0.0000     0.0000     0.0000     0.0000     0.0000     0.0000     0.0000     0.0000     0.0000     0.0000     0.0000     0.0000     0.0000     0.0000     0.0000     0.0000     0.0000     0.0000     0.0000     0.0000     0.0000     0.0000     0.0000     0.0000     0.0000     0.0000     0.0000     0.0000     0.0000     0.0000     0.0000     0.0000     0.0000     0.0000     0.0000     0.0000     0.0000     0.0000     0.0000     0.0000     0.0000     0.0000     0.0000     0.0000     0.0000     0.0000     0.0000     0.0000     0.0000     0.0000     0.0000     0.0000     0.0000     0.0000     0.0000     0.0000     0.0000     0.0000     0.0000     0.0000     0.0000     0.0000     0.0000     0.0000     0.0000     0.0000     0.0000     0.0000     0.0000     0.0000     0.0000     0.0000     0.0000     0.0000     0.0000     0.0000     0.0000     0.0000     0.0000     0.0000     0.0000     0.0000     0.0000     0.0000     0.0000     0.0000     0.0000     0.0000     0.0000     0.0000     0.0000     0.0000     0.0000     0.0000     0.0000     0.0000     0.0000     0.0000     0.0000     0.0000     0.0000     0.0000     0.0000     0.0000     0.0000     0.0000     0.0000     0.0000     0.0000     0.0000     0.0000     0.0000     0.0000     0.0000     0.0000     0.0000     0.0000     0.0000     0.0000     0.0000     0.0000     0.0000     0.0000     0.0000     0.0000     0.0000     0.0000     0.0000     0.0000     0.0000     0.0000     0.0000     0.0000     0.0000     0.0000     0.0000     0.0000     0.0000     0.0000     0.0000     0.0000     0.0000     0.0000     0.0000     0.0000     0.0000     0.0000     0.0000     0.0000     0.0000     0.0000     0.0000     0.0000     0.0000     0.0000     0.0000     0.0000     0.0000     0.0000     0.0000     0.0000     0.0000     0.0000     0.0000     0.0000     0.0000     0.0000     0.0000     0.0000     0.0000     0.0000     0.0000     0.0000     0.0000     0.0000     0.0000     0.0000     0.0000     0.0000     0.0000     0.0000     0.0000     0.0000     0.0000     0.0000     0.0000     0.0000     0.0000     0.0000     0.0000     0.0000     0.0000     0.0000     0.0000     0.0000     0.0000     0.0000
    2.1960     2.9102     0.0000    27.6310     2.1463     2.5744     0.0000    27.6310     2.0954     2.2386     0.0000    27.6310     2.0442     2.6863     0.0000    27.6310     1.9919     2.1267     0.0000    27.6310     1.9398     2.2386     0.0000    27.6310     1.8884     2.3505     0.0000    27.6310     1.8382     2.6863     0.0000    27.6310     1.7876     2.0147     0.0000    27.6310     1.7384     2.6863     0.0000    27.6310     1.6901     2.3505     0.0000    27.6310     1.6433     2.2386     0.0000    27.6310     1.5978     2.0147     0.0000    27.6310     1.5539     2.1267     0.0000    27.6310     1.5114     1.9028     0.0000    27.6310     1.4706     1.9028     0.0000    27.6310     1.4314     1.4551     0.0000    27.6310     1.3938     1.1193     0.0000    27.6310     1.3577     0.6716     0.0000    27.6310     1.3233     1.1193     0.0000    27.6310     1.2903     1.6790     0.0000    27.6310     1.2589     2.0147     0.0000    27.6310     1.2288     1.2312     0.0000    27.6310     1.2001     0.8954     0.0000    27.6310     1.1728     1.3432     0.0000    27.6310     1.1466     1.1193     0.0000    27.6310     1.1216     1.1193     0.0000    27.6310     1.0977     1.1193     0.0000    27.6310     1.0747     1.9028     0.0000    27.6310     1.0526     1.5670     0.0000    27.6310     1.0313     0.3358     0.0000    27.6310     1.0107     1.2312     0.0000    27.6310     0.9906     0.6716     0.0000    27.6310     0.9709     0.6716     0.0000    27.6310     0.9516     0.6716     0.0000    27.6310     0.9324     0.3358     0.0000    27.6310     0.9133     0.7835     0.0000    27.6310     0.8941     0.2239     0.0000    27.6310     0.8746     0.6716     0.0000    27.6310     0.8547     0.3358     0.0000    27.6310     0.8343     0.2239     0.0000    27.6310     0.8131     0.2239     0.0000    27.6310     0.7910     0.2239     0.0000    27.6310     0.7678     0.0000     0.0000    27.6310     0.7434     0.6716     0.0000    27.6310     0.7175     0.1119     0.0000    27.6310     0.6901     0.3358     0.0000    27.6310     0.6610     0.1119     0.0000    27.6310     0.6299     0.2239     0.0000    27.6310     0.5969     0.2239     0.0000    27.6310     0.5618     0.2239     0.0000    27.6310     0.5245     0.3358     0.0000    27.6310     0.4850     0.1119     0.0000    27.6310     0.4434     0.2239     0.0000    27.6310     0.3996     0.4477     0.0000    27.6310     0.3539     0.0000     0.0000    27.6310     0.3063     0.0000     0.0000    27.6310     0.2571     0.1119     0.0000    27.6310     0.2066     0.1119     0.0000    27.6310     0.1552     0.1119     0.0000    27.6310     0.1033     0.1119     0.0000    27.6310     0.0514     0.0000     0.0000    27.6310     0.0000     0.1119     0.0000    27.6310     0.0000     0.1119     0.0000    27.6310
    1.3984     1.8975     0.0000    27.6310     1.4000     1.9923     0.0000    27.6310     1.4024     2.1821     0.0000    27.6310     1.4059     2.0872     0.0000    27.6310     1.4104     1.8975     0.0000    27.6310     1.4160     1.8975     0.0000    27.6310     1.4228     2.9411     0.0000    27.6310     1.4309     2.1821     0.0000    27.6310     1.4402     3.1308     0.0000    27.6310     1.4110     2.7513     0.0000    27.6310     1.3828     1.7077     0.0000    27.6310     1.3556     1.8975     0.0000    27.6310     1.3294     1.6129     0.0000    27.6310     1.3043     2.1821     0.0000    27.6310     1.2800     1.7077     0.0000    27.6310     1.2567     2.0872     0.0000    27.6310     1.2341     1.9923     0.0000    27.6310     1.2124     1.5180     0.0000    27.6310     1.1915     1.3282     0.0000    27.6310     1.1712     1.2334     0.0000    27.6310     1.1516     0.6641     0.0000    27.6310     1.1326     1.3282     0.0000    27.6310     1.1141     0.7590     0.0000    27.6310     1.0961     0.5692     0.0000    27.6310     1.0784     0.9487     0.0000    27.6310     1.0611     0.8539     0.0000    27.6310     1.0441     1.2334     0.0000    27.6310     1.0272     0.9487     0.0000    27.6310     1.0104     0.4744     0.0000    27.6310     0.9937     0.9487     0.0000    27.6310     0.9769     0.4744     0.0000    27.6310     0.9599     0.4744     0.0000    27.6310     0.9427     0.6641     0.0000    27.6310     0.9252     0.5692     0.0000    27.6310     0.9072     0.4744     0.0000    27.6310     0.8887     0.2846     0.0000    27.6310     0.8696     0.5692     0.0000    27.6310     0.8498     0.2846     0.0000    27.6310     0.8291     0.3795     0.0000    27.6310     0.8076     0.2846     0.0000    27.6310     0.7850     0.2846     0.0000    27.6310     0.7614     0.3795     0.0000    27.6310     0.7366     0.0000     0.0000    27.6310     0.7106     0.1897     0.0000    27.6310     0.6833     0.4744     0.0000    27.6310     0.6546     0.0000     0.0000    27.6310     0.6245     0.0000     0.0000    27.6310     0.5930     0.0949     0.0000    27.6310     0.5600     0.0949     0.0000    27.6310     0.5257     0.0949     0.0000    27.6310     0.4899     0.0000     0.0000    27.6310     0.4529     0.0949     0.0000    27.6310     0.4145     0.0949     0.0000    27.6310     0.3751     0.0949     0.0000    27.6310     0.3346     0.0000     0.0000    27.6310     0.2933     0.0000     0.0000    27.6310     0.2514     0.0000     0.0000    27.6310     0.2090     0.0949     0.0000    27.6310     0.1664     0.0000     0.0000    27.6310     0.1240     0.1897     0.0000    27.6310     0.0819     0.0000     0.0000    27.6310     0.0404     0.0000     0.0000    27.6310     0.0000     0.0000     0.0000    27.6310     0.0000     0.0949     0.0000    27.6310
    3.7231     2.3189     0.0000    27.6323     3.7185     3.1217     0.0000    27.6323     3.6498     2.1406     0.0000    27.6323     3.5332     2.9433     0.0000    27.6323     3.3776     2.5865     0.0000    27.6323     3.1926     2.5865     0.0000    27.6323     2.9873     2.4973     0.0000    27.6323     2.7704     1.9622     0.0000    27.6323     2.5491     2.2298     0.0000    27.6323     2.3297     1.7838     0.0000    27.6323     2.1169     1.6054     0.0000    27.6323     1.9142     1.7838     0.0000    27.6323     1.7242     1.3379     0.0000    27.6323     1.5482     1.6054     0.0000    27.6323     1.3871     1.5162     0.0000    27.6323     1.2408     1.6946     0.0000    27.6323     1.1090     1.9622     0.0000    27.6323     0.9910     1.1595     0.0000    27.6323     0.8860     2.4081     0.0000    27.6323     0.7928     1.3379     0.0000    27.6323     0.7103     1.1595     0.0000    27.6323     0.6377     0.6243     0.0000    27.6323     0.5737     0.8919     0.0000    27.6323     0.5175     0.8027     0.0000    27.6323     0.4682     0.6243     0.0000    27.6323     0.4248     1.0703     0.0000    27.6323     0.3868     0.4460     0.0000    27.6323     0.3533     0.8027     0.0000    27.6323     0.3240     0.8027     0.0000    27.6323     0.2981     0.9811     0.0000    27.6323     0.2754     0.4460     0.0000    27.6323     0.2553     0.0892     0.0000    27.6323     0.2376     0.3568     0.0000    27.6323     0.2220     0.4460     0.0000    27.6323     0.2081     0.2676     0.0000    27.6323     0.1957     0.1784     0.0000    27.6323     0.1847     0.2676     0.0000    27.6323     0.1749     0.5351     0.0000    27.6323     0.1661     0.0892     0.0000    27.6323     0.1581     0.0000     0.0000    27.6323     0.1508     0.1784     0.0000    27.6323     0.1442     0.0892     0.0000    27.6323     0.1380     0.0892     0.0000    27.6323     0.1323     0.0892     0.0000    27.6323     0.1268     0.0892     0.0000    27.6323     0.1215     0.1784     0.0000    27.6323     0.1164     0.0000     0.0000    27.6323     0.1112     0.0892     0.0000    27.6323     0.1059     0.0000     0.0000    27.6323     0.1005     0.0000     0.0000    27.6323     0.0948     0.0000     0.0000    27.6323     0.0888     0.0000     0.0000    27.6323     0.0825     0.0000     0.0000    27.6323     0.0757     0.0000     0.0000    27.6323     0.0684     0.0000     0.0000    27.6323     0.0607     0.0000     0.0000    27.6323     0.0526     0.0000     0.0000    27.6323     0.0440     0.0000     0.0000    27.6323     0.0352     0.0000     0.0000    27.6323     0.0262     0.0000     0.0000    27.6323     0.0172     0.0000     0.0000    27.6323     0.0084     0.0000     0.0000    27.6323     0.0000     0.0000     0.0000    27.6323     0.0000     0.0892     0.0000    27.6323
    4.7640     2.3029     0.0000    27.7302     4.7641     2.0025     0.0000    27.7302     4.6819     1.6020     0.0000    27.7302     4.5277     2.1027     0.0000    27.7302     4.3143     3.0038     0.0000    27.7302     4.0533     2.0025     0.0000    27.7302     3.7616     2.2028     0.0000    27.7302     3.4522     2.3029     0.0000    27.7302     3.1368     1.9024     0.0000    27.7302     2.8251     2.7034     0.0000    27.7302     2.5246     1.8023     0.0000    27.7302     2.2407     2.3029     0.0000    27.7302     1.9772     1.8023     0.0000    27.7302     1.7362     2.0025     0.0000    27.7302     1.5184     1.4018     0.0000    27.7302     1.3238     2.1027     0.0000    27.7302     1.1513     1.6020     0.0000    27.7302     0.9997     1.3016     0.0000    27.7302     0.8672     1.8023     0.0000    27.7302     0.7521     1.8023     0.0000    27.7302     0.6525     1.4018     0.0000    27.7302     0.5666     1.0013     0.0000    27.7302     0.4926     1.5019     0.0000    27.7302     0.4292     1.0013     0.0000    27.7302     0.3747     1.0013     0.0000    27.7302     0.3280     1.3016     0.0000    27.7302     0.2880     0.8010     0.0000    27.7302     0.2537     0.6008     0.0000    27.7302     0.2242     0.9011     0.0000    27.7302     0.1989     0.5006     0.0000    27.7302     0.1771     0.9011     0.0000    27.7302     0.1583     1.3016     0.0000    27.7302     0.1420     0.7009     0.0000    27.7302     0.1279     0.7009     0.0000    27.7302     0.1157     0.9011     0.0000    27.7302     0.1050     0.4005     0.0000    27.7302     0.0957     0.3004     0.0000    27.7302     0.0875     0.3004     0.0000    27.7302     0.0803     0.4005     0.0000    27.7302     0.0739     0.3004     0.0000    27.7302     0.0682     0.2003     0.0000    27.7302     0.0631     0.2003     0.0000    27.7302     0.0585     0.2003     0.0000    27.7302     0.0544     0.2003     0.0000    27.7302     0.0506     0.1001     0.0000    27.7302     0.0471     0.5006     0.0000    27.7302     0.0438     0.0000     0.0000    27.7302     0.0408     0.1001     0.0000    27.7302     0.0379     0.0000     0.0000    27.7302     0.0351     0.0000     0.0000    27.7302     0.0324     0.2003     0.0000    27.7302     0.0297     0.2003     0.0000    27.7302     0.0271     0.0000     0.0000    27.7302     0.0245     0.0000     0.0000    27.7302     0.0219     0.1001     0.0000    27.7302     0.0193     0.1001     0.0000    27.7302     0.0166     0.1001     0.0000    27.7302     0.0138     0.0000     0.0000    27.7302     0.0111     0.1001     0.0000    27.7302     0.0083     0.0000     0.0000    27.7302     0.0055     0.0000     0.0000    27.7302     0.0027     0.0000     0.0000    27.7302     0.0000     0.0000     0.0000    27.7302     0.0000     0.1001     0.0000    27.7302
    2.0048     3.3639     0.0000    27.6310     1.9786     2.6713     0.0000    27.6310     1.9501     1.9788     0.0000    27.6310     1.9196     2.9681     0.0000    27.6310     1.8873     1.9788     0.0000    27.6310     1.8534     2.5724     0.0000    27.6310     1.8182     2.7703     0.0000    27.6310     1.7819     2.5724     0.0000    27.6310     1.7446     1.1873     0.0000    27.6310     1.7066     1.6819     0.0000    27.6310     1.6679     2.1766     0.0000    27.6310     1.6288     2.2756     0.0000    27.6310     1.5895     1.8798     0.0000    27.6310     1.5499     1.1873     0.0000    27.6310     1.5102     2.6713     0.0000    27.6310     1.4706     2.1766     0.0000    27.6310     1.4311     1.9788     0.0000    27.6310     1.3918     1.4841     0.0000    27.6310     1.3527     1.5830     0.0000    27.6310     1.3140     1.1873     0.0000    27.6310     1.2756     0.7915     0.0000    27.6310     1.2376     1.0883     0.0000    27.6310     1.2000     1.2862     0.0000    27.6310     1.1628     1.2862     0.0000    27.6310     1.1261     1.0883     0.0000    27.6310     1.0899     0.8904     0.0000    27.6310     1.0542     0.6926     0.0000    27.6310     1.0190     0.0989     0.0000    27.6310     0.9842     1.0883     0.0000    27.6310     0.9499     0.5936     0.0000    27.6310     0.9161     0.3958     0.0000    27.6310     0.8827     0.8904     0.0000    27.6310     0.8497     0.7915     0.0000    27.6310     0.8171     0.3958     0.0000    27.6310     0.7850     0.1979     0.0000    27.6310     0.7532     0.6926     0.0000    27.6310     0.7217     0.5936     0.0000    27.6310     0.6907     0.3958     0.0000    27.6310     0.6599     0.2968     0.0000    27.6310     0.6294     0.1979     0.0000    27.6310     0.5992     0.1979     0.0000    27.6310     0.5692     0.1979     0.0000    27.6310     0.5395     0.0989     0.0000    27.6310     0.5100     0.1979     0.0000    27.6310     0.4808     0.0000     0.0000    27.6310     0.4517     0.0000     0.0000    27.6310     0.4229     0.0989     0.0000    27.6310     0.3943     0.2968     0.0000    27.6310     0.3658     0.0000     0.0000    27.6310     0.3376     0.0989     0.0000    27.6310     0.3096     0.0989     0.0000    27.6310     0.2819     0.0989     0.0000    27.6310     0.2544     0.0000     0.0000    27.6310     0.2271     0.0000     0.0000    27.6310     0.2002     0.0000     0.0000    27.6310     0.1736     0.0000     0.0000    27.6310     0.1473     0.0000     0.0000    27.6310     0.1215     0.0989     0.0000    27.6310     0.0961     0.0989     0.0000    27.6310     0.0712     0.0989     0.0000    27.6310     0.0468     0.0989     0.0000    27.6310     0.0231     0.0000     0.0000    27.6310     0.0000     0.0000     0.0000    27.6310     0.0000     0.0989     0.0000    27.6310
    0.0000     0.0000     0.0000     0.0000     0.0000     0.0000     0.0000     0.0000     0.0000     0.0000     0.0000     0.0000     0.0000     0.0000     0.0000     0.0000     0.0000     0.0000     0.0000     0.0000     0.0000     0.0000     0.0000     0.0000     0.0000     0.0000     0.0000     0.0000     0.0000     0.0000     0.0000     0.0000     0.0000     0.0000     0.0000     0.0000     0.0000     0.0000     0.0000     0.0000     0.0000     0.0000     0.0000     0.0000     0.0000     0.0000     0.0000     0.0000     0.0000     0.0000     0.0000     0.0000     0.0000     0.0000     0.0000     0.0000     0.0000     0.0000     0.0000     0.0000     0.0000     0.0000     0.0000     0.0000     0.0000     0.0000     0.0000     0.0000     0.0000     0.0000     0.0000     0.0000     0.0000     0.0000     0.0000     0.0000     0.0000     0.0000     0.0000     0.0000     0.0000     0.0000     0.0000     0.0000     0.0000     0.0000     0.0000     0.0000     0.0000     0.0000     0.0000     0.0000     0.0000     0.0000     0.0000     0.0000     0.0000     0.0000     0.0000     0.0000     0.0000     0.0000     0.0000     0.0000     0.0000     0.0000     0.0000     0.0000     0.0000     0.0000     0.0000     0.0000     0.0000     0.0000     0.0000     0.0000     0.0000     0.0000     0.0000     0.0000     0.0000     0.0000     0.0000     0.0000     0.0000     0.0000     0.0000     0.0000     0.0000     0.0000     0.0000     0.0000     0.0000     0.0000     0.0000     0.0000     0.0000     0.0000     0.0000     0.0000     0.0000     0.0000     0.0000     0.0000     0.0000     0.0000     0.0000     0.0000     0.0000     0.0000     0.0000     0.0000     0.0000     0.0000     0.0000     0.0000     0.0000     0.0000     0.0000     0.0000     0.0000     0.0000     0.0000     0.0000     0.0000     0.0000     0.0000     0.0000     0.0000     0.0000     0.0000     0.0000     0.0000     0.0000     0.0000     0.0000     0.0000     0.0000     0.0000     0.0000     0.0000     0.0000     0.0000     0.0000     0.0000     0.0000     0.0000     0.0000     0.0000     0.0000     0.0000     0.0000     0.0000     0.0000     0.0000     0.0000     0.0000     0.0000     0.0000     0.0000     0.0000     0.0000     0.0000     0.0000     0.0000     0.0000     0.0000     0.0000     0.0000     0.0000     0.0000     0.0000     0.0000     0.0000     0.0000     0.0000     0.0000     0.0000     0.0000     0.0000     0.0000     0.0000     0.0000     0.0000     0.0000     0.0000     0.0000     0.0000     0.0000     0.0000     0.0000     0.0000     0.0000     0.0000     0.0000     0.0000     0.0000     0.0000     0.0000     0.0000     0.0000     0.0000     0.0000     0.0000     0.0000     0.0000     0.0000     0.0000     0.0000     0.0000     0.0000     0.0000     0.0000     0.0000     0.0000     0.0000
    2.1968     2.9102     0.0000    27.6310     2.1472     2.5744     0.0000    27.6310     2.0963     2.2386     0.0000    27.6310     2.0449     2.6863     0.0000    27.6310     1.9928     2.1267     0.0000    27.6310     1.9407     2.2386     0.0000    27.6310     1.8889     2.3505     0.0000    27.6310     1.8379     2.6863     0.0000    27.6310     1.7876     2.0147     0.0000    27.6310     1.7380     2.6863     0.0000    27.6310     1.6898     2.3505     0.0000    27.6310     1.6428     2.2386     0.0000    27.6310     1.5973     2.0147     0.0000    27.6310     1.5533     2.1267     0.0000    27.6310     1.5109     1.9028     0.0000    27.6310     1.4700     1.9028     0.0000    27.6310     1.4308     1.4551     0.0000    27.6310     1.3931     1.1193     0.0000    27.6310     1.3571     0.6716     0.0000    27.6310     1.3226     1.1193     0.0000    27.6310     1.2897     1.6790     0.0000    27.6310     1.2582     2.0147     0.0000    27.6310     1.2282     1.2312     0.0000    27.6310     1.1995     0.8954     0.0000    27.6310     1.1722     1.3432     0.0000    27.6310     1.1460     1.1193     0.0000    27.6310     1.1211     1.1193     0.0000    27.6310     1.0972     1.1193     0.0000    27.6310     1.0742     1.9028     0.0000    27.6310     1.0522     1.5670     0.0000    27.6310     1.0309     0.3358     0.0000    27.6310     1.0103     1.2312     0.0000    27.6310     0.9903     0.6716     0.0000    27.6310     0.9706     0.6716     0.0000    27.6310     0.9514     0.6716     0.0000    27.6310     0.9323     0.3358     0.0000    27.6310     0.9132     0.7835     0.0000    27.6310     0.8940     0.2239     0.0000    27.6310     0.8746     0.6716     0.0000    27.6310     0.8548     0.3358     0.0000    27.6310     0.8344     0.2239     0.0000    27.6310     0.8133     0.2239     0.0000    27.6310     0.7912     0.2239     0.0000    27.6310     0.7681     0.0000     0.0000    27.6310     0.7438     0.6716     0.0000    27.6310     0.7180     0.1119     0.0000    27.6310     0.6906     0.3358     0.0000    27.6310     0.6615     0.1119     0.0000    27.6310     0.6305     0.2239     0.0000    27.6310     0.5975     0.2239     0.0000    27.6310     0.5624     0.2239     0.0000    27.6310     0.5251     0.3358     0.0000    27.6310     0.4856     0.1119     0.0000    27.6310     0.4440     0.2239     0.0000    27.6310     0.4002     0.4477     0.0000    27.6310     0.3544     0.0000     0.0000    27.6310     0.3068     0.0000     0.0000    27.6310     0.2575     0.1119     0.0000    27.6310     0.2070     0.1119     0.0000    27.6310     0.1555     0.1119     0.0000    27.6310     0.1035     0.1119     0.0000    27.6310     0.0515     0.0000     0.0000    27.6310     0.0000     0.1119     0.0000    27.6310     0.0000     0.1119     0.0000    27.6310
    1.3978     1.8975     0.0000    27.6310     1.3994     1.9923     0.0000    27.6310     1.4019     2.1821     0.0000    27.6310     1.4054     2.0872     0.0000    27.6310     1.4099     1.8975     0.0000    27.6310     1.4155     1.8975     0.0000    27.6310     1.4223     2.9411     0.0000    27.6310     1.4304     2.1821     0.0000    27.6310     1.4398     3.1308     0.0000    27.6310     1.4105     2.7513     0.0000    27.6310     1.3823     1.7077     0.0000    27.6310     1.3551     1.8975     0.0000    27.6310     1.3289     1.6129     0.0000    27.6310     1.3037     2.1821     0.0000    27.6310     1.2794     1.7077     0.0000    27.6310     1.2560     2.0872     0.0000    27.6310     1.2335     1.9923     0.0000    27.6310     1.2118     1.5180     0.0000    27.6310     1.1909     1.3282     0.0000    27.6310     1.1706     1.2334     0.0000    27.6310     1.1511     0.6641     0.0000    27.6310     1.1321     1.3282     0.0000    27.6310     1.1136     0.7590     0.0000    27.6310     1.0956     0.5692     0.0000    27.6310     1.0780     0.9487     0.0000    27.6310     1.0607     0.8539     0.0000    27.6310     1.0437     1.2334     0.0000    27.6310     1.0269     0.9487     0.0000    27.6310     1.0102     0.4744     0.0000    27.6310     0.9935     0.9487     0.0000    27.6310     0.9768     0.4744     0.0000    27.6310     0.9599     0.4744     0.0000    27.6310     0.9427     0.6641     0.0000    27.6310     0.9252     0.5692     0.0000    27.6310     0.9073     0.4744     0.0000    27.6310     0.8889     0.2846     0.0000    27.6310     0.8699     0.5692     0.0000    27.6310     0.8501     0.2846     0.0000    27.6310     0.8295     0.3795     0.0000    27.6310     0.8081     0.2846     0.0000    27.6310     0.7856     0.2846     0.0000    27.6310     0.7620     0.3795     0.0000    27.6310     0.7373     0.0000     0.0000    27.6310     0.7113     0.1897     0.0000    27.6310     0.6840     0.4744     0.0000    27.6310     0.6553     0.0000     0.0000    27.6310     0.6253     0.0000     0.0000    27.6310     0.5938     0.0949     0.0000    27.6310     0.5608     0.0949     0.0000    27.6310     0.5265     0.0949     0.0000    27.6310     0.4907     0.0000     0.0000    27.6310     0.4536     0.0949     0.0000    27.6310     0.4152     0.0949     0.0000    27.6310     0.3757     0.0949     0.0000    27.6310     0.3352     0.0000     0.0000    27.6310     0.2938     0.0000     0.0000    27.6310     0.2518     0.0000     0.0000    27.6310     0.2094     0.0949     0.0000    27.6310     0.1667     0.0000     0.0000    27.6310     0.1242     0.1897     0.0000    27.6310     0.0820     0.0000     0.0000    27.6310     0.0405     0.0000     0.0000    27.6310     0.0000     0.0000     0.0000    27.6310     0.0000     0.0949     0.0000    27.6310
    3.7213     2.3189     0.0000    27.6322     3.7169     3.1217     0.0000    27.6322     3.6483     2.1406     0.0000    27.6322     3.5316     2.9433     0.0000    27.6322     3.3761     2.5865     0.0000    27.6322     3.1912     2.5865     0.0000    27.6322     2.9860     2.4973     0.0000    27.6322     2.7692     1.9622     0.0000    27.6322     2.5481     2.2298     0.0000    27.6322     2.3288     1.7838     0.0000    27.6322     2.1161     1.6054     0.0000    27.6322     1.9136     1.7838     0.0000    27.6322     1.7237     1.3379     0.0000    27.6322     1.5479     1.6054     0.0000    27.6322     1.3868     1.5162     0.0000    27.6322     1.2407     1.6946     0.0000    27.6322     1.1090     1.9622     0.0000    27.6322     0.9911     1.1595     0.0000    27.6322     0.8861     2.4081     0.0000    27.6322     0.7929     1.3379     0.0000    27.6322     0.7106     1.1595     0.0000    27.6322     0.6379     0.6243     0.0000    27.6322     0.5740     0.8919     0.0000    27.6322     0.5178     0.8027     0.0000    27.6322     0.4685     0.6243     0.0000    27.6322     0.4252     1.0703     0.0000    27.6322     0.3871     0.4460     0.0000    27.6322     0.3537     0.8027     0.0000    27.6322     0.3244     0.8027     0.0000    27.6322     0.2985     0.9811     0.0000    27.6322     0.2758     0.4460     0.0000    27.6322     0.2558     0.0892     0.0000    27.6322     0.2381     0.3568     0.0000    27.6322     0.2224     0.4460     0.0000    27.6322     0.2085     0.2676     0.0000    27.6322     0.1962     0.1784     0.0000    27.6322     0.1852     0.2676     0.0000    27.6322     0.1753     0.5351     0.0000    27.6322     0.1665     0.0892     0.0000    27.6322     0.1585     0.0000     0.0000    27.6322     0.1513     0.1784     0.0000    27.6322     0.1446     0.0892     0.0000    27.6322     0.1385     0.0892     0.0000    27.6322     0.1327     0.0892     0.0000    27.6322     0.1273     0.0892     0.0000    27.6322     0.1220     0.1784     0.0000    27.6322     0.1168     0.0000     0.0000    27.6322     0.1116     0.0892     0.0000    27.6322     0.1064     0.0000     0.0000    27.6322     0.1009     0.0000     0.0000    27.6322     0.0952     0.0000     0.0000    27.6322     0.0892     0.0000     0.0000    27.6322     0.0828     0.0000     0.0000    27.6322     0.0760     0.0000     0.0000    27.6322     0.0687     0.0000     0.0000    27.6322     0.0610     0.0000     0.0000    27.6322     0.0528     0.0000     0.0000    27.6322     0.0442     0.0000     0.0000    27.6322     0.0354     0.0000     0.0000    27.6322     0.0263     0.0000     0.0000    27.6322     0.0173     0.0000     0.0000    27.6322     0.0085     0.0000     0.0000    27.6322     0.0000     0.0000     0.0000    27.6322     0.0000     0.0892     0.0000    27.6322
    4.7628     2.3029     0.0000    27.7302     4.7630     2.0025     0.0000    27.7302     4.6808     1.6020     0.0000    27.7302     4.5267     2.1027     0.0000    27.7302     4.3134     3.0038     0.0000    27.7302     4.0524     2.0025     0.0000    27.7302     3.7608     2.2028     0.0000    27.7302     3.4515     2.3029     0.0000    27.7302     3.1363     1.9024     0.0000    27.7302     2.8247     2.7034     0.0000    27.7302     2.5242     1.8023     0.0000    27.7302     2.2405     2.3029     0.0000    27.7302     1.9771     1.8023     0.0000    27.7302     1.7361     2.0025     0.0000    27.7302     1.5185     1.4018     0.0000    27.7302     1.3239     2.1027     0.0000    27.7302     1.1515     1.6020     0.0000    27.7302     0.9999     1.3016     0.0000    27.7302     0.8675     1.8023     0.0000    27.7302     0.7524     1.8023     0.0000    27.7302     0.6528     1.4018     0.0000    27.7302     0.5669     1.0013     0.0000    27.7302     0.4929     1.5019     0.0000    27.7302     0.4295     1.0013     0.0000    27.7302     0.3750     1.0013     0.0000    27.7302     0.3283     1.3016     0.0000    27.7302     0.2883     0.8010     0.0000    27.7302     0.2540     0.6008     0.0000    27.7302     0.2245     0.9011     0.0000    27.7302     0.1992     0.5006     0.0000    27.7302     0.1774     0.9011     0.0000    27.7302     0.1585     1.3016     0.0000    27.7302     0.1423     0.7009     0.0000    27.7302     0.1282     0.7009     0.0000    27.7302     0.1159     0.9011     0.0000    27.7302     0.1053     0.4005     0.0000    27.7302     0.0959     0.3004     0.0000    27.7302     0.0877     0.3004     0.0000    27.7302     0.0805     0.4005     0.0000    27.7302     0.0741     0.3004     0.0000    27.7302     0.0684     0.2003     0.0000    27.7302     0.0633     0.2003     0.0000    27.7302     0.0587     0.2003     0.0000    27.7302     0.0545     0.2003     0.0000    27.7302     0.0507     0.1001     0.0000    27.7302     0.0472     0.5006     0.0000    27.7302     0.0440     0.0000     0.0000    27.7302     0.0409     0.1001     0.0000    27.7302     0.0380     0.0000     0.0000    27.7302     0.0352     0.0000     0.0000    27.7302     0.0325     0.2003     0.0000    27.7302     0.0299     0.2003     0.0000    27.7302     0.0272     0.0000     0.0000    27.7302     0.0246     0.0000     0.0000    27.7302     0.0220     0.1001     0.0000    27.7302     0.0193     0.1001     0.0000    27.7302     0.0166     0.1001     0.0000    27.7302     0.0139     0.0000     0.0000    27.7302     0.0111     0.1001     0.0000    27.7302     0.0083     0.0000     0.0000    27.7302     0.0055     0.0000     0.0000    27.7302     0.0027     0.0000     0.0000    27.7302     0.0000     0.0000     0.0000    27.7302     0.0000     0.1001     0.0000    27.7302
    2.0043     3.3639     0.0000    27.6310     1.9780     2.6713     0.0000    27.6310     1.9495     1.9788     0.0000    27.6310     1.9189     2.9681     0.0000    27.6310     1.8865     1.9788     0.0000    27.6310     1.8526     2.5724     0.0000    27.6310     1.8174     2.7703     0.0000    27.6310     1.7810     2.5724     0.0000    27.6310     1.7437     1.1873     0.0000    27.6310     1.7057     1.6819     0.0000    27.6310     1.6670     2.1766     0.0000    27.6310     1.6280     2.2756     0.0000    27.6310     1.5886     1.8798     0.0000    27.6310     1.5490     1.1873     0.0000    27.6310     1.5094     2.6713     0.0000    27.6310     1.4698     2.1766     0.0000    27.6310     1.4303     1.9788     0.0000    27.6310     1.3911     1.4841     0.0000    27.6310     1.3520     1.5830     0.0000    27.6310     1.3133     1.1873     0.0000    27.6310     1.2750     0.7915     0.0000    27.6310     1.2371     1.0883     0.0000    27.6310     1.1995     1.2862     0.0000    27.6310     1.1625     1.2862     0.0000    27.6310     1.1259     1.0883     0.0000    27.6310     1.0897     0.8904     0.0000    27.6310     1.0541     0.6926     0.0000    27.6310     1.0189     0.0989     0.0000    27.6310     0.9842     1.0883     0.0000    27.6310     0.9500     0.5936     0.0000    27.6310     0.9162     0.3958     0.0000    27.6310     0.8829     0.8904     0.0000    27.6310     0.8500     0.7915     0.0000    27.6310     0.8175     0.3958     0.0000    27.6310     0.7854     0.1979     0.0000    27.6310     0.7537     0.6926     0.0000    27.6310     0.7223     0.5936     0.0000    27.6310     0.6913     0.3958     0.0000    27.6310     0.6605     0.2968     0.0000    27.6310     0.6301     0.1979     0.0000    27.6310     0.5999     0.1979     0.0000    27.6310     0.5700     0.1979     0.0000    27.6310     0.5403     0.0989     0.0000    27.6310     0.5108     0.1979     0.0000    27.6310     0.4816     0.0000     0.0000    27.6310     0.4526     0.0000     0.0000    27.6310     0.4237     0.0989     0.0000    27.6310     0.3951     0.2968     0.0000    27.6310     0.3666     0.0000     0.0000    27.6310     0.3384     0.0989     0.0000    27.6310     0.3104     0.0989     0.0000    27.6310     0.2826     0.0989     0.0000    27.6310     0.2550     0.0000     0.0000    27.6310     0.2277     0.0000     0.0000    27.6310     0.2007     0.0000     0.0000    27.6310     0.1740     0.0000     0.0000    27.6310     0.1477     0.0000     0.0000    27.6310     0.1218     0.0989     0.0000    27.6310     0.0964     0.0989     0.0000    27.6310     0.0714     0.0989     0.0000    27.6310     0.0470     0.0989     0.0000    27.6310     0.0231     0.0000     0.0000    27.6310     0.0000     0.0000     0.0000    27.6310     0.0000     0.0989     0.0000    27.6310
    0.0000     0.0000     0.0000     0.0000     0.0000     0.0000     0.0000     0.0000     0.0000     0.0000     0.0000     0.0000     0.0000     0.0000     0.0000     0.0000     0.0000     0.0000     0.0000     0.0000     0.0000     0.0000     0.0000     0.0000     0.0000     0.0000     0.0000     0.0000     0.0000     0.0000     0.0000     0.0000     0.0000     0.0000     0.0000     0.0000     0.0000     0.0000     0.0000     0.0000     0.0000     0.0000     0.0000     0.0000     0.0000     0.0000     0.0000     0.0000     0.0000     0.0000     0.0000     0.0000     0.0000     0.0000     0.0000     0.0000     0.0000     0.0000     0.0000     0.0000     0.0000     0.0000     0.0000     0.0000     0.0000     0.0000     0.0000     0.0000     0.0000     0.0000     0.0000     0.0000     0.0000     0.0000     0.0000     0.0000     0.0000     0.0000     0.0000     0.0000     0.0000     0.0000     0.0000     0.0000     0.0000     0.0000     0.0000     0.0000     0.0000     0.0000     0.0000     0.0000     0.0000     0.0000     0.0000     0.0000     0.0000     0.0000     0.0000     0.0000     0.0000     0.0000     0.0000     0.0000     0.0000     0.0000     0.0000     0.0000     0.0000     0.0000     0.0000     0.0000     0.0000     0.0000     0.0000     0.0000     0.0000     0.0000     0.0000     0.0000     0.0000     0.0000     0.0000     0.0000     0.0000     0.0000     0.0000     0.0000     0.0000     0.0000     0.0000     0.0000     0.0000     0.0000     0.0000     0.0000     0.0000     0.0000     0.0000     0.0000     0.0000     0.0000     0.0000     0.0000     0.0000     0.0000     0.0000     0.0000     0.0000     0.0000     0.0000     0.0000     0.0000     0.0000     0.0000     0.0000     0.0000     0.0000     0.0000     0.0000     0.0000     0.0000     0.0000     0.0000     0.0000     0.0000     0.0000     0.0000     0.0000     0.0000     0.0000     0.0000     0.0000     0.0000     0.0000     0.0000     0.0000     0.0000     0.0000     0.0000     0.0000     0.0000     0.0000     0.0000     0.0000     0.0000     0.0000     0.0000     0.0000     0.0000     0.0000     0.0000     0.0000     0.0000     0.0000     0.0000     0.0000     0.0000     0.0000     0.0000     0.0000     0.0000     0.0000     0.0000     0.0000     0.0000     0.0000     0.0000     0.0000     0.0000     0.0000     0.0000     0.0000     0.0000     0.0000     0.0000     0.0000     0.0000     0.0000     0.0000     0.0000     0.0000     0.0000     0.0000     0.0000     0.0000     0.0000     0.0000     0.0000     0.0000     0.0000     0.0000     0.0000     0.0000     0.0000     0.0000     0.0000     0.0000     0.0000     0.0000     0.0000     0.0000     0.0000     0.0000     0.0000     0.0000     0.0000     0.0000     0.0000     0.0000     0.0000     0.0000     0.0000     0.0000     0.0000     0.0000
    2.1891     2.9102     0.0000    27.6310     2.1407     2.5744     0.0000    27.6310     2.0915     2.2386     0.0000    27.6310     2.0418     2.6863     0.0000    27.6310     1.9915     2.1267     0.0000    27.6310     1.9411     2.2386     0.0000    27.6310     1.8909     2.3505     0.0000    27.6310     1.8416     2.6863     0.0000    27.6310     1.7923     2.0147     0.0000    27.6310     1.7443     2.6863     0.0000    27.6310     1.6975     2.3505     0.0000    27.6310     1.6519     2.2386     0.0000    27.6310     1.6075     2.0147     0.0000    27.6310     1.5645     2.1267     0.0000    27.6310     1.5230     1.9028     0.0000    27.6310     1.4829     1.9028     0.0000    27.6310     1.4442     1.4551     0.0000    27.6310     1.4070     1.1193     0.0000    27.6310     1.3712     0.6716     0.0000    27.6310     1.3369     1.1193     0.0000    27.6310     1.3040     1.6790     0.0000    27.6310     1.2724     2.0147     0.0000    27.6310     1.2421     1.2312     0.0000    27.6310     1.2131     0.8954     0.0000    27.6310     1.1852     1.3432     0.0000    27.6310     1.1585     1.1193     0.0000    27.6310     1.1327     1.1193     0.0000    27.6310     1.1080     1.1193     0.0000    27.6310     1.0841     1.9028     0.0000    27.6310     1.0610     1.5670     0.0000    27.6310     1.0386     0.3358     0.0000    27.6310     1.0168     1.2312     0.0000    27.6310     0.9954     0.6716     0.0000    27.6310     0.9744     0.6716     0.0000    27.6310     0.9537     0.6716     0.0000    27.6310     0.9331     0.3358     0.0000    27.6310     0.9125     0.7835     0.0000    27.6310     0.8918     0.2239     0.0000    27.6310     0.8708     0.6716     0.0000    27.6310     0.8494     0.3358     0.0000    27.6310     0.8275     0.2239     0.0000    27.6310     0.8049     0.2239     0.0000    27.6310     0.7814     0.2239     0.0000    27.6310     0.7569     0.0000     0.0000    27.6310     0.7313     0.6716     0.0000    27.6310     0.7044     0.1119     0.0000    27.6310     0.6761     0.3358     0.0000    27.6310     0.6462     0.1119     0.0000    27.6310     0.6146     0.2239     0.0000    27.6310     0.5813     0.2239     0.0000    27.6310     0.5461     0.2239     0.0000    27.6310     0.5090     0.3358     0.0000    27.6310     0.4700     0.1119     0.0000    27.6310     0.4290     0.2239     0.0000    27.6310     0.3862     0.4477     0.0000    27.6310     0.3417     0.0000     0.0000    27.6310     0.2956     0.0000     0.0000    27.6310     0.2480     0.1119     0.0000    27.6310     0.1993     0.1119     0.0000    27.6310     0.1498     0.1119     0.0000    27.6310     0.0998     0.1119     0.0000    27.6310     0.0497     0.0000     0.0000    27.6310     0.0000     0.1119     0.0000    27.6310     0.0000     0.1119     0.0000    27.6310
    1.4149     1.8975     0.0000    27.6310     1.4164     1.9923     0.0000    27.6310     1.4187     2.1821     0.0000    27.6310     1.4219     2.0872     0.0000    27.6310     1.4261     1.8975     0.0000    27.6310     1.4313     1.8975     0.0000    27.6310     1.4376     2.9411     0.0000    27.6310     1.4450     2.1821     0.0000    27.6310     1.4536     3.1308     0.0000    27.6310     1.4243     2.7513     0.0000    27.6310     1.3959     1.7077     0.0000    27.6310     1.3685     1.8975     0.0000    27.6310     1.3420     1.6129     0.0000    27.6310     1.3164     2.1821     0.0000    27.6310     1.2917     1.7077     0.0000    27.6310     1.2678     2.0872     0.0000    27.6310     1.2447     1.9923     0.0000    27.6310     1.2224     1.5180     0.0000    27.6310     1.2007     1.3282     0.0000    27.6310     1.1797     1.2334     0.0000    27.6310     1.1593     0.6641     0.0000    27.6310     1.1394     1.3282     0.0000    27.6310     1.1200     0.7590     0.0000    27.6310     1.1010     0.5692     0.0000    27.6310     1.0824     0.9487     0.0000    27.6310     1.0640     0.8539     0.0000    27.6310     1.0459     1.2334     0.0000    27.6310     1.0280     0.9487     0.0000    27.6310     1.0101     0.4744     0.0000    27.6310     0.9922     0.9487     0.0000    27.6310     0.9743     0.4744     0.0000    27.6310     0.9562     0.4744     0.0000    27.6310     0.9379     0.6641     0.0000    27.6310     0.9193     0.5692     0.0000    27.6310     0.9002     0.4744     0.0000    27.6310     0.8807     0.2846     0.0000    27.6310     0.8606     0.5692     0.0000    27.6310     0.8399     0.2846     0.0000    27.6310     0.8184     0.3795     0.0000    27.6310     0.7961     0.2846     0.0000    27.6310     0.7728     0.2846     0.0000    27.6310     0.7486     0.3795     0.0000    27.6310     0.7233     0.0000     0.0000    27.6310     0.6969     0.1897     0.0000    27.6310     0.6694     0.4744     0.0000    27.6310     0.6406     0.0000     0.0000    27.6310     0.6105     0.0000     0.0000    27.6310     0.5792     0.0949     0.0000    27.6310     0.5466     0.0949     0.0000    27.6310     0.5127     0.0949     0.0000    27.6310     0.4776     0.0000     0.0000    27.6310     0.4413     0.0949     0.0000    27.6310     0.4038     0.0949     0.0000    27.6310     0.3654     0.0949     0.0000    27.6310     0.3260     0.0000     0.0000    27.6310     0.2858     0.0000     0.0000    27.6310     0.2450     0.0000     0.0000    27.6310     0.2039     0.0949     0.0000    27.6310     0.1625     0.0000     0.0000    27.6310     0.1212     0.1897     0.0000    27.6310     0.0801     0.0000     0.0000    27.6310     0.0396     0.0000     0.0000    27.6310     0.0000     0.0000     0.0000    27.6310     0.0000     0.0949     0.0000    27.6310
    3.4892     2.3189     0.0000    27.6321     3.4855     3.1217     0.0000    27.6321     3.4249     2.1406     0.0000    27.6321     3.3237     2.9433     0.0000    27.6321     3.1892     2.5865     0.0000    27.6321     3.0291     2.5865     0.0000    27.6321     2.8510     2.4973     0.0000    27.6321     2.6618     1.9622     0.0000    27.6321     2.4676     2.2298     0.0000    27.6321     2.2735     1.7838     0.0000    27.6321     2.0837     1.6054     0.0000    27.6321     1.9014     1.7838     0.0000    27.6321     1.7288     1.3379     0.0000    27.6321     1.5674     1.6054     0.0000    27.6321     1.4180     1.5162     0.0000    27.6321     1.2810     1.6946     0.0000    27.6321     1.1563     1.9622     0.0000    27.6321     1.0434     1.1595     0.0000    27.6321     0.9418     2.4081     0.0000    27.6321     0.8507     1.3379     0.0000    27.6321     0.7693     1.1595     0.0000    27.6321     0.6967     0.6243     0.0000    27.6321     0.6322     0.8919     0.0000    27.6321     0.5749     0.8027     0.0000    27.6321     0.5241     0.6243     0.0000    27.6321     0.4791     1.0703     0.0000    27.6321     0.4392     0.4460     0.0000    27.6321     0.4038     0.8027     0.0000    27.6321     0.3725     0.8027     0.0000    27.6321     0.3447     0.9811     0.0000    27.6321     0.3200     0.4460     0.0000    27.6321     0.2980     0.0892     0.0000    27.6321     0.2785     0.3568     0.0000    27.6321     0.2610     0.4460     0.0000    27.6321     0.2454     0.2676     0.0000    27.6321     0.2315     0.1784     0.0000    27.6321     0.2189     0.2676     0.0000    27.6321     0.2076     0.5351     0.0000    27.6321     0.1974     0.0892     0.0000    27.6321     0.1881     0.0000     0.0000    27.6321     0.1795     0.1784     0.0000    27.6321     0.1716     0.0892     0.0000    27.6321     0.1643     0.0892     0.0000    27.6321     0.1573     0.0892     0.0000    27.6321     0.1507     0.0892     0.0000    27.6321     0.1442     0.1784     0.0000    27.6321     0.1379     0.0000     0.0000    27.6321     0.1315     0.0892     0.0000    27.6321     0.1251     0.0000     0.0000    27.6321     0.1185     0.0000     0.0000    27.6321     0.1116     0.0000     0.0000    27.6321     0.1044     0.0000     0.0000    27.6321     0.0967     0.0000     0.0000    27.6321     0.0886     0.0000     0.0000    27.6321     0.0801     0.0000     0.0000    27.6321     0.0710     0.0000     0.0000    27.6321     0.0614     0.0000     0.0000    27.6321     0.0515     0.0000     0.0000    27.6321     0.0412     0.0000     0.0000    27.6321     0.0307     0.0000     0.0000    27.6321     0.0203     0.0000     0.0000    27.6321     0.0099     0.0000     0.0000    27.6321     0.0000     0.0000     0.0000    27.6321     0.0000     0.0892     0.0000    27.6321
    4.4531     2.3029     0.0000    27.7201     4.4533     2.0025     0.0000    27.7201     4.3842     1.6020     0.0000    27.7201     4.2542     2.1027     0.0000    27.7201     4.0737     3.0038     0.0000    27.7201     3.8502     2.0025     0.0000    27.7201     3.5989     2.2028     0.0000    27.7201     3.3306     2.3029     0.0000    27.7201     3.0546     1.9024     0.0000    27.7201     2.7793     2.7034     0.0000    27.7201     2.5109     1.8023     0.0000    27.7201     2.2546     2.3029     0.0000    27.7201     2.0138     1.8023     0.0000    27.7201     1.7907     2.0025     0.0000    27.7201     1.5866     1.4018     0.0000    27.7201     1.4016     2.1027     0.0000    27.7201     1.2354     1.6020     0.0000    27.7201     1.0873     1.3016     0.0000    27.7201     0.9560     1.8023     0.0000    27.7201     0.8403     1.8023     0.0000    27.7201     0.7388     1.4018     0.0000    27.7201     0.6500     1.0013     0.0000    27.7201     0.5724     1.5019     0.0000    27.7201     0.5050     1.0013     0.0000    27.7201     0.4463     1.0013     0.0000    27.7201     0.3953     1.3016     0.0000    27.7201     0.3510     0.8010     0.0000    27.7201     0.3126     0.6008     0.0000    27.7201     0.2791     0.9011     0.0000    27.7201     0.2500     0.5006     0.0000    27.7201     0.2247     0.9011     0.0000    27.7201     0.2026     1.3016     0.0000    27.7201     0.1833     0.7009     0.0000    27.7201     0.1664     0.7009     0.0000    27.7201     0.1515     0.9011     0.0000    27.7201     0.1385     0.4005     0.0000    27.7201     0.1269     0.3004     0.0000    27.7201     0.1167     0.3004     0.0000    27.7201     0.1076     0.4005     0.0000    27.7201     0.0994     0.3004     0.0000    27.7201     0.0921     0.2003     0.0000    27.7201     0.0855     0.2003     0.0000    27.7201     0.0795     0.2003     0.0000    27.7201     0.0741     0.2003     0.0000    27.7201     0.0690     0.1001     0.0000    27.7201     0.0644     0.5006     0.0000    27.7201     0.0600     0.0000     0.0000    27.7201     0.0559     0.1001     0.0000    27.7201     0.0520     0.0000     0.0000    27.7201     0.0482     0.0000     0.0000    27.7201     0.0445     0.2003     0.0000    27.7201     0.0409     0.2003     0.0000    27.7201     0.0373     0.0000     0.0000    27.7201     0.0337     0.0000     0.0000    27.7201     0.0301     0.1001     0.0000    27.7201     0.0264     0.1001     0.0000    27.7201     0.0228     0.1001     0.0000    27.7201     0.0190     0.0000     0.0000    27.7201     0.0152     0.1001     0.0000    27.7201     0.0114     0.0000     0.0000    27.7201     0.0076     0.0000     0.0000    27.7201     0.0038     0.0000     0.0000    27.7201     0.0000     0.0000     0.0000    27.7201     0.0000     0.1001     0.0000    27.7201
    1.9920     3.3639     0.0000    27.6310     1.9651     2.6713     0.0000    27.6310     1.9364     1.9788     0.0000    27.6310     1.9057     2.9681     0.0000    27.6310     1.8735     1.9788     0.0000    27.6310     1.8399     2.5724     0.0000    27.6310     1.8052     2.7703     0.0000    27.6310     1.7694     2.5724     0.0000    27.6310     1.7328     1.1873     0.0000    27.6310     1.6955     1.6819     0.0000    27.6310     1.6577     2.1766     0.0000    27.6310     1.6194     2.2756     0.0000    27.6310     1.5809     1.8798     0.0000    27.6310     1.5423     1.1873     0.0000    27.6310     1.5035     2.6713     0.0000    27.6310     1.4648     2.1766     0.0000    27.6310     1.4262     1.9788     0.0000    27.6310     1.3878     1.4841     0.0000    27.6310     1.3496     1.5830     0.0000    27.6310     1.3117     1.1873     0.0000    27.6310     1.2741     0.7915     0.0000    27.6310     1.2368     1.0883     0.0000    27.6310     1.2000     1.2862     0.0000    27.6310     1.1636     1.2862     0.0000    27.6310     1.1275     1.0883     0.0000    27.6310     1.0920     0.8904     0.0000    27.6310     1.0568     0.6926     0.0000    27.6310     1.0221     0.0989     0.0000    27.6310     0.9878     1.0883     0.0000    27.6310     0.9540     0.5936     0.0000    27.6310     0.9205     0.3958     0.0000    27.6310     0.8875     0.8904     0.0000    27.6310     0.8549     0.7915     0.0000    27.6310     0.8226     0.3958     0.0000    27.6310     0.7907     0.1979     0.0000    27.6310     0.7592     0.6926     0.0000    27.6310     0.7279     0.5936     0.0000    27.6310     0.6970     0.3958     0.0000    27.6310     0.6664     0.2968     0.0000    27.6310     0.6360     0.1979     0.0000    27.6310     0.6058     0.1979     0.0000    27.6310     0.5760     0.1979     0.0000    27.6310     0.5463     0.0989     0.0000    27.6310     0.5168     0.1979     0.0000    27.6310     0.4875     0.0000     0.0000    27.6310     0.4584     0.0000     0.0000    27.6310     0.4295     0.0989     0.0000    27.6310     0.4008     0.2968     0.0000    27.6310     0.3722     0.0000     0.0000    27.6310     0.3439     0.0989     0.0000    27.6310     0.3157     0.0989     0.0000    27.6310     0.2877     0.0989     0.0000    27.6310     0.2599     0.0000     0.0000    27.6310     0.2323     0.0000     0.0000    27.6310     0.2050     0.0000     0.0000    27.6310     0.1780     0.0000     0.0000    27.6310     0.1513     0.0000     0.0000    27.6310     0.1250     0.0989     0.0000    27.6310     0.0990     0.0989     0.0000    27.6310     0.0735     0.0989     0.0000    27.6310     0.0484     0.0989     0.0000    27.6310     0.0239     0.0000     0.0000    27.6310     0.0000     0.0000     0.0000    27.6310     0.0000     0.0989     0.0000    27.6310
    0.0000     0.0000     0.0000     0.0000     0.0000     0.0000     0.0000     0.0000     0.0000     0.0000     0.0000     0.0000     0.0000     0.0000     0.0000     0.0000     0.0000     0.0000     0.0000     0.0000     0.0000     0.0000     0.0000     0.0000     0.0000     0.0000     0.0000     0.0000     0.0000     0.0000     0.0000     0.0000     0.0000     0.0000     0.0000     0.0000     0.0000     0.0000     0.0000     0.0000     0.0000     0.0000     0.0000     0.0000     0.0000     0.0000     0.0000     0.0000     0.0000     0.0000     0.0000     0.0000     0.0000     0.0000     0.0000     0.0000     0.0000     0.0000     0.0000     0.0000     0.0000     0.0000     0.0000     0.0000     0.0000     0.0000     0.0000     0.0000     0.0000     0.0000     0.0000     0.0000     0.0000     0.0000     0.0000     0.0000     0.0000     0.0000     0.0000     0.0000     0.0000     0.0000     0.0000     0.0000     0.0000     0.0000     0.0000     0.0000     0.0000     0.0000     0.0000     0.0000     0.0000     0.0000     0.0000     0.0000     0.0000     0.0000     0.0000     0.0000     0.0000     0.0000     0.0000     0.0000     0.0000     0.0000     0.0000     0.0000     0.0000     0.0000     0.0000     0.0000     0.0000     0.0000     0.0000     0.0000     0.0000     0.0000     0.0000     0.0000     0.0000     0.0000     0.0000     0.0000     0.0000     0.0000     0.0000     0.0000     0.0000     0.0000     0.0000     0.0000     0.0000     0.0000     0.0000     0.0000     0.0000     0.0000     0.0000     0.0000     0.0000     0.0000     0.0000     0.0000     0.0000     0.0000     0.0000     0.0000     0.0000     0.0000     0.0000     0.0000     0.0000     0.0000     0.0000     0.0000     0.0000     0.0000     0.0000     0.0000     0.0000     0.0000     0.0000     0.0000     0.0000     0.0000     0.0000     0.0000     0.0000     0.0000     0.0000     0.0000     0.0000     0.0000     0.0000     0.0000     0.0000     0.0000     0.0000     0.0000     0.0000     0.0000     0.0000     0.0000     0.0000     0.0000     0.0000     0.0000     0.0000     0.0000     0.0000     0.0000     0.0000     0.0000     0.0000     0.0000     0.0000     0.0000     0.0000     0.0000     0.0000     0.0000     0.0000     0.0000     0.0000     0.0000     0.0000     0.0000     0.0000     0.0000     0.0000     0.0000     0.0000     0.0000     0.0000     0.0000     0.0000     0.0000     0.0000     0.0000     0.0000     0.0000     0.0000     0.0000     0.0000     0.0000     0.0000     0.0000     0.0000     0.0000     0.0000     0.0000     0.0000     0.0000     0.0000     0.0000     0.0000     0.0000     0.0000     0.0000     0.0000     0.0000     0.0000     0.0000     0.0000     0.0000     0.0000     0.0000     0.0000     0.0000     0.0000     0.0000     0.0000     0.0000     0.0000     0.0000
    0.0000     0.0000     0.0000     0.0000     0.0000     0.0000     0.0000     0.0000     0.0000     0.0000     0.0000     0.0000     0.0000     0.0000     0.0000     0.0000     0.0000     0.0000     0.0000     0.0000     0.0000     0.0000     0.0000     0.0000     0.0000     0.0000     0.0000     0.0000     0.0000     0.0000     0.0000     0.0000     0.0000     0.0000     0.0000     0.0000     0.0000     0.0000     0.0000     0.0000     0.0000     0.0000     0.0000     0.0000     0.0000     0.0000     0.0000     0.0000     0.0000     0.0000     0.0000     0.0000     0.0000     0.0000     0.0000     0.0000     0.0000     0.0000     0.0000     0.0000     0.0000     0.0000     0.0000     0.0000     0.0000     0.0000     0.0000     0.0000     0.0000     0.0000     0.0000     0.0000     0.0000     0.0000     0.0000     0.0000     0.0000     0.0000     0.0000     0.0000     0.0000     0.0000     0.0000     0.0000     0.0000     0.0000     0.0000     0.0000     0.0000     0.0000     0.0000     0.0000     0.0000     0.0000     0.0000     0.0000     0.0000     0.0000     0.0000     0.0000     0.0000     0.0000     0.0000     0.0000     0.0000     0.0000     0.0000     0.0000     0.0000     0.0000     0.0000     0.0000     0.0000     0.0000     0.0000     0.0000     0.0000     0.0000     0.0000     0.0000     0.0000     0.0000     0.0000     0.0000     0.0000     0.0000     0.0000     0.0000     0.0000     0.0000     0.0000     0.0000     0.0000     0.0000     0.0000     0.0000     0.0000     0.0000     0.0000     0.0000     0.0000     0.0000     0.0000     0.0000     0.0000     0.0000     0.0000     0.0000     0.0000     0.0000     0.0000     0.0000     0.0000     0.0000     0.0000     0.0000     0.0000     0.0000     0.0000     0.0000     0.0000     0.0000     0.0000     0.0000     0.0000     0.0000     0.0000     0.0000     0.0000     0.0000     0.0000     0.0000     0.0000     0.0000     0.0000     0.0000     0.0000     0.0000     0.0000     0.0000     0.0000     0.0000     0.0000     0.0000     0.0000     0.0000     0.0000     0.0000     0.0000     0.0000     0.0000     0.0000     0.0000     0.0000     0.0000     0.0000     0.0000     0.0000     0.0000     0.0000     0.0000     0.0000     0.0000     0.0000     0.0000     0.0000     0.0000     0.0000     0.0000     0.0000     0.0000     0.0000     0.0000     0.0000     0.0000     0.0000     0.0000     0.0000     0.0000     0.0000     0.0000     0.0000     0.0000     0.0000     0.0000     0.0000     0.0000     0.0000     0.0000     0.0000     0.0000     0.0000     0.0000     0.0000     0.0000     0.0000     0.0000     0.0000     0.0000     0.0000     0.0000     0.0000     0.0000     0.0000     0.0000     0.0000     0.0000     0.0000     0.0000     0.0000     0.0000     0.0000     0.0000     0.0000     0.0000     0.0000
    0.0000     0.0000     0.0000     0.0000     0.0000     0.0000     0.0000     0.0000     0.0000     0.0000     0.0000     0.0000     0.0000     0.0000     0.0000     0.0000     0.0000     0.0000     0.0000     0.0000     0.0000     0.0000     0.0000     0.0000     0.0000     0.0000     0.0000     0.0000     0.0000     0.0000     0.0000     0.0000     0.0000     0.0000     0.0000     0.0000     0.0000     0.0000     0.0000     0.0000     0.0000     0.0000     0.0000     0.0000     0.0000     0.0000     0.0000     0.0000     0.0000     0.0000     0.0000     0.0000     0.0000     0.0000     0.0000     0.0000     0.0000     0.0000     0.0000     0.0000     0.0000     0.0000     0.0000     0.0000     0.0000     0.0000     0.0000     0.0000     0.0000     0.0000     0.0000     0.0000     0.0000     0.0000     0.0000     0.0000     0.0000     0.0000     0.0000     0.0000     0.0000     0.0000     0.0000     0.0000     0.0000     0.0000     0.0000     0.0000     0.0000     0.0000     0.0000     0.0000     0.0000     0.0000     0.0000     0.0000     0.0000     0.0000     0.0000     0.0000     0.0000     0.0000     0.0000     0.0000     0.0000     0.0000     0.0000     0.0000     0.0000     0.0000     0.0000     0.0000     0.0000     0.0000     0.0000     0.0000     0.0000     0.0000     0.0000     0.0000     0.0000     0.0000     0.0000     0.0000     0.0000     0.0000     0.0000     0.0000     0.0000     0.0000     0.0000     0.0000     0.0000     0.0000     0.0000     0.0000     0.0000     0.0000     0.0000     0.0000     0.0000     0.0000     0.0000     0.0000     0.0000     0.0000     0.0000     0.0000     0.0000     0.0000     0.0000     0.0000     0.0000     0.0000     0.0000     0.0000     0.0000     0.0000     0.0000     0.0000     0.0000     0.0000     0.0000     0.0000     0.0000     0.0000     0.0000     0.0000     0.0000     0.0000     0.0000     0.0000     0.0000     0.0000     0.0000     0.0000     0.0000     0.0000     0.0000     0.0000     0.0000     0.0000     0.0000     0.0000     0.0000     0.0000     0.0000     0.0000     0.0000     0.0000     0.0000     0.0000     0.0000     0.0000     0.0000     0.0000     0.0000     0.0000     0.0000     0.0000     0.0000     0.0000     0.0000     0.0000     0.0000     0.0000     0.0000     0.0000     0.0000     0.0000     0.0000     0.0000     0.0000     0.0000     0.0000     0.0000     0.0000     0.0000     0.0000     0.0000     0.0000     0.0000     0.0000     0.0000     0.0000     0.0000     0.0000     0.0000     0.0000     0.0000     0.0000     0.0000     0.0000     0.0000     0.0000     0.0000     0.0000     0.0000     0.0000     0.0000     0.0000     0.0000     0.0000     0.0000     0.0000     0.0000     0.0000     0.0000     0.0000     0.0000     0.0000     0.0000     0.0000     0.0000     0.0000     0.0000
    0.0000     0.0000     0.0000     0.0000     0.0000     0.0000     0.0000     0.0000     0.0000     0.0000     0.0000     0.0000     0.0000     0.0000     0.0000     0.0000     0.0000     0.0000     0.0000     0.0000     0.0000     0.0000     0.0000     0.0000     0.0000     0.0000     0.0000     0.0000     0.0000     0.0000     0.0000     0.0000     0.0000     0.0000     0.0000     0.0000     0.0000     0.0000     0.0000     0.0000     0.0000     0.0000     0.0000     0.0000     0.0000     0.0000     0.0000     0.0000     0.0000     0.0000     0.0000     0.0000     0.0000     0.0000     0.0000     0.0000     0.0000     0.0000     0.0000     0.0000     0.0000     0.0000     0.0000     0.0000     0.0000     0.0000     0.0000     0.0000     0.0000     0.0000     0.0000     0.0000     0.0000     0.0000     0.0000     0.0000     0.0000     0.0000     0.0000     0.0000     0.0000     0.0000     0.0000     0.0000     0.0000     0.0000     0.0000     0.0000     0.0000     0.0000     0.0000     0.0000     0.0000     0.0000     0.0000     0.0000     0.0000     0.0000     0.0000     0.0000     0.0000     0.0000     0.0000     0.0000     0.0000     0.0000     0.0000     0.0000     0.0000     0.0000     0.0000     0.0000     0.0000     0.0000     0.0000     0.0000     0.0000     0.0000     0.0000     0.0000     0.0000     0.0000     0.0000     0.0000     0.0000     0.0000     0.0000     0.0000     0.0000     0.0000     0.0000     0.0000     0.0000     0.0000     0.0000     0.0000     0.0000     0.0000     0.0000     0.0000     0.0000     0.0000     0.0000     0.0000     0.0000     0.0000     0.0000     0.0000     0.0000     0.0000     0.0000     0.0000     0.0000     0.0000     0.0000     0.0000     0.0000     0.0000     0.0000     0.0000     0.0000     0.0000     0.0000     0.0000     0.0000     0.0000     0.0000     0.0000     0.0000     0.0000     0.0000     0.0000     0.0000     0.0000     0.0000     0.0000     0.0000     0.0000     0.0000     0.0000     0.0000     0.0000     0.0000     0.0000     0.0000     0.0000     0.0000     0.0000     0.0000     0.0000     0.0000     0.0000     0.0000     0.0000     0.0000     0.0000     0.0000     0.0000     0.0000     0.0000     0.0000     0.0000     0.0000     0.0000     0.0000     0.0000     0.0000     0.0000     0.0000     0.0000     0.0000     0.0000     0.0000     0.0000     0.0000     0.0000     0.0000     0.0000     0.0000     0.0000     0.0000     0.0000     0.0000     0.0000     0.0000     0.0000     0.0000     0.0000     0.0000     0.0000     0.0000     0.0000     0.0000     0.0000     0.0000     0.0000     0.0000     0.0000     0.0000     0.0000     0.0000     0.0000     0.0000     0.0000     0.0000     0.0000     0.0000     0.0000     0.0000     0.0000     0.0000     0.0000     0.0000     0.0000     0.0000     0.0000
    0.0000     0.0000     0.0000     0.0000     0.0000     0.0000     0.0000     0.0000     0.0000     0.0000     0.0000     0.0000     0.0000     0.0000     0.0000     0.0000     0.0000     0.0000     0.0000     0.0000     0.0000     0.0000     0.0000     0.0000     0.0000     0.0000     0.0000     0.0000     0.0000     0.0000     0.0000     0.0000     0.0000     0.0000     0.0000     0.0000     0.0000     0.0000     0.0000     0.0000     0.0000     0.0000     0.0000     0.0000     0.0000     0.0000     0.0000     0.0000     0.0000     0.0000     0.0000     0.0000     0.0000     0.0000     0.0000     0.0000     0.0000     0.0000     0.0000     0.0000     0.0000     0.0000     0.0000     0.0000     0.0000     0.0000     0.0000     0.0000     0.0000     0.0000     0.0000     0.0000     0.0000     0.0000     0.0000     0.0000     0.0000     0.0000     0.0000     0.0000     0.0000     0.0000     0.0000     0.0000     0.0000     0.0000     0.0000     0.0000     0.0000     0.0000     0.0000     0.0000     0.0000     0.0000     0.0000     0.0000     0.0000     0.0000     0.0000     0.0000     0.0000     0.0000     0.0000     0.0000     0.0000     0.0000     0.0000     0.0000     0.0000     0.0000     0.0000     0.0000     0.0000     0.0000     0.0000     0.0000     0.0000     0.0000     0.0000     0.0000     0.0000     0.0000     0.0000     0.0000     0.0000     0.0000     0.0000     0.0000     0.0000     0.0000     0.0000     0.0000     0.0000     0.0000     0.0000     0.0000     0.0000     0.0000     0.0000     0.0000     0.0000     0.0000     0.0000     0.0000     0.0000     0.0000     0.0000     0.0000     0.0000     0.0000     0.0000     0.0000     0.0000     0.0000     0.0000     0.0000     0.0000     0.0000     0.0000     0.0000     0.0000     0.0000     0.0000     0.0000     0.0000     0.0000     0.0000     0.0000     0.0000     0.0000     0.0000     0.0000     0.0000     0.0000     0.0000     0.0000     0.0000     0.0000     0.0000     0.0000     0.0000     0.0000     0.0000     0.0000     0.0000     0.0000     0.0000     0.0000     0.0000     0.0000     0.0000     0.0000     0.0000     0.0000     0.0000     0.0000     0.0000     0.0000     0.0000     0.0000     0.0000     0.0000     0.0000     0.0000     0.0000     0.0000     0.0000     0.0000     0.0000     0.0000     0.0000     0.0000     0.0000     0.0000     0.0000     0.0000     0.0000     0.0000     0.0000     0.0000     0.0000     0.0000     0.0000     0.0000     0.0000     0.0000     0.0000     0.0000     0.0000     0.0000     0.0000     0.0000     0.0000     0.0000     0.0000     0.0000     0.0000     0.0000     0.0000     0.0000     0.0000     0.0000     0.0000     0.0000     0.0000     0.0000     0.0000     0.0000     0.0000     0.0000     0.0000     0.0000     0.0000     0.0000     0.0000     0.0000
    0.0000     0.0000     0.0000     0.0000     0.0000     0.0000     0.0000     0.0000     0.0000     0.0000     0.0000     0.0000     0.0000     0.0000     0.0000     0.0000     0.0000     0.0000     0.0000     0.0000     0.0000     0.0000     0.0000     0.0000     0.0000     0.0000     0.0000     0.0000     0.0000     0.0000     0.0000     0.0000     0.0000     0.0000     0.0000     0.0000     0.0000     0.0000     0.0000     0.0000     0.0000     0.0000     0.0000     0.0000     0.0000     0.0000     0.0000     0.0000     0.0000     0.0000     0.0000     0.0000     0.0000     0.0000     0.0000     0.0000     0.0000     0.0000     0.0000     0.0000     0.0000     0.0000     0.0000     0.0000     0.0000     0.0000     0.0000     0.0000     0.0000     0.0000     0.0000     0.0000     0.0000     0.0000     0.0000     0.0000     0.0000     0.0000     0.0000     0.0000     0.0000     0.0000     0.0000     0.0000     0.0000     0.0000     0.0000     0.0000     0.0000     0.0000     0.0000     0.0000     0.0000     0.0000     0.0000     0.0000     0.0000     0.0000     0.0000     0.0000     0.0000     0.0000     0.0000     0.0000     0.0000     0.0000     0.0000     0.0000     0.0000     0.0000     0.0000     0.0000     0.0000     0.0000     0.0000     0.0000     0.0000     0.0000     0.0000     0.0000     0.0000     0.0000     0.0000     0.0000     0.0000     0.0000     0.0000     0.0000     0.0000     0.0000     0.0000     0.0000     0.0000     0.0000     0.0000     0.0000     0.0000     0.0000     0.0000     0.0000     0.0000     0.0000     0.0000     0.0000     0.0000     0.0000     0.0000     0.0000     0.0000     0.0000     0.0000     0.0000     0.0000     0.0000     0.0000     0.0000     0.0000     0.0000     0.0000     0.0000     0.0000     0.0000     0.0000     0.0000     0.0000     0.0000     0.0000     0.0000     0.0000     0.0000     0.0000     0.0000     0.0000     0.0000     0.0000     0.0000     0.0000     0.0000     0.0000     0.0000     0.0000     0.0000     0.0000     0.0000     0.0000     0.0000     0.0000     0.0000     0.0000     0.0000     0.0000     0.0000     0.0000     0.0000     0.0000     0.0000     0.0000     0.0000     0.0000     0.0000     0.0000     0.0000     0.0000     0.0000     0.0000     0.0000     0.0000     0.0000     0.0000     0.0000     0.0000     0.0000     0.0000     0.0000     0.0000     0.0000     0.0000     0.0000     0.0000     0.0000     0.0000     0.0000     0.0000     0.0000     0.0000     0.0000     0.0000     0.0000     0.0000     0.0000     0.0000     0.0000     0.0000     0.0000     0.0000     0.0000     0.0000     0.0000     0.0000     0.0000     0.0000     0.0000     0.0000     0.0000     0.0000     0.0000     0.0000     0.0000     0.0000     0.0000     0.0000     0.0000     0.0000     0.0000     0.0000     0.0000
    0.0000     0.0000     0.0000     0.0000     0.0000     0.0000     0.0000     0.0000     0.0000     0.0000     0.0000     0.0000     0.0000     0.0000     0.0000     0.0000     0.0000     0.0000     0.0000     0.0000     0.0000     0.0000     0.0000     0.0000     0.0000     0.0000     0.0000     0.0000     0.0000     0.0000     0.0000     0.0000     0.0000     0.0000     0.0000     0.0000     0.0000     0.0000     0.0000     0.0000     0.0000     0.0000     0.0000     0.0000     0.0000     0.0000     0.0000     0.0000     0.0000     0.0000     0.0000     0.0000     0.0000     0.0000     0.0000     0.0000     0.0000     0.0000     0.0000     0.0000     0.0000     0.0000     0.0000     0.0000     0.0000     0.0000     0.0000     0.0000     0.0000     0.0000     0.0000     0.0000     0.0000     0.0000     0.0000     0.0000     0.0000     0.0000     0.0000     0.0000     0.0000     0.0000     0.0000     0.0000     0.0000     0.0000     0.0000     0.0000     0.0000     0.0000     0.0000     0.0000     0.0000     0.0000     0.0000     0.0000     0.0000     0.0000     0.0000     0.0000     0.0000     0.0000     0.0000     0.0000     0.0000     0.0000     0.0000     0.0000     0.0000     0.0000     0.0000     0.0000     0.0000     0.0000     0.0000     0.0000     0.0000     0.0000     0.0000     0.0000     0.0000     0.0000     0.0000     0.0000     0.0000     0.0000     0.0000     0.0000     0.0000     0.0000     0.0000     0.0000     0.0000     0.0000     0.0000     0.0000     0.0000     0.0000     0.0000     0.0000     0.0000     0.0000     0.0000     0.0000     0.0000     0.0000     0.0000     0.0000     0.0000     0.0000     0.0000     0.0000     0.0000     0.0000     0.0000     0.0000     0.0000     0.0000     0.0000     0.0000     0.0000     0.0000     0.0000     0.0000     0.0000     0.0000     0.0000     0.0000     0.0000     0.0000     0.0000     0.0000     0.0000     0.0000     0.0000     0.0000     0.0000     0.0000     0.0000     0.0000     0.0000     0.0000     0.0000     0.0000     0.0000     0.0000     0.0000     0.0000     0.0000     0.0000     0.0000     0.0000     0.0000     0.0000     0.0000     0.0000     0.0000     0.0000     0.0000     0.0000     0.0000     0.0000     0.0000     0.0000     0.0000     0.0000     0.0000     0.0000     0.0000     0.0000     0.0000     0.0000     0.0000     0.0000     0.0000     0.0000     0.0000     0.0000     0.0000     0.0000     0.0000     0.0000     0.0000     0.0000     0.0000     0.0000     0.0000     0.0000     0.0000     0.0000     0.0000     0.0000     0.0000     0.0000     0.0000     0.0000     0.0000     0.0000     0.0000     0.0000     0.0000     0.0000     0.0000     0.0000     0.0000     0.0000     0.0000     0.0000     0.0000     0.0000     0.0000     0.0000     0.0000     0.0000     0.0000     0.0000
    0.0000     0.0000     0.0000     0.0000     0.0000     0.0000     0.0000     0.0000     0.0000     0.0000     0.0000     0.0000     0.0000     0.0000     0.0000     0.0000     0.0000     0.0000     0.0000     0.0000     0.0000     0.0000     0.0000     0.0000     0.0000     0.0000     0.0000     0.0000     0.0000     0.0000     0.0000     0.0000     0.0000     0.0000     0.0000     0.0000     0.0000     0.0000     0.0000     0.0000     0.0000     0.0000     0.0000     0.0000     0.0000     0.0000     0.0000     0.0000     0.0000     0.0000     0.0000     0.0000     0.0000     0.0000     0.0000     0.0000     0.0000     0.0000     0.0000     0.0000     0.0000     0.0000     0.0000     0.0000     0.0000     0.0000     0.0000     0.0000     0.0000     0.0000     0.0000     0.0000     0.0000     0.0000     0.0000     0.0000     0.0000     0.0000     0.0000     0.0000     0.0000     0.0000     0.0000     0.0000     0.0000     0.0000     0.0000     0.0000     0.0000     0.0000     0.0000     0.0000     0.0000     0.0000     0.0000     0.0000     0.0000     0.0000     0.0000     0.0000     0.0000     0.0000     0.0000     0.0000     0.0000     0.0000     0.0000     0.0000     0.0000     0.0000     0.0000     0.0000     0.0000     0.0000     0.0000     0.0000     0.0000     0.0000     0.0000     0.0000     0.0000     0.0000     0.0000     0.0000     0.0000     0.0000     0.0000     0.0000     0.0000     0.0000     0.0000     0.0000     0.0000     0.0000     0.0000     0.0000     0.0000     0.0000     0.0000     0.0000     0.0000     0.0000     0.0000     0.0000     0.0000     0.0000     0.0000     0.0000     0.0000     0.0000     0.0000     0.0000     0.0000     0.0000     0.0000     0.0000     0.0000     0.0000     0.0000     0.0000     0.0000     0.0000     0.0000     0.0000     0.0000     0.0000     0.0000     0.0000     0.0000     0.0000     0.0000     0.0000     0.0000     0.0000     0.0000     0.0000     0.0000     0.0000     0.0000     0.0000     0.0000     0.0000     0.0000     0.0000     0.0000     0.0000     0.0000     0.0000     0.0000     0.0000     0.0000     0.0000     0.0000     0.0000     0.0000     0.0000     0.0000     0.0000     0.0000     0.0000     0.0000     0.0000     0.0000     0.0000     0.0000     0.0000     0.0000     0.0000     0.0000     0.0000     0.0000     0.0000     0.0000     0.0000     0.0000     0.0000     0.0000     0.0000     0.0000     0.0000     0.0000     0.0000     0.0000     0.0000     0.0000     0.0000     0.0000     0.0000     0.0000     0.0000     0.0000     0.0000     0.0000     0.0000     0.0000     0.0000     0.0000     0.0000     0.0000     0.0000     0.0000     0.0000     0.0000     0.0000     0.0000     0.0000     0.0000     0.0000     0.0000     0.0000     0.0000     0.0000     0.0000     0.0000     0.0000     0.0000
    0.0000     0.0000     0.0000     0.0000     0.0000     0.0000     0.0000     0.0000     0.0000     0.0000     0.0000     0.0000     0.0000     0.0000     0.0000     0.0000     0.0000     0.0000     0.0000     0.0000     0.0000     0.0000     0.0000     0.0000     0.0000     0.0000     0.0000     0.0000     0.0000     0.0000     0.0000     0.0000     0.0000     0.0000     0.0000     0.0000     0.0000     0.0000     0.0000     0.0000     0.0000     0.0000     0.0000     0.0000     0.0000     0.0000     0.0000     0.0000     0.0000     0.0000     0.0000     0.0000     0.0000     0.0000     0.0000     0.0000     0.0000     0.0000     0.0000     0.0000     0.0000     0.0000     0.0000     0.0000     0.0000     0.0000     0.0000     0.0000     0.0000     0.0000     0.0000     0.0000     0.0000     0.0000     0.0000     0.0000     0.0000     0.0000     0.0000     0.0000     0.0000     0.0000     0.0000     0.0000     0.0000     0.0000     0.0000     0.0000     0.0000     0.0000     0.0000     0.0000     0.0000     0.0000     0.0000     0.0000     0.0000     0.0000     0.0000     0.0000     0.0000     0.0000     0.0000     0.0000     0.0000     0.0000     0.0000     0.0000     0.0000     0.0000     0.0000     0.0000     0.0000     0.0000     0.0000     0.0000     0.0000     0.0000     0.0000     0.0000     0.0000     0.0000     0.0000     0.0000     0.0000     0.0000     0.0000     0.0000     0.0000     0.0000     0.0000     0.0000     0.0000     0.0000     0.0000     0.0000     0.0000     0.0000     0.0000     0.0000     0.0000     0.0000     0.0000     0.0000     0.0000     0.0000     0.0000     0.0000     0.0000     0.0000     0.0000     0.0000     0.0000     0.0000     0.0000     0.0000     0.0000     0.0000     0.0000     0.0000     0.0000     0.0000     0.0000     0.0000     0.0000     0.0000     0.0000     0.0000     0.0000     0.0000     0.0000     0.0000     0.0000     0.0000     0.0000     0.0000     0.0000     0.0000     0.0000     0.0000     0.0000     0.0000     0.0000     0.0000     0.0000     0.0000     0.0000     0.0000     0.0000     0.0000     0.0000     0.0000     0.0000     0.0000     0.0000     0.0000     0.0000     0.0000     0.0000     0.0000     0.0000     0.0000     0.0000     0.0000     0.0000     0.0000     0.0000     0.0000     0.0000     0.0000     0.0000     0.0000     0.0000     0.0000     0.0000     0.0000     0.0000     0.0000     0.0000     0.0000     0.0000     0.0000     0.0000     0.0000     0.0000     0.0000     0.0000     0.0000     0.0000     0.0000     0.0000     0.0000     0.0000     0.0000     0.0000     0.0000     0.0000     0.0000     0.0000     0.0000     0.0000     0.0000     0.0000     0.0000     0.0000     0.0000     0.0000     0.0000     0.0000     0.0000     0.0000     0.0000     0.0000     0.0000     0.0000     0.0000
    0.0000     0.0000     0.0000     0.0000     0.0000     0.0000     0.0000     0.0000     0.0000     0.0000     0.0000     0.0000     0.0000     0.0000     0.0000     0.0000     0.0000     0.0000     0.0000     0.0000     0.0000     0.0000     0.0000     0.0000     0.0000     0.0000     0.0000     0.0000     0.0000     0.0000     0.0000     0.0000     0.0000     0.0000     0.0000     0.0000     0.0000     0.0000     0.0000     0.0000     0.0000     0.0000     0.0000     0.0000     0.0000     0.0000     0.0000     0.0000     0.0000     0.0000     0.0000     0.0000     0.0000     0.0000     0.0000     0.0000     0.0000     0.0000     0.0000     0.0000     0.0000     0.0000     0.0000     0.0000     0.0000     0.0000     0.0000     0.0000     0.0000     0.0000     0.0000     0.0000     0.0000     0.0000     0.0000     0.0000     0.0000     0.0000     0.0000     0.0000     0.0000     0.0000     0.0000     0.0000     0.0000     0.0000     0.0000     0.0000     0.0000     0.0000     0.0000     0.0000     0.0000     0.0000     0.0000     0.0000     0.0000     0.0000     0.0000     0.0000     0.0000     0.0000     0.0000     0.0000     0.0000     0.0000     0.0000     0.0000     0.0000     0.0000     0.0000     0.0000     0.0000     0.0000     0.0000     0.0000     0.0000     0.0000     0.0000     0.0000     0.0000     0.0000     0.0000     0.0000     0.0000     0.0000     0.0000     0.0000     0.0000     0.0000     0.0000     0.0000     0.0000     0.0000     0.0000     0.0000     0.0000     0.0000     0.0000     0.0000     0.0000     0.0000     0.0000     0.0000     0.0000     0.0000     0.0000     0.0000     0.0000     0.0000     0.0000     0.0000     0.0000     0.0000     0.0000     0.0000     0.0000     0.0000     0.0000     0.0000     0.0000     0.0000     0.0000     0.0000     0.0000     0.0000     0.0000     0.0000     0.0000     0.0000     0.0000     0.0000     0.0000     0.0000     0.0000     0.0000     0.0000     0.0000     0.0000     0.0000     0.0000     0.0000     0.0000     0.0000     0.0000     0.0000     0.0000     0.0000     0.0000     0.0000     0.0000     0.0000     0.0000     0.0000     0.0000     0.0000     0.0000     0.0000     0.0000     0.0000     0.0000     0.0000     0.0000     0.0000     0.0000     0.0000     0.0000     0.0000     0.0000     0.0000     0.0000     0.0000     0.0000     0.0000     0.0000     0.0000     0.0000     0.0000     0.0000     0.0000     0.0000     0.0000     0.0000     0.0000     0.0000     0.0000     0.0000     0.0000     0.0000     0.0000     0.0000     0.0000     0.0000     0.0000     0.0000     0.0000     0.0000     0.0000     0.0000     0.0000     0.0000     0.0000     0.0000     0.0000     0.0000     0.0000     0.0000     0.0000     0.0000     0.0000     0.0000     0.0000     0.0000     0.0000     0.0000     0.0000
    0.0000     0.0000     0.0000     0.0000     0.0000     0.0000     0.0000     0.0000     0.0000     0.0000     0.0000     0.0000     0.0000     0.0000     0.0000     0.0000     0.0000     0.0000     0.0000     0.0000     0.0000     0.0000     0.0000     0.0000     0.0000     0.0000     0.0000     0.0000     0.0000     0.0000     0.0000     0.0000     0.0000     0.0000     0.0000     0.0000     0.0000     0.0000     0.0000     0.0000     0.0000     0.0000     0.0000     0.0000     0.0000     0.0000     0.0000     0.0000     0.0000     0.0000     0.0000     0.0000     0.0000     0.0000     0.0000     0.0000     0.0000     0.0000     0.0000     0.0000     0.0000     0.0000     0.0000     0.0000     0.0000     0.0000     0.0000     0.0000     0.0000     0.0000     0.0000     0.0000     0.0000     0.0000     0.0000     0.0000     0.0000     0.0000     0.0000     0.0000     0.0000     0.0000     0.0000     0.0000     0.0000     0.0000     0.0000     0.0000     0.0000     0.0000     0.0000     0.0000     0.0000     0.0000     0.0000     0.0000     0.0000     0.0000     0.0000     0.0000     0.0000     0.0000     0.0000     0.0000     0.0000     0.0000     0.0000     0.0000     0.0000     0.0000     0.0000     0.0000     0.0000     0.0000     0.0000     0.0000     0.0000     0.0000     0.0000     0.0000     0.0000     0.0000     0.0000     0.0000     0.0000     0.0000     0.0000     0.0000     0.0000     0.0000     0.0000     0.0000     0.0000     0.0000     0.0000     0.0000     0.0000     0.0000     0.0000     0.0000     0.0000     0.0000     0.0000     0.0000     0.0000     0.0000     0.0000     0.0000     0.0000     0.0000     0.0000     0.0000     0.0000     0.0000     0.0000     0.0000     0.0000     0.0000     0.0000     0.0000     0.0000     0.0000     0.0000     0.0000     0.0000     0.0000     0.0000     0.0000     0.0000     0.0000     0.0000     0.0000     0.0000     0.0000     0.0000     0.0000     0.0000     0.0000     0.0000     0.0000     0.0000     0.0000     0.0000     0.0000     0.0000     0.0000     0.0000     0.0000     0.0000     0.0000     0.0000     0.0000     0.0000     0.0000     0.0000     0.0000     0.0000     0.0000     0.0000     0.0000     0.0000     0.0000     0.0000     0.0000     0.0000     0.0000     0.0000     0.0000     0.0000     0.0000     0.0000     0.0000     0.0000     0.0000     0.0000     0.0000     0.0000     0.0000     0.0000     0.0000     0.0000     0.0000     0.0000     0.0000     0.0000     0.0000     0.0000     0.0000     0.0000     0.0000     0.0000     0.0000     0.0000     0.0000     0.0000     0.0000     0.0000     0.0000     0.0000     0.0000     0.0000     0.0000     0.0000     0.0000     0.0000     0.0000     0.0000     0.0000     0.0000     0.0000     0.0000     0.0000     0.0000     0.0000     0.0000     0.0000
    0.0000     0.0000     0.0000     0.0000     0.0000     0.0000     0.0000     0.0000     0.0000     0.0000     0.0000     0.0000     0.0000     0.0000     0.0000     0.0000     0.0000     0.0000     0.0000     0.0000     0.0000     0.0000     0.0000     0.0000     0.0000     0.0000     0.0000     0.0000     0.0000     0.0000     0.0000     0.0000     0.0000     0.0000     0.0000     0.0000     0.0000     0.0000     0.0000     0.0000     0.0000     0.0000     0.0000     0.0000     0.0000     0.0000     0.0000     0.0000     0.0000     0.0000     0.0000     0.0000     0.0000     0.0000     0.0000     0.0000     0.0000     0.0000     0.0000     0.0000     0.0000     0.0000     0.0000     0.0000     0.0000     0.0000     0.0000     0.0000     0.0000     0.0000     0.0000     0.0000     0.0000     0.0000     0.0000     0.0000     0.0000     0.0000     0.0000     0.0000     0.0000     0.0000     0.0000     0.0000     0.0000     0.0000     0.0000     0.0000     0.0000     0.0000     0.0000     0.0000     0.0000     0.0000     0.0000     0.0000     0.0000     0.0000     0.0000     0.0000     0.0000     0.0000     0.0000     0.0000     0.0000     0.0000     0.0000     0.0000     0.0000     0.0000     0.0000     0.0000     0.0000     0.0000     0.0000     0.0000     0.0000     0.0000     0.0000     0.0000     0.0000     0.0000     0.0000     0.0000     0.0000     0.0000     0.0000     0.0000     0.0000     0.0000     0.0000     0.0000     0.0000     0.0000     0.0000     0.0000     0.0000     0.0000     0.0000     0.0000     0.0000     0.0000     0.0000     0.0000     0.0000     0.0000     0.0000     0.0000     0.0000     0.0000     0.0000     0.0000     0.0000     0.0000     0.0000     0.0000     0.0000     0.0000     0.0000     0.0000     0.0000     0.0000     0.0000     0.0000     0.0000     0.0000     0.0000     0.0000     0.0000     0.0000     0.0000     0.0000     0.0000     0.0000     0.0000     0.0000     0.0000     0.0000     0.0000     0.0000     0.0000     0.0000     0.0000     0.0000     0.0000     0.0000     0.0000     0.0000     0.0000     0.0000     0.0000     0.0000     0.0000     0.0000     0.0000     0.0000     0.0000     0.0000     0.0000     0.0000     0.0000     0.0000     0.0000     0.0000     0.0000     0.0000     0.0000     0.0000     0.0000     0.0000     0.0000     0.0000     0.0000     0.0000     0.0000     0.0000     0.0000     0.0000     0.0000     0.0000     0.0000     0.0000     0.0000     0.0000     0.0000     0.0000     0.0000     0.0000     0.0000     0.0000     0.0000     0.0000     0.0000     0.0000     0.0000     0.0000     0.0000     0.0000     0.0000     0.0000     0.0000     0.0000     0.0000     0.0000     0.0000     0.0000     0.0000     0.0000     0.0000     0.0000     0.0000     0.0000     0.0000     0.0000     0.0000     0.0000
    0.0000     0.0000     0.0000     0.0000     0.0000     0.0000     0.0000     0.0000     0.0000     0.0000     0.0000     0.0000     0.0000     0.0000     0.0000     0.0000     0.0000     0.0000     0.0000     0.0000     0.0000     0.0000     0.0000     0.0000     0.0000     0.0000     0.0000     0.0000     0.0000     0.0000     0.0000     0.0000     0.0000     0.0000     0.0000     0.0000     0.0000     0.0000     0.0000     0.0000     0.0000     0.0000     0.0000     0.0000     0.0000     0.0000     0.0000     0.0000     0.0000     0.0000     0.0000     0.0000     0.0000     0.0000     0.0000     0.0000     0.0000     0.0000     0.0000     0.0000     0.0000     0.0000     0.0000     0.0000     0.0000     0.0000     0.0000     0.0000     0.0000     0.0000     0.0000     0.0000     0.0000     0.0000     0.0000     0.0000     0.0000     0.0000     0.0000     0.0000     0.0000     0.0000     0.0000     0.0000     0.0000     0.0000     0.0000     0.0000     0.0000     0.0000     0.0000     0.0000     0.0000     0.0000     0.0000     0.0000     0.0000     0.0000     0.0000     0.0000     0.0000     0.0000     0.0000     0.0000     0.0000     0.0000     0.0000     0.0000     0.0000     0.0000     0.0000     0.0000     0.0000     0.0000     0.0000     0.0000     0.0000     0.0000     0.0000     0.0000     0.0000     0.0000     0.0000     0.0000     0.0000     0.0000     0.0000     0.0000     0.0000     0.0000     0.0000     0.0000     0.0000     0.0000     0.0000     0.0000     0.0000     0.0000     0.0000     0.0000     0.0000     0.0000     0.0000     0.0000     0.0000     0.0000     0.0000     0.0000     0.0000     0.0000     0.0000     0.0000     0.0000     0.0000     0.0000     0.0000     0.0000     0.0000     0.0000     0.0000     0.0000     0.0000     0.0000     0.0000     0.0000     0.0000     0.0000     0.0000     0.0000     0.0000     0.0000     0.0000     0.0000     0.0000     0.0000     0.0000     0.0000     0.0000     0.0000     0.0000     0.0000     0.0000     0.0000     0.0000     0.0000     0.0000     0.0000     0.0000     0.0000     0.0000     0.0000     0.0000     0.0000     0.0000     0.0000     0.0000     0.0000     0.0000     0.0000     0.0000     0.0000     0.0000     0.0000     0.0000     0.0000     0.0000     0.0000     0.0000     0.0000     0.0000     0.0000     0.0000     0.0000     0.0000     0.0000     0.0000     0.0000     0.0000     0.0000     0.0000     0.0000     0.0000     0.0000     0.0000     0.0000     0.0000     0.0000     0.0000     0.0000     0.0000     0.0000     0.0000     0.0000     0.0000     0.0000     0.0000     0.0000     0.0000     0.0000     0.0000     0.0000     0.0000     0.0000     0.0000     0.0000     0.0000     0.0000     0.0000     0.0000     0.0000     0.0000     0.0000     0.0000     0.0000     0.0000     0.0000
    0.0000     0.0000     0.0000     0.0000     0.0000     0.0000     0.0000     0.0000     0.0000     0.0000     0.0000     0.0000     0.0000     0.0000     0.0000     0.0000     0.0000     0.0000     0.0000     0.0000     0.0000     0.0000     0.0000     0.0000     0.0000     0.0000     0.0000     0.0000     0.0000     0.0000     0.0000     0.0000     0.0000     0.0000     0.0000     0.0000     0.0000     0.0000     0.0000     0.0000     0.0000     0.0000     0.0000     0.0000     0.0000     0.0000     0.0000     0.0000     0.0000     0.0000     0.0000     0.0000     0.0000     0.0000     0.0000     0.0000     0.0000     0.0000     0.0000     0.0000     0.0000     0.0000     0.0000     0.0000     0.0000     0.0000     0.0000     0.0000     0.0000     0.0000     0.0000     0.0000     0.0000     0.0000     0.0000     0.0000     0.0000     0.0000     0.0000     0.0000     0.0000     0.0000     0.0000     0.0000     0.0000     0.0000     0.0000     0.0000     0.0000     0.0000     0.0000     0.0000     0.0000     0.0000     0.0000     0.0000     0.0000     0.0000     0.0000     0.0000     0.0000     0.0000     0.0000     0.0000     0.0000     0.0000     0.0000     0.0000     0.0000     0.0000     0.0000     0.0000     0.0000     0.0000     0.0000     0.0000     0.0000     0.0000     0.0000     0.0000     0.0000     0.0000     0.0000     0.0000     0.0000     0.0000     0.0000     0.0000     0.0000     0.0000     0.0000     0.0000     0.0000     0.0000     0.0000     0.0000     0.0000     0.0000     0.0000     0.0000     0.0000     0.0000     0.0000     0.0000     0.0000     0.0000     0.0000     0.0000     0.0000     0.0000     0.0000     0.0000     0.0000     0.0000     0.0000     0.0000     0.0000     0.0000     0.0000     0.0000     0.0000     0.0000     0.0000     0.0000     0.0000     0.0000     0.0000     0.0000     0.0000     0.0000     0.0000     0.0000     0.0000     0.0000     0.0000     0.0000     0.0000     0.0000     0.0000     0.0000     0.0000     0.0000     0.0000     0.0000     0.0000     0.0000     0.0000     0.0000     0.0000     0.0000     0.0000     0.0000     0.0000     0.0000     0.0000     0.0000     0.0000     0.0000     0.0000     0.0000     0.0000     0.0000     0.0000     0.0000     0.0000     0.0000     0.0000     0.0000     0.0000     0.0000     0.0000     0.0000     0.0000     0.0000     0.0000     0.0000     0.0000     0.0000     0.0000     0.0000     0.0000     0.0000     0.0000     0.0000     0.0000     0.0000     0.0000     0.0000     0.0000     0.0000     0.0000     0.0000     0.0000     0.0000     0.0000     0.0000     0.0000     0.0000     0.0000     0.0000     0.0000     0.0000     0.0000     0.0000     0.0000     0.0000     0.0000     0.0000     0.0000     0.0000     0.0000     0.0000     0.0000     0.0000     0.0000     0.0000
    0.0000     0.0000     0.0000     0.0000     0.0000     0.0000     0.0000     0.0000     0.0000     0.0000     0.0000     0.0000     0.0000     0.0000     0.0000     0.0000     0.0000     0.0000     0.0000     0.0000     0.0000     0.0000     0.0000     0.0000     0.0000     0.0000     0.0000     0.0000     0.0000     0.0000     0.0000     0.0000     0.0000     0.0000     0.0000     0.0000     0.0000     0.0000     0.0000     0.0000     0.0000     0.0000     0.0000     0.0000     0.0000     0.0000     0.0000     0.0000     0.0000     0.0000     0.0000     0.0000     0.0000     0.0000     0.0000     0.0000     0.0000     0.0000     0.0000     0.0000     0.0000     0.0000     0.0000     0.0000     0.0000     0.0000     0.0000     0.0000     0.0000     0.0000     0.0000     0.0000     0.0000     0.0000     0.0000     0.0000     0.0000     0.0000     0.0000     0.0000     0.0000     0.0000     0.0000     0.0000     0.0000     0.0000     0.0000     0.0000     0.0000     0.0000     0.0000     0.0000     0.0000     0.0000     0.0000     0.0000     0.0000     0.0000     0.0000     0.0000     0.0000     0.0000     0.0000     0.0000     0.0000     0.0000     0.0000     0.0000     0.0000     0.0000     0.0000     0.0000     0.0000     0.0000     0.0000     0.0000     0.0000     0.0000     0.0000     0.0000     0.0000     0.0000     0.0000     0.0000     0.0000     0.0000     0.0000     0.0000     0.0000     0.0000     0.0000     0.0000     0.0000     0.0000     0.0000     0.0000     0.0000     0.0000     0.0000     0.0000     0.0000     0.0000     0.0000     0.0000     0.0000     0.0000     0.0000     0.0000     0.0000     0.0000     0.0000     0.0000     0.0000     0.0000     0.0000     0.0000     0.0000     0.0000     0.0000     0.0000     0.0000     0.0000     0.0000     0.0000     0.0000     0.0000     0.0000     0.0000     0.0000     0.0000     0.0000     0.0000     0.0000     0.0000     0.0000     0.0000     0.0000     0.0000     0.0000     0.0000     0.0000     0.0000     0.0000     0.0000     0.0000     0.0000     0.0000     0.0000     0.0000     0.0000     0.0000     0.0000     0.0000     0.0000     0.0000     0.0000     0.0000     0.0000     0.0000     0.0000     0.0000     0.0000     0.0000     0.0000     0.0000     0.0000     0.0000     0.0000     0.0000     0.0000     0.0000     0.0000     0.0000     0.0000     0.0000     0.0000     0.0000     0.0000     0.0000     0.0000     0.0000     0.0000     0.0000     0.0000     0.0000     0.0000     0.0000     0.0000     0.0000     0.0000     0.0000     0.0000     0.0000     0.0000     0.0000     0.0000     0.0000     0.0000     0.0000     0.0000     0.0000     0.0000     0.0000     0.0000     0.0000     0.0000     0.0000     0.0000     0.0000     0.0000     0.0000     0.0000     0.0000     0.0000     0.0000     0.0000
    0.0000     0.0000     0.0000     0.0000     0.0000     0.0000     0.0000     0.0000     0.0000     0.0000     0.0000     0.0000     0.0000     0.0000     0.0000     0.0000     0.0000     0.0000     0.0000     0.0000     0.0000     0.0000     0.0000     0.0000     0.0000     0.0000     0.0000     0.0000     0.0000     0.0000     0.0000     0.0000     0.0000     0.0000     0.0000     0.0000     0.0000     0.0000     0.0000     0.0000     0.0000     0.0000     0.0000     0.0000     0.0000     0.0000     0.0000     0.0000     0.0000     0.0000     0.0000     0.0000     0.0000     0.0000     0.0000     0.0000     0.0000     0.0000     0.0000     0.0000     0.0000     0.0000     0.0000     0.0000     0.0000     0.0000     0.0000     0.0000     0.0000     0.0000     0.0000     0.0000     0.0000     0.0000     0.0000     0.0000     0.0000     0.0000     0.0000     0.0000     0.0000     0.0000     0.0000     0.0000     0.0000     0.0000     0.0000     0.0000     0.0000     0.0000     0.0000     0.0000     0.0000     0.0000     0.0000     0.0000     0.0000     0.0000     0.0000     0.0000     0.0000     0.0000     0.0000     0.0000     0.0000     0.0000     0.0000     0.0000     0.0000     0.0000     0.0000     0.0000     0.0000     0.0000     0.0000     0.0000     0.0000     0.0000     0.0000     0.0000     0.0000     0.0000     0.0000     0.0000     0.0000     0.0000     0.0000     0.0000     0.0000     0.0000     0.0000     0.0000     0.0000     0.0000     0.0000     0.0000     0.0000     0.0000     0.0000     0.0000     0.0000     0.0000     0.0000     0.0000     0.0000     0.0000     0.0000     0.0000     0.0000     0.0000     0.0000     0.0000     0.0000     0.0000     0.0000     0.0000     0.0000     0.0000     0.0000     0.0000     0.0000     0.0000     0.0000     0.0000     0.0000     0.0000     0.0000     0.0000     0.0000     0.0000     0.0000     0.0000     0.0000     0.0000     0.0000     0.0000     0.0000     0.0000     0.0000     0.0000     0.0000     0.0000     0.0000     0.0000     0.0000     0.0000     0.0000     0.0000     0.0000     0.0000     0.0000     0.0000     0.0000     0.0000     0.0000     0.0000     0.0000     0.0000     0.0000     0.0000     0.0000     0.0000     0.0000     0.0000     0.0000     0.0000     0.0000     0.0000     0.0000     0.0000     0.0000     0.0000     0.0000     0.0000     0.0000     0.0000     0.0000     0.0000     0.0000     0.0000     0.0000     0.0000     0.0000     0.0000     0.0000     0.0000     0.0000     0.0000     0.0000     0.0000     0.0000     0.0000     0.0000     0.0000     0.0000     0.0000     0.0000     0.0000     0.0000     0.0000     0.0000     0.0000     0.0000     0.0000     0.0000     0.0000     0.0000     0.0000     0.0000     0.0000     0.0000     0.0000     0.0000     0.0000     0.0000     0.0000
    0.0000     0.0000     0.0000     0.0000     0.0000     0.0000     0.0000     0.0000     0.0000     0.0000     0.0000     0.0000     0.0000     0.0000     0.0000     0.0000     0.0000     0.0000     0.0000     0.0000     0.0000     0.0000     0.0000     0.0000     0.0000     0.0000     0.0000     0.0000     0.0000     0.0000     0.0000     0.0000     0.0000     0.0000     0.0000     0.0000     0.0000     0.0000     0.0000     0.0000     0.0000     0.0000     0.0000     0.0000     0.0000     0.0000     0.0000     0.0000     0.0000     0.0000     0.0000     0.0000     0.0000     0.0000     0.0000     0.0000     0.0000     0.0000     0.0000     0.0000     0.0000     0.0000     0.0000     0.0000     0.0000     0.0000     0.0000     0.0000     0.0000     0.0000     0.0000     0.0000     0.0000     0.0000     0.0000     0.0000     0.0000     0.0000     0.0000     0.0000     0.0000     0.0000     0.0000     0.0000     0.0000     0.0000     0.0000     0.0000     0.0000     0.0000     0.0000     0.0000     0.0000     0.0000     0.0000     0.0000     0.0000     0.0000     0.0000     0.0000     0.0000     0.0000     0.0000     0.0000     0.0000     0.0000     0.0000     0.0000     0.0000     0.0000     0.0000     0.0000     0.0000     0.0000     0.0000     0.0000     0.0000     0.0000     0.0000     0.0000     0.0000     0.0000     0.0000     0.0000     0.0000     0.0000     0.0000     0.0000     0.0000     0.0000     0.0000     0.0000     0.0000     0.0000     0.0000     0.0000     0.0000     0.0000     0.0000     0.0000     0.0000     0.0000     0.0000     0.0000     0.0000     0.0000     0.0000     0.0000     0.0000     0.0000     0.0000     0.0000     0.0000     0.0000     0.0000     0.0000     0.0000     0.0000     0.0000     0.0000     0.0000     0.0000     0.0000     0.0000     0.0000     0.0000     0.0000     0.0000     0.0000     0.0000     0.0000     0.0000     0.0000     0.0000     0.0000     0.0000     0.0000     0.0000     0.0000     0.0000     0.0000     0.0000     0.0000     0.0000     0.0000     0.0000     0.0000     0.0000     0.0000     0.0000     0.0000     0.0000     0.0000     0.0000     0.0000     0.0000     0.0000     0.0000     0.0000     0.0000     0.0000     0.0000     0.0000     0.0000     0.0000     0.0000     0.0000     0.0000     0.0000     0.0000     0.0000     0.0000     0.0000     0.0000     0.0000     0.0000     0.0000     0.0000     0.0000     0.0000     0.0000     0.0000     0.0000     0.0000     0.0000     0.0000     0.0000     0.0000     0.0000     0.0000     0.0000     0.0000     0.0000     0.0000     0.0000     0.0000     0.0000     0.0000     0.0000     0.0000     0.0000     0.0000     0.0000     0.0000     0.0000     0.0000     0.0000     0.0000     0.0000     0.0000     0.0000     0.0000     0.0000     0.0000     0.0000     0.0000
    0.0000     0.0000     0.0000     0.0000     0.0000     0.0000     0.0000     0.0000     0.0000     0.0000     0.0000     0.0000     0.0000     0.0000     0.0000     0.0000     0.0000     0.0000     0.0000     0.0000     0.0000     0.0000     0.0000     0.0000     0.0000     0.0000     0.0000     0.0000     0.0000     0.0000     0.0000     0.0000     0.0000     0.0000     0.0000     0.0000     0.0000     0.0000     0.0000     0.0000     0.0000     0.0000     0.0000     0.0000     0.0000     0.0000     0.0000     0.0000     0.0000     0.0000     0.0000     0.0000     0.0000     0.0000     0.0000     0.0000     0.0000     0.0000     0.0000     0.0000     0.0000     0.0000     0.0000     0.0000     0.0000     0.0000     0.0000     0.0000     0.0000     0.0000     0.0000     0.0000     0.0000     0.0000     0.0000     0.0000     0.0000     0.0000     0.0000     0.0000     0.0000     0.0000     0.0000     0.0000     0.0000     0.0000     0.0000     0.0000     0.0000     0.0000     0.0000     0.0000     0.0000     0.0000     0.0000     0.0000     0.0000     0.0000     0.0000     0.0000     0.0000     0.0000     0.0000     0.0000     0.0000     0.0000     0.0000     0.0000     0.0000     0.0000     0.0000     0.0000     0.0000     0.0000     0.0000     0.0000     0.0000     0.0000     0.0000     0.0000     0.0000     0.0000     0.0000     0.0000     0.0000     0.0000     0.0000     0.0000     0.0000     0.0000     0.0000     0.0000     0.0000     0.0000     0.0000     0.0000     0.0000     0.0000     0.0000     0.0000     0.0000     0.0000     0.0000     0.0000     0.0000     0.0000     0.0000     0.0000     0.0000     0.0000     0.0000     0.0000     0.0000     0.0000     0.0000     0.0000     0.0000     0.0000     0.0000     0.0000     0.0000     0.0000     0.0000     0.0000     0.0000     0.0000     0.0000     0.0000     0.0000     0.0000     0.0000     0.0000     0.0000     0.0000     0.0000     0.0000     0.0000     0.0000     0.0000     0.0000     0.0000     0.0000     0.0000     0.0000     0.0000     0.0000     0.0000     0.0000     0.0000     0.0000     0.0000     0.0000     0.0000     0.0000     0.0000     0.0000     0.0000     0.0000     0.0000     0.0000     0.0000     0.0000     0.0000     0.0000     0.0000     0.0000     0.0000     0.0000     0.0000     0.0000     0.0000     0.0000     0.0000     0.0000     0.0000     0.0000     0.0000     0.0000     0.0000     0.0000     0.0000     0.0000     0.0000     0.0000     0.0000     0.0000     0.0000     0.0000     0.0000     0.0000     0.0000     0.0000     0.0000     0.0000     0.0000     0.0000     0.0000     0.0000     0.0000     0.0000     0.0000     0.0000     0.0000     0.0000     0.0000     0.0000     0.0000     0.0000     0.0000     0.0000     0.0000     0.0000     0.0000     0.0000     0.0000     0.0000
    0.0000     0.0000     0.0000     0.0000     0.0000     0.0000     0.0000     0.0000     0.0000     0.0000     0.0000     0.0000     0.0000     0.0000     0.0000     0.0000     0.0000     0.0000     0.0000     0.0000     0.0000     0.0000     0.0000     0.0000     0.0000     0.0000     0.0000     0.0000     0.0000     0.0000     0.0000     0.0000     0.0000     0.0000     0.0000     0.0000     0.0000     0.0000     0.0000     0.0000     0.0000     0.0000     0.0000     0.0000     0.0000     0.0000     0.0000     0.0000     0.0000     0.0000     0.0000     0.0000     0.0000     0.0000     0.0000     0.0000     0.0000     0.0000     0.0000     0.0000     0.0000     0.0000     0.0000     0.0000     0.0000     0.0000     0.0000     0.0000     0.0000     0.0000     0.0000     0.0000     0.0000     0.0000     0.0000     0.0000     0.0000     0.0000     0.0000     0.0000     0.0000     0.0000     0.0000     0.0000     0.0000     0.0000     0.0000     0.0000     0.0000     0.0000     0.0000     0.0000     0.0000     0.0000     0.0000     0.0000     0.0000     0.0000     0.0000     0.0000     0.0000     0.0000     0.0000     0.0000     0.0000     0.0000     0.0000     0.0000     0.0000     0.0000     0.0000     0.0000     0.0000     0.0000     0.0000     0.0000     0.0000     0.0000     0.0000     0.0000     0.0000     0.0000     0.0000     0.0000     0.0000     0.0000     0.0000     0.0000     0.0000     0.0000     0.0000     0.0000     0.0000     0.0000     0.0000     0.0000     0.0000     0.0000     0.0000     0.0000     0.0000     0.0000     0.0000     0.0000     0.0000     0.0000     0.0000     0.0000     0.0000     0.0000     0.0000     0.0000     0.0000     0.0000     0.0000     0.0000     0.0000     0.0000     0.0000     0.0000     0.0000     0.0000     0.0000     0.0000     0.0000     0.0000     0.0000     0.0000     0.0000     0.0000     0.0000     0.0000     0.0000     0.0000     0.0000     0.0000     0.0000     0.0000     0.0000     0.0000     0.0000     0.0000     0.0000     0.0000     0.0000     0.0000     0.0000     0.0000     0.0000     0.0000     0.0000     0.0000     0.0000     0.0000     0.0000     0.0000     0.0000     0.0000     0.0000     0.0000     0.0000     0.0000     0.0000     0.0000     0.0000     0.0000     0.0000     0.0000     0.0000     0.0000     0.0000     0.0000     0.0000     0.0000     0.0000     0.0000     0.0000     0.0000     0.0000     0.0000     0.0000     0.0000     0.0000     0.0000     0.0000     0.0000     0.0000     0.0000     0.0000     0.0000     0.0000     0.0000     0.0000     0.0000     0.0000     0.0000     0.0000     0.0000     0.0000     0.0000     0.0000     0.0000     0.0000     0.0000     0.0000     0.0000     0.0000     0.0000     0.0000     0.0000     0.0000     0.0000     0.0000     0.0000     0.0000     0.0000
{"varName":"tauSteadyFPTex","savedAt":"2026-05-18T12:17:10.336Z","value":{"__backupType":"texture2D","w":64,"h":54,"dim":4,"format":[6408,34836,5126],"unit":27,"program":12,"data":[2.2000772953033447,2.910187005996704,0,27.63102149963379,2.1503517627716064,2.5743963718414307,0,27.63102149963379,2.099196434020996,2.238605499267578,0,27.63102149963379,2.047290563583374,2.686326503753662,0,27.63102149963379,1.9950031042099,2.1266751289367676,0,27.63102149963379,1.9429887533187866,2.238605499267578,0,27.63102149963379,1.8909916877746582,2.3505356311798096,0,27.63102149963379,1.839759349822998,2.686326503753662,0,27.63102149963379,1.7892338037490845,2.014744997024536,0,27.63102149963379,1.7396411895751953,2.686326503753662,0,27.63102149963379,1.6911886930465698,2.3505356311798096,0,27.63102149963379,1.644120693206787,2.238605499267578,0,27.63102149963379,1.5984148979187012,2.014744997024536,0,27.63102149963379,1.5542560815811157,2.1266751289367676,0,27.63102149963379,1.511643648147583,1.9028146266937256,0,27.63102149963379,1.470658540725708,1.9028146266937256,0,27.63102149963379,1.4312702417373657,1.455093502998352,0,27.63102149963379,1.3934837579727173,1.119302749633789,0,27.63102149963379,1.3573100566864014,0.6715816259384155,0,27.63102149963379,1.3227015733718872,1.119302749633789,0,27.63102149963379,1.2896231412887573,1.6789541244506836,0,27.63102149963379,1.2580335140228271,2.014744997024536,0,27.63102149963379,1.2278801202774048,1.23123300075531,0,27.63102149963379,1.1991076469421387,0.8954421877861023,0,27.63102149963379,1.1716399192810059,1.343163251876831,0,27.63102149963379,1.1454074382781982,1.119302749633789,0,27.63102149963379,1.1203380823135376,1.119302749633789,0,27.63102149963379,1.0963364839553833,1.119302749633789,0,27.63102149963379,1.0733141899108887,1.9028146266937256,0,27.63102149963379,1.0511740446090698,1.5670238733291626,0,27.63102149963379,1.0298181772232056,0.33579081296920776,0,27.63102149963379,1.009141445159912,1.23123300075531,0,27.63102149963379,0.9890291690826416,0.6715816259384155,0,27.63102149963379,0.969366192817688,0.6715816259384155,0,27.63102149963379,0.9500259160995483,0.6715816259384155,0,27.63102149963379,0.9308786392211914,0.33579081296920776,0,27.63102149963379,0.9117866158485413,0.7835119366645813,0,27.63102149963379,0.8926044702529907,0.22386054694652557,0,27.63102149963379,0.8731840252876282,0.6715816259384155,0,27.63102149963379,0.8533687591552734,0.33579081296920776,0,27.63102149963379,0.8329964876174927,0.22386054694652557,0,27.63102149963379,0.8118987679481506,0.22386054694652557,0,27.63102149963379,0.7899064421653748,0.22386054694652557,0,27.63102149963379,0.7668471336364746,0,0,27.63102149963379,0.7425481677055359,0.6715816259384155,0,27.63102149963379,0.716841995716095,0.11193027347326279,0,27.63102149963379,0.6895614266395569,0.33579081296920776,0,27.63102149963379,0.6605538129806519,0.11193027347326279,0,27.63102149963379,0.6296749711036682,0.22386054694652557,0,27.63102149963379,0.596801221370697,0.22386054694652557,0,27.63102149963379,0.5618359446525574,0.22386054694652557,0,27.63102149963379,0.5247079730033875,0.33579081296920776,0,27.63102149963379,0.48537904024124146,0.11193027347326279,0,27.63102149963379,0.44385793805122375,0.22386054694652557,0,27.63102149963379,0.40020227432250977,0.44772109389305115,0,27.63102149963379,0.3545215129852295,0,0,27.63102149963379,0.3069799840450287,0,0,27.63102149963379,0.25780627131462097,0.11193027347326279,0,27.63102149963379,0.20729336142539978,0.11193027347326279,0,27.63102149963379,0.15581561625003815,0.11193027347326279,0,27.63102149963379,0.10377360135316849,0.11193027347326279,0,27.63102149963379,0.05165751278400421,0,0,27.63102149963379,4.519440821582066e-9,0.11193027347326279,0,27.63102149963379,2.2000773598762624e-12,0.11193027347326279,0,27.63102149963379,1.3998308181762695,1.8974734544754028,0,27.63102149963379,1.4014580249786377,1.9923471212387085,0,27.63102149963379,1.4039055109024048,2.1820945739746094,0,27.63102149963379,1.407394528388977,2.0872209072113037,0,27.63102149963379,1.411889672279358,1.8974734544754028,0,27.63102149963379,1.4175649881362915,1.8974734544754028,0,27.63102149963379,1.4243907928466797,2.9410839080810547,0,27.63102149963379,1.4324785470962524,2.1820945739746094,0,27.63102149963379,1.4418835639953613,3.130831241607666,0,27.63102149963379,1.4124025106430054,2.7513365745544434,0,27.63102149963379,1.3839879035949707,1.7077261209487915,0,27.63102149963379,1.356602668762207,1.8974734544754028,0,27.63102149963379,1.3302416801452637,1.6128524541854858,0,27.63102149963379,1.304853081703186,2.1820945739746094,0,27.63102149963379,1.2804073095321655,1.7077261209487915,0,27.63102149963379,1.2568634748458862,2.0872209072113037,0,27.63102149963379,1.2341748476028442,1.9923471212387085,0,27.63102149963379,1.2122970819473267,1.5179787874221802,0,27.63102149963379,1.1911808252334595,1.3282314538955688,0,27.63102149963379,1.170782446861267,1.2333577871322632,0,27.63102149963379,1.1510324478149414,0.6641157269477844,0,27.63102149963379,1.131882667541504,1.3282314538955688,0,27.63102149963379,1.1132655143737793,0.7589893937110901,0,27.63102149963379,1.0951272249221802,0.5692420601844788,0,27.63102149963379,1.0773937702178955,0.9487367272377014,0,27.63102149963379,1.059996247291565,0.8538630604743958,0,27.63102149963379,1.0428698062896729,1.2333577871322632,0,27.63102149963379,1.0259315967559814,0.9487367272377014,0,27.63102149963379,1.0091099739074707,0.4743683636188507,0,27.63102149963379,0.9923194646835327,0.9487367272377014,0,27.63102149963379,0.9754772186279297,0.4743683636188507,0,27.63102149963379,0.9584953188896179,0.4743683636188507,0,27.63102149963379,0.9412846565246582,0.6641157269477844,0,27.63102149963379,0.9237564206123352,0.5692420601844788,0,27.63102149963379,0.9058143496513367,0.4743683636188507,0,27.63102149963379,0.887362003326416,0.2846210300922394,0,27.63102149963379,0.8683041930198669,0.5692420601844788,0,27.63102149963379,0.848548948764801,0.2846210300922394,0,27.63102149963379,0.8279938101768494,0.37949469685554504,0,27.63102149963379,0.8065464496612549,0.2846210300922394,0,27.63102149963379,0.7841171622276306,0.2846210300922394,0,27.63102149963379,0.7606141567230225,0.37949469685554504,0,27.63102149963379,0.7359579205513,0,0,27.63102149963379,0.7100725173950195,0.18974734842777252,0,27.63102149963379,0.6828868985176086,0.4743683636188507,0,27.63102149963379,0.6543503999710083,0,0,27.63102149963379,0.624424159526825,0,0,27.63102149963379,0.5930702090263367,0.09487367421388626,0,27.63102149963379,0.5602833032608032,0.09487367421388626,0,27.63102149963379,0.5260664224624634,0.09487367421388626,0,27.63102149963379,0.4904574155807495,0,0,27.63102149963379,0.4535016417503357,0.09487367421388626,0,27.63102149963379,0.41527754068374634,0.09487367421388626,0,27.63102149963379,0.3758825361728668,0.09487367421388626,0,27.63102149963379,0.33550649881362915,0,0,27.63102149963379,0.2942277193069458,0,0,27.63102149963379,0.25226813554763794,0,0,27.63102149963379,0.20984837412834167,0.09487367421388626,0,27.63102149963379,0.16720692813396454,0,0,27.63102149963379,0.12460850179195404,0.18974734842777252,0,27.63102149963379,0.08233817666769028,0,0,27.63102149963379,0.040697451680898666,0,0,27.63102149963379,2.337859017487176e-9,0,0,27.63102149963379,1.4418835049545553e-12,0.09487367421388626,0,27.63102149963379,3.722291946411133,2.3189408779144287,0,27.63221549987793,3.717848300933838,3.1216511726379395,0,27.63221549987793,3.649125099182129,2.1405608654022217,0,27.63221549987793,3.532391309738159,2.9432711601257324,0,27.63221549987793,3.3767387866973877,2.5865111351013184,0,27.63221549987793,3.1916751861572266,2.5865111351013184,0,27.63221549987793,2.986445188522339,2.497321128845215,0,27.63221549987793,2.769528388977051,1.9621808528900146,0,27.63221549987793,2.5483157634735107,2.229750871658325,0,27.63221549987793,2.3289220333099365,1.783800721168518,0,27.63221549987793,2.1161556243896484,1.6054205894470215,0,27.63221549987793,1.9135762453079224,1.783800721168518,0,27.63221549987793,1.7236214876174927,1.337850570678711,0,27.63221549987793,1.5477646589279175,1.6054205894470215,0,27.63221549987793,1.3866963386535645,1.516230583190918,0,27.63221549987793,1.2404948472976685,1.6946107149124146,0,27.63221549987793,1.1087827682495117,1.9621808528900146,0,27.63221549987793,0.9908645153045654,1.1594704389572144,0,27.63221549987793,0.8858358860015869,2.4081308841705322,0,27.63221549987793,0.7926760315895081,1.337850570678711,0,27.63221549987793,0.7103180289268494,1.1594704389572144,0,27.63221549987793,0.6376936435699463,0.6243302822113037,0,27.63221549987793,0.5737741589546204,0.891900360584259,0,27.63221549987793,0.5175901651382446,0.8027102947235107,0,27.63221549987793,0.46824589371681213,0.6243302822113037,0,27.63221549987793,0.42492422461509705,1.0702804327011108,0,27.63221549987793,0.386889785528183,0.4459501802921295,0,27.63221549987793,0.35348546504974365,0.8027102947235107,0,27.63221549987793,0.32412904500961304,0.8027102947235107,0,27.63221549987793,0.298307329416275,0.9810904264450073,0,27.63221549987793,0.27556994557380676,0.4459501802921295,0,27.63221549987793,0.2555220425128937,0.0891900360584259,0,27.63221549987793,0.23781853914260864,0.3567601442337036,0,27.63221549987793,0.22215664386749268,0.4459501802921295,0,27.63221549987793,0.20827379822731018,0.2675701081752777,0,27.63221549987793,0.19593875110149384,0.1783800721168518,0,27.63221549987793,0.18494732677936554,0.2675701081752777,0,27.63221549987793,0.17511950433254242,0.5351402163505554,0,27.63221549987793,0.16629379987716675,0.0891900360584259,0,27.63221549987793,0.15833313763141632,0,0,27.63221549987793,0.15109652280807495,0.1783800721168518,0,27.63221549987793,0.14446765184402466,0.0891900360584259,0,27.63221549987793,0.13833564519882202,0.0891900360584259,0,27.63221549987793,0.13259518146514893,0.0891900360584259,0,27.63221549987793,0.12714499235153198,0.0891900360584259,0,27.63221549987793,0.12188836187124252,0.1783800721168518,0,27.63221549987793,0.11673073470592499,0,0,27.63221549987793,0.11158008873462677,0.0891900360584259,0,27.63221549987793,0.10634711384773254,0,0,27.63221549987793,0.10094563663005829,0,0,27.63221549987793,0.09529545903205872,0,0,27.63221549987793,0.08932272344827652,0,0,27.63221549987793,0.08296513557434082,0,0,27.63221549987793,0.07617340236902237,0,0,27.63221549987793,0.06891920417547226,0,0,27.63221549987793,0.06119591370224953,0,0,27.63221549987793,0.053023193031549454,0,0,27.63221549987793,0.04445745423436165,0,0,27.63221549987793,0.03558703884482384,0,0,27.63221549987793,0.0265350341796875,0,0,27.63221549987793,0.017459381371736526,0,0,27.63221549987793,0.008545816875994205,0,0,27.63221549987793,6.314258838013842e-11,0,0,27.63221549987793,3.717848078010899e-12,0.0891900360584259,0,27.63221549987793,4.762622833251953,2.30291485786438,0,27.730180740356445,4.762814998626709,2.0025346279144287,0,27.730180740356445,4.680634498596191,1.6020276546478271,0,27.730180740356445,4.526459693908691,2.102661371231079,0,27.730180740356445,4.313196182250977,3.0038018226623535,0,27.730180740356445,4.05226469039917,2.0025346279144287,0,27.730180740356445,3.760586977005005,2.2027881145477295,0,27.730180740356445,3.4513325691223145,2.30291485786438,0,27.730180740356445,3.1360902786254883,1.9024078845977783,0,27.730180740356445,2.8244881629943848,2.7034215927124023,0,27.730180740356445,2.5240612030029297,1.802281141281128,0,27.730180740356445,2.2403225898742676,2.30291485786438,0,27.730180740356445,1.9769439697265625,1.802281141281128,0,27.730180740356445,1.736018419265747,2.0025346279144287,0,27.730180740356445,1.5183600187301636,1.4017741680145264,0,27.730180740356445,1.3237918615341187,2.102661371231079,0,27.730180740356445,1.151421308517456,1.6020276546478271,0,27.730180740356445,0.9998672008514404,1.301647424697876,0,27.730180740356445,0.8674584627151489,1.802281141281128,0,27.730180740356445,0.7523791193962097,1.802281141281128,0,27.730180740356445,0.6527841091156006,1.4017741680145264,0,27.730180740356445,0.5668778419494629,1.0012673139572144,0,27.730180740356445,0.49296659231185913,1.5019009113311768,0,27.730180740356445,0.4294907748699188,1.0012673139572144,0,27.730180740356445,0.3750399053096771,1.0012673139572144,0,27.730180740356445,0.328357458114624,1.301647424697876,0,27.730180740356445,0.2883360683917999,0.8010138273239136,0,27.730180740356445,0.25401023030281067,0.6007603406906128,0,27.730180740356445,0.22454357147216797,0.901140570640564,0,27.730180740356445,0.1992161124944687,0.5006336569786072,0,27.730180740356445,0.17741122841835022,0.901140570640564,0,27.730180740356445,0.15860235691070557,1.301647424697876,0,27.730180740356445,0.14234159886837006,0.7008870840072632,0,27.730180740356445,0.12824828922748566,0.7008870840072632,0,27.730180740356445,0.11599919945001602,0.901140570640564,0,27.730180740356445,0.10532034933567047,0.4005069136619568,0,27.730180740356445,0.09597886353731155,0.3003801703453064,0,27.730180740356445,0.08777725696563721,0.3003801703453064,0,27.730180740356445,0.08054717630147934,0.4005069136619568,0,27.730180740356445,0.07414500415325165,0.3003801703453064,0,27.730180740356445,0.06844783574342728,0.2002534568309784,0,27.730180740356445,0.06335028260946274,0.2002534568309784,0,27.730180740356445,0.058761097490787506,0.2002534568309784,0,27.730180740356445,0.054601266980171204,0.2002534568309784,0,27.730180740356445,0.05080186575651169,0.1001267284154892,0,27.730180740356445,0.04730205982923508,0.5006336569786072,0,27.730180740356445,0.04404843971133232,0,0,27.730180740356445,0.04099273681640625,0.1001267284154892,0,27.730180740356445,0.0380932055413723,0,0,27.730180740356445,0.035311900079250336,0,0,27.730180740356445,0.0326114222407341,0.2002534568309784,0,27.730180740356445,0.02996438555419445,0.2002534568309784,0,27.730180740356445,0.027343032881617546,0,0,27.730180740356445,0.024725161492824554,0,0,27.730180740356445,0.022091271355748177,0.1001267284154892,0,27.730180740356445,0.019427398219704628,0.1001267284154892,0,27.730180740356445,0.016723396256566048,0.1001267284154892,0,27.730180740356445,0.01397878397256136,0,0,27.730180740356445,0.011195669881999493,0.1001267284154892,0,27.730180740356445,0.008384497836232185,0,0,27.730180740356445,0.005563219543546438,0,0,27.730180740356445,0.002757411915808916,0,0,27.730180740356445,6.6018107647281e-11,0,0,27.730180740356445,4.3131960676678904e-12,0.1001267284154892,0,27.730180740356445,2.0066330432891846,3.363896369934082,0,27.63102149963379,1.9801356792449951,2.6713294982910156,0,27.63102149963379,1.9514232873916626,1.9787626266479492,0,27.63102149963379,1.9206602573394775,2.968143939971924,0,27.63102149963379,1.8881409168243408,1.9787626266479492,0,27.63102149963379,1.8540642261505127,2.5723912715911865,0,27.63102149963379,1.818664312362671,2.7702677249908447,0,27.63102149963379,1.782144546508789,2.5723912715911865,0,27.63102149963379,1.7446846961975098,1.1872575283050537,0,27.63102149963379,1.7064768075942993,1.681948184967041,0,27.63102149963379,1.667671799659729,2.1766388416290283,0,27.63102149963379,1.6284539699554443,2.2755770683288574,0,27.63102149963379,1.588932752609253,1.8798245191574097,0,27.63102149963379,1.5492408275604248,1.1872575283050537,0,27.63102149963379,1.5094815492630005,2.6713294982910156,0,27.63102149963379,1.469752311706543,2.1766388416290283,0,27.63102149963379,1.4301601648330688,1.9787626266479492,0,27.63102149963379,1.390764832496643,1.484071969985962,0,27.63102149963379,1.3516279458999634,1.5830100774765015,0,27.63102149963379,1.3128269910812378,1.1872575283050537,0,27.63102149963379,1.2743891477584839,0.7915050387382507,0,27.63102149963379,1.2363536357879639,1.0883194208145142,0,27.63102149963379,1.1987600326538086,1.2861956357955933,0,27.63102149963379,1.1616237163543701,1.2861956357955933,0,27.63102149963379,1.1249617338180542,1.0883194208145142,0,27.63102149963379,1.0887870788574219,0.8904431462287903,0,27.63102149963379,1.0530989170074463,0.6925669312477112,0,27.63102149963379,1.0179046392440796,0.09893812984228134,0,27.63102149963379,0.983193039894104,1.0883194208145142,0,27.63102149963379,0.9489618539810181,0.5936287641525269,0,27.63102149963379,0.9151968359947205,0.39575251936912537,0,27.63102149963379,0.8818827867507935,0.8904431462287903,0,27.63102149963379,0.8490080237388611,0.7915050387382507,0,27.63102149963379,0.8165510296821594,0.39575251936912537,0,27.63102149963379,0.7844902276992798,0.19787625968456268,0,27.63102149963379,0.7528083324432373,0.6925669312477112,0,27.63102149963379,0.7214803099632263,0.5936287641525269,0,27.63102149963379,0.6904897093772888,0.39575251936912537,0,27.63102149963379,0.6598212718963623,0.2968143820762634,0,27.63102149963379,0.6294443011283875,0.19787625968456268,0,27.63102149963379,0.5993443131446838,0.19787625968456268,0,27.63102149963379,0.5695072412490845,0.19787625968456268,0,27.63102149963379,0.5399107336997986,0.09893812984228134,0,27.63102149963379,0.5105416178703308,0.19787625968456268,0,27.63102149963379,0.481387197971344,0,0,27.63102149963379,0.4524393081665039,0,0,27.63102149963379,0.4236905574798584,0.09893812984228134,0,27.63102149963379,0.39513638615608215,0.2968143820762634,0,27.63102149963379,0.3667794466018677,0,0,27.63102149963379,0.3386204242706299,0.09893812984228134,0,27.63102149963379,0.31066685914993286,0.09893812984228134,0,27.63102149963379,0.2829304039478302,0.09893812984228134,0,27.63102149963379,0.2554299235343933,0,0,27.63102149963379,0.22818180918693542,0,0,27.63102149963379,0.20121334493160248,0,0,27.63102149963379,0.17455247044563293,0,0,27.63102149963379,0.14823418855667114,0,0,27.63102149963379,0.12229735404253006,0.09893812984228134,0,27.63102149963379,0.09678517282009125,0.09893812984228134,0,27.63102149963379,0.07174577564001083,0.09893812984228134,0,27.63102149963379,0.047231003642082214,0.09893812984228134,0,27.63102149963379,0.023296302184462547,0,0,27.63102149963379,2.0066331408996607e-12,0,0,27.63102149963379,2.0066331408996607e-12,0.09893812984228134,0,27.63102149963379,0,0,0,0,0,0,0,0,0,0,0,0,0,0,0,0,0,0,0,0,0,0,0,0,0,0,0,0,0,0,0,0,0,0,0,0,0,0,0,0,0,0,0,0,0,0,0,0,0,0,0,0,0,0,0,0,0,0,0,0,0,0,0,0,0,0,0,0,0,0,0,0,0,0,0,0,0,0,0,0,0,0,0,0,0,0,0,0,0,0,0,0,0,0,0,0,0,0,0,0,0,0,0,0,0,0,0,0,0,0,0,0,0,0,0,0,0,0,0,0,0,0,0,0,0,0,0,0,0,0,0,0,0,0,0,0,0,0,0,0,0,0,0,0,0,0,0,0,0,0,0,0,0,0,0,0,0,0,0,0,0,0,0,0,0,0,0,0,0,0,0,0,0,0,0,0,0,0,0,0,0,0,0,0,0,0,0,0,0,0,0,0,0,0,0,0,0,0,0,0,0,0,0,0,0,0,0,0,0,0,0,0,0,0,0,0,0,0,0,0,0,0,0,0,0,0,0,0,0,0,0,0,0,0,0,0,0,0,0,0,0,0,0,0,0,0,0,0,0,0,0,0,0,0,0,0,2.2250499725341797,2.910187005996704,0,27.63102149963379,2.1734166145324707,2.5743963718414307,0,27.63102149963379,2.1204891204833984,2.238605499267578,0,27.63102149963379,2.0669925212860107,2.686326503753662,0,27.63102149963379,2.013087749481201,2.1266751289367676,0,27.63102149963379,1.959202527999878,2.238605499267578,0,27.63102149963379,1.9057765007019043,2.3505356311798096,0,27.63102149963379,1.8530114889144897,2.686326503753662,0,27.63102149963379,1.8010156154632568,2.014744997024536,0,27.63102149963379,1.7500914335250854,2.686326503753662,0,27.63102149963379,1.6999748945236206,2.3505356311798096,0,27.63102149963379,1.6518288850784302,2.238605499267578,0,27.63102149963379,1.605102777481079,2.014744997024536,0,27.63102149963379,1.5599818229675293,2.1266751289367676,0,27.63102149963379,1.5164910554885864,1.9028146266937256,0,27.63102149963379,1.4746702909469604,1.9028146266937256,0,27.63102149963379,1.4345086812973022,1.455093502998352,0,27.63102149963379,1.3960044384002686,1.119302749633789,0,27.63102149963379,1.359142541885376,0.6715816259384155,0,27.63102149963379,1.323894739151001,1.119302749633789,0,27.63102149963379,1.2902247905731201,1.6789541244506836,0,27.63102149963379,1.2580766677856445,2.014744997024536,0,27.63102149963379,1.2274022102355957,1.23123300075531,0,27.63102149963379,1.1981233358383179,0.8954421877861023,0,27.63102149963379,1.1701780557632446,1.343163251876831,0,27.63102149963379,1.1434954404830933,1.119302749633789,0,27.63102149963379,1.1179945468902588,1.119302749633789,0,27.63102149963379,1.0935765504837036,1.119302749633789,0,27.63102149963379,1.070157527923584,1.9028146266937256,0,27.63102149963379,1.0476419925689697,1.5670238733291626,0,27.63102149963379,1.0259196758270264,0.33579081296920776,0,27.63102149963379,1.0048894882202148,1.23123300075531,0,27.63102149963379,0.9844380617141724,0.6715816259384155,0,27.63102149963379,0.9644428491592407,0.6715816259384155,0,27.63102149963379,0.9447811245918274,0.6715816259384155,0,27.63102149963379,0.925324022769928,0.33579081296920776,0,27.63102149963379,0.9059320092201233,0.7835119366645813,0,27.63102149963379,0.886461079120636,0.22386054694652557,0,27.63102149963379,0.8667641878128052,0.6715816259384155,0,27.63102149963379,0.8466846346855164,0.33579081296920776,0,27.63102149963379,0.8260653018951416,0.22386054694652557,0,27.63102149963379,0.8047398924827576,0.22386054694652557,0,27.63102149963379,0.7825416326522827,0.22386054694652557,0,27.63102149963379,0.7593016028404236,0,0,27.63102149963379,0.7348517179489136,0.6715816259384155,0,27.63102149963379,0.7090256214141846,0.11193027347326279,0,27.63102149963379,0.6816642880439758,0.33579081296920776,0,27.63102149963379,0.652617335319519,0.11193027347326279,0,27.63102149963379,0.621749758720398,0.22386054694652557,0,27.63102149963379,0.588945746421814,0.22386054694652557,0,27.63102149963379,0.5541073083877563,0.22386054694652557,0,27.63102149963379,0.5171739459037781,0.33579081296920776,0,27.63102149963379,0.47811588644981384,0.11193027347326279,0,27.63102149963379,0.4369441568851471,0.22386054694652557,0,27.63102149963379,0.39371922612190247,0.44772109389305115,0,27.63102149963379,0.34855374693870544,0,0,27.63102149963379,0.301617830991745,0,0,27.63102149963379,0.25313901901245117,0.11193027347326279,0,27.63102149963379,0.20341341197490692,0.11193027347326279,0,27.63102149963379,0.15279050171375275,0.11193027347326279,0,27.63102149963379,0.10169129818677902,0.11193027347326279,0,27.63102149963379,0.050587642937898636,0,0,27.63102149963379,3.868407372209504e-9,0.11193027347326279,0,27.63102149963379,2.2250500053555555e-12,0.11193027347326279,0,27.63102149963379,1.4187266826629639,1.8974734544754028,0,27.63102149963379,1.4187266826629639,1.9923471212387085,0,27.63102149963379,1.4197174310684204,2.1820945739746094,0,27.63102149963379,1.4218555688858032,2.0872209072113037,0,27.63102149963379,1.42496919631958,1.8974734544754028,0,27.63102149963379,1.4292380809783936,1.8974734544754028,0,27.63102149963379,1.434686541557312,2.9410839080810547,0,27.63102149963379,1.4413694143295288,2.1820945739746094,0,27.63102149963379,1.4493589401245117,3.130831241607666,0,27.63102149963379,1.4192081689834595,2.7513365745544434,0,27.63102149963379,1.3901423215866089,1.7077261209487915,0,27.63102149963379,1.3621386289596558,1.8974734544754028,0,27.63102149963379,1.3351854085922241,1.6128524541854858,0,27.63102149963379,1.3092368841171265,2.1820945739746094,0,27.63102149963379,1.284253478050232,1.7077261209487915,0,27.63102149963379,1.260191798210144,2.0872209072113037,0,27.63102149963379,1.237007975578308,1.9923471212387085,0,27.63102149963379,1.2146480083465576,1.5179787874221802,0,27.63102149963379,1.1930736303329468,1.3282314538955688,0,27.63102149963379,1.1722179651260376,1.2333577871322632,0,27.63102149963379,1.1520371437072754,0.6641157269477844,0,27.63102149963379,1.1324652433395386,1.3282314538955688,0,27.63102149963379,1.1134438514709473,0.7589893937110901,0,27.63102149963379,1.0949063301086426,0.5692420601844788,0,27.63102149963379,1.0767834186553955,0.9487367272377014,0,27.63102149963379,1.0590096712112427,0.8538630604743958,0,27.63102149963379,1.0415085554122925,1.2333577871322632,0,27.63102149963379,1.0242080688476562,0.9487367272377014,0,27.63102149963379,1.0070313215255737,0.4743683636188507,0,27.63102149963379,0.9898968935012817,0.9487367272377014,0,27.63102149963379,0.9727210402488708,0.4743683636188507,0,27.63102149963379,0.9554122686386108,0.4743683636188507,0,27.63102149963379,0.9378846883773804,0.6641157269477844,0,27.63102149963379,0.9200465083122253,0.5692420601844788,0,27.63102149963379,0.9018043875694275,0.4743683636188507,0,27.63102149963379,0.8830671906471252,0.2846210300922394,0,27.63102149963379,0.863737940788269,0.5692420601844788,0,27.63102149963379,0.8437253832817078,0.2846210300922394,0,27.63102149963379,0.822931706905365,0.37949469685554504,0,27.63102149963379,0.8012649416923523,0.2846210300922394,0,27.63102149963379,0.778631865978241,0.2846210300922394,0,27.63102149963379,0.7549512982368469,0.37949469685554504,0,27.63102149963379,0.7301414012908936,0,0,27.63102149963379,0.7041327357292175,0.18974734842777252,0,27.63102149963379,0.6768556833267212,0.4743683636188507,0,27.63102149963379,0.6482593417167664,0,0,27.63102149963379,0.6183105111122131,0,0,27.63102149963379,0.586974024772644,0.09487367421388626,0,27.63102149963379,0.5542500019073486,0.09487367421388626,0,27.63102149963379,0.5201436877250671,0.09487367421388626,0,27.63102149963379,0.48469141125679016,0,0,27.63102149963379,0.44794532656669617,0.09487367421388626,0,27.63102149963379,0.4099765419960022,0.09487367421388626,0,27.63102149963379,0.37092825770378113,0.09487367421388626,0,27.63102149963379,0.3308883011341095,0,0,27.63102149963379,0.29002830386161804,0,0,27.63102149963379,0.24854008853435516,0,0,27.63102149963379,0.20664091408252716,0.09487367421388626,0,27.63102149963379,0.1645652949810028,0,0,27.63102149963379,0.1225762665271759,0.18974734842777252,0,27.63102149963379,0.08095302432775497,0,0,27.63102149963379,0.03999236226081848,0,0,27.63102149963379,2.4074422455555577e-9,0,0,27.63102149963379,1.4493589705136256e-12,0.09487367421388626,0,27.63102149963379,3.7736263275146484,2.3189408779144287,0,27.633703231811523,3.7635223865509033,3.1216511726379395,0,27.633703231811523,3.6890735626220703,2.1405608654022217,0,27.633703231811523,3.566340684890747,2.9432711601257324,0,27.633703231811523,3.404695987701416,2.5865111351013184,0,27.633703231811523,3.213860034942627,2.5865111351013184,0,27.633703231811523,3.003248453140259,2.497321128845215,0,27.633703231811523,2.781470775604248,1.9621808528900146,0,27.633703231811523,2.5559756755828857,2.229750871658325,0,27.633703231811523,2.332906723022461,1.783800721168518,0,27.633703231811523,2.117060899734497,1.6054205894470215,0,27.633703231811523,1.91196608543396,1.783800721168518,0,27.633703231811523,1.7200071811676025,1.337850570678711,0,27.633703231811523,1.5425986051559448,1.6054205894470215,0,27.633703231811523,1.3803731203079224,1.516230583190918,0,27.633703231811523,1.233345866203308,1.6946107149124146,0,27.633703231811523,1.1010822057724,1.9621808528900146,0,27.633703231811523,0.9828341007232666,1.1594704389572144,0,27.633703231811523,0.8776508569717407,2.4081308841705322,0,27.633703231811523,0.7844725251197815,1.337850570678711,0,27.633703231811523,0.7021966576576233,1.1594704389572144,0,27.633703231811523,0.6297298669815063,0.6243302822113037,0,27.633703231811523,0.5660200119018555,0.891900360584259,0,27.633703231811523,0.5100793242454529,0.8027102947235107,0,27.633703231811523,0.46099853515625,0.6243302822113037,0,27.633703231811523,0.4179495871067047,1.0702804327011108,0,27.633703231811523,0.38018882274627686,0.4459501802921295,0,27.633703231811523,0.347053587436676,0.8027102947235107,0,27.633703231811523,0.3179579973220825,0.8027102947235107,0,27.633703231811523,0.29238516092300415,0.9810904264450073,0,27.633703231811523,0.2698824107646942,0.4459501802921295,0,27.633703231811523,0.25005456805229187,0.0891900360584259,0,27.633703231811523,0.2325555682182312,0.3567601442337036,0,27.633703231811523,0.21708397567272186,0.4459501802921295,0,27.633703231811523,0.20337574183940887,0.2675701081752777,0,27.633703231811523,0.19120095670223236,0.1783800721168518,0,27.633703231811523,0.18035615980625153,0.2675701081752777,0,27.633703231811523,0.17066048085689545,0.5351402163505554,0,27.633703231811523,0.16195952892303467,0.0891900360584259,0,27.633703231811523,0.15410216152668,0,0,27.633703231811523,0.14696665108203888,0.1783800721168518,0,27.633703231811523,0.1404321938753128,0.0891900360584259,0,27.633703231811523,0.1343889683485031,0.0891900360584259,0,27.633703231811523,0.12873221933841705,0.0891900360584259,0,27.633703231811523,0.12336429208517075,0.0891900360584259,0,27.633703231811523,0.11818987876176834,0.1783800721168518,0,27.633703231811523,0.11311710625886917,0,0,27.633703231811523,0.10805628448724747,0.0891900360584259,0,27.633703231811523,0.1029215157032013,0,0,27.633703231811523,0.09762946516275406,0,0,27.633703231811523,0.09210270643234253,0,0,27.633703231811523,0.08627093583345413,0,0,27.633703231811523,0.08007428795099258,0,0,27.633703231811523,0.07346726208925247,0,0,27.633703231811523,0.06642235070466995,0,0,27.633703231811523,0.05893585458397865,0,0,27.633703231811523,0.051025390625,0,0,27.633703231811523,0.042750824242830276,0,0,27.633703231811523,0.03419506922364235,0,0,27.633703231811523,0.02547798678278923,0,0,27.633703231811523,0.01675133965909481,0,0,27.633703231811523,0.008193192072212696,0,0,27.633703231811523,3.0040764320560243e-10,0,0,27.633703231811523,3.7635224797716305e-12,0.0891900360584259,0,27.633703231811523,4.815639495849609,2.30291485786438,0,27.73533821105957,4.809433937072754,2.0025346279144287,0,27.73533821105957,4.7203688621521,1.6020276546478271,0,27.73533821105957,4.559006214141846,2.102661371231079,0,27.73533821105957,4.338604927062988,3.0038018226623535,0,27.73533821105957,4.0710225105285645,2.0025346279144287,0,27.73533821105957,3.7732558250427246,2.2027881145477295,0,27.73533821105957,3.458624839782715,2.30291485786438,0,27.73533821105957,3.138793468475342,1.9024078845977783,0,27.73533821105957,2.8234004974365234,2.7034215927124023,0,27.73533821105957,2.519956111907959,1.802281141281128,0,27.73533821105957,2.23391056060791,2.30291485786438,0,27.73533821105957,1.9688564538955688,1.802281141281128,0,27.73533821105957,1.7267955541610718,2.0025346279144287,0,27.73533821105957,1.5084506273269653,1.4017741680145264,0,27.73533821105957,1.3135569095611572,2.102661371231079,0,27.73533821105957,1.14114248752594,1.6020276546478271,0,27.73533821105957,0.9897579550743103,1.301647424697876,0,27.73533821105957,0.8576714992523193,1.802281141281128,0,27.73533821105957,0.7430189251899719,1.802281141281128,0,27.73533821105957,0.6439162492752075,1.4017741680145264,0,27.73533821105957,0.5585375428199768,1.0012673139572144,0,27.73533821105957,0.48516592383384705,1.5019009113311768,0,27.73533821105957,0.4222249686717987,1.0012673139572144,0,27.73533821105957,0.3682926893234253,1.0012673139572144,0,27.73533821105957,0.32210424542427063,1.301647424697876,0,27.73533821105957,0.28254780173301697,0.8010138273239136,0,27.73533821105957,0.24865508079528809,0.6007603406906128,0,27.73533821105957,0.21958854794502258,0.901140570640564,0,27.73533821105957,0.1946287304162979,0.5006336569786072,0,27.73533821105957,0.17316009104251862,0.901140570640564,0,27.73533821105957,0.15465770661830902,1.301647424697876,0,27.73533821105957,0.13867545127868652,0.7008870840072632,0,27.73533821105957,0.12483490258455276,0.7008870840072632,0,27.73533821105957,0.11281511187553406,0.901140570640564,0,27.73533821105957,0.10234399139881134,0.4005069136619568,0,27.73533821105957,0.09319105744361877,0.3003801703453064,0,27.73533821105957,0.08516059070825577,0.3003801703453064,0,27.73533821105957,0.0780860185623169,0.4005069136619568,0,27.73533821105957,0.07182573527097702,0.3003801703453064,0,27.73533821105957,0.06625856459140778,0.2002534568309784,0,27.73533821105957,0.061280421912670135,0.2002534568309784,0,27.73533821105957,0.056801531463861465,0.2002534568309784,0,27.73533821105957,0.05274435877799988,0.2002534568309784,0,27.73533821105957,0.04904109612107277,0.1001267284154892,0,27.73533821105957,0.0456325002014637,0.5006336569786072,0,27.73533821105957,0.042465690523386,0,0,27.73533821105957,0.039493903517723083,0.1001267284154892,0,27.73533821105957,0.03667658939957619,0,0,27.73533821105957,0.033974941819906235,0,0,27.73533821105957,0.03135954216122627,0.2002534568309784,0,27.73533821105957,0.028795957565307617,0.2002534568309784,0,27.73533821105957,0.02626076154410839,0,0,27.73533821105957,0.023730488494038582,0,0,27.73533821105957,0.021188123151659966,0.1001267284154892,0,27.73533821105957,0.018621286377310753,0.1001267284154892,0,27.73533821105957,0.01601959578692913,0.1001267284154892,0,27.73533821105957,0.013381732627749443,0,0,27.73533821105957,0.010710414499044418,0.1001267284154892,0,27.73533821105957,0.008015784434974194,0,0,27.73533821105957,0.005315090529620647,0,0,27.73533821105957,0.0026327010709792376,0,0,27.73533821105957,8.113149041477641e-12,0,0,27.73533821105957,4.338604996101392e-12,0.1001267284154892,0,27.73533821105957,2.033672571182251,3.363896369934082,0,27.63102149963379,2.005462884902954,2.6713294982910156,0,27.63102149963379,1.974975824356079,1.9787626266479492,0,27.63102149963379,1.9424904584884644,2.968143939971924,0,27.63102149963379,1.9082427024841309,1.9787626266479492,0,27.63102149963379,1.8724802732467651,2.5723912715911865,0,27.63102149963379,1.8354368209838867,2.7702677249908447,0,27.63102149963379,1.7972956895828247,2.5723912715911865,0,27.63102149963379,1.7582809925079346,1.1872575283050537,0,27.63102149963379,1.7185767889022827,1.681948184967041,0,27.63102149963379,1.6783316135406494,2.1766388416290283,0,27.63102149963379,1.6377155780792236,2.2755770683288574,0,27.63102149963379,1.5968577861785889,1.8798245191574097,0,27.63102149963379,1.5558818578720093,1.1872575283050537,0,27.63102149963379,1.5149081945419312,2.6713294982910156,0,27.63102149963379,1.4740263223648071,2.1766388416290283,0,27.63102149963379,1.4333293437957764,1.9787626266479492,0,27.63102149963379,1.3928937911987305,1.484071969985962,0,27.63102149963379,1.3527717590332031,1.5830100774765015,0,27.63102149963379,1.3130414485931396,1.1872575283050537,0,27.63102149963379,1.2737349271774292,0.7915050387382507,0,27.63102149963379,1.234884262084961,1.0883194208145142,0,27.63102149963379,1.1965316534042358,1.2861956357955933,0,27.63102149963379,1.1586819887161255,1.2861956357955933,0,27.63102149963379,1.1213579177856445,1.0883194208145142,0,27.63102149963379,1.0845680236816406,0.8904431462287903,0,27.63102149963379,1.048317790031433,0.6925669312477112,0,27.63102149963379,1.0126153230667114,0.09893812984228134,0,27.63102149963379,0.9774383902549744,1.0883194208145142,0,27.63102149963379,0.942782461643219,0.5936287641525269,0,27.63102149963379,0.9086371064186096,0.39575251936912537,0,27.63102149963379,0.874991238117218,0.8904431462287903,0,27.63102149963379,0.8418200612068176,0.7915050387382507,0,27.63102149963379,0.8091115951538086,0.39575251936912537,0,27.63102149963379,0.7768373489379883,0.19787625968456268,0,27.63102149963379,0.7449782490730286,0.6925669312477112,0,27.63102149963379,0.7135186791419983,0.5936287641525269,0,27.63102149963379,0.6824304461479187,0.39575251936912537,0,27.63102149963379,0.6516945362091064,0.2968143820762634,0,27.63102149963379,0.6212936043739319,0.19787625968456268,0,27.63102149963379,0.5912071466445923,0.19787625968456268,0,27.63102149963379,0.5614156723022461,0.19787625968456268,0,27.63102149963379,0.5318989753723145,0.09893812984228134,0,27.63102149963379,0.5026451945304871,0.19787625968456268,0,27.63102149963379,0.4736405313014984,0,0,27.63102149963379,0.4448782205581665,0,0,27.63102149963379,0.41634687781333923,0.09893812984228134,0,27.63102149963379,0.38804540038108826,0.2968143820762634,0,27.63102149963379,0.35997122526168823,0,0,27.63102149963379,0.3321273624897003,0.09893812984228134,0,27.63102149963379,0.30452215671539307,0.09893812984228134,0,27.63102149963379,0.2771638333797455,0.09893812984228134,0,27.63102149963379,0.25006750226020813,0,0,27.63102149963379,0.22325344383716583,0,0,27.63102149963379,0.19674669206142426,0,0,27.63102149963379,0.1705739051103592,0,0,27.63102149963379,0.1447671800851822,0,0,27.63102149963379,0.11936487257480621,0.09893812984228134,0,27.63102149963379,0.0944078266620636,0.09893812984228134,0,27.63102149963379,0.06994185596704483,0.09893812984228134,0,27.63102149963379,0.04601646587252617,0.09893812984228134,0,27.63102149963379,0.022683946415781975,0,0,27.63102149963379,2.0336724925601457e-12,0,0,27.63102149963379,2.0336724925601457e-12,0.09893812984228134,0,27.63102149963379,0,0,0,0,0,0,0,0,0,0,0,0,0,0,0,0,0,0,0,0,0,0,0,0,0,0,0,0,0,0,0,0,0,0,0,0,0,0,0,0,0,0,0,0,0,0,0,0,0,0,0,0,0,0,0,0,0,0,0,0,0,0,0,0,0,0,0,0,0,0,0,0,0,0,0,0,0,0,0,0,0,0,0,0,0,0,0,0,0,0,0,0,0,0,0,0,0,0,0,0,0,0,0,0,0,0,0,0,0,0,0,0,0,0,0,0,0,0,0,0,0,0,0,0,0,0,0,0,0,0,0,0,0,0,0,0,0,0,0,0,0,0,0,0,0,0,0,0,0,0,0,0,0,0,0,0,0,0,0,0,0,0,0,0,0,0,0,0,0,0,0,0,0,0,0,0,0,0,0,0,0,0,0,0,0,0,0,0,0,0,0,0,0,0,0,0,0,0,0,0,0,0,0,0,0,0,0,0,0,0,0,0,0,0,0,0,0,0,0,0,0,0,0,0,0,0,0,0,0,0,0,0,0,0,0,0,0,0,0,0,0,0,0,0,0,0,0,0,0,0,0,0,0,0,0,0,2.1995632648468018,2.910187005996704,0,27.63102149963379,2.149958610534668,2.5743963718414307,0,27.63102149963379,2.099229335784912,2.238605499267578,0,27.63102149963379,2.047636032104492,2.686326503753662,0,27.63102149963379,1.9958082437515259,2.1266751289367676,0,27.63102149963379,1.9438995122909546,2.238605499267578,0,27.63102149963379,1.8921668529510498,2.3505356311798096,0,27.63102149963379,1.841071605682373,2.686326503753662,0,27.63102149963379,1.789689302444458,2.014744997024536,0,27.63102149963379,1.7401447296142578,2.686326503753662,0,27.63102149963379,1.6919456720352173,2.3505356311798096,0,27.63102149963379,1.6449544429779053,2.238605499267578,0,27.63102149963379,1.5993854999542236,2.014744997024536,0,27.63102149963379,1.5553051233291626,2.1266751289367676,0,27.63102149963379,1.512768268585205,1.9028146266937256,0,27.63102149963379,1.4718443155288696,1.9028146266937256,0,27.63102149963379,1.4325063228607178,1.455093502998352,0,27.63102149963379,1.3947728872299194,1.119302749633789,0,27.63102149963379,1.3586324453353882,0.6715816259384155,0,27.63102149963379,1.3240418434143066,1.119302749633789,0,27.63102149963379,1.29097580909729,1.6789541244506836,0,27.63102149963379,1.2593902349472046,2.014744997024536,0,27.63102149963379,1.2292237281799316,1.23123300075531,0,27.63102149963379,1.2004313468933105,0.8954421877861023,0,27.63102149963379,1.172937273979187,1.343163251876831,0,27.63102149963379,1.1466647386550903,1.119302749633789,0,27.63102149963379,1.1215468645095825,1.119302749633789,0,27.63102149963379,1.0974875688552856,1.119302749633789,0,27.63102149963379,1.0744034051895142,1.9028146266937256,0,27.63102149963379,1.0521912574768066,1.5670238733291626,0,27.63102149963379,1.0307531356811523,0.33579081296920776,0,27.63102149963379,1.0099847316741943,1.23123300075531,0,27.63102149963379,0.9897746443748474,0.6715816259384155,0,27.63102149963379,0.9700034856796265,0.6715816259384155,0,27.63102149963379,0.950546145439148,0.6715816259384155,0,27.63102149963379,0.9312697649002075,0.33579081296920776,0,27.63102149963379,0.9120389223098755,0.7835119366645813,0,27.63102149963379,0.8927128314971924,0.22386054694652557,0,27.63102149963379,0.873138427734375,0.6715816259384155,0,27.63102149963379,0.8531625866889954,0.33579081296920776,0,27.63102149963379,0.8326214551925659,0.22386054694652557,0,27.63102149963379,0.8113486766815186,0.22386054694652557,0,27.63102149963379,0.7891782522201538,0.22386054694652557,0,27.63102149963379,0.7659377455711365,0,0,27.63102149963379,0.7414578199386597,0.6715816259384155,0,27.63102149963379,0.7155686616897583,0.11193027347326279,0,27.63102149963379,0.6881113648414612,0.33579081296920776,0,27.63102149963379,0.6589347720146179,0.11193027347326279,0,27.63102149963379,0.6278996467590332,0.22386054694652557,0,27.63102149963379,0.594886064529419,0.22386054694652557,0,27.63102149963379,0.5598027110099792,0.22386054694652557,0,27.63102149963379,0.522581934928894,0.33579081296920776,0,27.63102149963379,0.48319536447525024,0.11193027347326279,0,27.63102149963379,0.4416551887989044,0.22386054694652557,0,27.63102149963379,0.39802101254463196,0.44772109389305115,0,27.63102149963379,0.3524070680141449,0,0,27.63102149963379,0.30498889088630676,0,0,27.63102149963379,0.2559940218925476,0.11193027347326279,0,27.63102149963379,0.20572416484355927,0.11193027347326279,0,27.63102149963379,0.15454058349132538,0.11193027347326279,0,27.63102149963379,0.10286348313093185,0.11193027347326279,0,27.63102149963379,0.051173631101846695,0,0,27.63102149963379,3.4149121308502117e-9,0.11193027347326279,0,27.63102149963379,2.1995632312060698e-12,0.11193027347326279,0,27.63102149963379,1.4010299444198608,1.8974734544754028,0,27.63102149963379,1.4026097059249878,1.9923471212387085,0,27.63102149963379,1.405013918876648,2.1820945739746094,0,27.63102149963379,1.4083764553070068,2.0872209072113037,0,27.63102149963379,1.4128177165985107,1.8974734544754028,0,27.63102149963379,1.4183690547943115,1.8974734544754028,0,27.63102149963379,1.425049901008606,2.9410839080810547,0,27.63102149963379,1.4329568147659302,2.1820945739746094,0,27.63102149963379,1.4421484470367432,3.130831241607666,0,27.63102149963379,1.4128506183624268,2.7513365745544434,0,27.63102149963379,1.3845998048782349,1.7077261209487915,0,27.63102149963379,1.3573702573776245,1.8974734544754028,0,27.63102149963379,1.3311262130737305,1.6128524541854858,0,27.63102149963379,1.3058505058288574,2.1820945739746094,0,27.63102149963379,1.2814933061599731,1.7077261209487915,0,27.63102149963379,1.2580223083496094,2.0872209072113037,0,27.63102149963379,1.2354024648666382,1.9923471212387085,0,27.63102149963379,1.21358323097229,1.5179787874221802,0,27.63102149963379,1.192510724067688,1.3282314538955688,0,27.63102149963379,1.172136664390564,1.2333577871322632,0,27.63102149963379,1.1524075269699097,0.6641157269477844,0,27.63102149963379,1.133258581161499,1.3282314538955688,0,27.63102149963379,1.1146315336227417,0.7589893937110901,0,27.63102149963379,1.09646737575531,0.5692420601844788,0,27.63102149963379,1.0786962509155273,0.9487367272377014,0,27.63102149963379,1.0612530708312988,0.8538630604743958,0,27.63102149963379,1.0440675020217896,1.2333577871322632,0,27.63102149963379,1.0270605087280273,0.9487367272377014,0,27.63102149963379,1.0101580619812012,0.4743683636188507,0,27.63102149963379,0.9932754039764404,0.9487367272377014,0,27.63102149963379,0.9763305187225342,0.4743683636188507,0,27.63102149963379,0.959235668182373,0.4743683636188507,0,27.63102149963379,0.9419013857841492,0.6641157269477844,0,27.63102149963379,0.9242408275604248,0.5692420601844788,0,27.63102149963379,0.9061541557312012,0.4743683636188507,0,27.63102149963379,0.8875550627708435,0.2846210300922394,0,27.63102149963379,0.8683438301086426,0.5692420601844788,0,27.63102149963379,0.8484221696853638,0.2846210300922394,0,27.63102149963379,0.8276995420455933,0.37949469685554504,0,27.63102149963379,0.8060786724090576,0.2846210300922394,0,27.63102149963379,0.7834707498550415,0.2846210300922394,0,27.63102149963379,0.7597903609275818,0.37949469685554504,0,27.63102149963379,0.7349557280540466,0,0,27.63102149963379,0.7088966369628906,0.18974734842777252,0,27.63102149963379,0.6815471649169922,0.4743683636188507,0,27.63102149963379,0.6528550982475281,0,0,27.63102149963379,0.6227806806564331,0,0,27.63102149963379,0.5912970304489136,0.09487367421388626,0,27.63102149963379,0.5583985447883606,0.09487367421388626,0,27.63102149963379,0.5240927338600159,0.09487367421388626,0,27.63102149963379,0.4884180724620819,0,0,27.63102149963379,0.45143213868141174,0.09487367421388626,0,27.63102149963379,0.4132021367549896,0.09487367421388626,0,27.63102149963379,0.37383100390434265,0.09487367421388626,0,27.63102149963379,0.33348217606544495,0,0,27.63102149963379,0.29231002926826477,0,0,27.63102149963379,0.2504987120628357,0,0,27.63102149963379,0.2082698494195938,0.09487367421388626,0,27.63102149963379,0.16586048901081085,0,0,27.63102149963379,0.12353850156068802,0.18974734842777252,0,27.63102149963379,0.08158630132675171,0,0,27.63102149963379,0.04030347988009453,0,0,27.63102149963379,1.4421484839655108e-12,0,0,27.63102149963379,1.4421484839655108e-12,0.09487367421388626,0,27.63102149963379,3.7294318675994873,2.3189408779144287,0,27.63228416442871,3.7247283458709717,3.1216511726379395,0,27.63228416442871,3.6558780670166016,2.1405608654022217,0,27.63228416442871,3.5388376712799072,2.9432711601257324,0,27.63228416442871,3.3827266693115234,2.5865111351013184,0,27.63228416442871,3.1970837116241455,2.5865111351013184,0,27.63228416442871,2.991199254989624,2.497321128845215,0,27.63228416442871,2.7735915184020996,1.9621808528900146,0,27.63228416442871,2.551677703857422,2.229750871658325,0,27.63228416442871,2.3316001892089844,1.783800721168518,0,27.63228416442871,2.1181890964508057,1.6054205894470215,0,27.63228416442871,1.915016770362854,1.783800721168518,0,27.63228416442871,1.7245265245437622,1.337850570678711,0,27.63228416442871,1.5481979846954346,1.6054205894470215,0,27.63228416442871,1.386723279953003,1.516230583190918,0,27.63228416442871,1.2401772737503052,1.6946107149124146,0,27.63228416442871,1.108180046081543,1.9621808528900146,0,27.63228416442871,0.9900285601615906,1.1594704389572144,0,27.63228416442871,0.8848138451576233,2.4081308841705322,0,27.63228416442871,0.7915099859237671,1.337850570678711,0,27.63228416442871,0.7090417146682739,1.1594704389572144,0,27.63228416442871,0.636337161064148,0.6243302822113037,0,27.63228416442871,0.5723620653152466,0.891900360584259,0,27.63228416442871,0.5161416530609131,0.8027102947235107,0,27.63228416442871,0.4667765200138092,0.6243302822113037,0,27.63228416442871,0.4234466254711151,1.0702804327011108,0,27.63228416442871,0.3854132294654846,0.4459501802921295,0,27.63228416442871,0.3520168960094452,0.8027102947235107,0,27.63228416442871,0.3226737976074219,0.8027102947235107,0,27.63228416442871,0.29686883091926575,0.9810904264450073,0,27.63228416442871,0.2741502821445465,0.4459501802921295,0,27.63228416442871,0.2541218400001526,0.0891900360584259,0,27.63228416442871,0.23643758893013,0.3567601442337036,0,27.63228416442871,0.22079482674598694,0.4459501802921295,0,27.63228416442871,0.2069293111562729,0.2675701081752777,0,27.63228416442871,0.1946103423833847,0.1783800721168518,0,27.63228416442871,0.183633491396904,0.2675701081752777,0,27.63228416442871,0.17381642758846283,0.5351402163505554,0,27.63228416442871,0.16500350832939148,0.0891900360584259,0,27.63228416442871,0.1570499986410141,0,0,27.63228416442871,0.14981785416603088,0.1783800721168518,0,27.63228416442871,0.1431923657655716,0.0891900360584259,0,27.63228416442871,0.13706074655056,0.0891900360584259,0,27.63228416442871,0.13131943345069885,0.0891900360584259,0,27.63228416442871,0.12586767971515656,0.0891900360584259,0,27.63228416442871,0.12060987949371338,0.1783800721168518,0,27.63228416442871,0.11545141041278839,0,0,27.63228416442871,0.11030179262161255,0.0891900360584259,0,27.63228416442871,0.10507309436798096,0,0,27.63228416442871,0.09968051314353943,0,0,27.63228416442871,0.09404542297124863,0,0,27.63228416442871,0.08809613436460495,0,0,27.63228416442871,0.08177196234464645,0,0,27.63228416442871,0.07502608001232147,0,0,27.63228416442871,0.06783197075128555,0,0,27.63228416442871,0.06018471345305443,0,0,27.63228416442871,0.05211515352129936,0,0,27.63228416442871,0.04366184398531914,0,0,27.63228416442871,0.03492184355854988,0,0,27.63228416442871,0.026017526164650917,0,0,27.63228416442871,0.01710437424480915,0,0,27.63228416442871,0.008364894427359104,0,0,27.63228416442871,5.252750456818944e-10,0,0,27.63228416442871,3.724728424997492e-12,0.0891900360584259,0,27.63228416442871,4.7694807052612305,2.30291485786438,0,27.730382919311523,4.769567489624023,2.0025346279144287,0,27.730382919311523,4.687058925628662,1.6020276546478271,0,27.730382919311523,4.532367706298828,2.102661371231079,0,27.730382919311523,4.318437099456787,3.0038018226623535,0,27.730382919311523,4.056807041168213,2.0025346279144287,0,27.730382919311523,3.7643649578094482,2.2027881145477295,0,27.730382919311523,3.454327344894409,2.30291485786438,0,27.730382919311523,3.1383209228515625,1.9024078845977783,0,27.730382919311523,2.825995445251465,2.7034215927124023,0,27.730382919311523,2.524911880493164,1.802281141281128,0,27.730382919311523,2.240595579147339,2.30291485786438,0,27.730382919311523,1.9767210483551025,1.802281141281128,0,27.730382919311523,1.7353845834732056,2.0025346279144287,0,27.730382919311523,1.5173946619033813,1.4017741680145264,0,27.730382919311523,1.3225691318511963,2.102661371231079,0,27.730382919311523,1.150006890296936,1.6020276546478271,0,27.730382919311523,0.9983193278312683,1.301647424697876,0,27.730382919311523,0.8658254146575928,1.802281141281128,0,27.730382919311523,0.7507009506225586,1.802281141281128,0,27.730382919311523,0.6510928869247437,1.4017741680145264,0,27.730382919311523,0.5651983022689819,1.0012673139572144,0,27.730382919311523,0.4913175702095032,1.5019009113311768,0,27.730382919311523,0.4278858006000519,1.0012673139572144,0,27.730382919311523,0.37348848581314087,1.0012673139572144,0,27.730382919311523,0.3268653154373169,1.301647424697876,0,27.730382919311523,0.286906898021698,0.8010138273239136,0,27.730382919311523,0.252645343542099,0.6007603406906128,0,27.730382919311523,0.22324271500110626,0.901140570640564,0,27.730382919311523,0.19797779619693756,0.5006336569786072,0,27.730382919311523,0.1762331873178482,0.901140570640564,0,27.730382919311523,0.1574818193912506,1.301647424697876,0,27.730382919311523,0.14127564430236816,0.7008870840072632,0,27.730382919311523,0.1272335797548294,0.7008870840072632,0,27.730382919311523,0.11503252387046814,0.901140570640564,0,27.730382919311523,0.10439816862344742,0.4005069136619568,0,27.730382919311523,0.0950981006026268,0.3003801703453064,0,27.730382919311523,0.08693478256464005,0.3003801703453064,0,27.730382919311523,0.07974029332399368,0.4005069136619568,0,27.730382919311523,0.07337118685245514,0.3003801703453064,0,27.730382919311523,0.06770463287830353,0.2002534568309784,0,27.730382919311523,0.06263567507266998,0.2002534568309784,0,27.730382919311523,0.05807304382324219,0.2002534568309784,0,27.730382919311523,0.05393821746110916,0.2002534568309784,0,27.730382919311523,0.05016285553574562,0.1001267284154892,0,27.730382919311523,0.04668616130948067,0.5006336569786072,0,27.730382919311523,0.043455012142658234,0,0,27.730382919311523,0.04042159020900726,0.1001267284154892,0,27.730382919311523,0.03754424676299095,0,0,27.730382919311523,0.03478485345840454,0,0,27.730382919311523,0.03210839629173279,0.2002534568309784,0,27.730382919311523,0.029488198459148407,0.2002534568309784,0,27.730382919311523,0.02689358778297901,0,0,27.730382919311523,0.02430427260696888,0,0,27.730382919311523,0.02170228399336338,0.1001267284154892,0,27.730382919311523,0.019073402509093285,0.1001267284154892,0,27.730382919311523,0.01641293801367283,0.1001267284154892,0,27.730382919311523,0.013710875995457172,0,0,27.730382919311523,0.010974210686981678,0.1001267284154892,0,27.730382919311523,0.008213311433792114,0,0,27.730382919311523,0.005446028430014849,0,0,27.730382919311523,0.00269751506857574,0,0,27.730382919311523,4.318437100969685e-12,0,0,27.730382919311523,4.318437100969685e-12,0.1001267284154892,0,27.730382919311523,2.0084049701690674,3.363896369934082,0,27.63102149963379,1.9822840690612793,2.6713294982910156,0,27.63102149963379,1.953786849975586,1.9787626266479492,0,27.63102149963379,1.9232425689697266,2.968143939971924,0,27.63102149963379,1.8908662796020508,1.9787626266479492,0,27.63102149963379,1.8569272756576538,2.5723912715911865,0,27.63102149963379,1.8216034173965454,2.7702677249908447,0,27.63102149963379,1.7851307392120361,2.5723912715911865,0,27.63102149963379,1.7476977109909058,1.1872575283050537,0,27.63102149963379,1.7095019817352295,1.681948184967041,0,27.63102149963379,1.6706873178482056,2.1766388416290283,0,27.63102149963379,1.6314029693603516,2.2755770683288574,0,27.63102149963379,1.591802954673767,1.8798245191574097,0,27.63102149963379,1.552004337310791,1.1872575283050537,0,27.63102149963379,1.512121558189392,2.6713294982910156,0,27.63102149963379,1.4722682237625122,2.1766388416290283,0,27.63102149963379,1.432521104812622,1.9787626266479492,0,27.63102149963379,1.3929634094238281,1.484071969985962,0,27.63102149963379,1.3536628484725952,1.5830100774765015,0,27.63102149963379,1.3146765232086182,1.1872575283050537,0,27.63102149963379,1.2760450839996338,0.7915050387382507,0,27.63102149963379,1.2378140687942505,1.0883194208145142,0,27.63102149963379,1.2000099420547485,1.2861956357955933,0,27.63102149963379,1.1626595258712769,1.2861956357955933,0,27.63102149963379,1.1257851123809814,1.0883194208145142,0,27.63102149963379,1.0893938541412354,0.8904431462287903,0,27.63102149963379,1.0534847974777222,0.6925669312477112,0,27.63102149963379,1.0180704593658447,0.09893812984228134,0,27.63102149963379,0.9831449389457703,1.0883194208145142,0,27.63102149963379,0.9486916661262512,0.5936287641525269,0,27.63102149963379,0.9147071242332458,0.39575251936912537,0,27.63102149963379,0.8811861872673035,0.8904431462287903,0,27.63102149963379,0.8481090068817139,0.7915050387382507,0,27.63102149963379,0.8154561519622803,0.39575251936912537,0,27.63102149963379,0.783207893371582,0.19787625968456268,0,27.63102149963379,0.7513415813446045,0.6925669312477112,0,27.63102149963379,0.7198500633239746,0.5936287641525269,0,27.63102149963379,0.6887049674987793,0.39575251936912537,0,27.63102149963379,0.6578839421272278,0.2968143820762634,0,27.63102149963379,0.6273708939552307,0.19787625968456268,0,27.63102149963379,0.5971491932868958,0.19787625968456268,0,27.63102149963379,0.5672000050544739,0.19787625968456268,0,27.63102149963379,0.537509024143219,0.09893812984228134,0,27.63102149963379,0.5080600380897522,0.19787625968456268,0,27.63102149963379,0.47884535789489746,0,0,27.63102149963379,0.44985494017601013,0,0,27.63102149963379,0.42108088731765747,0.09893812984228134,0,27.63102149963379,0.39252355694770813,0.2968143820762634,0,27.63102149963379,0.3641820549964905,0,0,27.63102149963379,0.3360595405101776,0.09893812984228134,0,27.63102149963379,0.30816540122032166,0.09893812984228134,0,27.63102149963379,0.280509889125824,0.09893812984228134,0,27.63102149963379,0.2531120479106903,0,0,27.63102149963379,0.2259906828403473,0,0,27.63102149963379,0.19917242228984833,0,0,27.63102149963379,0.1726858764886856,0,0,27.63102149963379,0.146565243601799,0,0,27.63102149963379,0.12085038423538208,0.09893812984228134,0,27.63102149963379,0.09558442234992981,0.09893812984228134,0,27.63102149963379,0.07081352919340134,0.09893812984228134,0,27.63102149963379,0.04658934846520424,0.09893812984228134,0,27.63102149963379,0.022965777665376663,0,0,27.63102149963379,2.0084049440899365e-12,0,0,27.63102149963379,2.0084049440899365e-12,0.09893812984228134,0,27.63102149963379,0,0,0,0,0,0,0,0,0,0,0,0,0,0,0,0,0,0,0,0,0,0,0,0,0,0,0,0,0,0,0,0,0,0,0,0,0,0,0,0,0,0,0,0,0,0,0,0,0,0,0,0,0,0,0,0,0,0,0,0,0,0,0,0,0,0,0,0,0,0,0,0,0,0,0,0,0,0,0,0,0,0,0,0,0,0,0,0,0,0,0,0,0,0,0,0,0,0,0,0,0,0,0,0,0,0,0,0,0,0,0,0,0,0,0,0,0,0,0,0,0,0,0,0,0,0,0,0,0,0,0,0,0,0,0,0,0,0,0,0,0,0,0,0,0,0,0,0,0,0,0,0,0,0,0,0,0,0,0,0,0,0,0,0,0,0,0,0,0,0,0,0,0,0,0,0,0,0,0,0,0,0,0,0,0,0,0,0,0,0,0,0,0,0,0,0,0,0,0,0,0,0,0,0,0,0,0,0,0,0,0,0,0,0,0,0,0,0,0,0,0,0,0,0,0,0,0,0,0,0,0,0,0,0,0,0,0,0,0,0,0,0,0,0,0,0,0,0,0,0,0,0,0,0,0,0,2.1959738731384277,2.910187005996704,0,27.63102149963379,2.1463098526000977,2.5743963718414307,0,27.63102149963379,2.0954318046569824,2.238605499267578,0,27.63102149963379,2.0441572666168213,2.686326503753662,0,27.63102149963379,1.9919421672821045,2.1266751289367676,0,27.63102149963379,1.9398177862167358,2.238605499267578,0,27.63102149963379,1.8883838653564453,2.3505356311798096,0,27.63102149963379,1.8381990194320679,2.686326503753662,0,27.63102149963379,1.787632942199707,2.014744997024536,0,27.63102149963379,1.7383657693862915,2.686326503753662,0,27.63102149963379,1.690118670463562,2.3505356311798096,0,27.63102149963379,1.6432690620422363,2.238605499267578,0,27.63102149963379,1.597799301147461,2.014744997024536,0,27.63102149963379,1.5538526773452759,2.1266751289367676,0,27.63102149963379,1.5114469528198242,1.9028146266937256,0,27.63102149963379,1.4706095457077026,1.9028146266937256,0,27.63102149963379,1.431380271911621,1.455093502998352,0,27.63102149963379,1.3937599658966064,1.119302749633789,0,27.63102149963379,1.3577346801757812,0.6715816259384155,0,27.63102149963379,1.323267936706543,1.119302749633789,0,27.63102149963379,1.2903213500976562,1.6789541244506836,0,27.63102149963379,1.2588526010513306,2.014744997024536,0,27.63102149963379,1.2288161516189575,1.23123300075531,0,27.63102149963379,1.2001476287841797,0.8954421877861023,0,27.63102149963379,1.1727739572525024,1.343163251876831,0,27.63102149963379,1.1466257572174072,1.119302749633789,0,27.63102149963379,1.1216329336166382,1.119302749633789,0,27.63102149963379,1.0976969003677368,1.119302749633789,0,27.63102149963379,1.0747358798980713,1.9028146266937256,0,27.63102149963379,1.0526490211486816,1.5670238733291626,0,27.63102149963379,1.031337022781372,0.33579081296920776,0,27.63102149963379,1.010689616203308,1.23123300075531,0,27.63102149963379,0.9905977845191956,0.6715816259384155,0,27.63102149963379,0.9709419012069702,0.6715816259384155,0,27.63102149963379,0.9515990018844604,0.6715816259384155,0,27.63102149963379,0.9324342012405396,0.33579081296920776,0,27.63102149963379,0.9133129119873047,0.7835119366645813,0,27.63102149963379,0.8940925598144531,0.22386054694652557,0,27.63102149963379,0.8746178150177002,0.6715816259384155,0,27.63102149963379,0.8547356128692627,0.33579081296920776,0,27.63102149963379,0.8342846035957336,0.22386054694652557,0,27.63102149963379,0.813095211982727,0.22386054694652557,0,27.63102149963379,0.7909981608390808,0.22386054694652557,0,27.63102149963379,0.7678218483924866,0,0,27.63102149963379,0.7433938980102539,0.6715816259384155,0,27.63102149963379,0.7175462245941162,0.11193027347326279,0,27.63102149963379,0.6901174187660217,0.33579081296920776,0,27.63102149963379,0.6609525084495544,0.11193027347326279,0,27.63102149963379,0.6299136877059937,0.22386054694652557,0,27.63102149963379,0.5968800187110901,0.22386054694652557,0,27.63102149963379,0.5617564916610718,0.22386054694652557,0,27.63102149963379,0.5244767665863037,0.33579081296920776,0,27.63102149963379,0.4850082993507385,0.11193027347326279,0,27.63102149963379,0.4433654248714447,0.22386054694652557,0,27.63102149963379,0.3996065557003021,0.44772109389305115,0,27.63102149963379,0.35385027527809143,0,0,27.63102149963379,0.3062683641910553,0,0,27.63102149963379,0.2570946216583252,0.11193027347326279,0,27.63102149963379,0.2066211998462677,0.11193027347326279,0,27.63102149963379,0.15522359311580658,0.11193027347326279,0,27.63102149963379,0.10332445800304413,0.11193027347326279,0,27.63102149963379,0.051405154168605804,0,0,27.63102149963379,4.06692102217221e-9,0.11193027347326279,0,27.63102149963379,2.1959738714938393e-12,0.11193027347326279,0,27.63102149963379,1.39840567111969,1.8974734544754028,0,27.63102149963379,1.3999578952789307,1.9923471212387085,0,27.63102149963379,1.4024046659469604,2.1820945739746094,0,27.63102149963379,1.405860185623169,2.0872209072113037,0,27.63102149963379,1.4103840589523315,1.8974734544754028,0,27.63102149963379,1.416022539138794,1.8974734544754028,0,27.63102149963379,1.4228222370147705,2.9410839080810547,0,27.63102149963379,1.4308786392211914,2.1820945739746094,0,27.63102149963379,1.4402241706848145,3.130831241607666,0,27.63102149963379,1.4109612703323364,2.7513365745544434,0,27.63102149963379,1.3827542066574097,1.7077261209487915,0,27.63102149963379,1.3555988073349,1.8974734544754028,0,27.63102149963379,1.3294415473937988,1.6128524541854858,0,27.63102149963379,1.3042598962783813,2.1820945739746094,0,27.63102149963379,1.2800018787384033,1.7077261209487915,0,27.63102149963379,1.2566502094268799,2.0872209072113037,0,27.63102149963379,1.2341442108154297,1.9923471212387085,0,27.63102149963379,1.2124394178390503,1.5179787874221802,0,27.63102149963379,1.1914905309677124,1.3282314538955688,0,27.63102149963379,1.1712361574172974,1.2333577871322632,0,27.63102149963379,1.151627779006958,0.6641157269477844,0,27.63102149963379,1.1326054334640503,1.3282314538955688,0,27.63102149963379,1.1141079664230347,0.7589893937110901,0,27.63102149963379,1.0960808992385864,0.5692420601844788,0,27.63102149963379,1.0784462690353394,0.9487367272377014,0,27.63102149963379,1.0611406564712524,0.8538630604743958,0,27.63102149963379,1.0440865755081177,1.2333577871322632,0,27.63102149963379,1.0272190570831299,0.9487367272377014,0,27.63102149963379,1.0104466676712036,0.4743683636188507,0,27.63102149963379,0.9936975240707397,0.9487367272377014,0,27.63102149963379,0.9768816828727722,0.4743683636188507,0,27.63102149963379,0.9599134922027588,0.4743683636188507,0,27.63102149963379,0.9427036643028259,0.6641157269477844,0,27.63102149963379,0.9251604676246643,0.5692420601844788,0,27.63102149963379,0.9071903824806213,0.4743683636188507,0,27.63102149963379,0.8886979818344116,0.2846210300922394,0,27.63102149963379,0.8695858120918274,0.5692420601844788,0,27.63102149963379,0.8497592806816101,0.2846210300922394,0,27.63102149963379,0.8291208148002625,0.37949469685554504,0,27.63102149963379,0.8075794577598572,0.2846210300922394,0,27.63102149963379,0.785040557384491,0.2846210300922394,0,27.63102149963379,0.761418342590332,0.37949469685554504,0,27.63102149963379,0.7366296052932739,0,0,27.63102149963379,0.7106024026870728,0.18974734842777252,0,27.63102149963379,0.6832688450813293,0.4743683636188507,0,27.63102149963379,0.6545789241790771,0,0,27.63102149963379,0.6244955658912659,0,0,27.63102149963379,0.5929858684539795,0.09487367421388626,0,27.63102149963379,0.5600427389144897,0.09487367421388626,0,27.63102149963379,0.5256860852241516,0.09487367421388626,0,27.63102149963379,0.4899428188800812,0,0,27.63102149963379,0.4528684914112091,0.09487367421388626,0,27.63102149963379,0.41454118490219116,0.09487367421388626,0,27.63102149963379,0.37505415081977844,0.09487367421388626,0,27.63102149963379,0.3345993161201477,0,0,27.63102149963379,0.2932984530925751,0,0,27.63102149963379,0.25135108828544617,0,0,27.63102149963379,0.20897942781448364,0.09487367421388626,0,27.63102149963379,0.16642548143863678,0,0,27.63102149963379,0.1239568218588829,0.18974734842777252,0,27.63102149963379,0.08185944706201553,0,0,27.63102149963379,0.04043657332658768,0,0,27.63102149963379,1.4402241335295662e-12,0,0,27.63102149963379,1.4402241335295662e-12,0.09487367421388626,0,27.63102149963379,3.7230937480926514,2.3189408779144287,0,27.63226318359375,3.7184743881225586,3.1216511726379395,0,27.63226318359375,3.6498403549194336,2.1405608654022217,0,27.63226318359375,3.533184289932251,2.9432711601257324,0,27.63226318359375,3.3775901794433594,2.5865111351013184,0,27.63226318359375,3.1925504207611084,2.5865111351013184,0,27.63226318359375,2.9873199462890625,2.497321128845215,0,27.63226318359375,2.770386219024658,1.9621808528900146,0,27.63226318359375,2.549133062362671,2.229750871658325,0,27.63226318359375,2.329683542251587,1.783800721168518,0,27.63226318359375,2.1168510913848877,1.6054205894470215,0,27.63226318359375,1.9141991138458252,1.783800721168518,0,27.63226318359375,1.7241672277450562,1.337850570678711,0,27.63226318359375,1.5482313632965088,1.6054205894470215,0,27.63226318359375,1.3870850801467896,1.516230583190918,0,27.63226318359375,1.2408100366592407,1.6946107149124146,0,27.63226318359375,1.109029769897461,1.9621808528900146,0,27.63226318359375,0.9910478591918945,1.1594704389572144,0,27.63226318359375,0.885962188243866,2.4081308841705322,0,27.63226318359375,0.7927520871162415,1.337850570678711,0,27.63226318359375,0.7103489637374878,1.1594704389572144,0,27.63226318359375,0.6376863718032837,0.6243302822113037,0,27.63226318359375,0.5737336874008179,0.891900360584259,0,27.63226318359375,0.5175215005874634,0.8027102947235107,0,27.63226318359375,0.46815332770347595,0.6243302822113037,0,27.63226318359375,0.4248122572898865,1.0702804327011108,0,27.63226318359375,0.38676100969314575,0.4459501802921295,0,27.63226318359375,0.3533429801464081,0.8027102947235107,0,27.63226318359375,0.32397493720054626,0.8027102947235107,0,27.63226318359375,0.2981441617012024,0.9810904264450073,0,27.63226318359375,0.2753985524177551,0.4459501802921295,0,27.63226318359375,0.25534364581108093,0.0891900360584259,0,27.63226318359375,0.23763331770896912,0.3567601442337036,0,27.63226318359375,0.22196480631828308,0.4459501802921295,0,27.63226318359375,0.208075150847435,0.2675701081752777,0,27.63226318359375,0.19573301076889038,0.1783800721168518,0,27.63226318359375,0.1847335249185562,0.2675701081752777,0,27.63226318359375,0.17489640414714813,0.5351402163505554,0,27.63226318359375,0.16606096923351288,0.0891900360584259,0,27.63226318359375,0.15808658301830292,0,0,27.63226318359375,0.1508364975452423,0.1783800721168518,0,27.63226318359375,0.14419427514076233,0.0891900360584259,0,27.63226318359375,0.13804572820663452,0.0891900360584259,0,27.63226318359375,0.13228662312030792,0.0891900360584259,0,27.63226318359375,0.12681584060192108,0.0891900360584259,0,27.63226318359375,0.12153790891170502,0.1783800721168518,0,27.63226318359375,0.11635749787092209,0,0,27.63226318359375,0.11118308454751968,0.0891900360584259,0,27.63226318359375,0.10592615604400635,0,0,27.63226318359375,0.10050126165151596,0,0,27.63226318359375,0.09482907503843307,0,0,27.63226318359375,0.08883754909038544,0,0,27.63226318359375,0.08246561884880066,0,0,27.63226318359375,0.07566653192043304,0,0,27.63226318359375,0.06841336190700531,0,0,27.63226318359375,0.06070106476545334,0,0,27.63226318359375,0.05255476012825966,0,0,27.63226318359375,0.04402831941843033,0,0,27.63226318359375,0.035212744027376175,0,0,27.63226318359375,0.026231884956359863,0,0,27.63226318359375,0.017243381589651108,0,0,27.63226318359375,0.008431749418377876,0,0,27.63226318359375,9.210478491006313e-10,0,0,27.63226318359375,3.718474313185727e-12,0.0891900360584259,0,27.63226318359375,4.7639546394348145,2.30291485786438,0,27.730195999145508,4.764143466949463,2.0025346279144287,0,27.730195999145508,4.681931495666504,1.6020276546478271,0,27.730195999145508,4.527688980102539,2.102661371231079,0,27.730195999145508,4.314334869384766,3.0038018226623535,0,27.730195999145508,4.053335666656494,2.0025346279144287,0,27.730195999145508,3.7615609169006348,2.2027881145477295,0,27.730195999145508,3.4521989822387695,2.30291485786438,0,27.730195999145508,3.136840343475342,1.9024078845977783,0,27.730195999145508,2.825113296508789,2.7034215927124023,0,27.730195999145508,2.52455997467041,1.802281141281128,0,27.730195999145508,2.2406997680664062,2.30291485786438,0,27.730195999145508,1.9772040843963623,1.802281141281128,0,27.730195999145508,1.736172080039978,2.0025346279144287,0,27.730195999145508,1.5184162855148315,1.4017741680145264,0,27.730195999145508,1.3237628936767578,2.102661371231079,0,27.730195999145508,1.1513183116912842,1.6020276546478271,0,27.730195999145508,0.9997032284736633,1.301647424697876,0,27.730195999145508,0.8672438263893127,1.802281141281128,0,27.730195999145508,0.7521241903305054,1.802281141281128,0,27.730195999145508,0.6524985432624817,1.4017741680145264,0,27.730195999145508,0.5665691494941711,1.0012673139572144,0,27.730195999145508,0.49264129996299744,1.5019009113311768,0,27.730195999145508,0.42915430665016174,1.0012673139572144,0,27.730195999145508,0.374697208404541,1.0012673139572144,0,27.730195999145508,0.3280119299888611,1.301647424697876,0,27.730195999145508,0.287990927696228,0.8010138273239136,0,27.730195999145508,0.25366783142089844,0.6007603406906128,0,27.730195999145508,0.22420543432235718,0.901140570640564,0,27.730195999145508,0.19888357818126678,0.5006336569786072,0,27.730195999145508,0.17708513140678406,0.901140570640564,0,27.730195999145508,0.15828321874141693,1.301647424697876,0,27.730195999145508,0.14202968776226044,0.7008870840072632,0,27.730195999145508,0.12794357538223267,0.7008870840072632,0,27.730195999145508,0.11570172756910324,0.901140570640564,0,27.730195999145508,0.10502969473600388,0.4005069136619568,0,27.730195999145508,0.09569471329450607,0.3003801703453064,0,27.730195999145508,0.0874992161989212,0.3003801703453064,0,27.730195999145508,0.08027477562427521,0.4005069136619568,0,27.730195999145508,0.07387787848711014,0.3003801703453064,0,27.730195999145508,0.06818545609712601,0.2002534568309784,0,27.730195999145508,0.06309211999177933,0.2002534568309784,0,27.730195999145508,0.058506883680820465,0.2002534568309784,0,27.730195999145508,0.054350439459085464,0.2002534568309784,0,27.730195999145508,0.050554417073726654,0.1001267284154892,0,27.730195999145508,0.0470578558743,0.5006336569786072,0,27.730195999145508,0.04380704089999199,0,0,27.730195999145508,0.04075457155704498,0.1001267284154892,0,27.730195999145508,0.037857990711927414,0,0,27.730195999145508,0.035080138593912125,0,0,27.730195999145508,0.03239244967699051,0.2002534568309784,0,27.730195999145508,0.029749317094683647,0.2002534568309784,0,27.730195999145508,0.027135513722896576,0,0,27.730195999145508,0.024525322020053864,0,0,27.730195999145508,0.021901890635490417,0.1001267284154892,0,27.730195999145508,0.019251108169555664,0.1001267284154892,0,27.730195999145508,0.016565421596169472,0.1001267284154892,0,27.730195999145508,0.013838636688888073,0,0,27.730195999145508,0.01107670459896326,0.1001267284154892,0,27.730195999145508,0.008290107361972332,0,0,27.730195999145508,0.00549693638458848,0,0,27.730195999145508,0.00272266729734838,0,0,27.730195999145508,8.870205958633193e-11,0,0,27.730195999145508,4.314334913629869e-12,0.1001267284154892,0,27.730195999145508,2.0048255920410156,3.363896369934082,0,27.63102149963379,1.9786207675933838,2.6713294982910156,0,27.63102149963379,1.950097918510437,1.9787626266479492,0,27.63102149963379,1.9195678234100342,2.968143939971924,0,27.63102149963379,1.8872861862182617,1.9787626266479492,0,27.63102149963379,1.853433609008789,2.5723912715911865,0,27.63102149963379,1.8182178735733032,2.7702677249908447,0,27.63102149963379,1.781896710395813,2.5723912715911865,0,27.63102149963379,1.7446101903915405,1.1872575283050537,0,27.63102149963379,1.7065682411193848,1.681948184967041,0,27.63102149963379,1.6679245233535767,2.1766388416290283,0,27.63102149963379,1.6288456916809082,2.2755770683288574,0,27.63102149963379,1.5894638299942017,1.8798245191574097,0,27.63102149963379,1.5498874187469482,1.1872575283050537,0,27.63102149963379,1.5102481842041016,2.6713294982910156,0,27.63102149963379,1.4706199169158936,2.1766388416290283,0,27.63102149963379,1.4311127662658691,1.9787626266479492,0,27.63102149963379,1.3917886018753052,1.484071969985962,0,27.63102149963379,1.3527247905731201,1.5830100774765015,0,27.63102149963379,1.3139663934707642,1.1872575283050537,0,27.63102149963379,1.2755688428878784,0.7915050387382507,0,27.63102149963379,1.2375541925430298,1.0883194208145142,0,27.63102149963379,1.1999635696411133,1.2861956357955933,0,27.63102149963379,1.162819743156433,1.2861956357955933,0,27.63102149963379,1.1261465549468994,1.0883194208145142,0,27.63102149963379,1.0899417400360107,0.8904431462287903,0,27.63102149963379,1.0542166233062744,0.6925669312477112,0,27.63102149963379,1.0189690589904785,0.09893812984228134,0,27.63102149963379,0.9841949939727783,1.0883194208145142,0,27.63102149963379,0.9498980641365051,0.5936287641525269,0,27.63102149963379,0.916056215763092,0.39575251936912537,0,27.63102149963379,0.8826561570167542,0.8904431462287903,0,27.63102149963379,0.8496880531311035,0.7915050387382507,0,27.63102149963379,0.817132830619812,0.39575251936912537,0,27.63102149963379,0.7849710583686829,0.19787625968456268,0,27.63102149963379,0.7531802654266357,0.6925669312477112,0,27.63102149963379,0.7217499017715454,0.5936287641525269,0,27.63102149963379,0.6906518340110779,0.39575251936912537,0,27.63102149963379,0.6598674058914185,0.2968143820762634,0,27.63102149963379,0.6293773651123047,0.19787625968456268,0,27.63102149963379,0.5991621017456055,0.19787625968456268,0,27.63102149963379,0.5692095756530762,0.19787625968456268,0,27.63102149963379,0.5395004153251648,0.09893812984228134,0,27.63102149963379,0.5100288391113281,0.19787625968456268,0,27.63102149963379,0.4807753562927246,0,0,27.63102149963379,0.4517315626144409,0,0,27.63102149963379,0.42289650440216064,0.09893812984228134,0,27.63102149963379,0.39426782727241516,0.2968143820762634,0,27.63102149963379,0.36584416031837463,0,0,27.63102149963379,0.3376329839229584,0.09893812984228134,0,27.63102149963379,0.30964091420173645,0.09893812984228134,0,27.63102149963379,0.28188198804855347,0.09893812984228134,0,27.63102149963379,0.2543720304965973,0,0,27.63102149963379,0.2271333783864975,0,0,27.63102149963379,0.20019234716892242,0,0,27.63102149963379,0.173580139875412,0,0,27.63102149963379,0.14733104407787323,0,0,27.63102149963379,0.12148526310920715,0.09893812984228134,0,27.63102149963379,0.09608785808086395,0.09893812984228134,0,27.63102149963379,0.07118681818246841,0.09893812984228134,0,27.63102149963379,0.0468343086540699,0.09893812984228134,0,27.63102149963379,0.023085886612534523,0,0,27.63102149963379,2.7961211124249985e-10,0,0,27.63102149963379,2.004825559037693e-12,0.09893812984228134,0,27.63102149963379,0,0,0,0,0,0,0,0,0,0,0,0,0,0,0,0,0,0,0,0,0,0,0,0,0,0,0,0,0,0,0,0,0,0,0,0,0,0,0,0,0,0,0,0,0,0,0,0,0,0,0,0,0,0,0,0,0,0,0,0,0,0,0,0,0,0,0,0,0,0,0,0,0,0,0,0,0,0,0,0,0,0,0,0,0,0,0,0,0,0,0,0,0,0,0,0,0,0,0,0,0,0,0,0,0,0,0,0,0,0,0,0,0,0,0,0,0,0,0,0,0,0,0,0,0,0,0,0,0,0,0,0,0,0,0,0,0,0,0,0,0,0,0,0,0,0,0,0,0,0,0,0,0,0,0,0,0,0,0,0,0,0,0,0,0,0,0,0,0,0,0,0,0,0,0,0,0,0,0,0,0,0,0,0,0,0,0,0,0,0,0,0,0,0,0,0,0,0,0,0,0,0,0,0,0,0,0,0,0,0,0,0,0,0,0,0,0,0,0,0,0,0,0,0,0,0,0,0,0,0,0,0,0,0,0,0,0,0,0,0,0,0,0,0,0,0,0,0,0,0,0,0,0,0,0,0,2.19677472114563,2.910187005996704,0,27.63102149963379,2.147226572036743,2.5743963718414307,0,27.63102149963379,2.0962514877319336,2.238605499267578,0,27.63102149963379,2.0448856353759766,2.686326503753662,0,27.63102149963379,1.99277663230896,2.1266751289367676,0,27.63102149963379,1.9407356977462769,2.238605499267578,0,27.63102149963379,1.888928771018982,2.3505356311798096,0,27.63102149963379,1.8378971815109253,2.686326503753662,0,27.63102149963379,1.7875577211380005,2.014744997024536,0,27.63102149963379,1.7380367517471313,2.686326503753662,0,27.63102149963379,1.689771294593811,2.3505356311798096,0,27.63102149963379,1.6428102254867554,2.238605499267578,0,27.63102149963379,1.5972942113876343,2.014744997024536,0,27.63102149963379,1.5532864332199097,2.1266751289367676,0,27.63102149963379,1.5108524560928345,1.9028146266937256,0,27.63102149963379,1.4699887037277222,1.9028146266937256,0,27.63102149963379,1.4307503700256348,1.455093502998352,0,27.63102149963379,1.393110752105713,1.119302749633789,0,27.63102149963379,1.357069730758667,0.6715816259384155,0,27.63102149963379,1.3225980997085571,1.119302749633789,0,27.63102149963379,1.2896580696105957,1.6789541244506836,0,27.63102149963379,1.2581961154937744,2.014744997024536,0,27.63102149963379,1.2281651496887207,1.23123300075531,0,27.63102149963379,1.1995099782943726,0.8954421877861023,0,27.63102149963379,1.1721551418304443,1.343163251876831,0,27.63102149963379,1.1460318565368652,1.119302749633789,0,27.63102149963379,1.1210623979568481,1.119302749633789,0,27.63102149963379,1.0971611738204956,1.119302749633789,0,27.63102149963379,1.0742321014404297,1.9028146266937256,0,27.63102149963379,1.0521790981292725,1.5670238733291626,0,27.63102149963379,1.0309027433395386,0.33579081296920776,0,27.63102149963379,1.0102970600128174,1.23123300075531,0,27.63102149963379,0.990251362323761,0.6715816259384155,0,27.63102149963379,0.9706478118896484,0.6715816259384155,0,27.63102149963379,0.9513591527938843,0.6715816259384155,0,27.63102149963379,0.9322512149810791,0.33579081296920776,0,27.63102149963379,0.9131889343261719,0.7835119366645813,0,27.63102149963379,0.8940263986587524,0.22386054694652557,0,27.63102149963379,0.8746142983436584,0.6715816259384155,0,27.63102149963379,0.8547952175140381,0.33579081296920776,0,27.63102149963379,0.8344064950942993,0.22386054694652557,0,27.63102149963379,0.8132790327072144,0.22386054694652557,0,27.63102149963379,0.7912436723709106,0.22386054694652557,0,27.63102149963379,0.7681280374526978,0,0,27.63102149963379,0.7437583208084106,0.6715816259384155,0,27.63102149963379,0.7179655432701111,0.11193027347326279,0,27.63102149963379,0.6905863285064697,0.33579081296920776,0,27.63102149963379,0.6614659428596497,0.11193027347326279,0,27.63102149963379,0.6304628252983093,0.22386054694652557,0,27.63102149963379,0.597459077835083,0.22386054694652557,0,27.63102149963379,0.5623566508293152,0.22386054694652557,0,27.63102149963379,0.5250869989395142,0.33579081296920776,0,27.63102149963379,0.4856196343898773,0.11193027347326279,0,27.63102149963379,0.44396594166755676,0.22386054694652557,0,27.63102149963379,0.4001833498477936,0.44772109389305115,0,27.63102149963379,0.3543927073478699,0,0,27.63102149963379,0.3067626655101776,0,0,27.63102149963379,0.257528156042099,0.11193027347326279,0,27.63102149963379,0.2069886028766632,0.11193027347326279,0,27.63102149963379,0.1555088311433792,0.11193027347326279,0,27.63102149963379,0.10351845622062683,0.11193027347326279,0,27.63102149963379,0.051503848284482956,0,0,27.63102149963379,2.196774663218437e-12,0.11193027347326279,0,27.63102149963379,2.196774663218437e-12,0.11193027347326279,0,27.63102149963379,1.3977521657943726,1.8974734544754028,0,27.63102149963379,1.3993771076202393,1.9923471212387085,0,27.63102149963379,1.4019149541854858,2.1820945739746094,0,27.63102149963379,1.4053655862808228,2.0872209072113037,0,27.63102149963379,1.4098807573318481,1.8974734544754028,0,27.63102149963379,1.4155067205429077,1.8974734544754028,0,27.63102149963379,1.4223415851593018,2.9410839080810547,0,27.63102149963379,1.4304205179214478,2.1820945739746094,0,27.63102149963379,1.4398034811019897,3.130831241607666,0,27.63102149963379,1.410494089126587,2.7513365745544434,0,27.63102149963379,1.382257103919983,1.7077261209487915,0,27.63102149963379,1.3550727367401123,1.8974734544754028,0,27.63102149963379,1.3288942575454712,1.6128524541854858,0,27.63102149963379,1.303681492805481,2.1820945739746094,0,27.63102149963379,1.2794140577316284,1.7077261209487915,0,27.63102149963379,1.2560464143753052,2.0872209072113037,0,27.63102149963379,1.2335340976715088,1.9923471212387085,0,27.63102149963379,1.2118247747421265,1.5179787874221802,0,27.63102149963379,1.1908854246139526,1.3282314538955688,0,27.63102149963379,1.170648455619812,1.2333577871322632,0,27.63102149963379,1.1510597467422485,0.6641157269477844,0,27.63102149963379,1.1320663690567017,1.3282314538955688,0,27.63102149963379,1.1136062145233154,0.7589893937110901,0,27.63102149963379,1.0956103801727295,0.5692420601844788,0,27.63102149963379,1.0780144929885864,0.9487367272377014,0,27.63102149963379,1.0607486963272095,0.8538630604743958,0,27.63102149963379,1.0437445640563965,1.2333577871322632,0,27.63102149963379,1.0269232988357544,0.9487367272377014,0,27.63102149963379,1.0102077722549438,0.4743683636188507,0,27.63102149963379,0.9935163259506226,0.9487367272377014,0,27.63102149963379,0.976762056350708,0.4743683636188507,0,27.63102149963379,0.9598584771156311,0.4743683636188507,0,27.63102149963379,0.9427170753479004,0.6641157269477844,0,27.63102149963379,0.9252426624298096,0.5692420601844788,0,27.63102149963379,0.9073388576507568,0.4743683636188507,0,27.63102149963379,0.8889157772064209,0.2846210300922394,0,27.63102149963379,0.8698726892471313,0.5692420601844788,0,27.63102149963379,0.8501123785972595,0.2846210300922394,0,27.63102149963379,0.8295390009880066,0.37949469685554504,0,27.63102149963379,0.8080582618713379,0.2846210300922394,0,27.63102149963379,0.78557950258255,0.2846210300922394,0,27.63102149963379,0.7620072960853577,0.37949469685554504,0,27.63102149963379,0.7372661828994751,0,0,27.63102149963379,0.7112833857536316,0.18974734842777252,0,27.63102149963379,0.6839877963066101,0.4743683636188507,0,27.63102149963379,0.6553277969360352,0,0,27.63102149963379,0.6252644658088684,0,0,27.63102149963379,0.5937674045562744,0.09487367421388626,0,27.63102149963379,0.5608271956443787,0.09487367421388626,0,27.63102149963379,0.5264593958854675,0.09487367421388626,0,27.63102149963379,0.49069520831108093,0,0,27.63102149963379,0.45359593629837036,0.09487367421388626,0,27.63102149963379,0.4152304232120514,0.09487367421388626,0,27.63102149963379,0.37573230266571045,0.09487367421388626,0,27.63102149963379,0.335209459066391,0,0,27.63102149963379,0.29384198784828186,0,0,27.63102149963379,0.2518245279788971,0,0,27.63102149963379,0.20937387645244598,0.09487367421388626,0,27.63102149963379,0.16673792898654938,0,0,27.63102149963379,0.12418702989816666,0.18974734842777252,0,27.63102149963379,0.08200867474079132,0,0,27.63102149963379,0.04050808027386665,0,0,27.63102149963379,1.4398034630866419e-12,0,0,27.63102149963379,1.4398034630866419e-12,0.09487367421388626,0,27.63102149963379,3.721341371536255,2.3189408779144287,0,27.63221549987793,3.7168989181518555,3.1216511726379395,0,27.63221549987793,3.648266315460205,2.1405608654022217,0,27.63221549987793,3.531639575958252,2.9432711601257324,0,27.63221549987793,3.3761112689971924,2.5865111351013184,0,27.63221549987793,3.191160202026367,2.5865111351013184,0,27.63221549987793,2.9860401153564453,2.497321128845215,0,27.63221549987793,2.7692291736602783,1.9621808528900146,0,27.63221549987793,2.548112154006958,2.229750871658325,0,27.63221549987793,2.3288042545318604,1.783800721168518,0,27.63221549987793,2.116111993789673,1.6054205894470215,0,27.63221549987793,1.9135960340499878,1.783800721168518,0,27.63221549987793,1.7236930131912231,1.337850570678711,0,27.63221549987793,1.5478777885437012,1.6054205894470215,0,27.63221549987793,1.3868435621261597,1.516230583190918,0,27.63221549987793,1.2406686544418335,1.6946107149124146,0,27.63221549987793,1.1089783906936646,1.9621808528900146,0,27.63221549987793,0.9910760521888733,1.1594704389572144,0,27.63221549987793,0.8860585689544678,2.4081308841705322,0,27.63221549987793,0.7929072380065918,1.337850570678711,0,27.63221549987793,0.7105550169944763,1.1594704389572144,0,27.63221549987793,0.6379339694976807,0.6243302822113037,0,27.63221549987793,0.5740168690681458,0.891900360584259,0,27.63221549987793,0.5178335905075073,0.8027102947235107,0,27.63221549987793,0.4684891104698181,0.6243302822113037,0,27.63221549987793,0.4251672029495239,1.0702804327011108,0,27.63221549987793,0.3871315121650696,0.4459501802921295,0,27.63221549987793,0.35372596979141235,0.8027102947235107,0,27.63221549987793,0.32436880469322205,0.8027102947235107,0,27.63221549987793,0.298546701669693,0.9810904264450073,0,27.63221549987793,0.27580785751342773,0.4459501802921295,0,27.63221549987793,0.2557586133480072,0.0891900360584259,0,27.63221549987793,0.23805387318134308,0.3567601442337036,0,27.63221549987793,0.222390815615654,0.4459501802921295,0,27.63221549987793,0.20850610733032227,0.2675701081752777,0,27.63221549987793,0.1961677521467209,0.1783800721168518,0,27.63221549987793,0.1851724237203598,0.2675701081752777,0,27.63221549987793,0.17533890902996063,0.5351402163505554,0,27.63221549987793,0.1665104478597641,0.0891900360584259,0,27.63221549987793,0.15853577852249146,0,0,27.63221549987793,0.15128906071186066,0.1783800721168518,0,27.63221549987793,0.14464914798736572,0.0891900360584259,0,27.63221549987793,0.1385027915239334,0.0891900360584259,0,27.63221549987793,0.1327449232339859,0.0891900360584259,0,27.63221549987793,0.127275288105011,0.0891900360584259,0,27.63221549987793,0.12199634313583374,0.1783800721168518,0,27.63221549987793,0.1168135404586792,0,0,27.63221549987793,0.11163408309221268,0.0891900360584259,0,27.63221549987793,0.10636969655752182,0,0,27.63221549987793,0.10093498229980469,0,0,27.63221549987793,0.09524951875209808,0,0,27.63221549987793,0.0892409235239029,0,0,27.63221549987793,0.08284753561019897,0,0,27.63221549987793,0.07602345198392868,0,0,27.63221549987793,0.06874115020036697,0,0,27.63221549987793,0.06099562719464302,0,0,27.63221549987793,0.05278385803103447,0,0,27.63221549987793,0.04421842098236084,0,0,27.63221549987793,0.035362180322408676,0,0,27.63221549987793,0.02634068951010704,0,0,27.63221549987793,0.017312735319137573,0,0,27.63221549987793,0.008464363403618336,0,0,27.63221549987793,3.716898750588671e-12,0,0,27.63221549987793,3.716898750588671e-12,0.0891900360584259,0,27.63221549987793,4.762824058532715,2.30291485786438,0,27.730182647705078,4.7630157470703125,2.0025346279144287,0,27.730182647705078,4.68084716796875,1.6020276546478271,0,27.730182647705078,4.526656150817871,2.102661371231079,0,27.730182647705078,4.313374042510986,3.0038018226623535,0,27.730182647705078,4.05244779586792,2.0025346279144287,0,27.730182647705078,3.7607734203338623,2.2027881145477295,0,27.730182647705078,3.4515221118927,2.30291485786438,0,27.730182647705078,3.1362764835357666,1.9024078845977783,0,27.730182647705078,2.82466459274292,2.7034215927124023,0,27.730182647705078,2.5242276191711426,1.802281141281128,0,27.730182647705078,2.2404751777648926,2.30291485786438,0,27.730182647705078,1.977080225944519,1.802281141281128,0,27.730182647705078,1.7361366748809814,2.0025346279144287,0,27.730182647705078,1.5184588432312012,1.4017741680145264,0,27.730182647705078,1.3238717317581177,2.102661371231079,0,27.730182647705078,1.151483178138733,1.6020276546478271,0,27.730182647705078,0.9999127984046936,1.301647424697876,0,27.730182647705078,0.867487907409668,1.802281141281128,0,27.730182647705078,0.7523943185806274,1.802281141281128,0,27.730182647705078,0.6527865529060364,1.4017741680145264,0,27.730182647705078,0.56686931848526,1.0012673139572144,0,27.730182647705078,0.4929485619068146,1.5019009113311768,0,27.730182647705078,0.4294644296169281,1.0012673139572144,0,27.730182647705078,0.3750063478946686,1.0012673139572144,0,27.730182647705078,0.32831767201423645,1.301647424697876,0,27.730182647705078,0.28829118609428406,0.8010138273239136,0,27.730182647705078,0.2539612352848053,0.6007603406906128,0,27.730182647705078,0.22449104487895966,0.901140570640564,0,27.730182647705078,0.19916079938411713,0.5006336569786072,0,27.730182647705078,0.17735351622104645,0.901140570640564,0,27.730182647705078,0.15854287147521973,1.301647424697876,0,27.730182647705078,0.14228039979934692,0.7008870840072632,0,27.730182647705078,0.12818560004234314,0.7008870840072632,0,27.730182647705078,0.11593537032604218,0.901140570640564,0,27.730182647705078,0.10525521636009216,0.4005069136619568,0,27.730182647705078,0.09591260552406311,0.3003801703453064,0,27.730182647705078,0.0877097025513649,0.3003801703453064,0,27.730182647705078,0.08047819137573242,0.4005069136619568,0,27.730182647705078,0.07407446950674057,0.3003801703453064,0,27.730182647705078,0.06837566196918488,0.2002534568309784,0,27.730182647705078,0.06327611953020096,0.2002534568309784,0,27.730182647705078,0.05868479982018471,0.2002534568309784,0,27.730182647705078,0.05452251434326172,0.2002534568309784,0,27.730182647705078,0.0507207065820694,0.1001267284154892,0,27.730182647705078,0.047218210995197296,0.5006336569786072,0,27.730182647705078,0.043961573392152786,0,0,27.730182647705078,0.0409030057489872,0.1001267284154892,0,27.730182647705078,0.03799989074468613,0,0,27.730182647705078,0.03521375358104706,0,0,27.730182647705078,0.032519325613975525,0.2002534568309784,0,27.730182647705078,0.02987131103873253,0.2002534568309784,0,27.730182647705078,0.02724827080965042,0,0,27.730182647705078,0.024629881605505943,0,0,27.730182647705078,0.021997207775712013,0.1001267284154892,0,27.730182647705078,0.019336378201842308,0.1001267284154892,0,27.730182647705078,0.016638031229376793,0.1001267284154892,0,27.730182647705078,0.013899949379265308,0,0,27.730182647705078,0.011126155965030193,0.1001267284154892,0,27.730182647705078,0.008327187038958073,0,0,27.730182647705078,0.005521515849977732,0,0,27.730182647705078,0.0027347789146006107,0,0,27.730182647705078,4.313373876824178e-12,0,0,27.730182647705078,4.313373876824178e-12,0.1001267284154892,0,27.730182647705078,2.0043375492095947,3.363896369934082,0,27.63102149963379,1.9780060052871704,2.6713294982910156,0,27.63102149963379,1.9494620561599731,1.9787626266479492,0,27.63102149963379,1.9188973903656006,2.968143939971924,0,27.63102149963379,1.8865265846252441,1.9787626266479492,0,27.63102149963379,1.852622151374817,2.5723912715911865,0,27.63102149963379,1.817395806312561,2.7702677249908447,0,27.63102149963379,1.7810221910476685,2.5723912715911865,0,27.63102149963379,1.7437256574630737,1.1872575283050537,0,27.63102149963379,1.705683708190918,1.681948184967041,0,27.63102149963379,1.6670470237731934,2.1766388416290283,0,27.63102149963379,1.6279600858688354,2.2755770683288574,0,27.63102149963379,1.5885751247406006,1.8798245191574097,0,27.63102149963379,1.5490165948867798,1.1872575283050537,0,27.63102149963379,1.5093965530395508,2.6713294982910156,0,27.63102149963379,1.4698044061660767,2.1766388416290283,0,27.63102149963379,1.4303258657455444,1.9787626266479492,0,27.63102149963379,1.391052007675171,1.484071969985962,0,27.63102149963379,1.3520376682281494,1.5830100774765015,0,27.63102149963379,1.3133412599563599,1.1872575283050537,0,27.63102149963379,1.2749980688095093,0.7915050387382507,0,27.63102149963379,1.2370555400848389,1.0883194208145142,0,27.63102149963379,1.199535608291626,1.2861956357955933,0,27.63102149963379,1.1624674797058105,1.2861956357955933,0,27.63102149963379,1.125863790512085,1.0883194208145142,0,27.63102149963379,1.0897334814071655,0.8904431462287903,0,27.63102149963379,1.0540881156921387,0.6925669312477112,0,27.63102149963379,1.0189201831817627,0.09893812984228134,0,27.63102149963379,0.9842310547828674,1.0883194208145142,0,27.63102149963379,0.9500046968460083,0.5936287641525269,0,27.63102149963379,0.9162338972091675,0.39575251936912537,0,27.63102149963379,0.8829102516174316,0.8904431462287903,0,27.63102149963379,0.8500145673751831,0.7915050387382507,0,27.63102149963379,0.8175275325775146,0.39575251936912537,0,27.63102149963379,0.7854301333427429,0.19787625968456268,0,27.63102149963379,0.7537035346031189,0.6925669312477112,0,27.63102149963379,0.7223219275474548,0.5936287641525269,0,27.63102149963379,0.6912720799446106,0.39575251936912537,0,27.63102149963379,0.660531759262085,0.2968143820762634,0,27.63102149963379,0.6300843954086304,0.19787625968456268,0,27.63102149963379,0.5999100208282471,0.19787625968456268,0,27.63102149963379,0.5699844360351562,0.19787625968456268,0,27.63102149963379,0.540297269821167,0.09893812984228134,0,27.63102149963379,0.5108402371406555,0.19787625968456268,0,27.63102149963379,0.48159417510032654,0,0,27.63102149963379,0.4525548219680786,0,0,27.63102149963379,0.42371371388435364,0.09893812984228134,0,27.63102149963379,0.395072877407074,0.2968143820762634,0,27.63102149963379,0.3666284382343292,0,0,27.63102149963379,0.33838626742362976,0.09893812984228134,0,27.63102149963379,0.3103596568107605,0.09893812984228134,0,27.63102149963379,0.28255999088287354,0.09893812984228134,0,27.63102149963379,0.2550024688243866,0,0,27.63102149963379,0.22771207988262177,0,0,27.63102149963379,0.2007143348455429,0,0,27.63102149963379,0.174041286110878,0,0,27.63102149963379,0.14772821962833405,0,0,27.63102149963379,0.12181660532951355,0.09893812984228134,0,27.63102149963379,0.0963515117764473,0.09893812984228134,0,27.63102149963379,0.07138216495513916,0.09893812984228134,0,27.63102149963379,0.04696236178278923,0.09893812984228134,0,27.63102149963379,0.02314832992851734,0,0,27.63102149963379,2.4060804459935525e-9,0,0,27.63102149963379,2.00433745121964e-12,0.09893812984228134,0,27.63102149963379,0,0,0,0,0,0,0,0,0,0,0,0,0,0,0,0,0,0,0,0,0,0,0,0,0,0,0,0,0,0,0,0,0,0,0,0,0,0,0,0,0,0,0,0,0,0,0,0,0,0,0,0,0,0,0,0,0,0,0,0,0,0,0,0,0,0,0,0,0,0,0,0,0,0,0,0,0,0,0,0,0,0,0,0,0,0,0,0,0,0,0,0,0,0,0,0,0,0,0,0,0,0,0,0,0,0,0,0,0,0,0,0,0,0,0,0,0,0,0,0,0,0,0,0,0,0,0,0,0,0,0,0,0,0,0,0,0,0,0,0,0,0,0,0,0,0,0,0,0,0,0,0,0,0,0,0,0,0,0,0,0,0,0,0,0,0,0,0,0,0,0,0,0,0,0,0,0,0,0,0,0,0,0,0,0,0,0,0,0,0,0,0,0,0,0,0,0,0,0,0,0,0,0,0,0,0,0,0,0,0,0,0,0,0,0,0,0,0,0,0,0,0,0,0,0,0,0,0,0,0,0,0,0,0,0,0,0,0,0,0,0,0,0,0,0,0,0,0,0,0,0,0,0,0,0,0,2.189059257507324,2.910187005996704,0,27.63102149963379,2.1407086849212646,2.5743963718414307,0,27.63102149963379,2.0914595127105713,2.238605499267578,0,27.63102149963379,2.041781425476074,2.686326503753662,0,27.63102149963379,1.9915202856063843,2.1266751289367676,0,27.63102149963379,1.9410938024520874,2.238605499267578,0,27.63102149963379,1.890913963317871,2.3505356311798096,0,27.63102149963379,1.8416016101837158,2.686326503753662,0,27.63102149963379,1.7923023700714111,2.014744997024536,0,27.63102149963379,1.7443028688430786,2.686326503753662,0,27.63102149963379,1.6974736452102661,2.3505356311798096,0,27.63102149963379,1.6518863439559937,2.238605499267578,0,27.63102149963379,1.6075477600097656,2.014744997024536,0,27.63102149963379,1.5645450353622437,2.1266751289367676,0,27.63102149963379,1.5229874849319458,1.9028146266937256,0,27.63102149963379,1.4828640222549438,1.9028146266937256,0,27.63102149963379,1.4442059993743896,1.455093502998352,0,27.63102149963379,1.4069987535476685,1.119302749633789,0,27.63102149963379,1.3712387084960938,0.6715816259384155,0,27.63102149963379,1.3369083404541016,1.119302749633789,0,27.63102149963379,1.303972601890564,1.6789541244506836,0,27.63102149963379,1.2723921537399292,2.014744997024536,0,27.63102149963379,1.242106318473816,1.23123300075531,0,27.63102149963379,1.2130656242370605,0.8954421877861023,0,27.63102149963379,1.1852054595947266,1.343163251876831,0,27.63102149963379,1.158452033996582,1.119302749633789,0,27.63102149963379,1.1327345371246338,1.119302749633789,0,27.63102149963379,1.1079813241958618,1.119302749633789,0,27.63102149963379,1.084098219871521,1.9028146266937256,0,27.63102149963379,1.0609967708587646,1.5670238733291626,0,27.63102149963379,1.038583755493164,0.33579081296920776,0,27.63102149963379,1.0167526006698608,1.23123300075531,0,27.63102149963379,0.9954057931900024,0.6715816259384155,0,27.63102149963379,0.9744262099266052,0.6715816259384155,0,27.63102149963379,0.9536981582641602,0.6715816259384155,0,27.63102149963379,0.9331021308898926,0.33579081296920776,0,27.63102149963379,0.9125128388404846,0.7835119366645813,0,27.63102149963379,0.8917957544326782,0.22386054694652557,0,27.63102149963379,0.8708189725875854,0.6715816259384155,0,27.63102149963379,0.849437415599823,0.33579081296920776,0,27.63102149963379,0.827507495880127,0.22386054694652557,0,27.63102149963379,0.8048796653747559,0.22386054694652557,0,27.63102149963379,0.7814065217971802,0.22386054694652557,0,27.63102149963379,0.7569363117218018,0,0,27.63102149963379,0.7313185334205627,0.6715816259384155,0,27.63102149963379,0.7044124007225037,0.11193027347326279,0,27.63102149963379,0.6760761737823486,0.33579081296920776,0,27.63102149963379,0.6461822390556335,0.11193027347326279,0,27.63102149963379,0.6146131157875061,0.22386054694652557,0,27.63102149963379,0.5812700986862183,0.22386054694652557,0,27.63102149963379,0.5460768938064575,0.22386054694652557,0,27.63102149963379,0.508980929851532,0.33579081296920776,0,27.63102149963379,0.4699590504169464,0.11193027347326279,0,27.63102149963379,0.4290282428264618,0.22386054694652557,0,27.63102149963379,0.3862411677837372,0.44772109389305115,0,27.63102149963379,0.34169986844062805,0,0,27.63102149963379,0.2955540120601654,0,0,27.63102149963379,0.248005673289299,0.11193027347326279,0,27.63102149963379,0.19931116700172424,0.11193027347326279,0,27.63102149963379,0.14977069199085236,0.11193027347326279,0,27.63102149963379,0.09975787997245789,0.11193027347326279,0,27.63102149963379,0.04968205466866493,0,0,27.63102149963379,2.7718491946160384e-9,0.11193027347326279,0,27.63102149963379,2.1890592637185957e-12,0.11193027347326279,0,27.63102149963379,1.4149012565612793,1.8974734544754028,0,27.63102149963379,1.4163774251937866,1.9923471212387085,0,27.63102149963379,1.4187252521514893,2.1820945739746094,0,27.63102149963379,1.4219168424606323,2.0872209072113037,0,27.63102149963379,1.4260870218276978,1.8974734544754028,0,27.63102149963379,1.4312753677368164,1.8974734544754028,0,27.63102149963379,1.4375674724578857,2.9410839080810547,0,27.63102149963379,1.4449882507324219,2.1820945739746094,0,27.63102149963379,1.4536387920379639,3.130831241607666,0,27.63102149963379,1.4242833852767944,2.7513365745544434,0,27.63102149963379,1.395900845527649,1.7077261209487915,0,27.63102149963379,1.3684896230697632,1.8974734544754028,0,27.63102149963379,1.342013955116272,1.6128524541854858,0,27.63102149963379,1.3164260387420654,2.1820945739746094,0,27.63102149963379,1.29170823097229,1.7077261209487915,0,27.63102149963379,1.2678189277648926,2.0872209072113037,0,27.63102149963379,1.2447155714035034,1.9923471212387085,0,27.63102149963379,1.222355604171753,1.5179787874221802,0,27.63102149963379,1.2006922960281372,1.3282314538955688,0,27.63102149963379,1.1796784400939941,1.2333577871322632,0,27.63102149963379,1.1592587232589722,0.6641157269477844,0,27.63102149963379,1.1393718719482422,1.3282314538955688,0,27.63102149963379,1.1199687719345093,0.7589893937110901,0,27.63102149963379,1.1009809970855713,0.5692420601844788,0,27.63102149963379,1.0823522806167603,0.9487367272377014,0,27.63102149963379,1.0640203952789307,0.8538630604743958,0,27.63102149963379,1.0459158420562744,1.2333577871322632,0,27.63102149963379,1.0279614925384521,0.9487367272377014,0,27.63102149963379,1.0100936889648438,0.4743683636188507,0,27.63102149963379,0.9922282099723816,0.9487367272377014,0,27.63102149963379,0.9742952585220337,0.4743683636188507,0,27.63102149963379,0.956214427947998,0.4743683636188507,0,27.63102149963379,0.9379002451896667,0.6641157269477844,0,27.63102149963379,0.9192713499069214,0.5692420601844788,0,27.63102149963379,0.9002394676208496,0.4743683636188507,0,27.63102149963379,0.880720317363739,0.2846210300922394,0,27.63102149963379,0.8606303334236145,0.5692420601844788,0,27.63102149963379,0.839877724647522,0.2846210300922394,0,27.63102149963379,0.8183802366256714,0.37949469685554504,0,27.63102149963379,0.7960562109947205,0.2846210300922394,0,27.63102149963379,0.7728247046470642,0.2846210300922394,0,27.63102149963379,0.74861079454422,0.37949469685554504,0,27.63102149963379,0.7233383655548096,0,0,27.63102149963379,0.6969466209411621,0.18974734842777252,0,27.63102149963379,0.6693798303604126,0.4743683636188507,0,27.63102149963379,0.6405919790267944,0,0,27.63102149963379,0.6105450987815857,0,0,27.63102149963379,0.5792198181152344,0.09487367421388626,0,27.63102149963379,0.5466094613075256,0.09487367421388626,0,27.63102149963379,0.512726366519928,0.09487367421388626,0,27.63102149963379,0.4775973856449127,0,0,27.63102149963379,0.44127607345581055,0.09487367421388626,0,27.63102149963379,0.40383049845695496,0.09487367421388626,0,27.63102149963379,0.36535632610321045,0.09487367421388626,0,27.63102149963379,0.32597312331199646,0,0,27.63102149963379,0.28581029176712036,0,0,27.63102149963379,0.24504587054252625,0,0,27.63102149963379,0.20387372374534607,0.09487367421388626,0,27.63102149963379,0.16250517964363098,0,0,27.63102149963379,0.12117351591587067,0.18974734842777252,0,27.63102149963379,0.08013176172971725,0,0,27.63102149963379,0.03964759409427643,0,0,27.63102149963379,1.7297070442623408e-9,0,0,27.63102149963379,1.4536387501692949e-12,0.09487367421388626,0,27.63102149963379,3.4892122745513916,2.3189408779144287,0,27.6320858001709,3.485503911972046,3.1216511726379395,0,27.6320858001709,3.4248931407928467,2.1405608654022217,0,27.6320858001709,3.3236501216888428,2.9432711601257324,0,27.6320858001709,3.189168691635132,2.5865111351013184,0,27.6320858001709,3.0291295051574707,2.5865111351013184,0,27.6320858001709,2.8510329723358154,2.497321128845215,0,27.6320858001709,2.6618154048919678,1.9621808528900146,0,27.6320858001709,2.4675943851470947,2.229750871658325,0,27.6320858001709,2.273516893386841,1.783800721168518,0,27.6320858001709,2.0837302207946777,1.6054205894470215,0,27.6320858001709,1.9013978242874146,1.783800721168518,0,27.6320858001709,1.7287864685058594,1.337850570678711,0,27.6320858001709,1.5673893690109253,1.6054205894470215,0,27.6320858001709,1.4180388450622559,1.516230583190918,0,27.6320858001709,1.2810405492782593,1.6946107149124146,0,27.6320858001709,1.1562986373901367,1.9621808528900146,0,27.6320858001709,1.0434142351150513,1.1594704389572144,0,27.6320858001709,0.9417831301689148,2.4081308841705322,0,27.6320858001709,0.8506687879562378,1.337850570678711,0,27.6320858001709,0.7692597508430481,1.1594704389572144,0,27.6320858001709,0.6967186331748962,0.6243302822113037,0,27.6320858001709,0.6322124004364014,0.891900360584259,0,27.6320858001709,0.5749388933181763,0.8027102947235107,0,27.6320858001709,0.5241408348083496,0.6243302822113037,0,27.6320858001709,0.479112833738327,1.0702804327011108,0,27.6320858001709,0.439208984375,0.4459501802921295,0,27.6320858001709,0.4038439393043518,0.8027102947235107,0,27.6320858001709,0.3724885582923889,0.8027102947235107,0,27.6320858001709,0.34466928243637085,0.9810904264450073,0,27.6320858001709,0.3199664056301117,0.4459501802921295,0,27.6320858001709,0.29800504446029663,0.0891900360584259,0,27.6320858001709,0.27845320105552673,0.3567601442337036,0,27.6320858001709,0.2610169053077698,0.4459501802921295,0,27.6320858001709,0.24543632566928864,0.2675701081752777,0,27.6320858001709,0.2314794808626175,0.1783800721168518,0,27.6320858001709,0.21894162893295288,0.2675701081752777,0,27.6320858001709,0.20763488113880157,0.5351402163505554,0,27.6320858001709,0.1973956823348999,0.0891900360584259,0,27.6320858001709,0.18806764483451843,0,0,27.6320858001709,0.17952193319797516,0.1783800721168518,0,27.6320858001709,0.17162851989269257,0.0891900360584259,0,27.6320858001709,0.16426248848438263,0.0891900360584259,0,27.6320858001709,0.15731266140937805,0.0891900360584259,0,27.6320858001709,0.1506694257259369,0.0891900360584259,0,27.6320858001709,0.14422893524169922,0.1783800721168518,0,27.6320858001709,0.13788820803165436,0,0,27.6320858001709,0.13154886662960052,0.0891900360584259,0,27.6320858001709,0.12511587142944336,0,0,27.6320858001709,0.11849787831306458,0,0,27.6320858001709,0.11161067336797714,0,0,27.6320858001709,0.1043785810470581,0,0,27.6320858001709,0.09673695266246796,0,0,27.6320858001709,0.0886371061205864,0,0,27.6320858001709,0.08005040138959885,0,0,27.6320858001709,0.07097268104553223,0,0,27.6320858001709,0.06142795458436012,0,0,27.6320858001709,0.051473136991262436,0,0,27.6320858001709,0.041201408952474594,0,0,27.6320858001709,0.030740579590201378,0,0,27.6320858001709,0.02025415003299713,0,0,27.6320858001709,0.00993555411696434,0,0,27.6320858001709,3.641539569887442e-10,0,0,27.6320858001709,3.4855039861281245e-12,0.0891900360584259,0,27.6320858001709,4.453108310699463,2.30291485786438,0,27.72011375427246,4.453269004821777,2.0025346279144287,0,27.72011375427246,4.38417387008667,1.6020276546478271,0,27.72011375427246,4.254202842712402,2.102661371231079,0,27.72011375427246,4.073675155639648,3.0038018226623535,0,27.72011375427246,3.8502037525177,2.0025346279144287,0,27.72011375427246,3.598930597305298,2.2027881145477295,0,27.72011375427246,3.3305647373199463,2.30291485786438,0,27.72011375427246,3.054640769958496,1.9024078845977783,0,27.72011375427246,2.779259443283081,2.7034215927124023,0,27.72011375427246,2.5109355449676514,1.802281141281128,0,27.72011375427246,2.2546186447143555,2.30291485786438,0,27.72011375427246,2.01381516456604,1.802281141281128,0,27.72011375427246,1.7907474040985107,2.0025346279144287,0,27.72011375427246,1.5865684747695923,1.4017741680145264,0,27.72011375427246,1.4015811681747437,2.102661371231079,0,27.72011375427246,1.2354320287704468,1.6020276546478271,0,27.72011375427246,1.087298035621643,1.301647424697876,0,27.72011375427246,0.9560437202453613,1.802281141281128,0,27.72011375427246,0.8403446674346924,1.802281141281128,0,27.72011375427246,0.738789439201355,1.4017741680145264,0,27.72011375427246,0.6499521136283875,1.0012673139572144,0,27.72011375427246,0.5724469423294067,1.5019009113311768,0,27.72011375427246,0.5049619674682617,1.0012673139572144,0,27.72011375427246,0.4462824761867523,1.0012673139572144,0,27.72011375427246,0.3953011929988861,1.301647424697876,0,27.72011375427246,0.35102206468582153,0.8010138273239136,0,27.72011375427246,0.3125592768192291,0.6007603406906128,0,27.72011375427246,0.27913013100624084,0.901140570640564,0,27.72011375427246,0.2500494420528412,0.5006336569786072,0,27.72011375427246,0.22471964359283447,0.901140570640564,0,27.72011375427246,0.20262184739112854,1.301647424697876,0,27.72011375427246,0.18330754339694977,0.7008870840072632,0,27.72011375427246,0.16638939082622528,0.7008870840072632,0,27.72011375427246,0.15153342485427856,0.901140570640564,0,27.72011375427246,0.13845255970954895,0.4005069136619568,0,27.72011375427246,0.1268993467092514,0.3003801703453064,0,27.72011375427246,0.11666016280651093,0.3003801703453064,0,27.72011375427246,0.10755181312561035,0.4005069136619568,0,27.72011375427246,0.09941481798887253,0.3003801703453064,0,27.72011375427246,0.09211123734712601,0.2002534568309784,0,27.72011375427246,0.0855214074254036,0.2002534568309784,0,27.72011375427246,0.07954072207212448,0.2002534568309784,0,27.72011375427246,0.074076808989048,0.2002534568309784,0,27.72011375427246,0.06904946267604828,0.1001267284154892,0,27.72011375427246,0.0643858090043068,0.5006336569786072,0,27.72011375427246,0.060021959245204926,0,0,27.72011375427246,0.05590016022324562,0.1001267284154892,0,27.72011375427246,0.05196972191333771,0,0,27.72011375427246,0.04818277433514595,0,0,27.72011375427246,0.04449044540524483,0.2002534568309784,0,27.72011375427246,0.040870439261198044,0.2002534568309784,0,27.72011375427246,0.037280261516571045,0,0,27.72011375427246,0.03369390219449997,0,0,27.72011375427246,0.03008837066590786,0.1001267284154892,0,27.72011375427246,0.026446174830198288,0.1001267284154892,0,27.72011375427246,0.022755835205316544,0.1001267284154892,0,27.72011375427246,0.019015846773982048,0,0,27.72011375427246,0.01522821094840765,0.1001267284154892,0,27.72011375427246,0.011406240053474903,0,0,27.72011375427246,0.00757188256829977,0,0,27.72011375427246,0.0037563748192042112,0,0,27.72011375427246,4.073674991084131e-12,0,0,27.72011375427246,4.073674991084131e-12,0.1001267284154892,0,27.72011375427246,1.9919723272323608,3.363896369934082,0,27.63102149963379,1.9651433229446411,2.6713294982910156,0,27.63102149963379,1.9363569021224976,1.9787626266479492,0,27.63102149963379,1.9057257175445557,2.968143939971924,0,27.63102149963379,1.8735103607177734,1.9787626266479492,0,27.63102149963379,1.8399468660354614,2.5723912715911865,0,27.63102149963379,1.8051832914352417,2.7702677249908447,0,27.63102149963379,1.769392490386963,2.5723912715911865,0,27.63102149963379,1.7327800989151,1.1872575283050537,0,27.63102149963379,1.695475697517395,1.681948184967041,0,27.63102149963379,1.657655119895935,2.1766388416290283,0,27.63102149963379,1.6194298267364502,2.2755770683288574,0,27.63102149963379,1.580930233001709,1.8798245191574097,0,27.63102149963379,1.5422720909118652,1.1872575283050537,0,27.63102149963379,1.5035433769226074,2.6713294982910156,0,27.63102149963379,1.4648287296295166,2.1766388416290283,0,27.63102149963379,1.4262192249298096,1.9787626266479492,0,27.63102149963379,1.3877885341644287,1.484071969985962,0,27.63102149963379,1.34958016872406,1.5830100774765015,0,27.63102149963379,1.3116651773452759,1.1872575283050537,0,27.63102149963379,1.2740739583969116,0.7915050387382507,0,27.63102149963379,1.2368375062942505,1.0883194208145142,0,27.63102149963379,1.1999928951263428,1.2861956357955933,0,27.63102149963379,1.1635569334030151,1.2861956357955933,0,27.63102149963379,1.1275360584259033,1.0883194208145142,0,27.63102149963379,1.0919572114944458,0.8904431462287903,0,27.63102149963379,1.056806206703186,0.6925669312477112,0,27.63102149963379,1.0220959186553955,0.09893812984228134,0,27.63102149963379,0.9878177642822266,1.0883194208145142,0,27.63102149963379,0.953967273235321,0.5936287641525269,0,27.63102149963379,0.9205362796783447,0.39575251936912537,0,27.63102149963379,0.8875100612640381,0.8904431462287903,0,27.63102149963379,0.8548765778541565,0.7915050387382507,0,27.63102149963379,0.8226218819618225,0.39575251936912537,0,27.63102149963379,0.7907169461250305,0.19787625968456268,0,27.63102149963379,0.7591602802276611,0.6925669312477112,0,27.63102149963379,0.7279301285743713,0.5936287641525269,0,27.63102149963379,0.6970012784004211,0.39575251936912537,0,27.63102149963379,0.666353702545166,0.2968143820762634,0,27.63102149963379,0.6359764337539673,0.19787625968456268,0,27.63102149963379,0.6058483719825745,0.19787625968456268,0,27.63102149963379,0.5759549140930176,0.19787625968456268,0,27.63102149963379,0.5462749600410461,0.09893812984228134,0,27.63102149963379,0.5168014168739319,0.19787625968456268,0,27.63102149963379,0.4875252842903137,0,0,27.63102149963379,0.4584375023841858,0,0,27.63102149963379,0.42952877283096313,0.09893812984228134,0,27.63102149963379,0.4007953405380249,0.2968143820762634,0,27.63102149963379,0.37223750352859497,0,0,27.63102149963379,0.34385886788368225,0.09893812984228134,0,27.63102149963379,0.31566694378852844,0.09893812984228134,0,27.63102149963379,0.28767305612564087,0.09893812984228134,0,27.63102149963379,0.25988975167274475,0,0,27.63102149963379,0.2323387861251831,0,0,27.63102149963379,0.2050410360097885,0,0,27.63102149963379,0.1780242770910263,0,0,27.63102149963379,0.15132097899913788,0,0,27.63102149963379,0.12496694177389145,0.09893812984228134,0,27.63102149963379,0.09900328516960144,0.09893812984228134,0,27.63102149963379,0.07347387820482254,0.09893812984228134,0,27.63102149963379,0.048428017646074295,0.09893812984228134,0,27.63102149963379,0.023918060585856438,0,0,27.63102149963379,1.9919723422828772e-12,0,0,27.63102149963379,1.9919723422828772e-12,0.09893812984228134,0,27.63102149963379,0,0,0,0,0,0,0,0,0,0,0,0,0,0,0,0,0,0,0,0,0,0,0,0,0,0,0,0,0,0,0,0,0,0,0,0,0,0,0,0,0,0,0,0,0,0,0,0,0,0,0,0,0,0,0,0,0,0,0,0,0,0,0,0,0,0,0,0,0,0,0,0,0,0,0,0,0,0,0,0,0,0,0,0,0,0,0,0,0,0,0,0,0,0,0,0,0,0,0,0,0,0,0,0,0,0,0,0,0,0,0,0,0,0,0,0,0,0,0,0,0,0,0,0,0,0,0,0,0,0,0,0,0,0,0,0,0,0,0,0,0,0,0,0,0,0,0,0,0,0,0,0,0,0,0,0,0,0,0,0,0,0,0,0,0,0,0,0,0,0,0,0,0,0,0,0,0,0,0,0,0,0,0,0,0,0,0,0,0,0,0,0,0,0,0,0,0,0,0,0,0,0,0,0,0,0,0,0,0,0,0,0,0,0,0,0,0,0,0,0,0,0,0,0,0,0,0,0,0,0,0,0,0,0,0,0,0,0,0,0,0,0,0,0,0,0,0,0,0,0,0,0,0,0,0,0,0,0,0,0,0,0,0,0,0,0,0,0,0,0,0,0,0,0,0,0,0,0,0,0,0,0,0,0,0,0,0,0,0,0,0,0,0,0,0,0,0,0,0,0,0,0,0,0,0,0,0,0,0,0,0,0,0,0,0,0,0,0,0,0,0,0,0,0,0,0,0,0,0,0,0,0,0,0,0,0,0,0,0,0,0,0,0,0,0,0,0,0,0,0,0,0,0,0,0,0,0,0,0,0,0,0,0,0,0,0,0,0,0,0,0,0,0,0,0,0,0,0,0,0,0,0,0,0,0,0,0,0,0,0,0,0,0,0,0,0,0,0,0,0,0,0,0,0,0,0,0,0,0,0,0,0,0,0,0,0,0,0,0,0,0,0,0,0,0,0,0,0,0,0,0,0,0,0,0,0,0,0,0,0,0,0,0,0,0,0,0,0,0,0,0,0,0,0,0,0,0,0,0,0,0,0,0,0,0,0,0,0,0,0,0,0,0,0,0,0,0,0,0,0,0,0,0,0,0,0,0,0,0,0,0,0,0,0,0,0,0,0,0,0,0,0,0,0,0,0,0,0,0,0,0,0,0,0,0,0,0,0,0,0,0,0,0,0,0,0,0,0,0,0,0,0,0,0,0,0,0,0,0,0,0,0,0,0,0,0,0,0,0,0,0,0,0,0,0,0,0,0,0,0,0,0,0,0,0,0,0,0,0,0,0,0,0,0,0,0,0,0,0,0,0,0,0,0,0,0,0,0,0,0,0,0,0,0,0,0,0,0,0,0,0,0,0,0,0,0,0,0,0,0,0,0,0,0,0,0,0,0,0,0,0,0,0,0,0,0,0,0,0,0,0,0,0,0,0,0,0,0,0,0,0,0,0,0,0,0,0,0,0,0,0,0,0,0,0,0,0,0,0,0,0,0,0,0,0,0,0,0,0,0,0,0,0,0,0,0,0,0,0,0,0,0,0,0,0,0,0,0,0,0,0,0,0,0,0,0,0,0,0,0,0,0,0,0,0,0,0,0,0,0,0,0,0,0,0,0,0,0,0,0,0,0,0,0,0,0,0,0,0,0,0,0,0,0,0,0,0,0,0,0,0,0,0,0,0,0,0,0,0,0,0,0,0,0,0,0,0,0,0,0,0,0,0,0,0,0,0,0,0,0,0,0,0,0,0,0,0,0,0,0,0,0,0,0,0,0,0,0,0,0,0,0,0,0,0,0,0,0,0,0,0,0,0,0,0,0,0,0,0,0,0,0,0,0,0,0,0,0,0,0,0,0,0,0,0,0,0,0,0,0,0,0,0,0,0,0,0,0,0,0,0,0,0,0,0,0,0,0,0,0,0,0,0,0,0,0,0,0,0,0,0,0,0,0,0,0,0,0,0,0,0,0,0,0,0,0,0,0,0,0,0,0,0,0,0,0,0,0,0,0,0,0,0,0,0,0,0,0,0,0,0,0,0,0,0,0,0,0,0,0,0,0,0,0,0,0,0,0,0,0,0,0,0,0,0,0,0,0,0,0,0,0,0,0,0,0,0,0,0,0,0,0,0,0,0,0,0,0,0,0,0,0,0,0,0,0,0,0,0,0,0,0,0,0,0,0,0,0,0,0,0,0,0,0,0,0,0,0,0,0,0,0,0,0,0,0,0,0,0,0,0,0,0,0,0,0,0,0,0,0,0,0,0,0,0,0,0,0,0,0,0,0,0,0,0,0,0,0,0,0,0,0,0,0,0,0,0,0,0,0,0,0,0,0,0,0,0,0,0,0,0,0,0,0,0,0,0,0,0,0,0,0,0,0,0,0,0,0,0,0,0,0,0,0,0,0,0,0,0,0,0,0,0,0,0,0,0,0,0,0,0,0,0,0,0,0,0,0,0,0,0,0,0,0,0,0,0,0,0,0,0,0,0,0,0,0,0,0,0,0,0,0,0,0,0,0,0,0,0,0,0,0,0,0,0,0,0,0,0,0,0,0,0,0,0,0,0,0,0,0,0,0,0,0,0,0,0,0,0,0,0,0,0,0,0,0,0,0,0,0,0,0,0,0,0,0,0,0,0,0,0,0,0,0,0,0,0,0,0,0,0,0,0,0,0,0,0,0,0,0,0,0,0,0,0,0,0,0,0,0,0,0,0,0,0,0,0,0,0,0,0,0,0,0,0,0,0,0,0,0,0,0,0,0,0,0,0,0,0,0,0,0,0,0,0,0,0,0,0,0,0,0,0,0,0,0,0,0,0,0,0,0,0,0,0,0,0,0,0,0,0,0,0,0,0,0,0,0,0,0,0,0,0,0,0,0,0,0,0,0,0,0,0,0,0,0,0,0,0,0,0,0,0,0,0,0,0,0,0,0,0,0,0,0,0,0,0,0,0,0,0,0,0,0,0,0,0,0,0,0,0,0,0,0,0,0,0,0,0,0,0,0,0,0,0,0,0,0,0,0,0,0,0,0,0,0,0,0,0,0,0,0,0,0,0,0,0,0,0,0,0,0,0,0,0,0,0,0,0,0,0,0,0,0,0,0,0,0,0,0,0,0,0,0,0,0,0,0,0,0,0,0,0,0,0,0,0,0,0,0,0,0,0,0,0,0,0,0,0,0,0,0,0,0,0,0,0,0,0,0,0,0,0,0,0,0,0,0,0,0,0,0,0,0,0,0,0,0,0,0,0,0,0,0,0,0,0,0,0,0,0,0,0,0,0,0,0,0,0,0,0,0,0,0,0,0,0,0,0,0,0,0,0,0,0,0,0,0,0,0,0,0,0,0,0,0,0,0,0,0,0,0,0,0,0,0,0,0,0,0,0,0,0,0,0,0,0,0,0,0,0,0,0,0,0,0,0,0,0,0,0,0,0,0,0,0,0,0,0,0,0,0,0,0,0,0,0,0,0,0,0,0,0,0,0,0,0,0,0,0,0,0,0,0,0,0,0,0,0,0,0,0,0,0,0,0,0,0,0,0,0,0,0,0,0,0,0,0,0,0,0,0,0,0,0,0,0,0,0,0,0,0,0,0,0,0,0,0,0,0,0,0,0,0,0,0,0,0,0,0,0,0,0,0,0,0,0,0,0,0,0,0,0,0,0,0,0,0,0,0,0,0,0,0,0,0,0,0,0,0,0,0,0,0,0,0,0,0,0,0,0,0,0,0,0,0,0,0,0,0,0,0,0,0,0,0,0,0,0,0,0,0,0,0,0,0,0,0,0,0,0,0,0,0,0,0,0,0,0,0,0,0,0,0,0,0,0,0,0,0,0,0,0,0,0,0,0,0,0,0,0,0,0,0,0,0,0,0,0,0,0,0,0,0,0,0,0,0,0,0,0,0,0,0,0,0,0,0,0,0,0,0,0,0,0,0,0,0,0,0,0,0,0,0,0,0,0,0,0,0,0,0,0,0,0,0,0,0,0,0,0,0,0,0,0,0,0,0,0,0,0,0,0,0,0,0,0,0,0,0,0,0,0,0,0,0,0,0,0,0,0,0,0,0,0,0,0,0,0,0,0,0,0,0,0,0,0,0,0,0,0,0,0,0,0,0,0,0,0,0,0,0,0,0,0,0,0,0,0,0,0,0,0,0,0,0,0,0,0,0,0,0,0,0,0,0,0,0,0,0,0,0,0,0,0,0,0,0,0,0,0,0,0,0,0,0,0,0,0,0,0,0,0,0,0,0,0,0,0,0,0,0,0,0,0,0,0,0,0,0,0,0,0,0,0,0,0,0,0,0,0,0,0,0,0,0,0,0,0,0,0,0,0,0,0,0,0,0,0,0,0,0,0,0,0,0,0,0,0,0,0,0,0,0,0,0,0,0,0,0,0,0,0,0,0,0,0,0,0,0,0,0,0,0,0,0,0,0,0,0,0,0,0,0,0,0,0,0,0,0,0,0,0,0,0,0,0,0,0,0,0,0,0,0,0,0,0,0,0,0,0,0,0,0,0,0,0,0,0,0,0,0,0,0,0,0,0,0,0,0,0,0,0,0,0,0,0,0,0,0,0,0,0,0,0,0,0,0,0,0,0,0,0,0,0,0,0,0,0,0,0,0,0,0,0,0,0,0,0,0,0,0,0,0,0,0,0,0,0,0,0,0,0,0,0,0,0,0,0,0,0,0,0,0,0,0,0,0,0,0,0,0,0,0,0,0,0,0,0,0,0,0,0,0,0,0,0,0,0,0,0,0,0,0,0,0,0,0,0,0,0,0,0,0,0,0,0,0,0,0,0,0,0,0,0,0,0,0,0,0,0,0,0,0,0,0,0,0,0,0,0,0,0,0,0,0,0,0,0,0,0,0,0,0,0,0,0,0,0,0,0,0,0,0,0,0,0,0,0,0,0,0,0,0,0,0,0,0,0,0,0,0,0,0,0,0,0,0,0,0,0,0,0,0,0,0,0,0,0,0,0,0,0,0,0,0,0,0,0,0,0,0,0,0,0,0,0,0,0,0,0,0,0,0,0,0,0,0,0,0,0,0,0,0,0,0,0,0,0,0,0,0,0,0,0,0,0,0,0,0,0,0,0,0,0,0,0,0,0,0,0,0,0,0,0,0,0,0,0,0,0,0,0,0,0,0,0,0,0,0,0,0,0,0,0,0,0,0,0,0,0,0,0,0,0,0,0,0,0,0,0,0,0,0,0,0,0,0,0,0,0,0,0,0,0,0,0,0,0,0,0,0,0,0,0,0,0,0,0,0,0,0,0,0,0,0,0,0,0,0,0,0,0,0,0,0,0,0,0,0,0,0,0,0,0,0,0,0,0,0,0,0,0,0,0,0,0,0,0,0,0,0,0,0,0,0,0,0,0,0,0,0,0,0,0,0,0,0,0,0,0,0,0,0,0,0,0,0,0,0,0,0,0,0,0,0,0,0,0,0,0,0,0,0,0,0,0,0,0,0,0,0,0,0,0,0,0,0,0,0,0,0,0,0,0,0,0,0,0,0,0,0,0,0,0,0,0,0,0,0,0,0,0,0,0,0,0,0,0,0,0,0,0,0,0,0,0,0,0,0,0,0,0,0,0,0,0,0,0,0,0,0,0,0,0,0,0,0,0,0,0,0,0,0,0,0,0,0,0,0,0,0,0,0,0,0,0,0,0,0,0,0,0,0,0,0,0,0,0,0,0,0,0,0,0,0,0,0,0,0,0,0,0,0,0,0,0,0,0,0,0,0,0,0,0,0,0,0,0,0,0,0,0,0,0,0,0,0,0,0,0,0,0,0,0,0,0,0,0,0,0,0,0,0,0,0,0,0,0,0,0,0,0,0,0,0,0,0,0,0,0,0,0,0,0,0,0,0,0,0,0,0,0,0,0,0,0,0,0,0,0,0,0,0,0,0,0,0,0,0,0,0,0,0,0,0,0,0,0,0,0,0,0,0,0,0,0,0,0,0,0,0,0,0,0,0,0,0,0,0,0,0,0,0,0,0,0,0,0,0,0,0,0,0,0,0,0,0,0,0,0,0,0,0,0,0,0,0,0,0,0,0,0,0,0,0,0,0,0,0,0,0,0,0,0,0,0,0,0,0,0,0,0,0,0,0,0,0,0,0,0,0,0,0,0,0,0,0,0,0,0,0,0,0,0,0,0,0,0,0,0,0,0,0,0,0,0,0,0,0,0,0,0,0,0,0,0,0,0,0,0,0,0,0,0,0,0,0,0,0,0,0,0,0,0,0,0,0,0,0,0,0,0,0,0,0,0,0,0,0,0,0,0,0,0,0,0,0,0,0,0,0,0,0,0,0,0,0,0,0,0,0,0,0,0,0,0,0,0,0,0,0,0,0,0,0,0,0,0,0,0,0,0,0,0,0,0,0,0,0,0,0,0,0,0,0,0,0,0,0,0,0,0,0,0,0,0,0,0,0,0,0,0,0,0,0,0,0,0,0,0,0,0,0,0,0,0,0,0,0,0,0,0,0,0,0,0,0,0,0,0,0,0,0,0,0,0,0,0,0,0,0,0,0,0,0,0,0,0,0,0,0,0,0,0,0,0,0,0,0,0,0,0,0,0,0,0,0,0,0,0,0,0,0,0,0,0,0,0,0,0,0,0,0,0,0,0,0,0,0,0,0,0,0,0,0,0,0,0,0,0,0,0,0,0,0,0,0,0,0,0,0,0,0,0,0,0,0,0,0,0,0,0,0,0,0,0,0,0,0,0,0,0,0,0,0,0,0,0,0,0,0,0,0,0,0,0,0,0,0,0,0,0,0,0,0,0,0,0,0,0,0,0,0,0,0,0,0,0,0,0,0,0,0,0,0,0,0,0,0,0,0,0,0,0,0,0,0,0,0,0,0,0,0,0,0,0,0,0,0,0,0,0,0,0,0,0,0,0,0,0,0,0,0,0,0,0,0,0,0,0,0,0,0,0,0,0,0,0,0,0,0,0,0,0,0,0,0,0,0,0,0,0,0,0,0,0,0,0,0,0,0,0,0,0,0,0,0,0,0,0,0,0,0,0,0,0,0,0,0,0,0,0,0,0,0,0,0,0,0,0,0,0,0,0,0,0,0,0,0,0,0,0,0,0,0,0,0,0,0,0,0,0,0,0,0,0,0,0,0,0,0,0,0,0,0,0,0,0,0,0,0,0,0,0,0,0,0,0,0,0,0,0,0,0,0,0,0,0,0,0,0,0,0,0,0,0,0,0,0,0,0,0,0,0,0,0,0,0,0,0,0,0,0,0,0,0,0,0,0,0,0,0,0,0,0,0,0,0,0,0,0,0,0,0,0,0,0,0,0,0,0,0,0,0,0,0,0,0,0,0,0,0,0,0,0,0,0,0,0,0,0,0,0,0,0,0,0,0,0,0,0,0,0,0,0,0,0,0,0,0,0,0,0,0,0,0,0,0,0,0,0,0,0,0,0,0,0,0,0,0,0,0,0,0,0,0,0,0,0,0,0,0,0,0,0,0,0,0,0,0,0,0,0,0,0,0,0,0,0,0,0,0,0,0,0,0,0,0,0,0,0,0,0,0,0,0,0,0,0,0,0,0,0,0,0,0,0,0,0,0,0,0,0,0,0,0,0,0,0,0,0,0,0,0,0,0,0,0,0,0,0,0,0,0,0,0,0,0,0,0,0,0,0,0,0,0,0,0,0,0,0,0,0,0,0,0,0,0,0,0,0,0,0,0,0,0,0,0,0,0,0,0,0,0,0,0,0,0,0,0,0,0,0,0,0,0,0,0,0,0,0,0,0,0,0,0,0,0,0,0,0,0,0,0,0,0,0,0,0,0,0,0,0,0,0,0,0,0,0,0,0,0,0,0,0,0,0,0,0,0,0,0,0,0,0,0,0,0,0,0,0,0,0,0,0,0,0,0,0,0,0,0,0,0,0,0,0,0,0,0,0,0,0,0,0,0,0,0,0,0,0,0,0,0,0,0,0,0,0,0,0,0,0,0,0,0,0,0,0,0,0,0,0,0,0,0,0,0,0,0,0,0,0,0,0,0,0,0,0,0,0,0,0,0,0,0,0,0,0,0,0,0,0,0,0,0,0,0,0,0,0,0,0,0,0,0,0,0,0,0,0,0,0,0,0,0,0,0,0,0,0,0,0,0,0,0,0,0,0,0,0,0,0,0,0,0,0,0,0,0,0,0,0,0,0,0,0,0,0,0,0,0,0,0,0,0,0,0,0,0,0,0,0,0,0,0,0,0,0,0,0,0,0,0,0,0,0,0,0,0,0,0,0,0,0,0,0,0,0,0,0,0,0,0,0,0,0,0,0,0,0,0,0,0,0,0,0,0,0,0,0,0,0,0,0,0,0,0,0,0,0,0,0,0,0,0,0,0,0,0,0,0,0,0,0,0,0,0,0,0,0,0,0,0,0,0,0,0,0,0,0,0,0,0,0,0,0,0,0,0,0,0,0,0,0,0,0,0,0,0,0,0,0,0,0,0,0,0,0,0,0,0,0,0,0,0,0,0,0,0,0,0,0,0,0,0,0,0,0,0,0,0,0,0,0,0,0,0,0,0,0,0,0,0,0,0,0,0,0,0,0,0,0,0,0,0,0,0,0,0,0,0,0,0,0,0,0,0,0,0,0,0,0,0,0,0,0,0,0,0,0,0,0,0,0,0,0,0,0,0,0,0,0,0,0,0,0,0,0,0,0,0,0,0,0,0,0,0,0,0,0,0,0,0,0,0,0,0,0,0,0,0,0,0,0,0,0,0,0,0,0,0,0,0,0,0,0,0,0,0,0,0,0,0,0,0,0,0,0,0,0,0,0,0,0,0,0,0,0,0,0,0,0,0,0,0,0,0,0,0,0,0,0,0,0,0,0,0,0,0,0,0,0,0,0,0,0,0,0,0,0,0,0,0,0,0,0,0,0,0,0,0,0,0,0,0,0,0,0,0,0,0,0,0,0,0,0,0,0,0,0,0,0,0,0,0,0,0,0,0,0,0,0,0,0,0,0,0,0,0,0,0,0,0,0,0,0,0,0,0,0,0,0,0,0,0,0,0,0,0,0,0,0,0,0,0,0,0,0,0,0,0,0,0,0,0,0,0,0,0,0,0,0,0,0,0,0,0,0,0,0,0,0,0,0,0,0,0,0,0,0,0,0,0,0,0,0,0,0,0,0,0,0,0,0,0,0,0,0,0,0,0,0,0,0,0,0,0,0,0,0,0,0,0,0,0,0,0,0,0,0,0,0,0,0,0,0,0,0,0,0,0,0,0,0,0,0,0,0,0,0,0,0,0,0,0,0,0,0,0,0,0,0,0,0,0,0,0,0,0,0,0,0,0,0,0,0,0,0,0,0,0,0,0,0,0,0,0,0,0,0,0,0,0,0,0,0,0,0,0,0,0,0,0,0,0,0,0,0,0,0,0,0,0,0,0,0,0,0,0,0,0,0,0,0,0,0,0,0,0,0,0,0,0,0,0,0,0,0,0,0,0,0,0,0,0,0,0,0,0,0,0,0,0,0,0,0,0,0,0,0,0,0,0,0,0,0,0,0,0,0,0,0,0,0,0,0,0,0,0,0,0,0,0,0,0,0,0,0,0,0,0,0,0,0,0,0,0,0,0,0,0,0,0,0,0,0,0,0,0,0,0,0,0,0,0,0,0,0,0,0,0,0,0,0,0,0,0,0,0,0,0,0,0,0,0,0,0,0,0,0,0,0,0,0,0,0,0,0,0,0,0,0,0,0,0,0,0,0,0,0,0,0,0,0,0,0,0,0,0,0,0,0,0,0,0,0,0,0,0,0,0,0,0,0,0,0,0,0,0,0,0,0,0,0,0,0,0,0,0,0,0,0,0,0,0,0,0,0,0,0,0,0,0,0,0,0,0,0,0,0,0,0,0,0,0,0,0,0,0,0,0,0,0,0,0,0,0,0,0,0,0,0,0,0,0,0,0,0,0,0,0,0,0,0,0,0,0,0,0,0,0,0,0,0,0,0,0,0,0,0,0,0,0,0,0,0,0,0,0,0,0,0,0,0,0,0,0,0,0,0,0,0,0,0,0,0,0,0,0,0,0,0,0,0,0,0,0,0,0,0,0,0,0,0,0,0,0,0,0,0,0,0,0,0,0,0,0,0,0,0,0,0,0,0,0,0,0,0,0,0,0,0,0,0,0,0,0,0,0,0,0,0,0,0,0,0,0,0,0,0,0,0,0,0,0,0,0,0,0,0,0,0,0,0,0,0,0,0,0,0,0,0,0,0,0,0,0,0,0,0,0,0,0,0,0,0,0,0,0,0,0,0,0,0,0,0,0,0,0,0,0,0,0,0,0,0,0,0,0,0,0,0,0,0,0,0,0,0,0,0,0,0,0,0,0,0,0,0,0,0,0,0,0,0,0,0,0,0,0,0,0,0,0,0,0,0,0,0,0,0,0,0,0,0,0,0,0,0,0,0,0,0,0,0,0,0,0,0,0,0,0,0,0,0,0,0,0,0,0,0,0,0,0,0,0,0,0,0,0,0,0,0,0,0,0,0,0,0,0,0,0,0,0,0,0,0,0,0,0,0,0,0,0,0,0,0,0,0,0,0,0,0,0,0,0,0,0,0,0,0,0,0,0,0,0,0,0,0,0,0,0,0,0,0,0,0,0,0,0,0,0,0,0,0,0,0,0,0,0,0,0,0,0,0,0,0,0,0,0,0,0,0,0,0,0,0,0,0,0,0,0,0,0,0,0,0,0,0,0,0,0,0,0,0,0,0,0,0,0,0,0,0,0,0,0,0,0,0,0,0,0,0,0,0,0,0,0,0,0,0,0,0,0,0,0,0,0,0,0,0,0,0,0,0,0,0,0,0,0,0,0,0,0,0,0,0,0,0,0,0,0,0,0,0,0,0,0,0,0,0,0,0,0,0,0,0,0,0,0,0,0,0,0,0,0,0,0,0,0,0,0,0]}}