tauKrylov3Tex [64 x 54] 15
  421.8031     6.8466   181.4342     1.0000  -139.4593   268.1229  -612.6773     1.0000   309.6831    58.9231    23.0510     1.0000  -433.5289   -65.9998    15.7284     1.0000   247.6745    23.4748    13.0111     1.0000  -123.8664    31.7756    24.9295     1.0000   247.7908   -42.9444    17.6353     1.0000  -371.6538    35.5084    11.5781     1.0000   247.8223   -19.7960    32.1164     1.0000   -61.9939    18.9534    11.7597     1.0000     0.0000   -44.4921     5.1415     1.0000   -61.7259   134.0713    66.6875     1.0000   247.2646  -126.7897   -10.7275     1.0000  -371.6960    26.0442    18.5691     1.0000   187.0060    46.0522    51.7009     1.0000   123.0276   -58.3227   -27.1161     1.0000  -125.0492   112.6408   118.6225     1.0000  -122.6955  -147.5203  -100.3475     1.0000   186.5773   119.0330   113.9689     1.0000   -62.7074   -74.2596   -34.8761     1.0000     0.0000    13.0878   100.7401     1.0000   -60.8923    18.0075   -67.2438     1.0000   245.5555   -53.8774    10.2478     1.0000  -371.7099    87.0600   164.9925     1.0000   189.7187  -111.1103  -195.5615     1.0000   181.7044    52.7505   164.2213     1.0000  -371.6998   -39.7920   -23.4387     1.0000   190.5434   -31.4472   -95.3349     1.0000   180.8866    93.1026   202.1932     1.0000  -431.8567  -173.5181  -170.1104     1.0000   495.5012   181.8641   146.6792     1.0000  -435.4767  -299.3625  -355.9081     1.0000   191.7190   311.3869   679.6679     1.0000   119.8479  -126.1938  -701.7473     1.0000  -187.9111   -90.1250   304.4170     1.0000   123.8646     9.9857    26.3191     1.0000  -183.6301   -57.6376   -56.9220     1.0000   188.0281   121.0359  -153.7918     1.0000   -64.1880   -39.5974   261.7736     1.0000     0.0000   -54.3636  -309.0680     1.0000   -59.6905   -70.4887   185.4207     1.0000   243.2174   191.6326    34.1730     1.0000  -371.5655  -270.4089  -270.8527     1.0000   192.4572   175.4759   248.8824     1.0000   119.4127    83.3299  -178.2507     1.0000  -187.9085  -184.5340   291.7461     1.0000   123.9807    66.4724  -374.2515     1.0000  -183.7532  -137.0846   172.7886     1.0000   187.6573   409.5233    77.9328     1.0000  -124.0166  -386.7480  -187.9385     1.0000   244.4001   377.7351   598.6484     1.0000  -371.4590  -450.0609  -897.9275     1.0000   250.5091   343.1374  1080.6143     1.0000   -63.2367   223.3213  -733.6065     1.0000   -61.0330  -463.0414   458.6683     1.0000   246.1455   502.9063   425.4261     1.0000  -432.8741  -247.3619  -968.9207     1.0000   495.5012   280.6192  1656.3226     1.0000  -495.5012  -184.2165 -1033.7328     1.0000   495.5012   438.4076   740.2237     1.0000  -432.8422  -294.4499   363.9281     1.0000    56.9528   170.7608  -377.3126     1.0000    88.1328    93.7533    62.4394     1.0000    97.6350    79.4061   181.5611     1.0000
  540.1257   -46.5862    93.1357     1.0000  -670.5415   215.0255  -271.8900     1.0000   298.7805     5.3621    20.5523     1.0000   445.8574    50.2075    17.6458     1.0000  -894.2570   -57.1473    15.5698     1.0000   597.4048   -39.3096    13.0087     1.0000  -297.9227   216.4747    54.7294     1.0000   594.2775  -391.7828   -56.7914     1.0000 -1042.1888   497.0412   132.8844     1.0000  1192.1886  -472.0559  -132.6377     1.0000 -1192.1886   374.7493   201.9608     1.0000  1044.6848  -399.8387  -186.5424     1.0000  -599.2822   569.6379   244.8177     1.0000   297.9165  -693.6981  -255.9028     1.0000  -445.2587   668.8496   357.2404     1.0000   302.2026  -706.0488  -388.7245     1.0000   440.6729   849.2202   428.9254     1.0000  -894.2582  -987.2037  -342.6522     1.0000   454.3904   864.9100   237.1877     1.0000   439.4718  -490.7683   -60.0505     1.0000 -1040.5400   178.8075    -1.2792     1.0000  1046.0048  -201.8096    -6.9223     1.0000  -455.8419   418.0430   131.0964     1.0000  -438.0536  -764.1925  -335.2735     1.0000   894.2064   950.0803   629.7389     1.0000  -456.7375  -874.8447  -765.0653     1.0000  -437.1973   625.0964   564.9471     1.0000   894.1751  -272.4728  -104.1194     1.0000  -602.9807  -328.6311  -375.8203     1.0000   298.0367   902.4339   769.2302     1.0000  -589.0021 -1084.4541  -979.2374     1.0000  1039.5804   911.6603  1042.7905     1.0000 -1046.7506  -930.1903 -1315.6302     1.0000   603.3187  1021.5045  1557.1083     1.0000  -298.1020  -874.4828 -1212.5563     1.0000   588.9149   820.8243   803.7964     1.0000  -894.0581 -1261.7880 -1166.6095     1.0000   457.5416  1559.5300  1455.4967     1.0000   436.6891  -935.0673  -483.6707     1.0000  -894.0132    62.8729  -789.1730     1.0000   602.6185  -101.0649   553.1617     1.0000  -298.2070   646.1082   834.5044     1.0000   590.0771  -572.2147 -1448.3560     1.0000  -893.9485   155.1115  1168.3960     1.0000   601.4485  -307.9791 -1012.1840     1.0000  -298.2751   706.0668  1095.6490     1.0000   444.6805  -365.4604  -624.7143     1.0000  -301.8264   134.2994   687.0983     1.0000  -294.2436  -661.8420 -1805.6652     1.0000   448.3959  1200.0388  3170.6658     1.0000  -150.3439  -967.4310 -2875.4453     1.0000     0.0000   782.8730  1849.3064     1.0000  -148.7511 -1112.3003 -1323.8401     1.0000   595.9360  1975.4263  2495.0107     1.0000 -1043.2927 -2358.0972 -2790.9722     1.0000  1192.1886  2352.6187  2028.4530     1.0000 -1192.1886 -1989.8406  -502.5109     1.0000  1192.1886  2116.7297  1439.2550     1.0000 -1192.1886 -2663.4529 -3886.2742     1.0000  1192.1886  3534.0649  7369.5386     1.0000 -1192.1886 -3231.9844 -6831.9971     1.0000  1038.7722  2337.3542  4163.3125     1.0000  -319.1006  -551.8931  -918.6908     1.0000  -671.8187 -1297.0984 -2226.0386     1.0000
   64.5561  -552.5775   806.4368     1.0000    70.7343   302.6611 -2321.0652     1.0000    66.9177  -341.8951   177.2437     1.0000  -192.6080  -348.0252    99.3902     1.0000   125.5618  -220.7640    54.4474     1.0000   -30.4626  -213.0016     9.9711     1.0000     0.0000  -220.5441   -46.2448     1.0000     0.0000   -83.1357   -34.9701     1.0000     0.0000  -176.5248   -90.1283     1.0000     0.0000  -121.7317  -111.6448     1.0000     0.0000     7.6599   -75.5934     1.0000     0.0000  -187.1119  -155.7370     1.0000     0.0000   110.3882   -66.8498     1.0000     0.0000  -220.3313  -167.0943     1.0000   -35.6417   143.2292   -78.1868     1.0000   135.4641   -22.6559  -109.4873     1.0000  -192.8742    -0.9693   -44.7226     1.0000   121.9928    20.1255  -151.9098     1.0000   -28.9371    82.0555    16.1569     1.0000     0.0000   138.9887    -8.0863     1.0000   -35.3190  -153.8028   -83.8943     1.0000    99.5288   315.0403    50.7406     1.0000   -93.6139    30.1736   142.6127     1.0000    29.4074   -53.3048  -163.2471     1.0000    34.7472   289.0518   297.0496     1.0000   -99.0027   -59.4257   -17.4754     1.0000    94.2833    82.1490    80.9297     1.0000   -30.0242   282.0263   352.9821     1.0000     0.0000  -264.5984  -295.5656     1.0000     0.0000   371.9220   607.6427     1.0000     0.0000  -132.3791  -206.0851     1.0000     0.0000   112.1097   304.7818     1.0000     0.0000   -10.1675    18.0151     1.0000     0.0000   143.3624   315.8047     1.0000     0.0000  -226.8484  -235.0348     1.0000   -32.6313   168.0272   401.9647     1.0000   129.4181    38.0080   -40.8666     1.0000  -193.2037  -205.9213   -26.9016     1.0000    96.5422    42.6597   160.4482     1.0000    96.1678    -0.5580  -159.7391     1.0000  -193.1716    24.7572   326.3716     1.0000    97.8575  -376.9600  -457.7306     1.0000    63.3535   414.6900   214.4149     1.0000   -65.7474  -375.6797    59.7413     1.0000   -94.3189   -37.8591  -238.6790     1.0000   224.4161   212.7687  -104.1907     1.0000  -226.0778  -260.2684   354.0765     1.0000   130.4798   -55.3941  -573.6667     1.0000   -64.3620   136.9177   264.0398     1.0000   126.9183   -28.3531   210.8315     1.0000  -192.9615    53.1580  -239.7211     1.0000   130.2232  -190.6219   185.2086     1.0000   -32.8935   398.2403   -28.7391     1.0000     0.0000  -196.8142   765.0748     1.0000     0.0000   332.7440  -442.4007     1.0000   -32.1104   -47.2858  1144.5679     1.0000   128.7956   457.7224    11.1756     1.0000  -225.3900  -115.6738  1017.9581     1.0000   224.3975   673.9184   625.5031     1.0000  -126.7426   150.8535  1312.3292     1.0000    64.7791   498.4908  1506.1113     1.0000  -200.7057   479.8408  1424.6716     1.0000   104.6126   474.9875   716.9239     1.0000   189.8644   526.7063   643.0992     1.0000
  360.5061 -1098.5150  1330.4465     1.0000  -450.9296   265.5029 -3482.7668     1.0000   199.0379  -718.7770   371.8817     1.0000     0.0000  -621.9731   250.1171     1.0000     0.0000  -498.1800   157.1246     1.0000   -54.4543  -522.7520    52.5394     1.0000   155.5999  -206.3031    51.4471     1.0000   -91.4252  -611.4492  -138.3187     1.0000  -166.6976   -38.6031    -9.1399     1.0000   303.1447  -538.9331  -230.1870     1.0000  -190.9025    51.3554   -95.8600     1.0000   101.9334  -561.8755  -328.5297     1.0000  -157.9964   141.7029   -95.0519     1.0000   144.9835  -492.7417  -414.3045     1.0000   -44.1607   173.6384   -95.3043     1.0000   -57.8292  -412.5290  -442.5825     1.0000   216.5421   252.7492   -85.7482     1.0000  -361.2407  -455.8454  -460.3084     1.0000   347.1847   391.6003   -38.1514     1.0000  -130.6319  -307.3123  -416.8906     1.0000  -172.5939   221.1427   -17.0294     1.0000   303.4673  -130.6801  -355.3491     1.0000  -189.0441   344.0717    82.7660     1.0000    44.1777  -192.7578  -388.6660     1.0000    57.1750   443.2226   407.9980     1.0000  -215.0351  -233.6679  -660.6076     1.0000   303.6943   544.3552   670.0820     1.0000  -190.9668  -104.9310  -363.7917     1.0000   101.3207   129.0578   180.3129     1.0000  -213.1047   381.9788   316.0195     1.0000   359.4729    82.5862   -77.0180     1.0000  -349.8022    68.5314   368.5903     1.0000   193.7272    14.7820  -153.3961     1.0000   -46.4671   652.0402   882.7911     1.0000     0.0000  -460.9798  -474.6214     1.0000     0.0000   523.9543   659.1262     1.0000   -53.7062  -370.4289  -149.9264     1.0000   208.2888   753.2199   890.1758     1.0000  -304.0659  -553.8273  -636.4528     1.0000   198.0273   271.1733   742.7590     1.0000  -101.0267  -152.8177  -122.4371     1.0000   205.9260   551.2584   539.2446     1.0000  -356.0056  -806.2737  -536.9938     1.0000   405.1037   703.4748   898.8235     1.0000  -405.1037  -812.4711  -933.6943     1.0000   405.1037   792.3174  1299.3894     1.0000  -354.0637  -562.6594 -1097.2925     1.0000   151.0599    23.4638   518.3321     1.0000   152.4534   -70.4331   -10.3157     1.0000  -354.5540   112.8075    -3.7179     1.0000   354.5818  -267.1696  -101.0798     1.0000  -202.8566   253.9878   174.7651     1.0000   101.2531  -330.2351  -454.5607     1.0000  -151.6999   258.3306  1090.5549     1.0000   152.0668  -191.2396  -969.7148     1.0000  -101.3649   174.6489   717.5702     1.0000   202.5710   124.6912    -3.6124     1.0000  -354.5511    27.7925   969.1924     1.0000   405.1037   351.4835  -617.8877     1.0000  -405.1037  -223.1096  1560.4312     1.0000   405.1037   862.0616   126.5446     1.0000  -248.8691  -143.3509  1483.5458     1.0000    37.3540   152.1031  -996.7605     1.0000   110.9256   241.1588 -1630.6357     1.0000
 -335.2828   -97.2340    97.1133     1.0000   415.7826   158.9965  -352.7964     1.0000  -184.3242   -45.6172     6.2478     1.0000     0.0000    84.6435    19.2526     1.0000     0.0000  -172.4942   -15.7266     1.0000     0.0000   253.0202    40.5412     1.0000   -62.0885  -317.9389   -34.5916     1.0000   247.4658   338.3452    65.5625     1.0000  -369.6982  -318.8116   -69.5470     1.0000   183.1640   220.8452    70.1271     1.0000   186.6353  -112.3874   -23.9968     1.0000  -431.9684    91.7012    15.8721     1.0000   492.9845  -132.2548     2.2714     1.0000  -430.6824   101.4902   -17.1018     1.0000   245.1198    55.7575    89.3907     1.0000   -60.9313  -234.1254  -137.6017     1.0000   -62.3435   252.1645   150.5259     1.0000   185.5866  -107.5328   -81.1996     1.0000  -121.7741   120.1677   109.1093     1.0000  -124.7093  -335.3340  -174.3148     1.0000   184.1260   329.8383   156.4816     1.0000   -60.8851   -40.4479   -20.7817     1.0000   -62.3658   -61.2863    46.0023     1.0000   185.6081   -73.8000  -155.6983     1.0000  -121.7690   189.3685   177.9043     1.0000  -124.7144  -253.5725   -21.4320     1.0000   184.1382   393.5950    80.6661     1.0000   -60.8966  -650.5636  -476.7619     1.0000     0.0000   856.3978   933.7159     1.0000     0.0000  -681.9881  -840.6483     1.0000   -62.3358    88.1542   185.5433     1.0000   185.5775   552.2389   521.3696     1.0000  -184.1640  -655.1478  -506.1359     1.0000   123.2478   153.3265   -86.5688     1.0000  -185.5678   449.8090   741.4211     1.0000   184.1680  -764.8502 -1045.4274     1.0000  -123.2516   648.1086  1066.8391     1.0000   185.5676   -81.2688  -752.4009     1.0000  -184.1586  -540.8465   231.4607     1.0000   123.2574   862.3204   384.5714     1.0000  -185.5826  -673.1816  -562.9597     1.0000   184.1302   -28.0514   262.6437     1.0000   -60.8871   674.8483   252.9958     1.0000   -62.3960  -832.4680  -703.6077     1.0000   185.6355   734.5742  1211.5195     1.0000  -121.6119  -304.9061 -1174.1222     1.0000  -124.8694  -479.6311   277.7444     1.0000   183.9939  1021.5360   958.5378     1.0000  -123.2879  -859.2267 -1140.7856     1.0000   248.3490   243.0811   217.6593     1.0000  -369.6868   501.4665   922.4621     1.0000   244.4599  -988.5149 -1421.5040     1.0000  -123.3086   976.4033  1722.2687     1.0000   248.7375  -421.6179 -1570.3690     1.0000  -432.5091  -309.4879   830.4417     1.0000   492.9845   802.4066   298.0685     1.0000  -429.9943  -668.9763  -611.7848     1.0000   243.6956   184.2695   253.7989     1.0000  -123.3502    64.4396   147.2771     1.0000   186.3816   449.8517   554.1400     1.0000  -183.1443 -1103.1163 -1108.1464     1.0000  -193.9212   860.6160   771.1998     1.0000   175.5426  -154.3241  -240.8010     1.0000   273.5472  -415.4509  -503.1263     1.0000
    0.0000     0.0000     0.0000     0.0000     0.0000     0.0000     0.0000     0.0000     0.0000     0.0000     0.0000     0.0000     0.0000     0.0000     0.0000     0.0000     0.0000     0.0000     0.0000     0.0000     0.0000     0.0000     0.0000     0.0000     0.0000     0.0000     0.0000     0.0000     0.0000     0.0000     0.0000     0.0000     0.0000     0.0000     0.0000     0.0000     0.0000     0.0000     0.0000     0.0000     0.0000     0.0000     0.0000     0.0000     0.0000     0.0000     0.0000     0.0000     0.0000     0.0000     0.0000     0.0000     0.0000     0.0000     0.0000     0.0000     0.0000     0.0000     0.0000     0.0000     0.0000     0.0000     0.0000     0.0000     0.0000     0.0000     0.0000     0.0000     0.0000     0.0000     0.0000     0.0000     0.0000     0.0000     0.0000     0.0000     0.0000     0.0000     0.0000     0.0000     0.0000     0.0000     0.0000     0.0000     0.0000     0.0000     0.0000     0.0000     0.0000     0.0000     0.0000     0.0000     0.0000     0.0000     0.0000     0.0000     0.0000     0.0000     0.0000     0.0000     0.0000     0.0000     0.0000     0.0000     0.0000     0.0000     0.0000     0.0000     0.0000     0.0000     0.0000     0.0000     0.0000     0.0000     0.0000     0.0000     0.0000     0.0000     0.0000     0.0000     0.0000     0.0000     0.0000     0.0000     0.0000     0.0000     0.0000     0.0000     0.0000     0.0000     0.0000     0.0000     0.0000     0.0000     0.0000     0.0000     0.0000     0.0000     0.0000     0.0000     0.0000     0.0000     0.0000     0.0000     0.0000     0.0000     0.0000     0.0000     0.0000     0.0000     0.0000     0.0000     0.0000     0.0000     0.0000     0.0000     0.0000     0.0000     0.0000     0.0000     0.0000     0.0000     0.0000     0.0000     0.0000     0.0000     0.0000     0.0000     0.0000     0.0000     0.0000     0.0000     0.0000     0.0000     0.0000     0.0000     0.0000     0.0000     0.0000     0.0000     0.0000     0.0000     0.0000     0.0000     0.0000     0.0000     0.0000     0.0000     0.0000     0.0000     0.0000     0.0000     0.0000     0.0000     0.0000     0.0000     0.0000     0.0000     0.0000     0.0000     0.0000     0.0000     0.0000     0.0000     0.0000     0.0000     0.0000     0.0000     0.0000     0.0000     0.0000     0.0000     0.0000     0.0000     0.0000     0.0000     0.0000     0.0000     0.0000     0.0000     0.0000     0.0000     0.0000     0.0000     0.0000     0.0000     0.0000     0.0000     0.0000     0.0000     0.0000     0.0000     0.0000     0.0000     0.0000     0.0000     0.0000     0.0000     0.0000     0.0000     0.0000     0.0000     0.0000     0.0000     0.0000     0.0000     0.0000     0.0000     0.0000     0.0000     0.0000     0.0000     0.0000     0.0000     0.0000     0.0000
 -112.2658    30.9543   181.1026     1.0000   139.3202   244.1116  -612.4330     1.0000   -61.8586    73.8837    21.8109     1.0000     0.0000   -69.4787    14.9721     1.0000     0.0000    23.7966    13.0485     1.0000     0.0000    39.9563    22.7740     1.0000     0.0000   -58.0523    22.0005     1.0000     0.0000    28.1162    -0.6212     1.0000     0.0000    27.0749    49.0230     1.0000     0.0000   -27.1090    -7.8747     1.0000     0.0000   -44.1383    20.0651     1.0000     0.0000   196.4545    66.4336     1.0000     0.0000  -234.6870   -32.1521     1.0000     0.0000   119.4519    45.3366     1.0000     0.0000    30.7411    40.0650     1.0000   -61.5146  -104.2006   -38.8002     1.0000   185.3899   172.1193   140.3807     1.0000  -125.0634  -182.0760  -109.6221     1.0000  -122.6811   102.3553   112.3350     1.0000   186.5895    -0.5997   -35.9481     1.0000  -123.7865  -149.8994   103.0597     1.0000   245.9083   353.1221   -50.9331     1.0000  -371.7132  -496.0938   -36.5620     1.0000   249.9757   395.4119   212.7766     1.0000   -63.1032  -165.9962  -195.7293     1.0000     0.0000   -69.4953   103.3658     1.0000     0.0000   176.7552    85.3544     1.0000   -60.4184  -248.6017  -203.5947     1.0000   244.6057   218.8696   280.7393     1.0000  -371.6859  -174.7067  -216.1971     1.0000   251.2238    59.8617   133.3203     1.0000   -63.7247   -83.0904  -263.4579     1.0000     0.0000   153.9891   586.9424     1.0000     0.0000  -183.8498  -668.8637     1.0000     0.0000    65.8375   304.9713     1.0000   -59.8766  -113.3937    -2.7003     1.0000   243.5499   209.5567    44.3549     1.0000  -431.4272  -407.0598  -280.8885     1.0000   495.5012   626.2642   352.4113     1.0000  -495.5012  -680.0797  -367.7628     1.0000   495.5012   403.8609   262.6119     1.0000  -435.7233  -189.1083  -109.6064     1.0000   192.2978    45.9943   -87.5077     1.0000   179.3411   163.4216   168.7338     1.0000  -371.5461  -301.4157  -217.5901     1.0000   191.9411   152.3737   267.8085     1.0000   179.7791   122.3293  -189.5312     1.0000  -371.5113  -265.0367   -14.1105     1.0000   251.4008   289.9449    82.7602     1.0000   -63.7217  -139.0237    -2.9543     1.0000   -60.4223    20.9674   312.4968     1.0000   244.8407   120.6006  -486.8303     1.0000  -371.4472  -148.7400   588.0744     1.0000   189.0863   192.7823  -302.4724     1.0000   182.9152   130.0213   167.6268     1.0000  -371.4014  -250.2802   526.3255     1.0000   248.7341   277.5350  -785.4193     1.0000   -62.3050   -81.8840  1242.0901     1.0000     0.0000   249.9841  -596.8176     1.0000     0.0000   -56.0991   495.4363     1.0000   -62.7403   141.5610   308.6192     1.0000   186.5965    56.5356   242.2660     1.0000   -89.5399    46.6733  -286.6153     1.0000  -160.9051    48.3997  -418.3310     1.0000
 -996.8282   -82.3874    91.4587     1.0000  1006.2539   270.6620  -270.5066     1.0000  -596.2197   -11.8747    19.1437     1.0000   595.5502    24.5559    16.8656     1.0000  -894.2574   -19.5909    20.4821     1.0000   448.6476  -104.2960     0.2856     1.0000   296.9135   356.4232    73.7797     1.0000  -299.6920  -559.5409   -72.2711     1.0000  -296.3973   621.5173   136.9356     1.0000   448.1629  -631.8422  -139.2992     1.0000  -297.9131   578.6178   219.1218     1.0000   593.4879  -411.1620  -192.4705     1.0000  -894.2751   320.2071   241.0688     1.0000   451.8903  -494.6225  -292.2602     1.0000   441.9607   761.0287   455.7080     1.0000 -1041.3645  -945.0446  -489.5687     1.0000  1045.2286   967.2285   450.4709     1.0000  -600.3718  -913.5005  -277.2005     1.0000   297.9334   919.2597   239.3121     1.0000  -591.2927 -1051.1992  -285.7864     1.0000   894.2426  1009.6936   355.6213     1.0000  -601.3860  -734.9963  -282.7902     1.0000   297.9613   516.4250   266.6584     1.0000  -590.3571  -689.6136  -391.2155     1.0000  1040.2314   984.3319   685.1870     1.0000 -1192.1886 -1165.8629  -926.8514     1.0000  1192.1886  1144.0969   934.7163     1.0000 -1192.1886  -882.3516  -583.7394     1.0000  1192.1886   375.6639    35.1899     1.0000 -1192.1886   -44.7520   339.7998     1.0000  1046.5586    22.2040  -355.3731     1.0000  -602.9549   -25.3833   367.2964     1.0000   298.0712  -248.0634  -781.3908     1.0000  -589.1704   498.3493  1147.2375     1.0000  1039.6851  -401.6468  -809.2589     1.0000 -1046.5682   125.9247   239.2695     1.0000   602.9069  -361.8496  -426.5959     1.0000  -152.4247   961.7596   887.4146     1.0000     0.0000 -1035.5417  -388.4327     1.0000     0.0000   636.8766  -614.2287     1.0000  -145.9860  -612.4626   459.7269     1.0000   443.9937  1052.2238  1059.8403     1.0000  -449.8466 -1092.1659 -2186.9819     1.0000   298.2373   751.5120  2285.5232     1.0000  -444.4356  -831.3139 -2130.4006     1.0000   449.2929  1208.1163  2104.4897     1.0000  -151.2531 -1047.7970 -1480.7617     1.0000  -147.2881   537.3325   828.6890     1.0000   592.8763   -94.6773  -738.6644     1.0000 -1041.6957   -92.3349  1548.1163     1.0000  1044.0082   506.6857 -1635.8606     1.0000  -448.9198  -484.2840  1401.2043     1.0000  -445.9425  -440.9980 -1619.5365     1.0000  1043.0427  1827.2257  2944.6448     1.0000 -1192.1886 -2208.0127 -2937.9556     1.0000  1192.1886  1905.1902  2030.1194     1.0000 -1041.5166 -1382.6951  -177.9940     1.0000   592.3084  1329.2750   311.1689     1.0000  -146.8746 -1541.3297 -2086.1687     1.0000     0.0000  2240.1055  5371.7896     1.0000     0.0000 -1914.0670 -4930.8906     1.0000  -460.7064   612.3542  2045.9987     1.0000   315.4951   193.9413   -49.5239     1.0000   521.0189    95.0306  -577.0295     1.0000
    0.0000  -570.8740   807.9017     1.0000     0.0000   315.2215 -2322.3174     1.0000     0.0000  -354.2524   174.3680     1.0000     0.0000  -324.3293    98.2181     1.0000   -33.9747  -246.6800    50.6269     1.0000   132.5833  -179.7120     8.8746     1.0000  -192.6710  -256.3015   -45.8440     1.0000    88.8155   -47.0468   -42.6505     1.0000   104.5608  -207.8185   -84.4341     1.0000  -192.7225  -105.3492  -121.4277     1.0000   122.5112     0.8013   -69.2514     1.0000   -29.0976  -195.5517  -166.5262     1.0000     0.0000   125.7266   -63.0669     1.0000   -35.6613  -230.8078  -174.9535     1.0000   135.5271   177.8116   -62.8826     1.0000  -192.8448  -119.4371  -147.7343     1.0000   121.8356   105.5394   -11.7778     1.0000   -64.4790   -40.6469  -180.7655     1.0000   135.3666   116.6138    48.3010     1.0000  -192.9475    94.5846   -45.9745     1.0000   122.3375   -99.3816   -71.8876     1.0000   -29.1271   271.7820    38.8279     1.0000     0.0000    27.7100   157.1086     1.0000     0.0000   -20.8402  -180.8761     1.0000   -34.7955   256.5469   310.4279     1.0000   133.6700    11.6521    -4.6595     1.0000  -193.1218    -1.0837    34.1115     1.0000   124.4040   298.9648   387.1618     1.0000   -30.1557  -231.8024  -304.3865     1.0000   -33.8611   336.6187   586.9857     1.0000   131.8283   -32.2484  -130.7387     1.0000  -226.6577   -77.4186   201.7732     1.0000   257.3737   220.1050   107.7831     1.0000  -224.3120   -65.9132   237.4878     1.0000   127.1128   -77.5249  -161.7050     1.0000   -31.4834   116.9281   374.4925     1.0000     0.0000   -41.8933   -70.8648     1.0000     0.0000   -27.3133    39.7355     1.0000     0.0000   -52.6439   147.3487     1.0000     0.0000   -63.6639  -237.5537     1.0000     0.0000    91.0394   458.3582     1.0000     0.0000  -248.9694  -520.0001     1.0000     0.0000   126.4022   169.5701     1.0000     0.0000  -179.0710    80.7596     1.0000     0.0000    24.2834   -45.2109     1.0000     0.0000   -10.9091  -454.6930     1.0000     0.0000   -33.4004   680.8979     1.0000     0.0000  -153.0796  -763.2029     1.0000     0.0000    70.3040   417.9319     1.0000     0.0000    76.4902   -27.9018     1.0000   -31.4185   -15.8877    12.2817     1.0000   127.2433   -59.0216   129.3015     1.0000  -192.9085   201.8065  -129.4837     1.0000   129.6667   -31.5790   872.5751     1.0000   -32.5814   172.4067  -439.5585     1.0000     0.0000   211.1639  1054.1998     1.0000     0.0000   105.6460    49.9349     1.0000     0.0000   272.3630  1187.4441     1.0000   -33.0232   257.4319   378.3429     1.0000    97.3298   570.7762  1547.8964     1.0000   -61.0977   250.5109  1360.4536     1.0000  -170.3204   524.8347  1516.2994     1.0000   104.3318   492.4149   724.3055     1.0000   181.8600   538.3517   628.9675     1.0000
    0.0000 -1122.5087  1330.3535     1.0000     0.0000   292.2131 -3481.7053     1.0000     0.0000  -733.5992   367.2500     1.0000   -53.1776  -603.4711   246.8642     1.0000   208.2852  -501.6383   156.6274     1.0000  -357.6082  -522.2377    49.8144     1.0000   349.9992  -198.6496    49.1518     1.0000  -137.6483  -638.6575  -139.2813     1.0000  -110.7946    15.9931    -6.7838     1.0000    89.5325  -618.1993  -241.9000     1.0000   112.3772   119.7460   -89.4440     1.0000  -145.3759  -629.4597  -339.1898     1.0000   101.9257   241.2145   -75.4968     1.0000  -215.9102  -635.4083  -452.1776     1.0000   361.0039   351.2198   -60.6806     1.0000  -405.1037  -630.7365  -490.9625     1.0000   405.1037   406.1066   -39.1385     1.0000  -347.1054  -481.4979  -493.0901     1.0000   130.3330   342.8741   -57.4862     1.0000   115.0012  -311.6208  -384.7014     1.0000   -86.8058   357.7598   -27.0183     1.0000  -114.7838  -352.0576  -399.1238     1.0000   144.9210   493.0067   140.9157     1.0000  -101.5558  -229.0811  -461.3108     1.0000   158.3098   434.0196   456.9965     1.0000   -88.4748  -168.7797  -664.1001     1.0000  -170.1069   358.6349   614.5485     1.0000   360.2643   145.3226  -280.9540     1.0000  -405.1037  -125.0802    61.6420     1.0000   349.1296   697.3950   404.3924     1.0000  -136.7482  -246.6257   -63.8919     1.0000  -110.8937   264.4486   306.6948     1.0000    92.4236   -30.6847  -158.5623     1.0000   109.7575   653.7968   933.0591     1.0000   -93.7073  -404.2115  -469.8200     1.0000  -162.6651   316.0909   554.8578     1.0000   304.0343   -10.8727     3.0422     1.0000  -196.6844   420.6063   768.9019     1.0000    47.8953  -418.9305  -538.3510     1.0000    52.8426   319.2599   677.4521     1.0000  -154.0726  -120.7981   -97.2565     1.0000    98.0177   209.8446   455.0876     1.0000   156.4808  -170.6583  -261.9973     1.0000  -355.8097   -53.0177   485.9752     1.0000   353.5903   -65.0086  -497.2482     1.0000  -201.0314   239.4090  1001.5641     1.0000    49.9814  -309.1735  -992.7295     1.0000    -0.0000    25.6519   624.3903     1.0000    -0.0000  -272.0527  -309.9475     1.0000    -0.0000   469.0088   406.0838     1.0000    50.5871  -574.2275  -307.3127     1.0000  -151.8468   371.0435    54.9814     1.0000   101.5537  -543.4159  -371.7763     1.0000   100.9968   862.9907  1341.3839     1.0000  -101.4324  -787.9979 -1147.5350     1.0000  -101.1184   375.0096   614.3531     1.0000   100.9958   -26.2690     1.9297     1.0000   152.5173   591.1749  1389.4685     1.0000  -354.7898  -619.7963 -1289.2732     1.0000   405.1037   956.2612  2250.6665     1.0000  -405.1037  -305.8195  -434.0194     1.0000   405.1037   741.7205  1866.0660     1.0000  -143.3260   -80.0324 -1071.2880     1.0000  -286.6123  -280.8719 -1824.6204     1.0000
 -335.6835   -86.4854    96.7208     1.0000   415.8619   151.5139  -352.4166     1.0000  -184.1112   -38.3205     5.4893     1.0000     0.0000    88.7859    20.4133     1.0000     0.0000  -187.8592   -18.9409     1.0000     0.0000   245.3249    41.6131     1.0000     0.0000  -261.2834   -35.0729     1.0000     0.0000   251.8238    68.1935     1.0000     0.0000  -258.4286   -80.9630     1.0000     0.0000   240.5682    92.8698     1.0000     0.0000  -217.3536   -51.0988     1.0000   -62.3310   233.2031    28.7499     1.0000   247.9286  -246.6262     2.1985     1.0000  -369.7144   191.8606   -10.5038     1.0000   244.9776   -51.9396    85.6073     1.0000   -60.8606  -142.1349  -157.1625     1.0000   -62.4151   253.0000   165.4603     1.0000   185.6573  -200.1010   -73.2235     1.0000  -121.6310   212.3679   101.2347     1.0000  -124.8507  -365.6833  -189.9339     1.0000   184.0544   360.9723   210.3679     1.0000   -60.8145  -132.9933  -105.1589     1.0000     0.0000    89.6851   134.6081     1.0000   -62.4357  -306.2546  -233.7594     1.0000   248.1099   444.2523   233.2497     1.0000  -369.7366  -360.4367   -53.1318     1.0000   244.8885   296.6335   108.2545     1.0000   -60.8260  -403.4686  -523.4488     1.0000     0.0000   548.5649  1026.7678     1.0000     0.0000  -467.0649  -963.3714     1.0000   -62.4073    26.8787   245.9776     1.0000   185.6482   552.7555   584.0500     1.0000  -184.0925  -592.3853  -628.4251     1.0000   123.2486   -32.7314   -26.4851     1.0000  -185.6385   634.5019   804.6571     1.0000   184.0965  -825.8226 -1199.6063     1.0000   -60.8545   690.7159  1280.6801     1.0000   -62.4011  -249.7442  -989.1624     1.0000   185.6414  -226.7496   401.9953     1.0000  -121.6665   510.0897   333.4642     1.0000  -124.8155  -509.5806  -596.1356     1.0000   184.0586   158.7136   355.9084     1.0000   -60.8164   305.6233    67.8552     1.0000   -62.4676  -587.5362  -394.6518     1.0000   185.7062   736.3932   842.9966     1.0000  -121.4687  -552.5162  -803.8752     1.0000  -125.0106   -47.8714   -92.0365     1.0000   183.9222   591.5898  1267.0493     1.0000   -60.6812  -558.6902 -1274.6488     1.0000     0.0000   -38.5767    82.3986     1.0000     0.0000   830.5786  1277.8557     1.0000     0.0000 -1205.6377 -1674.3695     1.0000   -62.7945  1030.2623  1583.2382     1.0000   186.0265  -421.0400 -1137.2568     1.0000  -183.5782  -246.7270   463.4278     1.0000   123.3291   679.7094   546.9643     1.0000  -186.2144  -671.4340 -1047.0374     1.0000   183.3528   307.4437   997.2084     1.0000  -123.3520     4.5015  -651.3862     1.0000   249.7761   518.9893  1116.1791     1.0000  -433.0396 -1372.7482 -1390.2140     1.0000   302.3889  1435.3362  1009.9735     1.0000   -44.3963  -417.6733  -342.7405     1.0000  -133.5354  -898.4709  -694.5049     1.0000
    0.0000     0.0000     0.0000     0.0000     0.0000     0.0000     0.0000     0.0000     0.0000     0.0000     0.0000     0.0000     0.0000     0.0000     0.0000     0.0000     0.0000     0.0000     0.0000     0.0000     0.0000     0.0000     0.0000     0.0000     0.0000     0.0000     0.0000     0.0000     0.0000     0.0000     0.0000     0.0000     0.0000     0.0000     0.0000     0.0000     0.0000     0.0000     0.0000     0.0000     0.0000     0.0000     0.0000     0.0000     0.0000     0.0000     0.0000     0.0000     0.0000     0.0000     0.0000     0.0000     0.0000     0.0000     0.0000     0.0000     0.0000     0.0000     0.0000     0.0000     0.0000     0.0000     0.0000     0.0000     0.0000     0.0000     0.0000     0.0000     0.0000     0.0000     0.0000     0.0000     0.0000     0.0000     0.0000     0.0000     0.0000     0.0000     0.0000     0.0000     0.0000     0.0000     0.0000     0.0000     0.0000     0.0000     0.0000     0.0000     0.0000     0.0000     0.0000     0.0000     0.0000     0.0000     0.0000     0.0000     0.0000     0.0000     0.0000     0.0000     0.0000     0.0000     0.0000     0.0000     0.0000     0.0000     0.0000     0.0000     0.0000     0.0000     0.0000     0.0000     0.0000     0.0000     0.0000     0.0000     0.0000     0.0000     0.0000     0.0000     0.0000     0.0000     0.0000     0.0000     0.0000     0.0000     0.0000     0.0000     0.0000     0.0000     0.0000     0.0000     0.0000     0.0000     0.0000     0.0000     0.0000     0.0000     0.0000     0.0000     0.0000     0.0000     0.0000     0.0000     0.0000     0.0000     0.0000     0.0000     0.0000     0.0000     0.0000     0.0000     0.0000     0.0000     0.0000     0.0000     0.0000     0.0000     0.0000     0.0000     0.0000     0.0000     0.0000     0.0000     0.0000     0.0000     0.0000     0.0000     0.0000     0.0000     0.0000     0.0000     0.0000     0.0000     0.0000     0.0000     0.0000     0.0000     0.0000     0.0000     0.0000     0.0000     0.0000     0.0000     0.0000     0.0000     0.0000     0.0000     0.0000     0.0000     0.0000     0.0000     0.0000     0.0000     0.0000     0.0000     0.0000     0.0000     0.0000     0.0000     0.0000     0.0000     0.0000     0.0000     0.0000     0.0000     0.0000     0.0000     0.0000     0.0000     0.0000     0.0000     0.0000     0.0000     0.0000     0.0000     0.0000     0.0000     0.0000     0.0000     0.0000     0.0000     0.0000     0.0000     0.0000     0.0000     0.0000     0.0000     0.0000     0.0000     0.0000     0.0000     0.0000     0.0000     0.0000     0.0000     0.0000     0.0000     0.0000     0.0000     0.0000     0.0000     0.0000     0.0000     0.0000     0.0000     0.0000     0.0000     0.0000     0.0000     0.0000     0.0000     0.0000     0.0000     0.0000     0.0000
 -638.0168   -56.5395   179.2492     1.0000   696.4440   302.3602  -611.5719     1.0000  -371.6481    15.0426    21.5048     1.0000   247.8217     2.6629    18.6123     1.0000  -371.6232   -44.5176     9.4464     1.0000   247.6688    82.3539    26.0474     1.0000   -61.9032   -97.2499    21.4541     1.0000   -61.9279    71.9742     0.1605     1.0000   247.6998     8.8782    50.8901     1.0000  -371.6693   -39.9104    -9.8826     1.0000   247.9750   -35.5174    21.6554     1.0000  -123.8178   180.4740    58.9469     1.0000   247.2953  -188.7219   -11.0067     1.0000  -433.3022    72.5170    18.3603     1.0000   495.5012    46.1577    67.2707     1.0000  -434.0475   -74.2892   -70.1011     1.0000   248.8018    79.2986   171.4645     1.0000   -62.5071  -108.3089  -139.1987     1.0000   -61.1958   107.4821   138.6293     1.0000   246.1719    23.2875   -42.3920     1.0000  -371.7127  -222.6961    91.7857     1.0000   188.7824   288.9354   -71.6731     1.0000   121.8207  -263.1740    35.4648     1.0000  -126.2875   263.0502   141.2517     1.0000  -121.4391  -326.9745  -157.2164     1.0000   187.2040   239.9895    72.2100     1.0000  -123.8019   -99.7749    88.5549     1.0000   244.6868    16.7841  -124.3679     1.0000  -371.6893  -101.0234   114.6147     1.0000   251.1527   149.2108   -31.6121     1.0000   -63.6904  -150.6143     0.9945     1.0000     0.0000   -51.7772  -202.9350     1.0000     0.0000   245.9445   570.5196     1.0000   -59.9389  -371.1037  -672.6552     1.0000   243.6633   417.1614   319.1801     1.0000  -371.6369  -543.1070    14.5916     1.0000   192.2202   460.8672   -92.7552     1.0000   179.2994  -307.4184     7.5615     1.0000  -431.3607   231.2857   -29.5127     1.0000   495.5012  -244.0692    34.8757     1.0000  -435.7612   171.9630  -106.5286     1.0000   311.9310  -147.1591   186.2635     1.0000  -367.2844  -113.3592  -342.1390     1.0000   614.9576   576.5221   397.1709     1.0000  -623.5652  -660.2739  -334.2206     1.0000   315.9832   260.2617   326.2627     1.0000   -64.0059    77.2037  -466.1150     1.0000     0.0000  -127.3013   491.5128     1.0000     0.0000   150.7252  -273.0017     1.0000     0.0000   -91.9186   155.2311     1.0000     0.0000    21.1615   127.8686     1.0000     0.0000    60.2372  -420.8846     1.0000     0.0000    45.2778   728.7840     1.0000     0.0000    28.8578  -436.1688     1.0000   -61.1002   -48.5315   227.3160     1.0000   246.2820   304.9279   533.8624     1.0000  -371.3828  -307.5995  -844.1451     1.0000   248.2546   158.3693  1226.8094     1.0000  -124.1573   315.7159  -465.0014     1.0000   185.9671    -5.7479   347.6852     1.0000  -122.2945   -93.5962   581.1620     1.0000  -314.6997    39.9471  -411.1122     1.0000   222.6435   142.9625    35.5409     1.0000   362.4514   175.0635   156.0990     1.0000
 1284.4178   -19.5016    98.5613     1.0000  -670.3583   222.8514  -274.0199     1.0000   893.6226    28.5654    24.4593     1.0000 -1192.1886   -39.4365     7.7812     1.0000  1043.7466    49.9774    30.2447     1.0000  -597.3752   -79.8408    -2.5815     1.0000   297.9253   237.8511    72.5466     1.0000  -446.2459  -511.7590   -84.5433     1.0000   448.1519   717.4718   169.1070     1.0000  -150.1098  -752.4839  -170.4639     1.0000  -147.6726   659.6656   225.7371     1.0000   445.7135  -561.1957  -184.3746     1.0000  -448.6961   582.4795   237.3832     1.0000   297.9188  -638.0726  -260.8941     1.0000  -592.4216   511.4552   333.6552     1.0000  1041.2542  -334.1964  -274.7720     1.0000 -1045.3323   271.3150   220.0948     1.0000   453.8521  -479.5187  -144.8071     1.0000   440.0112   882.1964   207.9821     1.0000 -1040.7198 -1173.2333  -240.9319     1.0000  1045.8324  1099.0326   280.3500     1.0000  -601.5705  -846.0450  -263.7249     1.0000   297.9657   701.9329   321.5989     1.0000  -590.1834  -913.0351  -484.3539     1.0000   894.2050  1099.0513   724.2537     1.0000  -456.5305  -986.9739  -765.9237     1.0000  -437.4112   663.0683   527.9235     1.0000  1039.8822  -199.1508   -30.4836     1.0000 -1046.5391  -550.7015  -560.1531     1.0000   457.3340  1043.2148   871.4830     1.0000   436.6811  -743.9233  -670.1779     1.0000 -1039.6650    77.9847   349.3383     1.0000  1192.1886    64.9543  -497.0850     1.0000 -1192.1886   138.9127   818.5843     1.0000  1046.6489  -186.0896  -670.6249     1.0000  -457.5144   297.5395   503.5825     1.0000  -436.6582  -990.8624 -1162.6683     1.0000   894.0431  1679.9410  1716.8683     1.0000  -457.0277 -1270.9091  -638.2677     1.0000  -437.2460    81.2751 -1091.3817     1.0000  1039.9440   538.8567  1196.6346     1.0000 -1046.1136  -260.7115   311.6159     1.0000   455.6601  -229.1656 -1563.6331     1.0000   292.3825   622.0715  1968.2672     1.0000  -302.9506  -748.2784 -1752.7839     1.0000  -293.1030   586.3127  1382.4401     1.0000   449.0889  -226.8423  -881.0060     1.0000  -151.0459    13.0297   824.9128     1.0000     0.0000   -91.2724 -1331.6140     1.0000     0.0000   501.2702  2368.1582     1.0000     0.0000  -461.1548 -2158.7520     1.0000  -148.5178   116.8784  1186.7383     1.0000   595.4454   215.4173  -453.4316     1.0000 -1043.0354  -241.8993  1116.4033     1.0000  1192.1886   470.0943  -858.4185     1.0000 -1192.1886  -494.4347   -90.0992     1.0000  1192.1886   582.1509  1667.1426     1.0000 -1040.9944  -326.8422  -915.1519     1.0000   591.2385  -348.7759 -1634.1394     1.0000  -146.3278  1650.1001  5525.4282     1.0000  -152.9388 -1942.2520 -5271.1768     1.0000   450.9105  1608.2527  3099.5188     1.0000  -211.8606  -376.4231  -655.1548     1.0000  -385.8121  -888.2906 -1620.1439     1.0000
 -449.4280  -592.1049   804.9106     1.0000   360.7019   319.1898 -2319.3406     1.0000  -289.0173  -370.2336   176.3111     1.0000   257.3737  -302.1504   103.0167     1.0000  -223.4422  -268.0267    51.8534     1.0000   124.8734  -185.3734    10.8047     1.0000   -30.1472  -224.3098   -42.7164     1.0000     0.0000   -94.0314   -38.9113     1.0000     0.0000  -172.0691   -86.9842     1.0000     0.0000  -116.0704  -118.3369     1.0000     0.0000    -0.6666   -62.2466     1.0000     0.0000  -184.0464  -167.7970     1.0000     0.0000   100.1053   -66.1738     1.0000     0.0000  -198.6281  -160.7636     1.0000     0.0000   137.3958   -79.1275     1.0000     0.0000   -84.3504  -128.5381     1.0000     0.0000   132.1133   -17.3014     1.0000   -35.5944  -140.7831  -180.3565     1.0000    99.7780   215.7220    45.8827     1.0000   -57.7881    71.7181   -23.7875     1.0000   -70.5822  -153.3853  -102.8421     1.0000    93.4562   339.1319    64.5115     1.0000   -64.3450   -34.3841   136.2304     1.0000   134.2431    93.6128  -131.9628     1.0000  -227.8485    62.5530   231.8711     1.0000   257.3737   200.5453    56.7784     1.0000  -257.3737  -130.4890     8.5890     1.0000   257.3737   420.3261   420.9314     1.0000  -223.3361  -359.9284  -362.0125     1.0000   125.1973   419.7646   649.5835     1.0000   -30.5447  -125.0525  -234.2605     1.0000   -33.4416    44.4152   334.1588     1.0000   131.0060   157.8539    43.8720     1.0000  -193.2100   -62.8917   215.4832     1.0000   127.1445   -94.4308  -146.7889     1.0000   -31.4986   141.0242   388.3636     1.0000     0.0000   -52.1744   -84.7958     1.0000     0.0000   -16.8663    53.0794     1.0000     0.0000   -94.1078   114.5202     1.0000     0.0000     0.7114  -205.7888     1.0000   -31.8493    63.9309   435.5328     1.0000    96.1833  -297.5175  -518.8224     1.0000   -97.0864   208.5656   248.5775     1.0000    64.2522  -186.2855   -27.6845     1.0000   -95.8396   -39.9268   -90.8220     1.0000    97.3220   -40.4972  -261.9158     1.0000   -32.9778    97.4434   522.2607     1.0000     0.0000  -225.7072  -679.4451     1.0000   -31.3273    81.8050   312.5052     1.0000   127.0060    67.6459   147.2109     1.0000  -192.9617    -9.9976  -138.5212     1.0000   130.1320   -95.2696   153.7783     1.0000   -64.4661   210.9904   -80.6450     1.0000   127.7090   156.9490   899.3834     1.0000  -224.7938  -192.1947  -590.7346     1.0000   257.3737   593.7863  1307.4180     1.0000  -224.9630  -179.6571  -201.2651     1.0000   127.9410   383.8059  1350.3672     1.0000   -31.6476   354.0531   344.8065     1.0000     0.0000   346.3768  1419.8907     1.0000   -33.8174   367.2258  1607.8369     1.0000    29.5242   702.0118  1383.7445     1.0000    -1.2789   389.6263   745.8743     1.0000    -9.3217   356.8587   691.9117     1.0000
  270.3798 -1121.6960  1331.8879     1.0000  -338.1941   272.5327 -3481.1360     1.0000   149.2718  -735.6887   373.3405     1.0000    53.1153  -591.0912   249.9552     1.0000  -154.3462  -542.7159   158.0778     1.0000   148.0810  -466.5092    53.7925     1.0000   -46.9530  -269.3294    54.2114     1.0000   -55.5695  -586.6910  -145.2702     1.0000   212.6599    34.5337     8.7820     1.0000  -303.1424  -668.7203  -253.8360     1.0000   134.0711   104.6511   -83.0176     1.0000   170.0282  -534.9902  -322.0249     1.0000  -360.5521   121.4447  -101.7900     1.0000   405.1037  -476.4144  -413.7830     1.0000  -405.1037   109.8062   -99.5220     1.0000   347.2555  -327.1095  -438.8535     1.0000  -130.6054   169.2711   -82.3094     1.0000  -172.8275  -394.1234  -469.9614     1.0000   361.2847   398.0339   -33.6241     1.0000  -405.1037  -439.7337  -425.7597     1.0000   405.1037   455.0900     6.3753     1.0000  -347.3968  -341.9213  -395.6238     1.0000   188.9941   408.0114   124.0341     1.0000  -101.5517  -156.7012  -462.3274     1.0000   215.4782   411.4334   513.9496     1.0000  -303.6439  -197.1568  -752.6268     1.0000   133.6884   433.8969   686.6246     1.0000   112.8290    18.4497  -312.6192     1.0000  -146.3049    52.7685   114.6500     1.0000    45.3427   550.1376   301.3415     1.0000    55.6443  -285.8212    35.3964     1.0000  -156.7024   442.8049   258.2020     1.0000   147.5093   -68.9478  -160.6369     1.0000  -101.1405   408.1469   964.5476     1.0000   210.2288  -115.2165  -515.0974     1.0000  -304.0147   286.5245   598.9259     1.0000   142.3659  -293.8531   -29.7605     1.0000   160.7524   825.0004   793.2526     1.0000  -304.0627  -665.1902  -564.9039     1.0000   145.1180   222.5858   647.8715     1.0000   158.0811   191.8817     6.1887     1.0000  -304.0737     4.4958   404.8381     1.0000   199.6249  -188.7456  -418.9717     1.0000   -49.3112    47.8588   815.7506     1.0000     0.0000  -217.8521  -826.5146     1.0000     0.0000   441.9121  1150.9781     1.0000   -51.0925  -503.6427 -1029.3831     1.0000   152.3550   254.6753   782.0048     1.0000  -151.7838  -499.4719  -567.2593     1.0000   101.1603   657.5349   632.8870     1.0000  -202.5044  -851.9462  -663.4625     1.0000   354.4063   730.3638   625.8079     1.0000  -405.1037  -810.5750  -859.4853     1.0000   405.1037  1002.9777  1571.5537     1.0000  -405.1037  -982.3500 -1384.9536     1.0000   354.4485   718.8271   998.7505     1.0000  -151.6201  -220.8264  -134.8601     1.0000  -152.5129   333.5588   926.0833     1.0000   354.7890    52.5191  -350.8419     1.0000  -353.6502   128.5750  1357.1383     1.0000   148.8608   306.9243  -169.7387     1.0000   155.6406   539.0530  2332.9004     1.0000  -107.0264   -73.5065 -1328.2657     1.0000  -176.8336  -221.1141 -2272.7800     1.0000
 -636.0120  -127.8397    94.8279     1.0000   692.9653   175.7202  -350.4980     1.0000  -369.0703   -66.7451     4.8728     1.0000   247.0621   131.9180    20.7547     1.0000  -369.6798  -241.8868   -16.9252     1.0000   183.6432   294.7328    37.4718     1.0000   186.1942  -289.2548   -25.6675     1.0000  -369.6929   249.6727    56.7666     1.0000   245.4178  -250.6804   -66.3208     1.0000   -61.0686   255.9123    77.8915     1.0000     0.0000  -232.6341   -49.1878     1.0000     0.0000   217.3618    48.2586     1.0000   -62.2985  -232.5881   -25.0147     1.0000   247.8618   178.3493    13.7149     1.0000  -432.0538    -6.8623    58.1532     1.0000   492.9845  -141.4727  -114.4070     1.0000  -492.9845   129.0051   119.2258     1.0000   430.6101   -15.4967   -42.3078     1.0000  -182.6035    58.5732    93.5240     1.0000  -124.7557  -266.7312  -222.4532     1.0000   184.1001   308.6819   283.9081     1.0000   -60.8595  -141.6246  -185.5005     1.0000     0.0000   112.0110   204.8956     1.0000   -62.3937  -243.7605  -311.1261     1.0000   248.0278   320.8360   341.5060     1.0000  -432.1258  -299.0898  -191.5491     1.0000   492.9845   387.3424   228.4101     1.0000  -430.6006  -646.9207  -565.1932     1.0000   244.9786   823.7591   993.9562     1.0000   -60.8703  -588.9138  -917.5899     1.0000     0.0000   -35.3661   246.7420     1.0000     0.0000   613.4497   490.7083     1.0000     0.0000  -592.6113  -474.5664     1.0000   -62.3682    -9.4014  -142.6128     1.0000   247.9774   689.2023   844.8747     1.0000  -369.7327 -1064.2896 -1177.1705     1.0000   182.6302   931.9944  1213.2599     1.0000   187.1107  -202.7283  -874.7075     1.0000  -369.7275  -603.1952   230.6459     1.0000   244.9701   877.5390   506.3255     1.0000  -123.2616  -600.0990  -773.8348     1.0000   248.0571    86.8068   630.3861     1.0000  -369.7173   473.9563  -270.3148     1.0000   244.8637  -896.3621  -149.1025     1.0000   -60.8013  1043.6486   844.9647     1.0000     0.0000  -788.8229 -1157.7792     1.0000     0.0000   167.2523   529.6185     1.0000     0.0000   502.3044   649.5116     1.0000   -62.5967  -687.6408  -914.7454     1.0000   248.4705   242.8120    95.2467     1.0000  -432.3678   507.0361   994.0703     1.0000   430.2511  -941.3929 -1387.2682     1.0000  -181.4412   992.7139  1627.6393     1.0000  -188.4000  -727.6649 -1749.7021     1.0000   369.6610   104.5826  1418.7505     1.0000  -180.8727   695.4321  -228.3651     1.0000  -125.9354  -983.2617  -623.2756     1.0000   183.3528   677.3236   624.9342     1.0000   -60.1213  -301.8709   -29.9629     1.0000     0.0000   444.2835   431.0530     1.0000     0.0000  -545.9717  -935.0768     1.0000  -317.6843  -145.8514   522.2318     1.0000   218.9692   257.5462  -111.3880     1.0000   360.7433   366.5629  -274.7934     1.0000
    0.0000     0.0000     0.0000     0.0000     0.0000     0.0000     0.0000     0.0000     0.0000     0.0000     0.0000     0.0000     0.0000     0.0000     0.0000     0.0000     0.0000     0.0000     0.0000     0.0000     0.0000     0.0000     0.0000     0.0000     0.0000     0.0000     0.0000     0.0000     0.0000     0.0000     0.0000     0.0000     0.0000     0.0000     0.0000     0.0000     0.0000     0.0000     0.0000     0.0000     0.0000     0.0000     0.0000     0.0000     0.0000     0.0000     0.0000     0.0000     0.0000     0.0000     0.0000     0.0000     0.0000     0.0000     0.0000     0.0000     0.0000     0.0000     0.0000     0.0000     0.0000     0.0000     0.0000     0.0000     0.0000     0.0000     0.0000     0.0000     0.0000     0.0000     0.0000     0.0000     0.0000     0.0000     0.0000     0.0000     0.0000     0.0000     0.0000     0.0000     0.0000     0.0000     0.0000     0.0000     0.0000     0.0000     0.0000     0.0000     0.0000     0.0000     0.0000     0.0000     0.0000     0.0000     0.0000     0.0000     0.0000     0.0000     0.0000     0.0000     0.0000     0.0000     0.0000     0.0000     0.0000     0.0000     0.0000     0.0000     0.0000     0.0000     0.0000     0.0000     0.0000     0.0000     0.0000     0.0000     0.0000     0.0000     0.0000     0.0000     0.0000     0.0000     0.0000     0.0000     0.0000     0.0000     0.0000     0.0000     0.0000     0.0000     0.0000     0.0000     0.0000     0.0000     0.0000     0.0000     0.0000     0.0000     0.0000     0.0000     0.0000     0.0000     0.0000     0.0000     0.0000     0.0000     0.0000     0.0000     0.0000     0.0000     0.0000     0.0000     0.0000     0.0000     0.0000     0.0000     0.0000     0.0000     0.0000     0.0000     0.0000     0.0000     0.0000     0.0000     0.0000     0.0000     0.0000     0.0000     0.0000     0.0000     0.0000     0.0000     0.0000     0.0000     0.0000     0.0000     0.0000     0.0000     0.0000     0.0000     0.0000     0.0000     0.0000     0.0000     0.0000     0.0000     0.0000     0.0000     0.0000     0.0000     0.0000     0.0000     0.0000     0.0000     0.0000     0.0000     0.0000     0.0000     0.0000     0.0000     0.0000     0.0000     0.0000     0.0000     0.0000     0.0000     0.0000     0.0000     0.0000     0.0000     0.0000     0.0000     0.0000     0.0000     0.0000     0.0000     0.0000     0.0000     0.0000     0.0000     0.0000     0.0000     0.0000     0.0000     0.0000     0.0000     0.0000     0.0000     0.0000     0.0000     0.0000     0.0000     0.0000     0.0000     0.0000     0.0000     0.0000     0.0000     0.0000     0.0000     0.0000     0.0000     0.0000     0.0000     0.0000     0.0000     0.0000     0.0000     0.0000     0.0000     0.0000     0.0000     0.0000     0.0000     0.0000     0.0000
 -336.3432   -16.4934   179.8306     1.0000   417.8698   277.0009  -610.3459     1.0000  -185.8179    42.0189    22.2320     1.0000   -61.9726   -45.0429    15.9158     1.0000   185.8532    25.4183    15.7877     1.0000  -185.7801     7.5100    20.2472     1.0000    61.9099   -22.3083    21.6916     1.0000    61.9192    50.9459     7.5826     1.0000  -185.7987   -89.5074    37.8296     1.0000   185.9081    96.3596     4.8169     1.0000  -123.8237   -88.2501     5.2198     1.0000   247.3940   200.2786    87.6950     1.0000  -433.3542  -279.5561   -52.3282     1.0000   495.5012   212.8112    58.9625     1.0000  -433.9827   -55.6057    25.0391     1.0000   248.6681   -59.8943   -11.6964     1.0000   -62.4384   109.9223   106.1403     1.0000     0.0000  -108.6770   -91.4524     1.0000     0.0000   127.1228   122.4946     1.0000     0.0000  -118.9827   -52.3946     1.0000     0.0000    -8.1843   101.3968     1.0000   -60.9013   114.1694   -43.5789     1.0000   245.5744  -149.7068   -49.6240     1.0000  -432.4228   145.5297   240.5199     1.0000   434.8805  -130.2606  -220.3462     1.0000  -189.9626    41.6478   121.3594     1.0000  -181.4639   -73.0210    51.4979     1.0000   371.6944   141.9792  -166.5823     1.0000  -190.7572  -204.3886   230.1323     1.0000  -120.4903   163.2976  -127.6435     1.0000   187.6399  -159.3646    24.4033     1.0000   -63.7885    42.5639  -168.9871     1.0000   -59.9782    -1.4393   476.7417     1.0000   243.7369    99.0593  -538.2725     1.0000  -371.6451  -190.6857   220.7895     1.0000   192.1571   -51.8090    24.5808     1.0000   179.3472   255.5694    14.7162     1.0000  -311.8631  -369.5468  -211.7373     1.0000     8.8641   347.3594   166.7309     1.0000   247.6928  -214.5610   -60.0366     1.0000   -68.6756    20.2305   -38.3746     1.0000   -64.0998    62.8325   143.6876     1.0000  -119.3764  -201.8878  -326.1705     1.0000   187.9720   334.5238   316.9093     1.0000   -64.1293  -290.0351  -244.3157     1.0000     0.0000    79.3281   268.3765     1.0000     0.0000    70.4246  -284.8587     1.0000     0.0000  -128.8450   207.8130     1.0000     0.0000   290.1705   -98.9958     1.0000     0.0000  -282.6970    71.8618     1.0000     0.0000    93.9235   219.1259     1.0000   -60.5387   119.8735  -557.7964     1.0000   245.0952    17.5868  1061.4103     1.0000  -371.4303   -50.3916  -862.0932     1.0000   249.6660   118.1180   393.2602     1.0000   -62.7918   -81.2180   618.0381     1.0000   -61.5514   224.7920 -1013.1038     1.0000   185.4159  -143.3278  1553.2275     1.0000  -123.5691   494.4270  -787.8577     1.0000  -124.1804  -413.5055   336.0175     1.0000   122.3053   187.5035   655.9664     1.0000  -126.8879   209.9184  -201.3526     1.0000    87.9167    17.0984   -86.5027     1.0000   143.7630   -27.8257   -51.9247     1.0000
 -809.8735   -97.0450    90.7243     1.0000  1006.0840   282.9337  -265.6135     1.0000  -447.8647   -21.5066    19.8684     1.0000     0.0000    16.2013    12.4494     1.0000     0.0000    -7.5542    28.4275     1.0000     0.0000   -39.8431    -4.9427     1.0000  -148.1831   140.7720    72.6965     1.0000   446.2293  -271.8756   -73.1266     1.0000  -300.2512   463.3402   158.3145     1.0000  -443.6205  -665.2467  -185.3866     1.0000  1041.9222   738.1993   283.0896     1.0000 -1192.1886  -695.2390  -273.0495     1.0000  1192.1886   653.0376   320.9177     1.0000 -1192.1886  -706.4085  -354.5356     1.0000  1045.0931   768.1933   488.5876     1.0000  -453.1423  -712.7688  -455.0240     1.0000  -293.8871   524.0241   358.3704     1.0000   302.7107  -562.0609  -258.6989     1.0000   293.3466   862.8954   308.6651     1.0000  -303.2161  -946.2049  -245.0680     1.0000  -292.8327   643.1693   149.6471     1.0000   303.6840  -528.7625  -145.2039     1.0000   438.4553   724.0759   346.4832     1.0000  -894.2139  -921.1683  -546.9857     1.0000   456.3731   757.0710   643.6207     1.0000   291.7355  -508.3794  -567.2134     1.0000  -450.3602   555.3514   407.5194     1.0000   152.3443  -578.7895  -111.8152     1.0000   145.6124    62.2056  -318.0872     1.0000  -443.6140   429.5836   668.1099     1.0000   450.5730  -464.9830  -767.2607     1.0000  -152.5611   307.1588   740.2235     1.0000  -145.4901  -573.2148 -1001.0598     1.0000   588.9786  1243.3801  1424.9753     1.0000 -1039.5897 -1590.8014 -1310.9607     1.0000  1046.6547  1256.4266   758.6131     1.0000  -457.5005  -837.8428  -575.7785     1.0000  -291.0676   766.1017   511.3734     1.0000   450.3882  -808.0315   136.4328     1.0000  -152.3706   670.6660  -779.4095     1.0000     0.0000  -575.0228   272.6765     1.0000     0.0000   646.3062  1184.5675     1.0000     0.0000  -579.0900 -2127.8689     1.0000     0.0000   466.0010  2179.7322     1.0000  -146.5532  -649.3693 -1996.0420     1.0000   444.5706  1131.7288  2104.2471     1.0000  -302.1133  -990.8849 -1658.3705     1.0000  -441.2025   146.1043  1004.9491     1.0000   893.8530   373.7718 -1134.9152     1.0000  -598.8025    72.0773  2404.1794     1.0000   150.2223  -384.9897 -2528.1348     1.0000   148.5085   411.2109  1852.9308     1.0000  -595.4292  -739.3289 -1766.0197     1.0000  1043.0286  1529.5746  3171.6604     1.0000 -1042.4626 -1312.0286 -3156.9031     1.0000   444.0568   106.4124  1567.0388     1.0000   451.0295  1323.0491  1361.4636     1.0000 -1044.8116 -1528.4601 -1682.7747     1.0000  1192.1886   880.9354  -209.6521     1.0000 -1192.1886   104.1610  3478.9548     1.0000  1039.2339    62.3885 -3053.7969     1.0000  -894.8680  -472.0360  1284.4888     1.0000   316.8652   324.7689   -99.4575     1.0000   632.9846   537.7896  -447.8116     1.0000
 -408.4696  -581.1750   804.1839     1.0000   360.7025   324.2566 -2317.7732     1.0000  -255.8684  -360.5496   176.1002     1.0000    92.7621  -337.5052   100.4230     1.0000   100.9995  -212.4605    55.8758     1.0000  -192.6547  -229.2578     7.3338     1.0000   124.2814  -214.4265   -42.7527     1.0000   -29.8798   -70.0623   -37.2359     1.0000     0.0000  -206.3354   -90.1274     1.0000     0.0000   -81.9225  -107.9888     1.0000     0.0000   -26.0342   -74.8399     1.0000     0.0000  -179.9925  -163.7383     1.0000     0.0000   116.3418   -56.8042     1.0000   -35.6160  -219.0169  -177.6735     1.0000    99.7957   158.5036   -53.1150     1.0000   -57.3765   -67.9077  -147.3594     1.0000   -70.9540    42.2311   -16.0173     1.0000    93.0906    -4.0768  -165.5583     1.0000   -28.9319   100.8513    28.5906     1.0000     0.0000   103.0915   -21.5589     1.0000     0.0000   -99.7496   -73.9706     1.0000     0.0000   264.2316    35.2629     1.0000     0.0000    43.4692   146.0005     1.0000     0.0000   -37.1224  -137.6319     1.0000     0.0000   273.3623   256.7466     1.0000   -34.5865   -76.3777     7.7950     1.0000   133.2589   200.4062    91.2647     1.0000  -193.1428    68.3550   318.4593     1.0000   124.8406   -76.7522  -275.1369     1.0000   -30.3694   253.7174   577.2020     1.0000   -33.6302   -61.3365  -158.8883     1.0000   131.3762   122.4742   308.1784     1.0000  -193.2053  -100.3415   -40.0755     1.0000   126.7798   227.3252   327.4740     1.0000   -31.3202  -234.4845  -151.9698     1.0000   -32.6534    99.4323   274.0014     1.0000    96.9911    90.1593    40.1957     1.0000   -96.3916  -105.4600    -5.1309     1.0000    32.0447  -172.8878   114.0199     1.0000    31.9821   199.4973  -162.4811     1.0000   -96.3181  -142.8925   347.5193     1.0000    96.9803  -183.3443  -439.0244     1.0000   -32.6322   186.5419   177.3032     1.0000   -31.5069  -226.8769    16.1776     1.0000   127.2625    88.7929    -5.9501     1.0000  -193.0801  -168.7896  -392.0299     1.0000   130.3482   142.4121   519.1291     1.0000   -33.0217  -248.8945  -628.9822     1.0000     0.0000   111.5955   402.0888     1.0000   -31.3571   -26.6085  -106.8867     1.0000   127.0933   277.7731   186.3759     1.0000  -192.9343  -512.7997  -103.3678     1.0000   129.9285   597.9968    82.1700     1.0000   -32.7284  -196.1530   741.6011     1.0000   -31.9481   165.6834  -452.0273     1.0000   128.4374   299.8751  1332.0249     1.0000  -192.7787    16.3366  -353.8734     1.0000   127.9309   289.4203  1515.9553     1.0000   -31.6421   360.6568   234.5334     1.0000     0.0000   336.8588  1468.0513     1.0000     0.0000   479.6989  1675.3680     1.0000   -68.5825   549.6070  1303.2024     1.0000    41.1668   442.1983   780.2353     1.0000    72.1306   465.8709   758.5409     1.0000
 -525.5889 -1135.3176  1328.8567     1.0000   341.8624   289.5164 -3479.3774     1.0000  -355.3443  -743.6162   371.2966     1.0000   351.9926  -592.0446   250.7895     1.0000  -143.1350  -515.4153   158.1778     1.0000  -161.9001  -510.9258    49.5373     1.0000   358.1450  -238.1936    58.5371     1.0000  -349.5422  -576.0958  -148.4267     1.0000   136.4314   -53.4383     5.9082     1.0000   167.9585  -504.7591  -241.6281     1.0000  -359.9535   -38.3470   -95.6441     1.0000   405.1037  -457.4153  -318.1365     1.0000  -347.7469    90.2638  -102.1671     1.0000   189.3170  -511.2310  -407.5076     1.0000  -101.8780   221.8682  -100.3735     1.0000   158.5466  -430.1946  -447.3976     1.0000  -144.6317   219.0565   -74.0722     1.0000    43.8579  -377.9391  -454.0727     1.0000    57.9263   299.5020   -58.7616     1.0000  -158.7319  -312.8987  -415.8611     1.0000    86.9275   347.6875     6.1381     1.0000   172.3683  -242.0425  -371.9530     1.0000  -361.0587   340.2085    75.3174     1.0000   347.7225  -107.0280  -367.1204     1.0000  -132.4696   391.0992   387.3825     1.0000  -113.6020  -273.7598  -656.7465     1.0000    89.0603   566.7940   673.2366     1.0000   169.2778   -24.0203  -349.6293     1.0000  -303.7802   -27.6590   152.5344     1.0000   191.9660   589.9175   318.2970     1.0000   -45.6146  -148.8943   -83.1400     1.0000     0.0000   223.8793   419.1723     1.0000   -55.0094   -53.2554  -237.5445     1.0000   210.8113   786.0107   989.3171     1.0000  -303.9918  -716.2806  -589.4481     1.0000   195.5255   765.4440   685.8376     1.0000  -101.0682  -480.8131   -61.3867     1.0000   154.9242   678.2102   785.8146     1.0000  -149.4385  -327.1705  -560.0326     1.0000   101.0330    85.1075   699.8154     1.0000  -154.0383   -46.7695  -124.2429     1.0000   150.3178   322.9690   434.0916     1.0000   -49.0652  -373.1516  -171.3064     1.0000     0.0000   171.5626   438.7473     1.0000   -51.4863  -328.7293  -644.4900     1.0000   204.0202   606.5540  1224.8390     1.0000  -304.0153  -757.5209 -1078.4943     1.0000   150.9306   318.0341   554.3388     1.0000   152.5861  -182.0044  -130.3253     1.0000  -303.9426   142.8318   104.6835     1.0000   202.6149  -331.9076   -73.9510     1.0000   -50.7048   252.5574    72.5497     1.0000     0.0000  -321.8239  -436.2442     1.0000   -50.5098   415.9324  1206.8737     1.0000   151.7665  -351.9772  -983.0068     1.0000  -151.9196   285.5164   638.4214     1.0000    50.6235  -124.4849    59.5773     1.0000    50.9614   535.9752  1027.4884     1.0000  -152.2122  -409.1711  -765.3244     1.0000   151.1230   654.1552  1752.5458     1.0000   -49.8273    89.4137  -101.3363     1.0000   104.3042   446.5935  1895.2931     1.0000   -70.6649   -10.5710 -1139.9305     1.0000  -117.1409  -116.8125 -1920.0647     1.0000
   77.0722   -73.1627    94.8775     1.0000    -0.1532   147.9914  -349.0150     1.0000    61.7350   -28.5594     5.2232     1.0000  -123.3084    64.6411    21.2669     1.0000   247.1720  -160.8226   -17.6543     1.0000  -369.6855   245.3294    39.5472     1.0000   245.6058  -317.9304   -29.1893     1.0000   -61.1584   354.5746    57.8940     1.0000   -62.1707  -371.0843   -69.4271     1.0000   247.6213   355.1487    87.1349     1.0000  -369.7050  -320.7167   -47.9726     1.0000   182.9790   283.0532    28.5829     1.0000   186.8062  -254.1315     0.0681     1.0000  -369.7146   180.5595   -10.7453     1.0000   182.7874    -8.9600    77.3961     1.0000   124.6404  -168.3059  -130.2617     1.0000  -184.1414   205.2453   155.1307     1.0000   123.2598  -107.8322   -87.1593     1.0000  -185.6018   127.9300   101.5653     1.0000   184.1199  -346.6784  -190.2971     1.0000  -123.2540   385.8708   237.4552     1.0000   185.6171  -123.8262  -127.2536     1.0000  -121.7374    89.8925   151.8357     1.0000  -124.7455  -305.7389  -278.9485     1.0000   121.7424   260.7209   283.9864     1.0000   187.1129    -1.6221   -62.6160     1.0000  -369.7368    -0.4613    41.4163     1.0000   245.0074  -316.0191  -386.2873     1.0000  -123.2472   609.2723   887.8370     1.0000   247.9635  -427.9099  -862.5923     1.0000  -432.0932  -231.1002   174.6994     1.0000   492.9845   838.1240   641.1524     1.0000  -430.6327  -786.7774  -668.9697     1.0000   182.6897    63.0574   -67.7399     1.0000   187.0436   715.2040   918.3619     1.0000  -432.0851 -1084.2672 -1260.9011     1.0000   430.6289  1053.5078  1251.6072     1.0000  -245.0277  -593.5764  -906.4574     1.0000   123.2572   -64.9834   275.6574     1.0000  -247.9835   498.0390   418.7510     1.0000   369.7225  -459.9684  -488.7482     1.0000  -182.5553   -14.0423    67.3854     1.0000  -124.7907   610.3410   385.9705     1.0000   184.0567  -940.4023  -734.7293     1.0000   -60.8143   868.1169  1296.5532     1.0000     0.0000  -380.6060 -1445.8839     1.0000     0.0000  -240.2493   756.4668     1.0000   -62.5496   539.7606   366.9981     1.0000   248.3738  -179.4740  -460.1698     1.0000  -369.6889  -552.3550  -570.8950     1.0000   244.4442  1100.9792  1636.3776     1.0000  -123.3061 -1220.5100 -1888.5094     1.0000   248.7428  1213.9127  2072.1318     1.0000  -369.6665  -963.4161 -1909.1720     1.0000   181.0896   232.7345  1058.9811     1.0000   125.7902   560.2048   242.3654     1.0000  -120.3765  -415.3680  -603.2157     1.0000  -126.0825  -373.3555   383.3803     1.0000   183.2632   485.3309  -228.8213     1.0000   -60.0336   587.3242   936.3829     1.0000     0.0000 -1352.4148 -1365.7006     1.0000   -63.5422   808.7134  1234.8948     1.0000    43.7846   -84.3395  -477.3241     1.0000    72.1432  -313.0773  -923.8400     1.0000
    0.0000     0.0000     0.0000     0.0000     0.0000     0.0000     0.0000     0.0000     0.0000     0.0000     0.0000     0.0000     0.0000     0.0000     0.0000     0.0000     0.0000     0.0000     0.0000     0.0000     0.0000     0.0000     0.0000     0.0000     0.0000     0.0000     0.0000     0.0000     0.0000     0.0000     0.0000     0.0000     0.0000     0.0000     0.0000     0.0000     0.0000     0.0000     0.0000     0.0000     0.0000     0.0000     0.0000     0.0000     0.0000     0.0000     0.0000     0.0000     0.0000     0.0000     0.0000     0.0000     0.0000     0.0000     0.0000     0.0000     0.0000     0.0000     0.0000     0.0000     0.0000     0.0000     0.0000     0.0000     0.0000     0.0000     0.0000     0.0000     0.0000     0.0000     0.0000     0.0000     0.0000     0.0000     0.0000     0.0000     0.0000     0.0000     0.0000     0.0000     0.0000     0.0000     0.0000     0.0000     0.0000     0.0000     0.0000     0.0000     0.0000     0.0000     0.0000     0.0000     0.0000     0.0000     0.0000     0.0000     0.0000     0.0000     0.0000     0.0000     0.0000     0.0000     0.0000     0.0000     0.0000     0.0000     0.0000     0.0000     0.0000     0.0000     0.0000     0.0000     0.0000     0.0000     0.0000     0.0000     0.0000     0.0000     0.0000     0.0000     0.0000     0.0000     0.0000     0.0000     0.0000     0.0000     0.0000     0.0000     0.0000     0.0000     0.0000     0.0000     0.0000     0.0000     0.0000     0.0000     0.0000     0.0000     0.0000     0.0000     0.0000     0.0000     0.0000     0.0000     0.0000     0.0000     0.0000     0.0000     0.0000     0.0000     0.0000     0.0000     0.0000     0.0000     0.0000     0.0000     0.0000     0.0000     0.0000     0.0000     0.0000     0.0000     0.0000     0.0000     0.0000     0.0000     0.0000     0.0000     0.0000     0.0000     0.0000     0.0000     0.0000     0.0000     0.0000     0.0000     0.0000     0.0000     0.0000     0.0000     0.0000     0.0000     0.0000     0.0000     0.0000     0.0000     0.0000     0.0000     0.0000     0.0000     0.0000     0.0000     0.0000     0.0000     0.0000     0.0000     0.0000     0.0000     0.0000     0.0000     0.0000     0.0000     0.0000     0.0000     0.0000     0.0000     0.0000     0.0000     0.0000     0.0000     0.0000     0.0000     0.0000     0.0000     0.0000     0.0000     0.0000     0.0000     0.0000     0.0000     0.0000     0.0000     0.0000     0.0000     0.0000     0.0000     0.0000     0.0000     0.0000     0.0000     0.0000     0.0000     0.0000     0.0000     0.0000     0.0000     0.0000     0.0000     0.0000     0.0000     0.0000     0.0000     0.0000     0.0000     0.0000     0.0000     0.0000     0.0000     0.0000     0.0000     0.0000     0.0000     0.0000     0.0000     0.0000     0.0000
   77.3969    -3.4726   181.4429     1.0000    -0.0909   264.9450  -612.5793     1.0000    61.9060    50.0334    23.0774     1.0000  -123.8877   -43.5151    15.1758     1.0000   185.8530     9.9493    14.6236     1.0000  -185.7807    38.7776    24.9507     1.0000    61.9105   -51.9095    14.1264     1.0000     0.0000    36.0367    15.9957     1.0000    61.8817   -16.0271    34.2996     1.0000  -185.7608    30.0853    -0.3783     1.0000   185.9619   -81.9799    18.0265     1.0000   -62.0903   207.7597    69.4025     1.0000     0.0000  -255.0236   -30.4219     1.0000   -61.5909   158.2474    34.8541     1.0000   246.9827     3.9536    54.5672     1.0000  -371.7045   -58.8094   -42.1205     1.0000   248.8399    64.5803   133.7207     1.0000  -123.7910  -154.3898  -118.8193     1.0000   246.3112   301.7522   144.5772     1.0000  -432.7957  -343.4496   -64.5341     1.0000   495.5012   240.0136   114.7286     1.0000  -434.6058  -103.3537   -56.4999     1.0000   189.1383  -120.1390   -67.1999     1.0000   182.2865   333.1191   308.1506     1.0000  -371.7068  -347.7765  -293.7187     1.0000   189.9851    76.0619   123.4555     1.0000   181.4405   142.0616   116.5325     1.0000  -371.6945  -190.9328  -208.7595     1.0000   251.0439    54.8786   210.8517     1.0000   -63.6375    10.7322  -108.2800     1.0000     0.0000   -59.8820    60.2251     1.0000     0.0000   -22.3053  -247.9885     1.0000     0.0000   154.9211   589.7092     1.0000   -59.9088  -248.6726  -716.9564     1.0000   183.7459    77.5815   453.1591     1.0000  -128.1346    89.9883  -152.3830     1.0000  -119.5415  -152.7576    56.9134     1.0000   128.2699   -82.5738  -251.7785     1.0000   119.4014   298.3820   397.7460     1.0000  -188.0448  -265.3156  -407.1794     1.0000   183.6247   157.1843   230.8181     1.0000  -426.7970  -380.8675   -92.2631     1.0000   499.8410   438.9015   -84.4063     1.0000   -72.9916    52.7356   225.3687     1.0000  -367.2183  -541.1287  -364.3130     1.0000   495.5012   482.7577   547.6520     1.0000  -435.5547  -172.1447  -623.5058     1.0000   251.6859    12.5794   398.7671     1.0000   -63.8731    45.3658   -99.8156     1.0000   -60.2481   -44.6144    49.6111     1.0000   244.4735   226.0219   246.0208     1.0000  -371.4576  -312.6818  -557.8803     1.0000   250.4267   218.7281   775.5176     1.0000   -63.1938   103.8144  -358.3730     1.0000     0.0000   -45.8925   184.4733     1.0000   -61.3017   -73.3672   264.3830     1.0000   246.7082   444.4594  -197.2801     1.0000  -371.3625  -535.3362   579.7388     1.0000   247.7414   653.2130  -156.2950     1.0000  -124.1812  -286.0859   159.6069     1.0000   248.9803   379.3219   911.2714     1.0000  -560.4982  -409.4827  -632.6714     1.0000   267.8339   272.1281    59.7784     1.0000   481.8281   452.6083   242.8537     1.0000
 -642.2057  -115.3987    91.5391     1.0000   335.1725   284.0151  -269.6662     1.0000  -446.8092   -35.9597    19.7172     1.0000   447.5464    34.0865    15.7259     1.0000  -149.5030   -24.6096    21.7273     1.0000  -148.3071   -14.5484     2.8561     1.0000   446.3544   175.1855    74.5795     1.0000  -448.0418  -391.7117   -87.7501     1.0000   297.9171   576.8258   173.7007     1.0000  -445.9615  -673.3981  -180.8617     1.0000   448.4499   633.9970   245.5963     1.0000  -297.9146  -636.4894  -225.3642     1.0000   592.9097   770.2931   308.6553     1.0000 -1041.4979  -886.0783  -364.9122     1.0000  1045.1011   908.7496   469.9197     1.0000  -453.1679  -847.7623  -401.1749     1.0000  -440.6843   580.4417   282.2022     1.0000  1040.9399  -319.1675  -102.8692     1.0000 -1045.6351   290.3941    41.5449     1.0000   601.1835  -436.1810    -3.2180     1.0000  -297.9496   439.7395    37.0742     1.0000   590.5194  -289.1528   -14.4052     1.0000 -1040.3074   146.7484    25.3386     1.0000  1046.2068  -301.5576  -112.7878     1.0000  -456.4222   708.0794   411.8358     1.0000  -437.5016 -1140.4717  -787.7405     1.0000  1039.9060  1226.8965   979.5274     1.0000 -1192.1886  -880.8538  -745.3356     1.0000  1192.1886   147.0824   141.8105     1.0000 -1046.6440   499.5177   477.9269     1.0000   603.1371  -614.9387  -765.0545     1.0000  -152.5819   310.1563   814.9958     1.0000  -145.4688  -405.0645 -1125.1989     1.0000   588.9353   985.0612  1572.4856     1.0000  -894.0844 -1252.8680 -1413.2646     1.0000   603.1959   939.0728   814.7884     1.0000  -152.5770  -862.3373  -794.3973     1.0000  -145.6156  1047.1069   879.0634     1.0000   443.6157  -657.4235    71.9427     1.0000  -450.3167    47.4001 -1070.5808     1.0000   298.1941    22.9370   647.2007     1.0000  -589.9291    37.5832   554.1397     1.0000  1040.1376   276.5846 -1119.0336     1.0000 -1045.8438  -511.7918  1149.5615     1.0000   454.7607    54.9344 -1311.0862     1.0000   293.0180   841.7720  1750.2681     1.0000  -302.1465  -945.6772 -1425.3805     1.0000  -441.1536   329.4290   860.6387     1.0000   893.8514   -50.0765 -1090.7562     1.0000  -451.0116   585.3754  2464.9695     1.0000  -443.7592  -952.2494 -2915.1748     1.0000   893.7848   902.5311  2392.4136     1.0000  -447.8942  -431.9229 -1371.4595     1.0000  -297.7475   199.9637  1334.8475     1.0000   446.3847  -124.4686 -1074.1826     1.0000  -298.5132   -37.0661   686.9292     1.0000   448.2147   715.0082   743.0990     1.0000  -444.9049  -591.4973    51.1390     1.0000   146.8553  -223.4018 -2568.2708     1.0000     0.0000  1376.7428  6030.9194     1.0000   152.9721 -1022.7024 -5076.7769     1.0000  -758.1960  -466.7951  1951.0492     1.0000   421.9055   591.7278   -43.9580     1.0000   733.0072   878.6820  -545.6890     1.0000
   97.5348  -575.8081   806.5552     1.0000   -72.7721   315.8966 -2320.8721     1.0000    63.8745  -357.9547   177.3801     1.0000   -31.2070  -332.1909    99.9525     1.0000     0.0000  -221.6019    52.8701     1.0000     0.0000  -224.7241    11.6494     1.0000     0.0000  -203.5643   -43.8974     1.0000     0.0000  -101.4221   -40.8064     1.0000     0.0000  -162.2441   -83.5276     1.0000     0.0000  -127.4647  -117.5136     1.0000     0.0000    16.3836   -66.7905     1.0000   -35.4694  -221.1595  -168.1206     1.0000   135.2182   169.2303   -51.1523     1.0000  -192.8037  -266.4630  -177.4188     1.0000   121.9375   163.9004   -74.5142     1.0000   -28.8784   -52.0866  -115.3824     1.0000     0.0000    65.7462   -34.7844     1.0000     0.0000   -75.5310  -155.5577     1.0000     0.0000   159.9133    22.1289     1.0000     0.0000   127.0875   -24.1054     1.0000     0.0000  -188.7860   -59.6096     1.0000     0.0000   350.0956    18.1597     1.0000   -35.0642   -19.9649   153.4278     1.0000    99.2956    10.3785  -127.7026     1.0000   -59.1701   278.6282   269.2377     1.0000   -69.3171  -125.0984   -40.8313     1.0000    94.2768   179.2885   113.8215     1.0000   -30.0180   202.5422   346.9453     1.0000     0.0000  -234.1335  -302.7510     1.0000     0.0000   359.0417   604.8987     1.0000     0.0000   -80.1608  -202.4182     1.0000     0.0000    23.5701   313.7837     1.0000     0.0000    84.8447    12.5433     1.0000   -33.0276     9.5065   259.9630     1.0000   130.1946    -2.6077   -75.9531     1.0000  -193.2116   -46.8852   216.3187     1.0000   127.9241    50.3030    20.7553     1.0000   -31.8793   -43.5639    32.8098     1.0000     0.0000   -51.4510   141.8017     1.0000   -31.9757  -104.6247  -268.1411     1.0000   128.1470   239.9889   518.7847     1.0000  -193.1553  -487.0537  -628.9122     1.0000   129.7369   345.5345   335.1493     1.0000   -32.7516  -312.1716  -102.2336     1.0000     0.0000    60.2914    42.9115     1.0000   -31.3664   -32.1031  -403.4587     1.0000   127.0174   112.1575   592.3425     1.0000  -224.3481  -429.8602  -769.6277     1.0000   257.3737   393.1767   549.3743     1.0000  -226.0184  -212.8469  -216.2364     1.0000   130.2835   212.0031   211.4054     1.0000   -32.9374  -252.2751   -61.3146     1.0000     0.0000   341.0132    54.0483     1.0000     0.0000   -33.6737   745.6257     1.0000     0.0000   108.2118  -370.5552     1.0000     0.0000   223.1078  1083.4297     1.0000     0.0000   197.4194    13.4974     1.0000     0.0000   128.0114  1229.7915     1.0000     0.0000   471.0862   358.9582     1.0000     0.0000   346.9747  1560.6312     1.0000     0.0000   321.0498  1356.7391     1.0000   -34.3036   747.4169  1833.1849     1.0000    20.5648   391.4561   605.2369     1.0000    36.0539   348.0075   390.9022     1.0000
 -165.0827 -1133.5916  1328.8838     1.0000  -109.0672   283.0644 -3480.9771     1.0000  -156.3063  -743.5731   370.9825     1.0000   405.1037  -587.7714   250.6264     1.0000  -351.2909  -522.1123   157.1239     1.0000   141.1920  -512.4222    52.0462     1.0000   108.6407  -210.0754    54.0054     1.0000   -91.4249  -608.8759  -141.7792     1.0000  -166.6981   -42.4496    -3.9230     1.0000   359.5829  -506.7466  -229.7591     1.0000  -405.1037   -43.3869  -111.9100     1.0000   348.0036  -457.7919  -306.3088     1.0000  -132.3986   144.0797   -92.4148     1.0000  -171.4415  -611.4022  -445.9982     1.0000   360.9438   326.7653   -48.7532     1.0000  -405.1037  -523.7368  -493.5371     1.0000   405.1037   289.9853   -31.2308     1.0000  -405.1037  -451.2632  -506.5877     1.0000   347.1823   383.5463    -4.6460     1.0000  -130.6244  -326.8972  -440.8245     1.0000  -114.8058   336.3375    13.1850     1.0000    87.1614  -347.5379  -411.9721     1.0000   114.4735   543.6388   168.2565     1.0000  -145.1548  -270.5470  -462.0708     1.0000   101.5025   437.9751   441.8909     1.0000  -215.0458  -229.8464  -680.0930     1.0000   360.4194   567.6919   708.5599     1.0000  -405.1037  -183.3324  -425.5808     1.0000   348.9040   201.1286   244.4897     1.0000  -136.0677   503.8537   302.0811     1.0000  -166.9443  -266.7115  -155.6659     1.0000   303.9001   383.7107   506.2909     1.0000  -193.7050   -12.8329  -296.4950     1.0000   101.1385   483.1778  1036.8101     1.0000  -155.8161  -343.2495  -641.5453     1.0000    94.4570   419.5759   730.7330     1.0000   161.5950   -38.7078   -46.6542     1.0000  -304.0519   212.7188   704.0918     1.0000   197.3899  -173.9029  -494.9854     1.0000  -101.0326   187.3559   622.8390     1.0000   206.5343    22.5498    89.9443     1.0000  -356.2996    50.6373   174.9158     1.0000   405.1037  -150.2942    -5.1063     1.0000  -353.3940    21.2568   224.5923     1.0000   149.1814  -241.8663  -259.7888     1.0000   102.9326   555.6274   769.3361     1.0000  -100.4145  -577.7985  -666.1680     1.0000  -102.1323   110.5650   233.6408     1.0000   101.0360  -341.9869   -40.4598     1.0000   101.5144   655.9172   326.8738     1.0000  -101.4376  -688.6857  -387.4633     1.0000  -101.1131   238.7718   200.0850     1.0000   152.0786  -220.1164  -384.0756     1.0000   -50.7856   460.9863  1197.7081     1.0000   -50.5578  -588.0547 -1201.6467     1.0000   202.4632   679.9882  1075.5109     1.0000  -303.6942  -523.9816  -434.3591     1.0000   151.1459   687.3709  1282.8345     1.0000   153.0797  -147.5110  -544.7783     1.0000  -355.0093   187.1718  1224.1324     1.0000   405.1037   467.4673   510.6908     1.0000  -248.6348   310.0210  1399.9957     1.0000    37.2824    -9.2063  -997.3871     1.0000   110.8770   -80.3721 -1611.4753     1.0000
  -69.2402  -108.4658    97.5043     1.0000   277.0407   164.0689  -352.2785     1.0000     0.7293   -53.5891     6.6664     1.0000  -122.6227   112.0815    18.7867     1.0000  -123.8678  -203.3457   -16.5120     1.0000   122.4067   228.0169    43.6736     1.0000   124.0826  -244.2820   -37.5991     1.0000  -184.3591   301.7383    66.2078     1.0000    61.1171  -358.9524   -71.8350     1.0000    62.2033   332.7730    86.6524     1.0000  -247.6821  -278.8102   -56.0935     1.0000   369.7088   248.0963    48.7605     1.0000  -245.1967  -213.5035   -26.5806     1.0000   123.2695   101.0743    18.5899     1.0000  -185.5469   119.9080    60.9187     1.0000   184.1570  -346.5035  -138.8994     1.0000   -60.9162   402.7844   177.2367     1.0000     0.0000  -287.7569  -120.3066     1.0000     0.0000   261.4350   138.4728     1.0000     0.0000  -372.4105  -186.8778     1.0000     0.0000   365.5640   207.6704     1.0000   -62.3703  -212.5231  -146.0242     1.0000   185.6125   200.7401   218.3154     1.0000  -121.7533  -272.2204  -323.6606     1.0000  -124.7298   214.7613   298.5927     1.0000   184.1276  -105.0045  -102.9673     1.0000   -60.8862   156.9634   122.5932     1.0000     0.0000  -437.4838  -445.6493     1.0000   -62.3537   703.1935   874.4072     1.0000   185.5954  -520.6678  -800.3401     1.0000  -121.7990    26.8743   155.6461     1.0000  -124.6846   354.2807   541.7101     1.0000   184.1508  -390.2502  -545.0076     1.0000   -60.9085   -38.9014   -30.8149     1.0000     0.0000   697.1334   712.9301     1.0000     0.0000 -1031.4810 -1046.3513     1.0000     0.0000   899.2280  1168.0988     1.0000     0.0000  -453.6096  -957.3780     1.0000   -62.3565  -189.3081   316.1538     1.0000   185.5970   799.0608   485.5450     1.0000  -121.7401  -800.5108  -579.9837     1.0000  -124.7428   132.4037    65.9530     1.0000   184.0864   534.8380   487.6060     1.0000   -60.8436  -812.6208  -787.1862     1.0000     0.0000   834.4562  1158.9796     1.0000   -62.4769  -591.7158 -1241.5786     1.0000   185.7150    71.6328   704.9056     1.0000  -121.4121   618.8302   392.0916     1.0000  -125.0664  -916.5794  -755.5145     1.0000   183.8728   354.0530  -106.1896     1.0000   -60.6322   621.9445  1287.4745     1.0000     0.0000 -1105.7844 -1591.7345     1.0000   -62.7775   985.8361  1620.9884     1.0000   248.8493  -367.4251 -1272.7833     1.0000  -432.5659  -485.1151   423.7286     1.0000   430.0047  1105.7473   660.7109     1.0000  -180.6599  -843.8516  -778.0371     1.0000  -189.2236  -130.9801   195.8578     1.0000   432.8633   874.2135   473.2731     1.0000  -429.6523  -413.3665    58.0662     1.0000   242.9977  -609.5555  -593.1584     1.0000  -377.5756   683.4336   215.5237     1.0000   218.8726  -111.9905   -17.9373     1.0000   375.8730  -316.6736   -77.3908     1.0000
    0.0000     0.0000     0.0000     0.0000     0.0000     0.0000     0.0000     0.0000     0.0000     0.0000     0.0000     0.0000     0.0000     0.0000     0.0000     0.0000     0.0000     0.0000     0.0000     0.0000     0.0000     0.0000     0.0000     0.0000     0.0000     0.0000     0.0000     0.0000     0.0000     0.0000     0.0000     0.0000     0.0000     0.0000     0.0000     0.0000     0.0000     0.0000     0.0000     0.0000     0.0000     0.0000     0.0000     0.0000     0.0000     0.0000     0.0000     0.0000     0.0000     0.0000     0.0000     0.0000     0.0000     0.0000     0.0000     0.0000     0.0000     0.0000     0.0000     0.0000     0.0000     0.0000     0.0000     0.0000     0.0000     0.0000     0.0000     0.0000     0.0000     0.0000     0.0000     0.0000     0.0000     0.0000     0.0000     0.0000     0.0000     0.0000     0.0000     0.0000     0.0000     0.0000     0.0000     0.0000     0.0000     0.0000     0.0000     0.0000     0.0000     0.0000     0.0000     0.0000     0.0000     0.0000     0.0000     0.0000     0.0000     0.0000     0.0000     0.0000     0.0000     0.0000     0.0000     0.0000     0.0000     0.0000     0.0000     0.0000     0.0000     0.0000     0.0000     0.0000     0.0000     0.0000     0.0000     0.0000     0.0000     0.0000     0.0000     0.0000     0.0000     0.0000     0.0000     0.0000     0.0000     0.0000     0.0000     0.0000     0.0000     0.0000     0.0000     0.0000     0.0000     0.0000     0.0000     0.0000     0.0000     0.0000     0.0000     0.0000     0.0000     0.0000     0.0000     0.0000     0.0000     0.0000     0.0000     0.0000     0.0000     0.0000     0.0000     0.0000     0.0000     0.0000     0.0000     0.0000     0.0000     0.0000     0.0000     0.0000     0.0000     0.0000     0.0000     0.0000     0.0000     0.0000     0.0000     0.0000     0.0000     0.0000     0.0000     0.0000     0.0000     0.0000     0.0000     0.0000     0.0000     0.0000     0.0000     0.0000     0.0000     0.0000     0.0000     0.0000     0.0000     0.0000     0.0000     0.0000     0.0000     0.0000     0.0000     0.0000     0.0000     0.0000     0.0000     0.0000     0.0000     0.0000     0.0000     0.0000     0.0000     0.0000     0.0000     0.0000     0.0000     0.0000     0.0000     0.0000     0.0000     0.0000     0.0000     0.0000     0.0000     0.0000     0.0000     0.0000     0.0000     0.0000     0.0000     0.0000     0.0000     0.0000     0.0000     0.0000     0.0000     0.0000     0.0000     0.0000     0.0000     0.0000     0.0000     0.0000     0.0000     0.0000     0.0000     0.0000     0.0000     0.0000     0.0000     0.0000     0.0000     0.0000     0.0000     0.0000     0.0000     0.0000     0.0000     0.0000     0.0000     0.0000     0.0000     0.0000     0.0000     0.0000     0.0000     0.0000
 1146.3779    69.8762   228.2059     1.0000  -699.9814   281.8839  -771.0301     1.0000   777.6252   112.1151    28.8518     1.0000  -466.3918   -66.6383    23.4164     1.0000  -311.2404   -64.6567    10.4393     1.0000   310.9402   160.7653    34.7547     1.0000   466.7606  -118.8451    26.0488     1.0000 -1088.7745     0.5504    -2.3203     1.0000  1088.8817    86.0260    72.4322     1.0000  -622.4894    -3.9467   -23.6122     1.0000   310.9566  -153.1505    37.0349     1.0000  -621.3360   209.9858    66.3457     1.0000   933.3645  -117.1553   -24.8207     1.0000  -468.7836   109.6499    71.2094     1.0000  -309.5162  -174.7837    -2.0058     1.0000   467.7343   216.0313     8.8557     1.0000  -156.6694  -210.9504   122.7126     1.0000  -154.0234    98.0905   -89.7293     1.0000   465.0908    95.0239   105.1074     1.0000  -468.5304  -125.0907     2.7664     1.0000   157.4701    30.7549    51.3679     1.0000     0.0000     7.3769   -10.0391     1.0000   152.9801  -125.1053   -44.0088     1.0000  -464.0297   269.6559   229.6113     1.0000   317.0343  -377.5116  -223.6753     1.0000   457.4038   330.8675   187.0255     1.0000 -1085.5366  -232.3298   -64.6693     1.0000  1244.2925   197.9469    35.8634     1.0000 -1092.5319  -428.3946    16.0500     1.0000   629.9331   539.3184   -34.0201     1.0000  -310.9520  -378.8959    -9.7976     1.0000   462.4163   -78.0356    -8.1659     1.0000  -471.0582   403.7063   377.7189     1.0000   160.0408  -316.7613  -689.4438     1.0000     0.0000  -107.1257   497.7791     1.0000   150.7352   213.6667  -250.2545     1.0000  -612.3701  -301.3385   123.1875     1.0000  1083.7888   426.5434   -20.0249     1.0000 -1244.2924  -439.2867   -81.6536     1.0000  1244.2924   388.1915   121.2319     1.0000 -1244.2924  -512.8534  -422.4942     1.0000  1093.7789   430.2007   722.0361     1.0000  -481.6874   -24.4736  -605.5948     1.0000  -451.5643  -491.7486   -45.3058     1.0000   933.0436   646.3896   446.7397     1.0000  -631.7365  -349.3472  -114.6245     1.0000   160.2961   -18.3329  -319.7277     1.0000     0.0000   225.2368   171.7263     1.0000   151.4134  -120.5711   400.7585     1.0000  -462.4168   -89.2656  -742.3575     1.0000   470.2016   -19.6760  1053.8184     1.0000  -311.4426   428.9694 -1415.5710     1.0000   615.9641   -96.9939  2055.8730     1.0000 -1085.8463  -600.0532 -1867.2147     1.0000  1244.2924  1228.5631  1490.3411     1.0000 -1090.2930 -1254.1128  -502.6830     1.0000   470.1777   928.3925  -249.4445     1.0000   464.1584   100.5010  1527.8900     1.0000 -1088.3353  -580.2552 -1390.6864     1.0000  1244.2925  1035.0756  1342.3363     1.0000 -1244.2924 -1354.9094    -9.9779     1.0000   928.4241  1918.8202   151.3431     1.0000  -227.9151  -651.5817  -315.6676     1.0000  -522.7278 -1306.0121  -431.2007     1.0000
-2296.6282  -162.5515   109.2338     1.0000  2017.5270   361.9543  -323.1715     1.0000 -1435.4414   -58.1516    23.2113     1.0000   718.2999    47.9728    14.3876     1.0000  -358.5598   -28.4843    31.8033     1.0000   537.3785   -23.5590    -2.0772     1.0000  -360.5341   287.7029   102.2195     1.0000  -535.1099  -745.2900  -143.8547     1.0000  1254.3328  1083.9138   258.6200     1.0000 -1256.7667 -1148.4683  -247.3528     1.0000   720.2563  1057.8071   305.2293     1.0000  -180.8645  -911.3500  -258.8226     1.0000     0.0000   733.4031   294.3346     1.0000     0.0000  -624.8828  -311.2632     1.0000  -177.2157   543.6516   463.1230     1.0000   712.9521  -420.4396  -462.2582     1.0000 -1076.1948   345.6212   427.3858     1.0000   722.3955  -486.6557  -300.6864     1.0000  -181.9366   685.4112   249.3236     1.0000     0.0000  -871.7847  -197.9126     1.0000     0.0000   950.6454   272.0959     1.0000     0.0000  -936.3760  -259.7733     1.0000  -176.1057   716.3029   175.9991     1.0000   710.7500  -392.5217  -111.8650     1.0000 -1076.1345   309.3282   418.8190     1.0000   548.6364  -779.5284  -965.7678     1.0000   527.2004  1313.9349  1261.8578     1.0000 -1076.1007 -1232.4114  -797.4344     1.0000   724.9279   306.6153  -288.3766     1.0000  -183.1720   662.7739  1177.3594     1.0000     0.0000  -955.1285 -1240.7578     1.0000     0.0000   659.8879  1013.1064     1.0000     0.0000  -545.4462 -1341.4612     1.0000     0.0000   725.5619  1799.4310     1.0000     0.0000  -670.9109 -1362.6938     1.0000  -175.4450   262.0074   385.5825     1.0000   709.5702  -133.8868  -190.3978     1.0000 -1075.9567   409.0113   712.5712     1.0000   549.2970  -622.2939  -610.5753     1.0000   526.9035   767.6255  -137.7267     1.0000 -1075.9056 -1162.8234   178.6200     1.0000   724.2732  1421.0751   750.3619     1.0000  -182.7344 -1090.7147 -1378.4863     1.0000  -176.3229   537.5811  1213.4542     1.0000   711.4997  -141.9555  -712.6573     1.0000 -1075.8121   141.5659   754.9163     1.0000   722.3373    41.5839  -780.8855     1.0000  -358.9764  -778.7900   767.4976     1.0000   535.9387  1203.6656 -1431.0220     1.0000  -361.5833  -104.9861  3440.4448     1.0000  -355.7780 -1067.0961 -4268.3140     1.0000   360.1167   738.8170  3339.3750     1.0000   536.2977   329.1013 -1664.2882     1.0000 -1075.6210   -88.1175  1476.7516     1.0000   716.6395  -345.1180 -1158.1506     1.0000  -359.1880  -245.9915   584.3668     1.0000   720.1046  1594.0073   917.7918     1.0000 -1075.4874 -1635.2191   204.8542     1.0000   712.3928   411.8269 -3811.8838     1.0000  -176.5581  1312.8661  8975.4385     1.0000     0.0000 -1440.3191 -8548.6045     1.0000  -184.1592   563.7365  4454.9995     1.0000   127.4705    96.9674  -777.5377     1.0000   209.4617   -16.8885 -2115.6052     1.0000
 -142.5701  -683.8026   985.2366     1.0000   177.8643   457.9847 -2902.1099     1.0000   -78.5254  -415.6013   202.7222     1.0000     0.0000  -357.0508   115.3196     1.0000     0.0000  -267.1428    62.8194     1.0000     0.0000  -235.6225    16.8485     1.0000     0.0000  -231.0968   -51.7058     1.0000     0.0000  -118.8553   -33.5560     1.0000     0.0000  -163.1213   -99.5212     1.0000     0.0000  -153.2213  -123.9731     1.0000    43.3791    17.4234   -59.8702     1.0000  -166.4471  -186.2799  -202.3651     1.0000   282.4404   113.5530   -21.6946     1.0000  -318.7894  -240.8012  -229.5446     1.0000   275.0889   200.5705   -25.2390     1.0000  -108.1483   -70.9486  -154.4994     1.0000  -130.7449    62.2888    -5.6218     1.0000   238.9662   -48.0804  -190.0292     1.0000  -108.5082   205.0054    65.7933     1.0000  -130.2556    16.0793   -20.7123     1.0000   239.0520     8.8631   -69.9558     1.0000  -152.6736   191.1326    37.9148     1.0000    36.6251   105.1098   207.2366     1.0000     0.0000   -15.5436  -172.8070     1.0000     0.0000   185.2463   320.4389     1.0000     0.0000    95.1436   -14.8019     1.0000     0.0000    35.9588   119.6247     1.0000     0.0000   237.3459   420.5945     1.0000    41.8931  -160.6601  -398.7527     1.0000  -163.2202   207.1780   724.8475     1.0000   280.7250   105.6854  -158.7726     1.0000  -318.7894   -59.1541   252.4117     1.0000   277.7833    62.2782    55.3420     1.0000  -157.3146   100.4405   353.2665     1.0000    38.9219  -146.4513  -195.6890     1.0000     0.0000   126.6633   356.1987     1.0000     0.0000  -102.6819   -14.0383     1.0000     0.0000    76.9364    29.0451     1.0000     0.0000  -199.2970   190.0104     1.0000     0.0000   135.6876  -343.9020     1.0000    39.4495   -99.5479   728.3875     1.0000  -158.4427  -341.2577  -933.3087     1.0000   239.2147   443.5964   549.6894     1.0000  -121.7833  -340.0046   -67.4101     1.0000  -117.1022  -123.1800  -137.8786     1.0000   239.1495   109.7881  -334.9780     1.0000  -161.3251    51.0398   718.9739     1.0000    40.8362  -365.3988  -889.5879     1.0000     0.0000   262.8067   382.0606     1.0000     0.0000   -39.0965   229.4001     1.0000    38.9588   108.1028  -176.2007     1.0000  -157.6848  -409.1240    23.6210     1.0000   238.9563   692.5231   139.9508     1.0000  -160.5885  -257.2845   909.8734     1.0000    40.3564   147.7389  -709.2714     1.0000     0.0000   264.7616  1441.2310     1.0000     0.0000   197.8126  -115.5222     1.0000     0.0000   159.8407  1510.1630     1.0000     0.0000   512.8822    78.8406     1.0000     0.0000   251.4398  1993.6276     1.0000     0.0000   593.0214  1410.4879     1.0000     0.0000   570.9718  1791.6213     1.0000     0.0000   425.8976   452.4139     1.0000     0.0000   436.9705   200.8361     1.0000
-1079.2018 -1314.9802  1612.0662     1.0000   567.3618   476.7700 -4370.2930     1.0000  -756.6570  -849.5255   418.0300     1.0000  1003.6595  -661.0927   284.9241     1.0000 -1003.6595  -599.1297   174.7170     1.0000  1003.6595  -522.0745    56.4302     1.0000  -868.4316  -323.9534    65.7049     1.0000   481.4742  -668.8883  -185.8286     1.0000  -114.9817    98.5658    34.3491     1.0000     0.0000  -796.8839  -305.9908     1.0000     0.0000   221.5870   -68.4600     1.0000     0.0000  -694.1600  -405.5923     1.0000  -140.3587   217.3439   -50.3210     1.0000   531.2751  -531.6770  -494.1977     1.0000  -751.5093   232.3980   -47.5878     1.0000   471.0663  -515.0878  -542.7021     1.0000  -252.0243   360.5135   -50.4526     1.0000   533.1766  -444.4361  -438.8226     1.0000  -751.7853   355.2483  -116.9160     1.0000   470.5616  -277.5698  -371.8128     1.0000  -110.3725   318.9069    -2.8594     1.0000     0.0000  -251.8914  -420.6192     1.0000     0.0000   544.2343   218.8389     1.0000     0.0000  -371.9058  -547.6785     1.0000     0.0000   714.2385   630.9774     1.0000  -139.4832  -604.2820  -889.9876     1.0000   667.6163  1145.3311  1006.3242     1.0000 -1280.2405  -669.1548  -624.2164     1.0000  1229.8710   414.6945   336.9550     1.0000  -592.0446   547.7573   370.3720     1.0000   114.2821  -202.9692   -59.1290     1.0000     0.0000   314.3585   392.3873     1.0000     0.0000  -229.3050  -273.1490     1.0000  -134.4139   983.3660  1276.7626     1.0000   518.7479  -510.8987  -660.0589     1.0000  -886.1843   137.8179   480.6341     1.0000  1003.6595   271.0496   360.7998     1.0000 -1003.6595   239.3006   487.8907     1.0000  1003.6595  -376.8188  -281.1449     1.0000  -873.4478   419.0236   580.5334     1.0000   622.6206  -366.4031   -84.8581     1.0000  -759.6957   411.3125   460.6758     1.0000  1261.4271  -152.7704  -109.7199     1.0000 -1249.9413  -155.1414   525.2330     1.0000   557.2687   -95.7681  -855.0915     1.0000   128.7935   459.6541  1482.4800     1.0000  -376.5837  -826.4360 -1368.2085     1.0000   187.2357   607.4203   970.9115     1.0000   188.7866  -663.8505  -720.2571     1.0000  -376.5023   660.0158  1020.9503     1.0000   251.0927  -682.3284 -1007.7016     1.0000   -62.8580   410.9037   531.9434     1.0000     0.0000  -587.0836  -490.1246     1.0000     0.0000   833.2869  1451.2567     1.0000     0.0000  -623.5212 -1538.6022     1.0000   -62.6787   216.4688  1196.1515     1.0000   250.9362   125.0103  -183.5071     1.0000  -439.1961   226.3715  1154.8573     1.0000   501.8297    30.7097  -852.7534     1.0000  -438.2686   451.5775  2270.7654     1.0000   121.0984  -167.7433  -928.3195     1.0000   574.4285  1252.7251  3173.9827     1.0000  -355.8762  -422.9006 -1945.1385     1.0000  -600.4626  -847.7648 -3267.0359     1.0000
  188.8852   -90.8463   120.7667     1.0000    -0.0000   188.8006  -433.0995     1.0000   151.3482   -34.4904     9.0134     1.0000  -604.4327    44.4227    22.3071     1.0000   904.6602  -142.4981   -20.2812     1.0000  -601.4509   269.9531    54.3987     1.0000   301.7021  -325.0981   -48.2027     1.0000  -605.3448   255.8269    81.9408     1.0000   904.6982  -216.1437   -83.9916     1.0000  -600.7017   287.8620    93.7553     1.0000   149.5206  -361.5649   -53.4027     1.0000    -0.0000   332.0520    55.5426     1.0000    -0.0000  -319.8755   -35.5485     1.0000    -0.0000   294.6951    16.1433     1.0000    -0.0000     8.2344    98.2569     1.0000    -0.0000  -441.5519  -188.8634     1.0000    -0.0000   490.5605   194.4202     1.0000    -0.0000  -156.1710   -96.6887     1.0000    -0.0000   -31.2083   160.2223     1.0000    -0.0000   -73.6787  -290.0408     1.0000   152.4396   263.2609   372.6602     1.0000  -606.4696  -490.9739  -375.6300     1.0000  1057.2194   818.5837   540.0729     1.0000 -1053.9454  -984.9554  -675.2690     1.0000   447.4963   684.4320   522.2433     1.0000   304.8446  -269.6870   -96.3838     1.0000  -298.3627   467.3362   139.5760     1.0000  -304.8109 -1011.7889  -731.1097     1.0000   298.4034   986.6991  1226.5117     1.0000   304.7707  -291.6208  -906.3391     1.0000  -298.4435  -417.1672    54.4863     1.0000  -457.0965   761.1325   614.1227     1.0000   904.7858  -504.8389  -373.2723     1.0000  -447.7315  -188.0604  -396.0377     1.0000  -457.0389   582.8104  1038.3401     1.0000   904.7787  -580.8077 -1247.1154     1.0000  -600.0928   755.9333  1312.7371     1.0000   301.6105  -679.4551  -909.9718     1.0000  -606.3173  -323.1448   -54.2683     1.0000  1057.1501  1574.8053  1099.7661     1.0000 -1206.3822 -1865.2815 -1372.1088     1.0000  1206.3822  1049.9487  1025.0709     1.0000 -1206.3822   -46.4270  -582.0712     1.0000  1053.8751  -448.8746   238.7111     1.0000  -599.7396   774.7452   627.0595     1.0000   301.6593  -829.5972 -1078.8213     1.0000  -454.1873   143.6175    -3.2549     1.0000   297.7191   518.8488  1670.2102     1.0000   305.4469  -221.8162 -1536.5959     1.0000  -450.2914  -477.9322  -253.7655     1.0000   148.7051  1023.4383  2115.5059     1.0000    -0.0000 -1415.7833 -2752.4082     1.0000   153.2295  1706.5193  2668.8215     1.0000  -608.1583 -1587.8284 -2041.6893     1.0000   904.6236   940.8593   971.1862     1.0000  -444.0082   -32.6726   572.5048     1.0000  -461.0683  -610.0358 -1313.0631     1.0000  1058.5775   902.6768  1375.5267     1.0000 -1052.1892  -843.4847 -1212.3262     1.0000   441.8409   810.6717  1692.3817     1.0000   308.7050  -927.7410 -1811.9890     1.0000  -603.2015   885.8202  1285.1713     1.0000   216.5225  -276.1800  -457.0528     1.0000   428.9286  -576.5048  -908.1439     1.0000
    0.0000     0.0000     0.0000     0.0000     0.0000     0.0000     0.0000     0.0000     0.0000     0.0000     0.0000     0.0000     0.0000     0.0000     0.0000     0.0000     0.0000     0.0000     0.0000     0.0000     0.0000     0.0000     0.0000     0.0000     0.0000     0.0000     0.0000     0.0000     0.0000     0.0000     0.0000     0.0000     0.0000     0.0000     0.0000     0.0000     0.0000     0.0000     0.0000     0.0000     0.0000     0.0000     0.0000     0.0000     0.0000     0.0000     0.0000     0.0000     0.0000     0.0000     0.0000     0.0000     0.0000     0.0000     0.0000     0.0000     0.0000     0.0000     0.0000     0.0000     0.0000     0.0000     0.0000     0.0000     0.0000     0.0000     0.0000     0.0000     0.0000     0.0000     0.0000     0.0000     0.0000     0.0000     0.0000     0.0000     0.0000     0.0000     0.0000     0.0000     0.0000     0.0000     0.0000     0.0000     0.0000     0.0000     0.0000     0.0000     0.0000     0.0000     0.0000     0.0000     0.0000     0.0000     0.0000     0.0000     0.0000     0.0000     0.0000     0.0000     0.0000     0.0000     0.0000     0.0000     0.0000     0.0000     0.0000     0.0000     0.0000     0.0000     0.0000     0.0000     0.0000     0.0000     0.0000     0.0000     0.0000     0.0000     0.0000     0.0000     0.0000     0.0000     0.0000     0.0000     0.0000     0.0000     0.0000     0.0000     0.0000     0.0000     0.0000     0.0000     0.0000     0.0000     0.0000     0.0000     0.0000     0.0000     0.0000     0.0000     0.0000     0.0000     0.0000     0.0000     0.0000     0.0000     0.0000     0.0000     0.0000     0.0000     0.0000     0.0000     0.0000     0.0000     0.0000     0.0000     0.0000     0.0000     0.0000     0.0000     0.0000     0.0000     0.0000     0.0000     0.0000     0.0000     0.0000     0.0000     0.0000     0.0000     0.0000     0.0000     0.0000     0.0000     0.0000     0.0000     0.0000     0.0000     0.0000     0.0000     0.0000     0.0000     0.0000     0.0000     0.0000     0.0000     0.0000     0.0000     0.0000     0.0000     0.0000     0.0000     0.0000     0.0000     0.0000     0.0000     0.0000     0.0000     0.0000     0.0000     0.0000     0.0000     0.0000     0.0000     0.0000     0.0000     0.0000     0.0000     0.0000     0.0000     0.0000     0.0000     0.0000     0.0000     0.0000     0.0000     0.0000     0.0000     0.0000     0.0000     0.0000     0.0000     0.0000     0.0000     0.0000     0.0000     0.0000     0.0000     0.0000     0.0000     0.0000     0.0000     0.0000     0.0000     0.0000     0.0000     0.0000     0.0000     0.0000     0.0000     0.0000     0.0000     0.0000     0.0000     0.0000     0.0000     0.0000     0.0000     0.0000     0.0000     0.0000     0.0000     0.0000     0.0000     0.0000     0.0000
    0.0000     0.0000     0.0000     0.0000     0.0000     0.0000     0.0000     0.0000     0.0000     0.0000     0.0000     0.0000     0.0000     0.0000     0.0000     0.0000     0.0000     0.0000     0.0000     0.0000     0.0000     0.0000     0.0000     0.0000     0.0000     0.0000     0.0000     0.0000     0.0000     0.0000     0.0000     0.0000     0.0000     0.0000     0.0000     0.0000     0.0000     0.0000     0.0000     0.0000     0.0000     0.0000     0.0000     0.0000     0.0000     0.0000     0.0000     0.0000     0.0000     0.0000     0.0000     0.0000     0.0000     0.0000     0.0000     0.0000     0.0000     0.0000     0.0000     0.0000     0.0000     0.0000     0.0000     0.0000     0.0000     0.0000     0.0000     0.0000     0.0000     0.0000     0.0000     0.0000     0.0000     0.0000     0.0000     0.0000     0.0000     0.0000     0.0000     0.0000     0.0000     0.0000     0.0000     0.0000     0.0000     0.0000     0.0000     0.0000     0.0000     0.0000     0.0000     0.0000     0.0000     0.0000     0.0000     0.0000     0.0000     0.0000     0.0000     0.0000     0.0000     0.0000     0.0000     0.0000     0.0000     0.0000     0.0000     0.0000     0.0000     0.0000     0.0000     0.0000     0.0000     0.0000     0.0000     0.0000     0.0000     0.0000     0.0000     0.0000     0.0000     0.0000     0.0000     0.0000     0.0000     0.0000     0.0000     0.0000     0.0000     0.0000     0.0000     0.0000     0.0000     0.0000     0.0000     0.0000     0.0000     0.0000     0.0000     0.0000     0.0000     0.0000     0.0000     0.0000     0.0000     0.0000     0.0000     0.0000     0.0000     0.0000     0.0000     0.0000     0.0000     0.0000     0.0000     0.0000     0.0000     0.0000     0.0000     0.0000     0.0000     0.0000     0.0000     0.0000     0.0000     0.0000     0.0000     0.0000     0.0000     0.0000     0.0000     0.0000     0.0000     0.0000     0.0000     0.0000     0.0000     0.0000     0.0000     0.0000     0.0000     0.0000     0.0000     0.0000     0.0000     0.0000     0.0000     0.0000     0.0000     0.0000     0.0000     0.0000     0.0000     0.0000     0.0000     0.0000     0.0000     0.0000     0.0000     0.0000     0.0000     0.0000     0.0000     0.0000     0.0000     0.0000     0.0000     0.0000     0.0000     0.0000     0.0000     0.0000     0.0000     0.0000     0.0000     0.0000     0.0000     0.0000     0.0000     0.0000     0.0000     0.0000     0.0000     0.0000     0.0000     0.0000     0.0000     0.0000     0.0000     0.0000     0.0000     0.0000     0.0000     0.0000     0.0000     0.0000     0.0000     0.0000     0.0000     0.0000     0.0000     0.0000     0.0000     0.0000     0.0000     0.0000     0.0000     0.0000     0.0000     0.0000     0.0000     0.0000     0.0000     0.0000     0.0000     0.0000
    0.0000     0.0000     0.0000     0.0000     0.0000     0.0000     0.0000     0.0000     0.0000     0.0000     0.0000     0.0000     0.0000     0.0000     0.0000     0.0000     0.0000     0.0000     0.0000     0.0000     0.0000     0.0000     0.0000     0.0000     0.0000     0.0000     0.0000     0.0000     0.0000     0.0000     0.0000     0.0000     0.0000     0.0000     0.0000     0.0000     0.0000     0.0000     0.0000     0.0000     0.0000     0.0000     0.0000     0.0000     0.0000     0.0000     0.0000     0.0000     0.0000     0.0000     0.0000     0.0000     0.0000     0.0000     0.0000     0.0000     0.0000     0.0000     0.0000     0.0000     0.0000     0.0000     0.0000     0.0000     0.0000     0.0000     0.0000     0.0000     0.0000     0.0000     0.0000     0.0000     0.0000     0.0000     0.0000     0.0000     0.0000     0.0000     0.0000     0.0000     0.0000     0.0000     0.0000     0.0000     0.0000     0.0000     0.0000     0.0000     0.0000     0.0000     0.0000     0.0000     0.0000     0.0000     0.0000     0.0000     0.0000     0.0000     0.0000     0.0000     0.0000     0.0000     0.0000     0.0000     0.0000     0.0000     0.0000     0.0000     0.0000     0.0000     0.0000     0.0000     0.0000     0.0000     0.0000     0.0000     0.0000     0.0000     0.0000     0.0000     0.0000     0.0000     0.0000     0.0000     0.0000     0.0000     0.0000     0.0000     0.0000     0.0000     0.0000     0.0000     0.0000     0.0000     0.0000     0.0000     0.0000     0.0000     0.0000     0.0000     0.0000     0.0000     0.0000     0.0000     0.0000     0.0000     0.0000     0.0000     0.0000     0.0000     0.0000     0.0000     0.0000     0.0000     0.0000     0.0000     0.0000     0.0000     0.0000     0.0000     0.0000     0.0000     0.0000     0.0000     0.0000     0.0000     0.0000     0.0000     0.0000     0.0000     0.0000     0.0000     0.0000     0.0000     0.0000     0.0000     0.0000     0.0000     0.0000     0.0000     0.0000     0.0000     0.0000     0.0000     0.0000     0.0000     0.0000     0.0000     0.0000     0.0000     0.0000     0.0000     0.0000     0.0000     0.0000     0.0000     0.0000     0.0000     0.0000     0.0000     0.0000     0.0000     0.0000     0.0000     0.0000     0.0000     0.0000     0.0000     0.0000     0.0000     0.0000     0.0000     0.0000     0.0000     0.0000     0.0000     0.0000     0.0000     0.0000     0.0000     0.0000     0.0000     0.0000     0.0000     0.0000     0.0000     0.0000     0.0000     0.0000     0.0000     0.0000     0.0000     0.0000     0.0000     0.0000     0.0000     0.0000     0.0000     0.0000     0.0000     0.0000     0.0000     0.0000     0.0000     0.0000     0.0000     0.0000     0.0000     0.0000     0.0000     0.0000     0.0000     0.0000     0.0000     0.0000     0.0000
    0.0000     0.0000     0.0000     0.0000     0.0000     0.0000     0.0000     0.0000     0.0000     0.0000     0.0000     0.0000     0.0000     0.0000     0.0000     0.0000     0.0000     0.0000     0.0000     0.0000     0.0000     0.0000     0.0000     0.0000     0.0000     0.0000     0.0000     0.0000     0.0000     0.0000     0.0000     0.0000     0.0000     0.0000     0.0000     0.0000     0.0000     0.0000     0.0000     0.0000     0.0000     0.0000     0.0000     0.0000     0.0000     0.0000     0.0000     0.0000     0.0000     0.0000     0.0000     0.0000     0.0000     0.0000     0.0000     0.0000     0.0000     0.0000     0.0000     0.0000     0.0000     0.0000     0.0000     0.0000     0.0000     0.0000     0.0000     0.0000     0.0000     0.0000     0.0000     0.0000     0.0000     0.0000     0.0000     0.0000     0.0000     0.0000     0.0000     0.0000     0.0000     0.0000     0.0000     0.0000     0.0000     0.0000     0.0000     0.0000     0.0000     0.0000     0.0000     0.0000     0.0000     0.0000     0.0000     0.0000     0.0000     0.0000     0.0000     0.0000     0.0000     0.0000     0.0000     0.0000     0.0000     0.0000     0.0000     0.0000     0.0000     0.0000     0.0000     0.0000     0.0000     0.0000     0.0000     0.0000     0.0000     0.0000     0.0000     0.0000     0.0000     0.0000     0.0000     0.0000     0.0000     0.0000     0.0000     0.0000     0.0000     0.0000     0.0000     0.0000     0.0000     0.0000     0.0000     0.0000     0.0000     0.0000     0.0000     0.0000     0.0000     0.0000     0.0000     0.0000     0.0000     0.0000     0.0000     0.0000     0.0000     0.0000     0.0000     0.0000     0.0000     0.0000     0.0000     0.0000     0.0000     0.0000     0.0000     0.0000     0.0000     0.0000     0.0000     0.0000     0.0000     0.0000     0.0000     0.0000     0.0000     0.0000     0.0000     0.0000     0.0000     0.0000     0.0000     0.0000     0.0000     0.0000     0.0000     0.0000     0.0000     0.0000     0.0000     0.0000     0.0000     0.0000     0.0000     0.0000     0.0000     0.0000     0.0000     0.0000     0.0000     0.0000     0.0000     0.0000     0.0000     0.0000     0.0000     0.0000     0.0000     0.0000     0.0000     0.0000     0.0000     0.0000     0.0000     0.0000     0.0000     0.0000     0.0000     0.0000     0.0000     0.0000     0.0000     0.0000     0.0000     0.0000     0.0000     0.0000     0.0000     0.0000     0.0000     0.0000     0.0000     0.0000     0.0000     0.0000     0.0000     0.0000     0.0000     0.0000     0.0000     0.0000     0.0000     0.0000     0.0000     0.0000     0.0000     0.0000     0.0000     0.0000     0.0000     0.0000     0.0000     0.0000     0.0000     0.0000     0.0000     0.0000     0.0000     0.0000     0.0000     0.0000     0.0000     0.0000
    0.0000     0.0000     0.0000     0.0000     0.0000     0.0000     0.0000     0.0000     0.0000     0.0000     0.0000     0.0000     0.0000     0.0000     0.0000     0.0000     0.0000     0.0000     0.0000     0.0000     0.0000     0.0000     0.0000     0.0000     0.0000     0.0000     0.0000     0.0000     0.0000     0.0000     0.0000     0.0000     0.0000     0.0000     0.0000     0.0000     0.0000     0.0000     0.0000     0.0000     0.0000     0.0000     0.0000     0.0000     0.0000     0.0000     0.0000     0.0000     0.0000     0.0000     0.0000     0.0000     0.0000     0.0000     0.0000     0.0000     0.0000     0.0000     0.0000     0.0000     0.0000     0.0000     0.0000     0.0000     0.0000     0.0000     0.0000     0.0000     0.0000     0.0000     0.0000     0.0000     0.0000     0.0000     0.0000     0.0000     0.0000     0.0000     0.0000     0.0000     0.0000     0.0000     0.0000     0.0000     0.0000     0.0000     0.0000     0.0000     0.0000     0.0000     0.0000     0.0000     0.0000     0.0000     0.0000     0.0000     0.0000     0.0000     0.0000     0.0000     0.0000     0.0000     0.0000     0.0000     0.0000     0.0000     0.0000     0.0000     0.0000     0.0000     0.0000     0.0000     0.0000     0.0000     0.0000     0.0000     0.0000     0.0000     0.0000     0.0000     0.0000     0.0000     0.0000     0.0000     0.0000     0.0000     0.0000     0.0000     0.0000     0.0000     0.0000     0.0000     0.0000     0.0000     0.0000     0.0000     0.0000     0.0000     0.0000     0.0000     0.0000     0.0000     0.0000     0.0000     0.0000     0.0000     0.0000     0.0000     0.0000     0.0000     0.0000     0.0000     0.0000     0.0000     0.0000     0.0000     0.0000     0.0000     0.0000     0.0000     0.0000     0.0000     0.0000     0.0000     0.0000     0.0000     0.0000     0.0000     0.0000     0.0000     0.0000     0.0000     0.0000     0.0000     0.0000     0.0000     0.0000     0.0000     0.0000     0.0000     0.0000     0.0000     0.0000     0.0000     0.0000     0.0000     0.0000     0.0000     0.0000     0.0000     0.0000     0.0000     0.0000     0.0000     0.0000     0.0000     0.0000     0.0000     0.0000     0.0000     0.0000     0.0000     0.0000     0.0000     0.0000     0.0000     0.0000     0.0000     0.0000     0.0000     0.0000     0.0000     0.0000     0.0000     0.0000     0.0000     0.0000     0.0000     0.0000     0.0000     0.0000     0.0000     0.0000     0.0000     0.0000     0.0000     0.0000     0.0000     0.0000     0.0000     0.0000     0.0000     0.0000     0.0000     0.0000     0.0000     0.0000     0.0000     0.0000     0.0000     0.0000     0.0000     0.0000     0.0000     0.0000     0.0000     0.0000     0.0000     0.0000     0.0000     0.0000     0.0000     0.0000     0.0000     0.0000     0.0000
    0.0000     0.0000     0.0000     0.0000     0.0000     0.0000     0.0000     0.0000     0.0000     0.0000     0.0000     0.0000     0.0000     0.0000     0.0000     0.0000     0.0000     0.0000     0.0000     0.0000     0.0000     0.0000     0.0000     0.0000     0.0000     0.0000     0.0000     0.0000     0.0000     0.0000     0.0000     0.0000     0.0000     0.0000     0.0000     0.0000     0.0000     0.0000     0.0000     0.0000     0.0000     0.0000     0.0000     0.0000     0.0000     0.0000     0.0000     0.0000     0.0000     0.0000     0.0000     0.0000     0.0000     0.0000     0.0000     0.0000     0.0000     0.0000     0.0000     0.0000     0.0000     0.0000     0.0000     0.0000     0.0000     0.0000     0.0000     0.0000     0.0000     0.0000     0.0000     0.0000     0.0000     0.0000     0.0000     0.0000     0.0000     0.0000     0.0000     0.0000     0.0000     0.0000     0.0000     0.0000     0.0000     0.0000     0.0000     0.0000     0.0000     0.0000     0.0000     0.0000     0.0000     0.0000     0.0000     0.0000     0.0000     0.0000     0.0000     0.0000     0.0000     0.0000     0.0000     0.0000     0.0000     0.0000     0.0000     0.0000     0.0000     0.0000     0.0000     0.0000     0.0000     0.0000     0.0000     0.0000     0.0000     0.0000     0.0000     0.0000     0.0000     0.0000     0.0000     0.0000     0.0000     0.0000     0.0000     0.0000     0.0000     0.0000     0.0000     0.0000     0.0000     0.0000     0.0000     0.0000     0.0000     0.0000     0.0000     0.0000     0.0000     0.0000     0.0000     0.0000     0.0000     0.0000     0.0000     0.0000     0.0000     0.0000     0.0000     0.0000     0.0000     0.0000     0.0000     0.0000     0.0000     0.0000     0.0000     0.0000     0.0000     0.0000     0.0000     0.0000     0.0000     0.0000     0.0000     0.0000     0.0000     0.0000     0.0000     0.0000     0.0000     0.0000     0.0000     0.0000     0.0000     0.0000     0.0000     0.0000     0.0000     0.0000     0.0000     0.0000     0.0000     0.0000     0.0000     0.0000     0.0000     0.0000     0.0000     0.0000     0.0000     0.0000     0.0000     0.0000     0.0000     0.0000     0.0000     0.0000     0.0000     0.0000     0.0000     0.0000     0.0000     0.0000     0.0000     0.0000     0.0000     0.0000     0.0000     0.0000     0.0000     0.0000     0.0000     0.0000     0.0000     0.0000     0.0000     0.0000     0.0000     0.0000     0.0000     0.0000     0.0000     0.0000     0.0000     0.0000     0.0000     0.0000     0.0000     0.0000     0.0000     0.0000     0.0000     0.0000     0.0000     0.0000     0.0000     0.0000     0.0000     0.0000     0.0000     0.0000     0.0000     0.0000     0.0000     0.0000     0.0000     0.0000     0.0000     0.0000     0.0000     0.0000     0.0000     0.0000
    0.0000     0.0000     0.0000     0.0000     0.0000     0.0000     0.0000     0.0000     0.0000     0.0000     0.0000     0.0000     0.0000     0.0000     0.0000     0.0000     0.0000     0.0000     0.0000     0.0000     0.0000     0.0000     0.0000     0.0000     0.0000     0.0000     0.0000     0.0000     0.0000     0.0000     0.0000     0.0000     0.0000     0.0000     0.0000     0.0000     0.0000     0.0000     0.0000     0.0000     0.0000     0.0000     0.0000     0.0000     0.0000     0.0000     0.0000     0.0000     0.0000     0.0000     0.0000     0.0000     0.0000     0.0000     0.0000     0.0000     0.0000     0.0000     0.0000     0.0000     0.0000     0.0000     0.0000     0.0000     0.0000     0.0000     0.0000     0.0000     0.0000     0.0000     0.0000     0.0000     0.0000     0.0000     0.0000     0.0000     0.0000     0.0000     0.0000     0.0000     0.0000     0.0000     0.0000     0.0000     0.0000     0.0000     0.0000     0.0000     0.0000     0.0000     0.0000     0.0000     0.0000     0.0000     0.0000     0.0000     0.0000     0.0000     0.0000     0.0000     0.0000     0.0000     0.0000     0.0000     0.0000     0.0000     0.0000     0.0000     0.0000     0.0000     0.0000     0.0000     0.0000     0.0000     0.0000     0.0000     0.0000     0.0000     0.0000     0.0000     0.0000     0.0000     0.0000     0.0000     0.0000     0.0000     0.0000     0.0000     0.0000     0.0000     0.0000     0.0000     0.0000     0.0000     0.0000     0.0000     0.0000     0.0000     0.0000     0.0000     0.0000     0.0000     0.0000     0.0000     0.0000     0.0000     0.0000     0.0000     0.0000     0.0000     0.0000     0.0000     0.0000     0.0000     0.0000     0.0000     0.0000     0.0000     0.0000     0.0000     0.0000     0.0000     0.0000     0.0000     0.0000     0.0000     0.0000     0.0000     0.0000     0.0000     0.0000     0.0000     0.0000     0.0000     0.0000     0.0000     0.0000     0.0000     0.0000     0.0000     0.0000     0.0000     0.0000     0.0000     0.0000     0.0000     0.0000     0.0000     0.0000     0.0000     0.0000     0.0000     0.0000     0.0000     0.0000     0.0000     0.0000     0.0000     0.0000     0.0000     0.0000     0.0000     0.0000     0.0000     0.0000     0.0000     0.0000     0.0000     0.0000     0.0000     0.0000     0.0000     0.0000     0.0000     0.0000     0.0000     0.0000     0.0000     0.0000     0.0000     0.0000     0.0000     0.0000     0.0000     0.0000     0.0000     0.0000     0.0000     0.0000     0.0000     0.0000     0.0000     0.0000     0.0000     0.0000     0.0000     0.0000     0.0000     0.0000     0.0000     0.0000     0.0000     0.0000     0.0000     0.0000     0.0000     0.0000     0.0000     0.0000     0.0000     0.0000     0.0000     0.0000     0.0000     0.0000     0.0000
    0.0000     0.0000     0.0000     0.0000     0.0000     0.0000     0.0000     0.0000     0.0000     0.0000     0.0000     0.0000     0.0000     0.0000     0.0000     0.0000     0.0000     0.0000     0.0000     0.0000     0.0000     0.0000     0.0000     0.0000     0.0000     0.0000     0.0000     0.0000     0.0000     0.0000     0.0000     0.0000     0.0000     0.0000     0.0000     0.0000     0.0000     0.0000     0.0000     0.0000     0.0000     0.0000     0.0000     0.0000     0.0000     0.0000     0.0000     0.0000     0.0000     0.0000     0.0000     0.0000     0.0000     0.0000     0.0000     0.0000     0.0000     0.0000     0.0000     0.0000     0.0000     0.0000     0.0000     0.0000     0.0000     0.0000     0.0000     0.0000     0.0000     0.0000     0.0000     0.0000     0.0000     0.0000     0.0000     0.0000     0.0000     0.0000     0.0000     0.0000     0.0000     0.0000     0.0000     0.0000     0.0000     0.0000     0.0000     0.0000     0.0000     0.0000     0.0000     0.0000     0.0000     0.0000     0.0000     0.0000     0.0000     0.0000     0.0000     0.0000     0.0000     0.0000     0.0000     0.0000     0.0000     0.0000     0.0000     0.0000     0.0000     0.0000     0.0000     0.0000     0.0000     0.0000     0.0000     0.0000     0.0000     0.0000     0.0000     0.0000     0.0000     0.0000     0.0000     0.0000     0.0000     0.0000     0.0000     0.0000     0.0000     0.0000     0.0000     0.0000     0.0000     0.0000     0.0000     0.0000     0.0000     0.0000     0.0000     0.0000     0.0000     0.0000     0.0000     0.0000     0.0000     0.0000     0.0000     0.0000     0.0000     0.0000     0.0000     0.0000     0.0000     0.0000     0.0000     0.0000     0.0000     0.0000     0.0000     0.0000     0.0000     0.0000     0.0000     0.0000     0.0000     0.0000     0.0000     0.0000     0.0000     0.0000     0.0000     0.0000     0.0000     0.0000     0.0000     0.0000     0.0000     0.0000     0.0000     0.0000     0.0000     0.0000     0.0000     0.0000     0.0000     0.0000     0.0000     0.0000     0.0000     0.0000     0.0000     0.0000     0.0000     0.0000     0.0000     0.0000     0.0000     0.0000     0.0000     0.0000     0.0000     0.0000     0.0000     0.0000     0.0000     0.0000     0.0000     0.0000     0.0000     0.0000     0.0000     0.0000     0.0000     0.0000     0.0000     0.0000     0.0000     0.0000     0.0000     0.0000     0.0000     0.0000     0.0000     0.0000     0.0000     0.0000     0.0000     0.0000     0.0000     0.0000     0.0000     0.0000     0.0000     0.0000     0.0000     0.0000     0.0000     0.0000     0.0000     0.0000     0.0000     0.0000     0.0000     0.0000     0.0000     0.0000     0.0000     0.0000     0.0000     0.0000     0.0000     0.0000     0.0000     0.0000     0.0000     0.0000
    0.0000     0.0000     0.0000     0.0000     0.0000     0.0000     0.0000     0.0000     0.0000     0.0000     0.0000     0.0000     0.0000     0.0000     0.0000     0.0000     0.0000     0.0000     0.0000     0.0000     0.0000     0.0000     0.0000     0.0000     0.0000     0.0000     0.0000     0.0000     0.0000     0.0000     0.0000     0.0000     0.0000     0.0000     0.0000     0.0000     0.0000     0.0000     0.0000     0.0000     0.0000     0.0000     0.0000     0.0000     0.0000     0.0000     0.0000     0.0000     0.0000     0.0000     0.0000     0.0000     0.0000     0.0000     0.0000     0.0000     0.0000     0.0000     0.0000     0.0000     0.0000     0.0000     0.0000     0.0000     0.0000     0.0000     0.0000     0.0000     0.0000     0.0000     0.0000     0.0000     0.0000     0.0000     0.0000     0.0000     0.0000     0.0000     0.0000     0.0000     0.0000     0.0000     0.0000     0.0000     0.0000     0.0000     0.0000     0.0000     0.0000     0.0000     0.0000     0.0000     0.0000     0.0000     0.0000     0.0000     0.0000     0.0000     0.0000     0.0000     0.0000     0.0000     0.0000     0.0000     0.0000     0.0000     0.0000     0.0000     0.0000     0.0000     0.0000     0.0000     0.0000     0.0000     0.0000     0.0000     0.0000     0.0000     0.0000     0.0000     0.0000     0.0000     0.0000     0.0000     0.0000     0.0000     0.0000     0.0000     0.0000     0.0000     0.0000     0.0000     0.0000     0.0000     0.0000     0.0000     0.0000     0.0000     0.0000     0.0000     0.0000     0.0000     0.0000     0.0000     0.0000     0.0000     0.0000     0.0000     0.0000     0.0000     0.0000     0.0000     0.0000     0.0000     0.0000     0.0000     0.0000     0.0000     0.0000     0.0000     0.0000     0.0000     0.0000     0.0000     0.0000     0.0000     0.0000     0.0000     0.0000     0.0000     0.0000     0.0000     0.0000     0.0000     0.0000     0.0000     0.0000     0.0000     0.0000     0.0000     0.0000     0.0000     0.0000     0.0000     0.0000     0.0000     0.0000     0.0000     0.0000     0.0000     0.0000     0.0000     0.0000     0.0000     0.0000     0.0000     0.0000     0.0000     0.0000     0.0000     0.0000     0.0000     0.0000     0.0000     0.0000     0.0000     0.0000     0.0000     0.0000     0.0000     0.0000     0.0000     0.0000     0.0000     0.0000     0.0000     0.0000     0.0000     0.0000     0.0000     0.0000     0.0000     0.0000     0.0000     0.0000     0.0000     0.0000     0.0000     0.0000     0.0000     0.0000     0.0000     0.0000     0.0000     0.0000     0.0000     0.0000     0.0000     0.0000     0.0000     0.0000     0.0000     0.0000     0.0000     0.0000     0.0000     0.0000     0.0000     0.0000     0.0000     0.0000     0.0000     0.0000     0.0000     0.0000     0.0000
    0.0000     0.0000     0.0000     0.0000     0.0000     0.0000     0.0000     0.0000     0.0000     0.0000     0.0000     0.0000     0.0000     0.0000     0.0000     0.0000     0.0000     0.0000     0.0000     0.0000     0.0000     0.0000     0.0000     0.0000     0.0000     0.0000     0.0000     0.0000     0.0000     0.0000     0.0000     0.0000     0.0000     0.0000     0.0000     0.0000     0.0000     0.0000     0.0000     0.0000     0.0000     0.0000     0.0000     0.0000     0.0000     0.0000     0.0000     0.0000     0.0000     0.0000     0.0000     0.0000     0.0000     0.0000     0.0000     0.0000     0.0000     0.0000     0.0000     0.0000     0.0000     0.0000     0.0000     0.0000     0.0000     0.0000     0.0000     0.0000     0.0000     0.0000     0.0000     0.0000     0.0000     0.0000     0.0000     0.0000     0.0000     0.0000     0.0000     0.0000     0.0000     0.0000     0.0000     0.0000     0.0000     0.0000     0.0000     0.0000     0.0000     0.0000     0.0000     0.0000     0.0000     0.0000     0.0000     0.0000     0.0000     0.0000     0.0000     0.0000     0.0000     0.0000     0.0000     0.0000     0.0000     0.0000     0.0000     0.0000     0.0000     0.0000     0.0000     0.0000     0.0000     0.0000     0.0000     0.0000     0.0000     0.0000     0.0000     0.0000     0.0000     0.0000     0.0000     0.0000     0.0000     0.0000     0.0000     0.0000     0.0000     0.0000     0.0000     0.0000     0.0000     0.0000     0.0000     0.0000     0.0000     0.0000     0.0000     0.0000     0.0000     0.0000     0.0000     0.0000     0.0000     0.0000     0.0000     0.0000     0.0000     0.0000     0.0000     0.0000     0.0000     0.0000     0.0000     0.0000     0.0000     0.0000     0.0000     0.0000     0.0000     0.0000     0.0000     0.0000     0.0000     0.0000     0.0000     0.0000     0.0000     0.0000     0.0000     0.0000     0.0000     0.0000     0.0000     0.0000     0.0000     0.0000     0.0000     0.0000     0.0000     0.0000     0.0000     0.0000     0.0000     0.0000     0.0000     0.0000     0.0000     0.0000     0.0000     0.0000     0.0000     0.0000     0.0000     0.0000     0.0000     0.0000     0.0000     0.0000     0.0000     0.0000     0.0000     0.0000     0.0000     0.0000     0.0000     0.0000     0.0000     0.0000     0.0000     0.0000     0.0000     0.0000     0.0000     0.0000     0.0000     0.0000     0.0000     0.0000     0.0000     0.0000     0.0000     0.0000     0.0000     0.0000     0.0000     0.0000     0.0000     0.0000     0.0000     0.0000     0.0000     0.0000     0.0000     0.0000     0.0000     0.0000     0.0000     0.0000     0.0000     0.0000     0.0000     0.0000     0.0000     0.0000     0.0000     0.0000     0.0000     0.0000     0.0000     0.0000     0.0000     0.0000     0.0000     0.0000
    0.0000     0.0000     0.0000     0.0000     0.0000     0.0000     0.0000     0.0000     0.0000     0.0000     0.0000     0.0000     0.0000     0.0000     0.0000     0.0000     0.0000     0.0000     0.0000     0.0000     0.0000     0.0000     0.0000     0.0000     0.0000     0.0000     0.0000     0.0000     0.0000     0.0000     0.0000     0.0000     0.0000     0.0000     0.0000     0.0000     0.0000     0.0000     0.0000     0.0000     0.0000     0.0000     0.0000     0.0000     0.0000     0.0000     0.0000     0.0000     0.0000     0.0000     0.0000     0.0000     0.0000     0.0000     0.0000     0.0000     0.0000     0.0000     0.0000     0.0000     0.0000     0.0000     0.0000     0.0000     0.0000     0.0000     0.0000     0.0000     0.0000     0.0000     0.0000     0.0000     0.0000     0.0000     0.0000     0.0000     0.0000     0.0000     0.0000     0.0000     0.0000     0.0000     0.0000     0.0000     0.0000     0.0000     0.0000     0.0000     0.0000     0.0000     0.0000     0.0000     0.0000     0.0000     0.0000     0.0000     0.0000     0.0000     0.0000     0.0000     0.0000     0.0000     0.0000     0.0000     0.0000     0.0000     0.0000     0.0000     0.0000     0.0000     0.0000     0.0000     0.0000     0.0000     0.0000     0.0000     0.0000     0.0000     0.0000     0.0000     0.0000     0.0000     0.0000     0.0000     0.0000     0.0000     0.0000     0.0000     0.0000     0.0000     0.0000     0.0000     0.0000     0.0000     0.0000     0.0000     0.0000     0.0000     0.0000     0.0000     0.0000     0.0000     0.0000     0.0000     0.0000     0.0000     0.0000     0.0000     0.0000     0.0000     0.0000     0.0000     0.0000     0.0000     0.0000     0.0000     0.0000     0.0000     0.0000     0.0000     0.0000     0.0000     0.0000     0.0000     0.0000     0.0000     0.0000     0.0000     0.0000     0.0000     0.0000     0.0000     0.0000     0.0000     0.0000     0.0000     0.0000     0.0000     0.0000     0.0000     0.0000     0.0000     0.0000     0.0000     0.0000     0.0000     0.0000     0.0000     0.0000     0.0000     0.0000     0.0000     0.0000     0.0000     0.0000     0.0000     0.0000     0.0000     0.0000     0.0000     0.0000     0.0000     0.0000     0.0000     0.0000     0.0000     0.0000     0.0000     0.0000     0.0000     0.0000     0.0000     0.0000     0.0000     0.0000     0.0000     0.0000     0.0000     0.0000     0.0000     0.0000     0.0000     0.0000     0.0000     0.0000     0.0000     0.0000     0.0000     0.0000     0.0000     0.0000     0.0000     0.0000     0.0000     0.0000     0.0000     0.0000     0.0000     0.0000     0.0000     0.0000     0.0000     0.0000     0.0000     0.0000     0.0000     0.0000     0.0000     0.0000     0.0000     0.0000     0.0000     0.0000     0.0000     0.0000     0.0000
    0.0000     0.0000     0.0000     0.0000     0.0000     0.0000     0.0000     0.0000     0.0000     0.0000     0.0000     0.0000     0.0000     0.0000     0.0000     0.0000     0.0000     0.0000     0.0000     0.0000     0.0000     0.0000     0.0000     0.0000     0.0000     0.0000     0.0000     0.0000     0.0000     0.0000     0.0000     0.0000     0.0000     0.0000     0.0000     0.0000     0.0000     0.0000     0.0000     0.0000     0.0000     0.0000     0.0000     0.0000     0.0000     0.0000     0.0000     0.0000     0.0000     0.0000     0.0000     0.0000     0.0000     0.0000     0.0000     0.0000     0.0000     0.0000     0.0000     0.0000     0.0000     0.0000     0.0000     0.0000     0.0000     0.0000     0.0000     0.0000     0.0000     0.0000     0.0000     0.0000     0.0000     0.0000     0.0000     0.0000     0.0000     0.0000     0.0000     0.0000     0.0000     0.0000     0.0000     0.0000     0.0000     0.0000     0.0000     0.0000     0.0000     0.0000     0.0000     0.0000     0.0000     0.0000     0.0000     0.0000     0.0000     0.0000     0.0000     0.0000     0.0000     0.0000     0.0000     0.0000     0.0000     0.0000     0.0000     0.0000     0.0000     0.0000     0.0000     0.0000     0.0000     0.0000     0.0000     0.0000     0.0000     0.0000     0.0000     0.0000     0.0000     0.0000     0.0000     0.0000     0.0000     0.0000     0.0000     0.0000     0.0000     0.0000     0.0000     0.0000     0.0000     0.0000     0.0000     0.0000     0.0000     0.0000     0.0000     0.0000     0.0000     0.0000     0.0000     0.0000     0.0000     0.0000     0.0000     0.0000     0.0000     0.0000     0.0000     0.0000     0.0000     0.0000     0.0000     0.0000     0.0000     0.0000     0.0000     0.0000     0.0000     0.0000     0.0000     0.0000     0.0000     0.0000     0.0000     0.0000     0.0000     0.0000     0.0000     0.0000     0.0000     0.0000     0.0000     0.0000     0.0000     0.0000     0.0000     0.0000     0.0000     0.0000     0.0000     0.0000     0.0000     0.0000     0.0000     0.0000     0.0000     0.0000     0.0000     0.0000     0.0000     0.0000     0.0000     0.0000     0.0000     0.0000     0.0000     0.0000     0.0000     0.0000     0.0000     0.0000     0.0000     0.0000     0.0000     0.0000     0.0000     0.0000     0.0000     0.0000     0.0000     0.0000     0.0000     0.0000     0.0000     0.0000     0.0000     0.0000     0.0000     0.0000     0.0000     0.0000     0.0000     0.0000     0.0000     0.0000     0.0000     0.0000     0.0000     0.0000     0.0000     0.0000     0.0000     0.0000     0.0000     0.0000     0.0000     0.0000     0.0000     0.0000     0.0000     0.0000     0.0000     0.0000     0.0000     0.0000     0.0000     0.0000     0.0000     0.0000     0.0000     0.0000     0.0000     0.0000
    0.0000     0.0000     0.0000     0.0000     0.0000     0.0000     0.0000     0.0000     0.0000     0.0000     0.0000     0.0000     0.0000     0.0000     0.0000     0.0000     0.0000     0.0000     0.0000     0.0000     0.0000     0.0000     0.0000     0.0000     0.0000     0.0000     0.0000     0.0000     0.0000     0.0000     0.0000     0.0000     0.0000     0.0000     0.0000     0.0000     0.0000     0.0000     0.0000     0.0000     0.0000     0.0000     0.0000     0.0000     0.0000     0.0000     0.0000     0.0000     0.0000     0.0000     0.0000     0.0000     0.0000     0.0000     0.0000     0.0000     0.0000     0.0000     0.0000     0.0000     0.0000     0.0000     0.0000     0.0000     0.0000     0.0000     0.0000     0.0000     0.0000     0.0000     0.0000     0.0000     0.0000     0.0000     0.0000     0.0000     0.0000     0.0000     0.0000     0.0000     0.0000     0.0000     0.0000     0.0000     0.0000     0.0000     0.0000     0.0000     0.0000     0.0000     0.0000     0.0000     0.0000     0.0000     0.0000     0.0000     0.0000     0.0000     0.0000     0.0000     0.0000     0.0000     0.0000     0.0000     0.0000     0.0000     0.0000     0.0000     0.0000     0.0000     0.0000     0.0000     0.0000     0.0000     0.0000     0.0000     0.0000     0.0000     0.0000     0.0000     0.0000     0.0000     0.0000     0.0000     0.0000     0.0000     0.0000     0.0000     0.0000     0.0000     0.0000     0.0000     0.0000     0.0000     0.0000     0.0000     0.0000     0.0000     0.0000     0.0000     0.0000     0.0000     0.0000     0.0000     0.0000     0.0000     0.0000     0.0000     0.0000     0.0000     0.0000     0.0000     0.0000     0.0000     0.0000     0.0000     0.0000     0.0000     0.0000     0.0000     0.0000     0.0000     0.0000     0.0000     0.0000     0.0000     0.0000     0.0000     0.0000     0.0000     0.0000     0.0000     0.0000     0.0000     0.0000     0.0000     0.0000     0.0000     0.0000     0.0000     0.0000     0.0000     0.0000     0.0000     0.0000     0.0000     0.0000     0.0000     0.0000     0.0000     0.0000     0.0000     0.0000     0.0000     0.0000     0.0000     0.0000     0.0000     0.0000     0.0000     0.0000     0.0000     0.0000     0.0000     0.0000     0.0000     0.0000     0.0000     0.0000     0.0000     0.0000     0.0000     0.0000     0.0000     0.0000     0.0000     0.0000     0.0000     0.0000     0.0000     0.0000     0.0000     0.0000     0.0000     0.0000     0.0000     0.0000     0.0000     0.0000     0.0000     0.0000     0.0000     0.0000     0.0000     0.0000     0.0000     0.0000     0.0000     0.0000     0.0000     0.0000     0.0000     0.0000     0.0000     0.0000     0.0000     0.0000     0.0000     0.0000     0.0000     0.0000     0.0000     0.0000     0.0000     0.0000     0.0000
    0.0000     0.0000     0.0000     0.0000     0.0000     0.0000     0.0000     0.0000     0.0000     0.0000     0.0000     0.0000     0.0000     0.0000     0.0000     0.0000     0.0000     0.0000     0.0000     0.0000     0.0000     0.0000     0.0000     0.0000     0.0000     0.0000     0.0000     0.0000     0.0000     0.0000     0.0000     0.0000     0.0000     0.0000     0.0000     0.0000     0.0000     0.0000     0.0000     0.0000     0.0000     0.0000     0.0000     0.0000     0.0000     0.0000     0.0000     0.0000     0.0000     0.0000     0.0000     0.0000     0.0000     0.0000     0.0000     0.0000     0.0000     0.0000     0.0000     0.0000     0.0000     0.0000     0.0000     0.0000     0.0000     0.0000     0.0000     0.0000     0.0000     0.0000     0.0000     0.0000     0.0000     0.0000     0.0000     0.0000     0.0000     0.0000     0.0000     0.0000     0.0000     0.0000     0.0000     0.0000     0.0000     0.0000     0.0000     0.0000     0.0000     0.0000     0.0000     0.0000     0.0000     0.0000     0.0000     0.0000     0.0000     0.0000     0.0000     0.0000     0.0000     0.0000     0.0000     0.0000     0.0000     0.0000     0.0000     0.0000     0.0000     0.0000     0.0000     0.0000     0.0000     0.0000     0.0000     0.0000     0.0000     0.0000     0.0000     0.0000     0.0000     0.0000     0.0000     0.0000     0.0000     0.0000     0.0000     0.0000     0.0000     0.0000     0.0000     0.0000     0.0000     0.0000     0.0000     0.0000     0.0000     0.0000     0.0000     0.0000     0.0000     0.0000     0.0000     0.0000     0.0000     0.0000     0.0000     0.0000     0.0000     0.0000     0.0000     0.0000     0.0000     0.0000     0.0000     0.0000     0.0000     0.0000     0.0000     0.0000     0.0000     0.0000     0.0000     0.0000     0.0000     0.0000     0.0000     0.0000     0.0000     0.0000     0.0000     0.0000     0.0000     0.0000     0.0000     0.0000     0.0000     0.0000     0.0000     0.0000     0.0000     0.0000     0.0000     0.0000     0.0000     0.0000     0.0000     0.0000     0.0000     0.0000     0.0000     0.0000     0.0000     0.0000     0.0000     0.0000     0.0000     0.0000     0.0000     0.0000     0.0000     0.0000     0.0000     0.0000     0.0000     0.0000     0.0000     0.0000     0.0000     0.0000     0.0000     0.0000     0.0000     0.0000     0.0000     0.0000     0.0000     0.0000     0.0000     0.0000     0.0000     0.0000     0.0000     0.0000     0.0000     0.0000     0.0000     0.0000     0.0000     0.0000     0.0000     0.0000     0.0000     0.0000     0.0000     0.0000     0.0000     0.0000     0.0000     0.0000     0.0000     0.0000     0.0000     0.0000     0.0000     0.0000     0.0000     0.0000     0.0000     0.0000     0.0000     0.0000     0.0000     0.0000     0.0000     0.0000
    0.0000     0.0000     0.0000     0.0000     0.0000     0.0000     0.0000     0.0000     0.0000     0.0000     0.0000     0.0000     0.0000     0.0000     0.0000     0.0000     0.0000     0.0000     0.0000     0.0000     0.0000     0.0000     0.0000     0.0000     0.0000     0.0000     0.0000     0.0000     0.0000     0.0000     0.0000     0.0000     0.0000     0.0000     0.0000     0.0000     0.0000     0.0000     0.0000     0.0000     0.0000     0.0000     0.0000     0.0000     0.0000     0.0000     0.0000     0.0000     0.0000     0.0000     0.0000     0.0000     0.0000     0.0000     0.0000     0.0000     0.0000     0.0000     0.0000     0.0000     0.0000     0.0000     0.0000     0.0000     0.0000     0.0000     0.0000     0.0000     0.0000     0.0000     0.0000     0.0000     0.0000     0.0000     0.0000     0.0000     0.0000     0.0000     0.0000     0.0000     0.0000     0.0000     0.0000     0.0000     0.0000     0.0000     0.0000     0.0000     0.0000     0.0000     0.0000     0.0000     0.0000     0.0000     0.0000     0.0000     0.0000     0.0000     0.0000     0.0000     0.0000     0.0000     0.0000     0.0000     0.0000     0.0000     0.0000     0.0000     0.0000     0.0000     0.0000     0.0000     0.0000     0.0000     0.0000     0.0000     0.0000     0.0000     0.0000     0.0000     0.0000     0.0000     0.0000     0.0000     0.0000     0.0000     0.0000     0.0000     0.0000     0.0000     0.0000     0.0000     0.0000     0.0000     0.0000     0.0000     0.0000     0.0000     0.0000     0.0000     0.0000     0.0000     0.0000     0.0000     0.0000     0.0000     0.0000     0.0000     0.0000     0.0000     0.0000     0.0000     0.0000     0.0000     0.0000     0.0000     0.0000     0.0000     0.0000     0.0000     0.0000     0.0000     0.0000     0.0000     0.0000     0.0000     0.0000     0.0000     0.0000     0.0000     0.0000     0.0000     0.0000     0.0000     0.0000     0.0000     0.0000     0.0000     0.0000     0.0000     0.0000     0.0000     0.0000     0.0000     0.0000     0.0000     0.0000     0.0000     0.0000     0.0000     0.0000     0.0000     0.0000     0.0000     0.0000     0.0000     0.0000     0.0000     0.0000     0.0000     0.0000     0.0000     0.0000     0.0000     0.0000     0.0000     0.0000     0.0000     0.0000     0.0000     0.0000     0.0000     0.0000     0.0000     0.0000     0.0000     0.0000     0.0000     0.0000     0.0000     0.0000     0.0000     0.0000     0.0000     0.0000     0.0000     0.0000     0.0000     0.0000     0.0000     0.0000     0.0000     0.0000     0.0000     0.0000     0.0000     0.0000     0.0000     0.0000     0.0000     0.0000     0.0000     0.0000     0.0000     0.0000     0.0000     0.0000     0.0000     0.0000     0.0000     0.0000     0.0000     0.0000     0.0000     0.0000     0.0000
    0.0000     0.0000     0.0000     0.0000     0.0000     0.0000     0.0000     0.0000     0.0000     0.0000     0.0000     0.0000     0.0000     0.0000     0.0000     0.0000     0.0000     0.0000     0.0000     0.0000     0.0000     0.0000     0.0000     0.0000     0.0000     0.0000     0.0000     0.0000     0.0000     0.0000     0.0000     0.0000     0.0000     0.0000     0.0000     0.0000     0.0000     0.0000     0.0000     0.0000     0.0000     0.0000     0.0000     0.0000     0.0000     0.0000     0.0000     0.0000     0.0000     0.0000     0.0000     0.0000     0.0000     0.0000     0.0000     0.0000     0.0000     0.0000     0.0000     0.0000     0.0000     0.0000     0.0000     0.0000     0.0000     0.0000     0.0000     0.0000     0.0000     0.0000     0.0000     0.0000     0.0000     0.0000     0.0000     0.0000     0.0000     0.0000     0.0000     0.0000     0.0000     0.0000     0.0000     0.0000     0.0000     0.0000     0.0000     0.0000     0.0000     0.0000     0.0000     0.0000     0.0000     0.0000     0.0000     0.0000     0.0000     0.0000     0.0000     0.0000     0.0000     0.0000     0.0000     0.0000     0.0000     0.0000     0.0000     0.0000     0.0000     0.0000     0.0000     0.0000     0.0000     0.0000     0.0000     0.0000     0.0000     0.0000     0.0000     0.0000     0.0000     0.0000     0.0000     0.0000     0.0000     0.0000     0.0000     0.0000     0.0000     0.0000     0.0000     0.0000     0.0000     0.0000     0.0000     0.0000     0.0000     0.0000     0.0000     0.0000     0.0000     0.0000     0.0000     0.0000     0.0000     0.0000     0.0000     0.0000     0.0000     0.0000     0.0000     0.0000     0.0000     0.0000     0.0000     0.0000     0.0000     0.0000     0.0000     0.0000     0.0000     0.0000     0.0000     0.0000     0.0000     0.0000     0.0000     0.0000     0.0000     0.0000     0.0000     0.0000     0.0000     0.0000     0.0000     0.0000     0.0000     0.0000     0.0000     0.0000     0.0000     0.0000     0.0000     0.0000     0.0000     0.0000     0.0000     0.0000     0.0000     0.0000     0.0000     0.0000     0.0000     0.0000     0.0000     0.0000     0.0000     0.0000     0.0000     0.0000     0.0000     0.0000     0.0000     0.0000     0.0000     0.0000     0.0000     0.0000     0.0000     0.0000     0.0000     0.0000     0.0000     0.0000     0.0000     0.0000     0.0000     0.0000     0.0000     0.0000     0.0000     0.0000     0.0000     0.0000     0.0000     0.0000     0.0000     0.0000     0.0000     0.0000     0.0000     0.0000     0.0000     0.0000     0.0000     0.0000     0.0000     0.0000     0.0000     0.0000     0.0000     0.0000     0.0000     0.0000     0.0000     0.0000     0.0000     0.0000     0.0000     0.0000     0.0000     0.0000     0.0000     0.0000     0.0000     0.0000
    0.0000     0.0000     0.0000     0.0000     0.0000     0.0000     0.0000     0.0000     0.0000     0.0000     0.0000     0.0000     0.0000     0.0000     0.0000     0.0000     0.0000     0.0000     0.0000     0.0000     0.0000     0.0000     0.0000     0.0000     0.0000     0.0000     0.0000     0.0000     0.0000     0.0000     0.0000     0.0000     0.0000     0.0000     0.0000     0.0000     0.0000     0.0000     0.0000     0.0000     0.0000     0.0000     0.0000     0.0000     0.0000     0.0000     0.0000     0.0000     0.0000     0.0000     0.0000     0.0000     0.0000     0.0000     0.0000     0.0000     0.0000     0.0000     0.0000     0.0000     0.0000     0.0000     0.0000     0.0000     0.0000     0.0000     0.0000     0.0000     0.0000     0.0000     0.0000     0.0000     0.0000     0.0000     0.0000     0.0000     0.0000     0.0000     0.0000     0.0000     0.0000     0.0000     0.0000     0.0000     0.0000     0.0000     0.0000     0.0000     0.0000     0.0000     0.0000     0.0000     0.0000     0.0000     0.0000     0.0000     0.0000     0.0000     0.0000     0.0000     0.0000     0.0000     0.0000     0.0000     0.0000     0.0000     0.0000     0.0000     0.0000     0.0000     0.0000     0.0000     0.0000     0.0000     0.0000     0.0000     0.0000     0.0000     0.0000     0.0000     0.0000     0.0000     0.0000     0.0000     0.0000     0.0000     0.0000     0.0000     0.0000     0.0000     0.0000     0.0000     0.0000     0.0000     0.0000     0.0000     0.0000     0.0000     0.0000     0.0000     0.0000     0.0000     0.0000     0.0000     0.0000     0.0000     0.0000     0.0000     0.0000     0.0000     0.0000     0.0000     0.0000     0.0000     0.0000     0.0000     0.0000     0.0000     0.0000     0.0000     0.0000     0.0000     0.0000     0.0000     0.0000     0.0000     0.0000     0.0000     0.0000     0.0000     0.0000     0.0000     0.0000     0.0000     0.0000     0.0000     0.0000     0.0000     0.0000     0.0000     0.0000     0.0000     0.0000     0.0000     0.0000     0.0000     0.0000     0.0000     0.0000     0.0000     0.0000     0.0000     0.0000     0.0000     0.0000     0.0000     0.0000     0.0000     0.0000     0.0000     0.0000     0.0000     0.0000     0.0000     0.0000     0.0000     0.0000     0.0000     0.0000     0.0000     0.0000     0.0000     0.0000     0.0000     0.0000     0.0000     0.0000     0.0000     0.0000     0.0000     0.0000     0.0000     0.0000     0.0000     0.0000     0.0000     0.0000     0.0000     0.0000     0.0000     0.0000     0.0000     0.0000     0.0000     0.0000     0.0000     0.0000     0.0000     0.0000     0.0000     0.0000     0.0000     0.0000     0.0000     0.0000     0.0000     0.0000     0.0000     0.0000     0.0000     0.0000     0.0000     0.0000     0.0000     0.0000     0.0000
    0.0000     0.0000     0.0000     0.0000     0.0000     0.0000     0.0000     0.0000     0.0000     0.0000     0.0000     0.0000     0.0000     0.0000     0.0000     0.0000     0.0000     0.0000     0.0000     0.0000     0.0000     0.0000     0.0000     0.0000     0.0000     0.0000     0.0000     0.0000     0.0000     0.0000     0.0000     0.0000     0.0000     0.0000     0.0000     0.0000     0.0000     0.0000     0.0000     0.0000     0.0000     0.0000     0.0000     0.0000     0.0000     0.0000     0.0000     0.0000     0.0000     0.0000     0.0000     0.0000     0.0000     0.0000     0.0000     0.0000     0.0000     0.0000     0.0000     0.0000     0.0000     0.0000     0.0000     0.0000     0.0000     0.0000     0.0000     0.0000     0.0000     0.0000     0.0000     0.0000     0.0000     0.0000     0.0000     0.0000     0.0000     0.0000     0.0000     0.0000     0.0000     0.0000     0.0000     0.0000     0.0000     0.0000     0.0000     0.0000     0.0000     0.0000     0.0000     0.0000     0.0000     0.0000     0.0000     0.0000     0.0000     0.0000     0.0000     0.0000     0.0000     0.0000     0.0000     0.0000     0.0000     0.0000     0.0000     0.0000     0.0000     0.0000     0.0000     0.0000     0.0000     0.0000     0.0000     0.0000     0.0000     0.0000     0.0000     0.0000     0.0000     0.0000     0.0000     0.0000     0.0000     0.0000     0.0000     0.0000     0.0000     0.0000     0.0000     0.0000     0.0000     0.0000     0.0000     0.0000     0.0000     0.0000     0.0000     0.0000     0.0000     0.0000     0.0000     0.0000     0.0000     0.0000     0.0000     0.0000     0.0000     0.0000     0.0000     0.0000     0.0000     0.0000     0.0000     0.0000     0.0000     0.0000     0.0000     0.0000     0.0000     0.0000     0.0000     0.0000     0.0000     0.0000     0.0000     0.0000     0.0000     0.0000     0.0000     0.0000     0.0000     0.0000     0.0000     0.0000     0.0000     0.0000     0.0000     0.0000     0.0000     0.0000     0.0000     0.0000     0.0000     0.0000     0.0000     0.0000     0.0000     0.0000     0.0000     0.0000     0.0000     0.0000     0.0000     0.0000     0.0000     0.0000     0.0000     0.0000     0.0000     0.0000     0.0000     0.0000     0.0000     0.0000     0.0000     0.0000     0.0000     0.0000     0.0000     0.0000     0.0000     0.0000     0.0000     0.0000     0.0000     0.0000     0.0000     0.0000     0.0000     0.0000     0.0000     0.0000     0.0000     0.0000     0.0000     0.0000     0.0000     0.0000     0.0000     0.0000     0.0000     0.0000     0.0000     0.0000     0.0000     0.0000     0.0000     0.0000     0.0000     0.0000     0.0000     0.0000     0.0000     0.0000     0.0000     0.0000     0.0000     0.0000     0.0000     0.0000     0.0000     0.0000     0.0000     0.0000
    0.0000     0.0000     0.0000     0.0000     0.0000     0.0000     0.0000     0.0000     0.0000     0.0000     0.0000     0.0000     0.0000     0.0000     0.0000     0.0000     0.0000     0.0000     0.0000     0.0000     0.0000     0.0000     0.0000     0.0000     0.0000     0.0000     0.0000     0.0000     0.0000     0.0000     0.0000     0.0000     0.0000     0.0000     0.0000     0.0000     0.0000     0.0000     0.0000     0.0000     0.0000     0.0000     0.0000     0.0000     0.0000     0.0000     0.0000     0.0000     0.0000     0.0000     0.0000     0.0000     0.0000     0.0000     0.0000     0.0000     0.0000     0.0000     0.0000     0.0000     0.0000     0.0000     0.0000     0.0000     0.0000     0.0000     0.0000     0.0000     0.0000     0.0000     0.0000     0.0000     0.0000     0.0000     0.0000     0.0000     0.0000     0.0000     0.0000     0.0000     0.0000     0.0000     0.0000     0.0000     0.0000     0.0000     0.0000     0.0000     0.0000     0.0000     0.0000     0.0000     0.0000     0.0000     0.0000     0.0000     0.0000     0.0000     0.0000     0.0000     0.0000     0.0000     0.0000     0.0000     0.0000     0.0000     0.0000     0.0000     0.0000     0.0000     0.0000     0.0000     0.0000     0.0000     0.0000     0.0000     0.0000     0.0000     0.0000     0.0000     0.0000     0.0000     0.0000     0.0000     0.0000     0.0000     0.0000     0.0000     0.0000     0.0000     0.0000     0.0000     0.0000     0.0000     0.0000     0.0000     0.0000     0.0000     0.0000     0.0000     0.0000     0.0000     0.0000     0.0000     0.0000     0.0000     0.0000     0.0000     0.0000     0.0000     0.0000     0.0000     0.0000     0.0000     0.0000     0.0000     0.0000     0.0000     0.0000     0.0000     0.0000     0.0000     0.0000     0.0000     0.0000     0.0000     0.0000     0.0000     0.0000     0.0000     0.0000     0.0000     0.0000     0.0000     0.0000     0.0000     0.0000     0.0000     0.0000     0.0000     0.0000     0.0000     0.0000     0.0000     0.0000     0.0000     0.0000     0.0000     0.0000     0.0000     0.0000     0.0000     0.0000     0.0000     0.0000     0.0000     0.0000     0.0000     0.0000     0.0000     0.0000     0.0000     0.0000     0.0000     0.0000     0.0000     0.0000     0.0000     0.0000     0.0000     0.0000     0.0000     0.0000     0.0000     0.0000     0.0000     0.0000     0.0000     0.0000     0.0000     0.0000     0.0000     0.0000     0.0000     0.0000     0.0000     0.0000     0.0000     0.0000     0.0000     0.0000     0.0000     0.0000     0.0000     0.0000     0.0000     0.0000     0.0000     0.0000     0.0000     0.0000     0.0000     0.0000     0.0000     0.0000     0.0000     0.0000     0.0000     0.0000     0.0000     0.0000     0.0000     0.0000     0.0000     0.0000     0.0000
{"varName":"tauKrylov3Tex","savedAt":"2026-05-18T12:17:10.264Z","value":{"__backupType":"texture2D","w":64,"h":54,"dim":4,"format":[6408,34836,5126],"unit":26,"program":15,"data":[421.8031005859375,6.846611976623535,181.43423461914062,1,-139.45932006835938,268.1228942871094,-612.6773071289062,1,309.68310546875,58.92311477661133,23.050992965698242,1,-433.5289001464844,-65.99981689453125,15.728358268737793,1,247.67453002929688,23.474802017211914,13.011055946350098,1,-123.8663558959961,31.775625228881836,24.929489135742188,1,247.79083251953125,-42.944366455078125,17.635263442993164,1,-371.6538391113281,35.50837707519531,11.578073501586914,1,247.82225036621094,-19.796003341674805,32.11642837524414,1,-61.993873596191406,18.953441619873047,11.759742736816406,1,2.2737367544323206e-13,-44.4920654296875,5.141472339630127,1,-61.725948333740234,134.07130432128906,66.68754577636719,1,247.26458740234375,-126.78968811035156,-10.727478981018066,1,-371.6960144042969,26.044200897216797,18.56914710998535,1,187.00596618652344,46.052162170410156,51.700889587402344,1,123.0275650024414,-58.32266616821289,-27.1160945892334,1,-125.04916381835938,112.6408462524414,118.62247467041016,1,-122.69548034667969,-147.5203399658203,-100.34749603271484,1,186.57728576660156,119.0329818725586,113.96888732910156,1,-62.707435607910156,-74.25961303710938,-34.87610626220703,1,2.2737367544323206e-13,13.087798118591309,100.74008178710938,1,-60.8923454284668,18.007549285888672,-67.24384307861328,1,245.5554656982422,-53.877410888671875,10.247793197631836,1,-371.7099304199219,87.0599594116211,164.99249267578125,1,189.71868896484375,-111.11028289794922,-195.5615234375,1,181.7043914794922,52.750492095947266,164.2213134765625,1,-371.69976806640625,-39.792022705078125,-23.438663482666016,1,190.54342651367188,-31.447248458862305,-95.33490753173828,1,180.8865509033203,93.10255432128906,202.19317626953125,1,-431.8566589355469,-173.51805114746094,-170.1104278564453,1,495.501220703125,181.86412048339844,146.67918395996094,1,-435.4766540527344,-299.3624572753906,-355.9080505371094,1,191.71896362304688,311.38690185546875,679.6679077148438,1,119.84786224365234,-126.1938247680664,-701.747314453125,1,-187.9110565185547,-90.12504577636719,304.4169921875,1,123.86457824707031,9.985718727111816,26.319135665893555,1,-183.630126953125,-57.63759994506836,-56.922035217285156,1,188.02806091308594,121.03591918945312,-153.79176330566406,1,-64.1880111694336,-39.597354888916016,261.7735900878906,1,2.2737367544323206e-13,-54.3636360168457,-309.0679626464844,1,-59.69049072265625,-70.48872375488281,185.4207000732422,1,243.21739196777344,191.632568359375,34.1729850769043,1,-371.56549072265625,-270.4089050292969,-270.85272216796875,1,192.45721435546875,175.47592163085938,248.8824462890625,1,119.41267395019531,83.32994079589844,-178.25070190429688,1,-187.9085235595703,-184.53404235839844,291.7461242675781,1,123.980712890625,66.4723892211914,-374.25146484375,1,-183.75323486328125,-137.0845947265625,172.78857421875,1,187.65731811523438,409.5232849121094,77.93279266357422,1,-124.0166244506836,-386.74798583984375,-187.9384765625,1,244.4001007080078,377.735107421875,598.6484375,1,-371.4589538574219,-450.0608825683594,-897.927490234375,1,250.50912475585938,343.13739013671875,1080.6142578125,1,-63.236656188964844,223.3213348388672,-733.6065063476562,1,-61.033016204833984,-463.0413513183594,458.6683044433594,1,246.14547729492188,502.90625,425.4260559082031,1,-432.8741149902344,-247.3618927001953,-968.9207153320312,1,495.5011901855469,280.61920166015625,1656.3226318359375,1,-495.5011901855469,-184.2165069580078,-1033.7327880859375,1,495.5011901855469,438.4075622558594,740.2236938476562,1,-432.8421936035156,-294.4498596191406,363.9281005859375,1,56.95284652709961,170.76075744628906,-377.3126220703125,1,88.13284301757812,93.75325775146484,62.43938064575195,1,97.63495635986328,79.40608215332031,181.56112670898438,1,540.125732421875,-46.58618927001953,93.13566589355469,1,-670.54150390625,215.02545166015625,-271.8900146484375,1,298.78045654296875,5.362055778503418,20.552295684814453,1,445.8573913574219,50.207542419433594,17.645761489868164,1,-894.2569580078125,-57.14728927612305,15.5697660446167,1,597.4048461914062,-39.309627532958984,13.0087308883667,1,-297.92266845703125,216.47474670410156,54.7293586730957,1,594.2775268554688,-391.78277587890625,-56.79140853881836,1,-1042.1888427734375,497.04119873046875,132.88438415527344,1,1192.1885986328125,-472.0558776855469,-132.63772583007812,1,-1192.1885986328125,374.74932861328125,201.9608154296875,1,1044.684814453125,-399.8386535644531,-186.5424346923828,1,-599.2822265625,569.6378784179688,244.81768798828125,1,297.9164733886719,-693.6980590820312,-255.9027557373047,1,-445.25872802734375,668.849609375,357.24041748046875,1,302.20263671875,-706.0487670898438,-388.7244567871094,1,440.67291259765625,849.2201538085938,428.92535400390625,1,-894.2581787109375,-987.2036743164062,-342.6521911621094,1,454.3904113769531,864.9100341796875,237.1876983642578,1,439.4718017578125,-490.7683410644531,-60.050453186035156,1,-1040.5400390625,178.80751037597656,-1.2792165279388428,1,1046.0047607421875,-201.80960083007812,-6.922346591949463,1,-455.84185791015625,418.04296875,131.09637451171875,1,-438.0536193847656,-764.1925048828125,-335.27349853515625,1,894.2063598632812,950.080322265625,629.7388916015625,1,-456.73748779296875,-874.8447265625,-765.0653076171875,1,-437.197265625,625.0963745117188,564.9471435546875,1,894.1751098632812,-272.4728088378906,-104.11940002441406,1,-602.980712890625,-328.6311340332031,-375.82025146484375,1,298.0367431640625,902.4338989257812,769.2301635742188,1,-589.0021362304688,-1084.4541015625,-979.2373657226562,1,1039.5804443359375,911.6603393554688,1042.79052734375,1,-1046.7506103515625,-930.1903076171875,-1315.6302490234375,1,603.3186645507812,1021.5044555664062,1557.1082763671875,1,-298.10198974609375,-874.4828491210938,-1212.5562744140625,1,588.9148559570312,820.8242797851562,803.7964477539062,1,-894.05810546875,-1261.7879638671875,-1166.6094970703125,1,457.54156494140625,1559.530029296875,1455.4967041015625,1,436.6890563964844,-935.0673217773438,-483.670654296875,1,-894.01318359375,62.87288284301758,-789.1729736328125,1,602.6185302734375,-101.06488800048828,553.1616821289062,1,-298.2070007324219,646.1082153320312,834.50439453125,1,590.0770874023438,-572.2147216796875,-1448.35595703125,1,-893.948486328125,155.11151123046875,1168.39599609375,1,601.4485473632812,-307.97906494140625,-1012.1839599609375,1,-298.27508544921875,706.0668334960938,1095.6490478515625,1,444.6805114746094,-365.4603576660156,-624.7142944335938,1,-301.8263854980469,134.2993621826172,687.0983276367188,1,-294.2436218261719,-661.8419799804688,-1805.6651611328125,1,448.39593505859375,1200.038818359375,3170.665771484375,1,-150.3439483642578,-967.4309692382812,-2875.4453125,1,1.8189894035458565e-12,782.8729858398438,1849.306396484375,1,-148.7510528564453,-1112.30029296875,-1323.840087890625,1,595.9359741210938,1975.42626953125,2495.0107421875,1,-1043.292724609375,-2358.09716796875,-2790.97216796875,1,1192.1885986328125,2352.61865234375,2028.4530029296875,1,-1192.1885986328125,-1989.840576171875,-502.5108947753906,1,1192.1885986328125,2116.729736328125,1439.2550048828125,1,-1192.1885986328125,-2663.452880859375,-3886.274169921875,1,1192.1885986328125,3534.06494140625,7369.53857421875,1,-1192.1885986328125,-3231.984375,-6831.9970703125,1,1038.772216796875,2337.354248046875,4163.3125,1,-319.1005859375,-551.89306640625,-918.6907958984375,1,-671.8187255859375,-1297.098388671875,-2226.03857421875,1,64.55607604980469,-552.5774536132812,806.436767578125,1,70.73429870605469,302.6611022949219,-2321.065185546875,1,66.91766357421875,-341.8950500488281,177.2437286376953,1,-192.60804748535156,-348.0252380371094,99.39015197753906,1,125.56175994873047,-220.7640380859375,54.4473762512207,1,-30.462621688842773,-213.0015869140625,9.971081733703613,1,2.2737367544323206e-13,-220.54412841796875,-46.244781494140625,1,2.2737367544323206e-13,-83.13572692871094,-34.97011184692383,1,2.2737367544323206e-13,-176.52484130859375,-90.12826538085938,1,2.2737367544323206e-13,-121.73170471191406,-111.64481353759766,1,2.2737367544323206e-13,7.659857273101807,-75.59342956542969,1,2.2737367544323206e-13,-187.11190795898438,-155.73704528808594,1,2.2737367544323206e-13,110.38822174072266,-66.84980773925781,1,2.2737367544323206e-13,-220.33131408691406,-167.09429931640625,1,-35.6417236328125,143.22918701171875,-78.18677520751953,1,135.464111328125,-22.655893325805664,-109.48728942871094,1,-192.87420654296875,-0.9693489074707031,-44.72257995605469,1,121.99279022216797,20.125471115112305,-151.90977478027344,1,-28.937122344970703,82.05550384521484,16.156946182250977,1,2.2737367544323206e-13,138.98873901367188,-8.086271286010742,1,-35.31901550292969,-153.8027801513672,-83.89430236816406,1,99.52881622314453,315.0402526855469,50.74055480957031,1,-93.6138687133789,30.173561096191406,142.61273193359375,1,29.407398223876953,-53.30482864379883,-163.2471466064453,1,34.74721145629883,289.0518493652344,297.049560546875,1,-99.00265502929688,-59.42568588256836,-17.475351333618164,1,94.28333282470703,82.14899444580078,80.9296875,1,-30.02416229248047,282.0262756347656,352.9821472167969,1,2.2737367544323206e-13,-264.59844970703125,-295.5656433105469,1,2.2737367544323206e-13,371.9219970703125,607.6427001953125,1,2.2737367544323206e-13,-132.37911987304688,-206.0851287841797,1,2.2737367544323206e-13,112.10974884033203,304.7817687988281,1,2.2737367544323206e-13,-10.167533874511719,18.015085220336914,1,2.2737367544323206e-13,143.36236572265625,315.8046875,1,2.2737367544323206e-13,-226.848388671875,-235.03482055664062,1,-32.63134002685547,168.02720642089844,401.9646911621094,1,129.41812133789062,38.007972717285156,-40.866607666015625,1,-193.20370483398438,-205.9213104248047,-26.90164566040039,1,96.54218292236328,42.65974426269531,160.4481658935547,1,96.1678466796875,-0.5579844117164612,-159.7390899658203,1,-193.17161560058594,24.75724220275879,326.37158203125,1,97.85747528076172,-376.9599914550781,-457.7305908203125,1,63.353458404541016,414.6900329589844,214.4148712158203,1,-65.7474136352539,-375.6796875,59.741294860839844,1,-94.31887817382812,-37.85906219482422,-238.67897033691406,1,224.4161376953125,212.76873779296875,-104.19066619873047,1,-226.0778045654297,-260.26837158203125,354.07647705078125,1,130.47976684570312,-55.394073486328125,-573.666748046875,1,-64.36200714111328,136.917724609375,264.039794921875,1,126.91828155517578,-28.353132247924805,210.83148193359375,1,-192.96145629882812,53.15800094604492,-239.7210693359375,1,130.22323608398438,-190.6218719482422,185.20860290527344,1,-32.89352798461914,398.2402648925781,-28.73909568786621,1,2.2737367544323206e-13,-196.814208984375,765.0747680664062,1,2.2737367544323206e-13,332.7439880371094,-442.4007263183594,1,-32.11039352416992,-47.28578186035156,1144.56787109375,1,128.79562377929688,457.7224426269531,11.175638198852539,1,-225.39004516601562,-115.6738052368164,1017.9580688476562,1,224.39749145507812,673.9183959960938,625.5030517578125,1,-126.74260711669922,150.85345458984375,1312.3292236328125,1,64.77912139892578,498.4908142089844,1506.111328125,1,-200.70571899414062,479.8408203125,1424.671630859375,1,104.61259460449219,474.9874572753906,716.9238891601562,1,189.86439514160156,526.706298828125,643.0991821289062,1,360.506103515625,-1098.5150146484375,1330.446533203125,1,-450.9295654296875,265.50286865234375,-3482.766845703125,1,199.0379180908203,-718.7770385742188,371.88165283203125,1,0,-621.9730834960938,250.11708068847656,1,0,-498.1799621582031,157.12461853027344,1,-54.45433807373047,-522.751953125,52.53939437866211,1,155.5999298095703,-206.30313110351562,51.44710159301758,1,-91.42520904541016,-611.44921875,-138.3187255859375,1,-166.69757080078125,-38.603145599365234,-9.139936447143555,1,303.1446533203125,-538.93310546875,-230.18704223632812,1,-190.9024658203125,51.35539245605469,-95.85995483398438,1,101.93336486816406,-561.87548828125,-328.52972412109375,1,-157.99635314941406,141.70289611816406,-95.0519027709961,1,144.9834747314453,-492.7416687011719,-414.3045349121094,1,-44.16067123413086,173.63844299316406,-95.30433654785156,1,-57.829185485839844,-412.5290222167969,-442.58245849609375,1,216.54214477539062,252.74916076660156,-85.74823760986328,1,-361.24066162109375,-455.84539794921875,-460.30841064453125,1,347.1846618652344,391.6003112792969,-38.15139389038086,1,-130.63194274902344,-307.312255859375,-416.890625,1,-172.5939178466797,221.14271545410156,-17.029401779174805,1,303.4673156738281,-130.6801300048828,-355.34912109375,1,-189.0441436767578,344.0716857910156,82.76599884033203,1,44.17767333984375,-192.75784301757812,-388.6660461425781,1,57.175045013427734,443.2225646972656,407.9979553222656,1,-215.03506469726562,-233.6679229736328,-660.6076049804688,1,303.69427490234375,544.355224609375,670.0819702148438,1,-190.966796875,-104.93101501464844,-363.791748046875,1,101.32070922851562,129.05780029296875,180.3129425048828,1,-213.10467529296875,381.9787902832031,316.01953125,1,359.472900390625,82.58622741699219,-77.01803588867188,1,-349.8021545410156,68.53142547607422,368.5903015136719,1,193.72720336914062,14.782018661499023,-153.39614868164062,1,-46.46706008911133,652.0401611328125,882.7911376953125,1,0,-460.9797668457031,-474.6213684082031,1,0,523.954345703125,659.1261596679688,1,-53.706241607666016,-370.4289245605469,-149.92642211914062,1,208.2887725830078,753.2199096679688,890.1758422851562,1,-304.0659484863281,-553.8272705078125,-636.4528198242188,1,198.02728271484375,271.1733093261719,742.759033203125,1,-101.02672576904297,-152.8177032470703,-122.43707275390625,1,205.92599487304688,551.2583618164062,539.24462890625,1,-356.00555419921875,-806.2737426757812,-536.9937744140625,1,405.10369873046875,703.4747924804688,898.823486328125,1,-405.10369873046875,-812.4711303710938,-933.6943359375,1,405.1036682128906,792.3173828125,1299.389404296875,1,-354.0636901855469,-562.659423828125,-1097.29248046875,1,151.05992126464844,23.463834762573242,518.3320922851562,1,152.45335388183594,-70.43311309814453,-10.31566047668457,1,-354.5539855957031,112.80750274658203,-3.717897415161133,1,354.5818176269531,-267.16961669921875,-101.07978057861328,1,-202.8566436767578,253.98782348632812,174.76512145996094,1,101.25312805175781,-330.2350769042969,-454.5606689453125,1,-151.6999053955078,258.33056640625,1090.554931640625,1,152.0668182373047,-191.23963928222656,-969.7147827148438,1,-101.36493682861328,174.64894104003906,717.5701904296875,1,202.571044921875,124.69120788574219,-3.6124331951141357,1,-354.5511169433594,27.79250717163086,969.1924438476562,1,405.1036682128906,351.4835205078125,-617.8876953125,1,-405.1036682128906,-223.10964965820312,1560.43115234375,1,405.1036682128906,862.0616455078125,126.5445785522461,1,-248.8690948486328,-143.35089111328125,1483.5457763671875,1,37.35396194458008,152.1030731201172,-996.760498046875,1,110.92557525634766,241.1587677001953,-1630.6357421875,1,-335.2828369140625,-97.2340316772461,97.11328125,1,415.7826232910156,158.99649047851562,-352.7963562011719,1,-184.32415771484375,-45.61716079711914,6.247783184051514,1,2.2737367544323206e-13,84.64350891113281,19.252609252929688,1,2.2737367544323206e-13,-172.4942169189453,-15.726587295532227,1,2.2737367544323206e-13,253.0202178955078,40.541194915771484,1,-62.08848571777344,-317.93890380859375,-34.591583251953125,1,247.46575927734375,338.3452453613281,65.56248474121094,1,-369.69818115234375,-318.8116149902344,-69.54703521728516,1,183.1640167236328,220.84518432617188,70.12713623046875,1,186.63534545898438,-112.38742065429688,-23.996782302856445,1,-431.96844482421875,91.70118713378906,15.872053146362305,1,492.9844970703125,-132.25477600097656,2.2714269161224365,1,-430.682373046875,101.49024200439453,-17.101816177368164,1,245.11984252929688,55.757511138916016,89.39073181152344,1,-60.93130111694336,-234.1253662109375,-137.6016845703125,1,-62.34354782104492,252.16445922851562,150.52586364746094,1,185.5865936279297,-107.53278350830078,-81.1996078491211,1,-121.77408599853516,120.16773986816406,109.10929107666016,1,-124.7093276977539,-335.33404541015625,-174.31484985351562,1,184.12596130371094,329.8382873535156,156.4816131591797,1,-60.8851318359375,-40.447898864746094,-20.78165626525879,1,-62.3658332824707,-61.28630828857422,46.00228500366211,1,185.60806274414062,-73.79998779296875,-155.69833374023438,1,-121.76898956298828,189.36851501464844,177.90431213378906,1,-124.71435546875,-253.57249450683594,-21.43198013305664,1,184.13818359375,393.59503173828125,80.6661148071289,1,-60.896636962890625,-650.5635986328125,-476.7619323730469,1,2.2737367544323206e-13,856.3978271484375,933.7158813476562,1,2.2737367544323206e-13,-681.9880981445312,-840.6483154296875,1,-62.335750579833984,88.15424346923828,185.54330444335938,1,185.5775146484375,552.2388916015625,521.3695678710938,1,-184.1639862060547,-655.1477661132812,-506.1358947753906,1,123.24776458740234,153.32650756835938,-86.56881713867188,1,-185.5677947998047,449.8089599609375,741.421142578125,1,184.16798400878906,-764.8502197265625,-1045.4273681640625,1,-123.2515869140625,648.1085815429688,1066.839111328125,1,185.56764221191406,-81.26875305175781,-752.4009399414062,1,-184.15858459472656,-540.8464965820312,231.4607391357422,1,123.25740051269531,862.3204345703125,384.5714416503906,1,-185.5825653076172,-673.181640625,-562.9596557617188,1,184.13015747070312,-28.051443099975586,262.64373779296875,1,-60.88709259033203,674.8483276367188,252.9957733154297,1,-62.395973205566406,-832.4679565429688,-703.6077270507812,1,185.63552856445312,734.5741577148438,1211.51953125,1,-121.61190032958984,-304.9061279296875,-1174.1221923828125,1,-124.86941528320312,-479.6311340332031,277.7443542480469,1,183.9938507080078,1021.5360107421875,958.537841796875,1,-123.28792572021484,-859.2266845703125,-1140.78564453125,1,248.3490447998047,243.08111572265625,217.6593017578125,1,-369.68682861328125,501.46649169921875,922.4620971679688,1,244.4599151611328,-988.514892578125,-1421.5040283203125,1,-123.3086166381836,976.4033203125,1722.2686767578125,1,248.7375030517578,-421.6178894042969,-1570.3690185546875,1,-432.5090637207031,-309.4878845214844,830.4417114257812,1,492.9844665527344,802.4066162109375,298.06854248046875,1,-429.9942626953125,-668.976318359375,-611.7847900390625,1,243.6956024169922,184.26953125,253.79893493652344,1,-123.35023498535156,64.4395980834961,147.2771453857422,1,186.38157653808594,449.8516540527344,554.1399536132812,1,-183.14425659179688,-1103.1163330078125,-1108.1463623046875,1,-193.92120361328125,860.615966796875,771.1998291015625,1,175.5426025390625,-154.32412719726562,-240.80096435546875,1,273.5472412109375,-415.450927734375,-503.1263427734375,1,0,0,0,0,0,0,0,0,0,0,0,0,0,0,0,0,0,0,0,0,0,0,0,0,0,0,0,0,0,0,0,0,0,0,0,0,0,0,0,0,0,0,0,0,0,0,0,0,0,0,0,0,0,0,0,0,0,0,0,0,0,0,0,0,0,0,0,0,0,0,0,0,0,0,0,0,0,0,0,0,0,0,0,0,0,0,0,0,0,0,0,0,0,0,0,0,0,0,0,0,0,0,0,0,0,0,0,0,0,0,0,0,0,0,0,0,0,0,0,0,0,0,0,0,0,0,0,0,0,0,0,0,0,0,0,0,0,0,0,0,0,0,0,0,0,0,0,0,0,0,0,0,0,0,0,0,0,0,0,0,0,0,0,0,0,0,0,0,0,0,0,0,0,0,0,0,0,0,0,0,0,0,0,0,0,0,0,0,0,0,0,0,0,0,0,0,0,0,0,0,0,0,0,0,0,0,0,0,0,0,0,0,0,0,0,0,0,0,0,0,0,0,0,0,0,0,0,0,0,0,0,0,0,0,0,0,0,0,0,0,0,0,0,0,0,0,0,0,0,0,0,0,0,0,0,0,-112.26580810546875,30.954269409179688,181.10264587402344,1,139.3202362060547,244.11163330078125,-612.4329833984375,1,-61.85860061645508,73.88365173339844,21.810922622680664,1,2.2737367544323206e-13,-69.47865295410156,14.972074508666992,1,2.2737367544323206e-13,23.796634674072266,13.048543930053711,1,2.2737367544323206e-13,39.956321716308594,22.774032592773438,1,2.2737367544323206e-13,-58.05234146118164,22.000486373901367,1,2.2737367544323206e-13,28.116247177124023,-0.6211823225021362,1,2.2737367544323206e-13,27.074872970581055,49.02302551269531,1,2.2737367544323206e-13,-27.10896110534668,-7.874705791473389,1,2.2737367544323206e-13,-44.13825607299805,20.065105438232422,1,2.2737367544323206e-13,196.45449829101562,66.43364715576172,1,2.2737367544323206e-13,-234.68702697753906,-32.152061462402344,1,2.2737367544323206e-13,119.45189666748047,45.33663558959961,1,2.2737367544323206e-13,30.741060256958008,40.06501770019531,1,-61.51457977294922,-104.20063018798828,-38.800209045410156,1,185.3899383544922,172.1192626953125,140.3806610107422,1,-125.06343841552734,-182.0760498046875,-109.62207794189453,1,-122.68107604980469,102.35529327392578,112.3349609375,1,186.58946228027344,-0.5997406840324402,-35.948123931884766,1,-123.78651428222656,-149.89935302734375,103.05965423583984,1,245.90834045410156,353.12213134765625,-50.93305587768555,1,-371.7132263183594,-496.09375,-36.562049865722656,1,249.9756622314453,395.4118957519531,212.77664184570312,1,-63.103248596191406,-165.99620056152344,-195.7292938232422,1,2.2737367544323206e-13,-69.49528503417969,103.36577606201172,1,2.2737367544323206e-13,176.75523376464844,85.35442352294922,1,-60.41839599609375,-248.6016845703125,-203.59474182128906,1,244.60572814941406,218.86956787109375,280.7393493652344,1,-371.6858825683594,-174.70668029785156,-216.1970977783203,1,251.22384643554688,59.8616943359375,133.32025146484375,1,-63.724735260009766,-83.09042358398438,-263.4578552246094,1,2.2737367544323206e-13,153.9891357421875,586.9424438476562,1,2.2737367544323206e-13,-183.84976196289062,-668.8637084960938,1,2.2737367544323206e-13,65.8375244140625,304.9712829589844,1,-59.87663269042969,-113.39373779296875,-2.7003402709960938,1,243.54991149902344,209.5566864013672,44.354881286621094,1,-431.42724609375,-407.05975341796875,-280.8885498046875,1,495.5011901855469,626.26416015625,352.41131591796875,1,-495.5011901855469,-680.0796508789062,-367.7628479003906,1,495.501220703125,403.8609313964844,262.61187744140625,1,-435.7232971191406,-189.10826110839844,-109.60640716552734,1,192.2977752685547,45.99433517456055,-87.50767517089844,1,179.3411102294922,163.42160034179688,168.73377990722656,1,-371.546142578125,-301.41571044921875,-217.59014892578125,1,191.94113159179688,152.3737335205078,267.8084716796875,1,179.7790985107422,122.32925415039062,-189.5311737060547,1,-371.5113220214844,-265.0367431640625,-14.11050796508789,1,251.40078735351562,289.9448547363281,82.7602310180664,1,-63.721675872802734,-139.023681640625,-2.954313278198242,1,-60.42232894897461,20.96738624572754,312.496826171875,1,244.8407440185547,120.60063934326172,-486.830322265625,1,-371.4471740722656,-148.73997497558594,588.0744018554688,1,189.08627319335938,192.78228759765625,-302.4724426269531,1,182.9152374267578,130.02127075195312,167.62680053710938,1,-371.4013977050781,-250.28024291992188,526.3255004882812,1,248.73414611816406,277.5350341796875,-785.4193115234375,1,-62.304988861083984,-81.88402557373047,1242.090087890625,1,2.2737367544323206e-13,249.9840545654297,-596.817626953125,1,2.2737367544323206e-13,-56.09910202026367,495.436279296875,1,-62.740264892578125,141.56100463867188,308.61920166015625,1,186.5965118408203,56.5356330871582,242.26596069335938,1,-89.53990936279297,46.67329025268555,-286.61529541015625,1,-160.9051055908203,48.39971160888672,-418.3310241699219,1,-996.8281860351562,-82.38741302490234,91.45870971679688,1,1006.25390625,270.6620178222656,-270.506591796875,1,-596.2196655273438,-11.874716758728027,19.14366912841797,1,595.5502319335938,24.555885314941406,16.86556053161621,1,-894.2573852539062,-19.590946197509766,20.482084274291992,1,448.6475830078125,-104.29602813720703,0.28563058376312256,1,296.9134521484375,356.4231872558594,73.77971649169922,1,-299.6920471191406,-559.5408935546875,-72.27108764648438,1,-296.39727783203125,621.517333984375,136.93560791015625,1,448.1628723144531,-631.8422241210938,-139.2992401123047,1,-297.9130859375,578.6177978515625,219.12181091308594,1,593.4878540039062,-411.1620178222656,-192.470458984375,1,-894.2750854492188,320.20709228515625,241.06878662109375,1,451.89031982421875,-494.62249755859375,-292.2602233886719,1,441.9607238769531,761.0287475585938,455.7080078125,1,-1041.364501953125,-945.0445556640625,-489.5687255859375,1,1045.2286376953125,967.2284545898438,450.47088623046875,1,-600.3717651367188,-913.5005493164062,-277.2005310058594,1,297.93341064453125,919.2597045898438,239.31211853027344,1,-591.2926635742188,-1051.19921875,-285.78643798828125,1,894.2425537109375,1009.693603515625,355.6213073730469,1,-601.3860473632812,-734.9962768554688,-282.7901916503906,1,297.9613037109375,516.4249877929688,266.6584167480469,1,-590.3570556640625,-689.6136474609375,-391.2155456542969,1,1040.2314453125,984.3319091796875,685.18701171875,1,-1192.1885986328125,-1165.8629150390625,-926.8514404296875,1,1192.1885986328125,1144.096923828125,934.71630859375,1,-1192.1885986328125,-882.3516235351562,-583.7394409179688,1,1192.1885986328125,375.6639099121094,35.18989562988281,1,-1192.1885986328125,-44.75201416015625,339.7998046875,1,1046.55859375,22.203956604003906,-355.3731384277344,1,-602.9548950195312,-25.38332748413086,367.29638671875,1,298.07122802734375,-248.06344604492188,-781.3908081054688,1,-589.17041015625,498.34930419921875,1147.237548828125,1,1039.68505859375,-401.6467590332031,-809.2589111328125,1,-1046.5682373046875,125.92465209960938,239.2694854736328,1,602.9069213867188,-361.8496398925781,-426.595947265625,1,-152.42474365234375,961.7595825195312,887.41455078125,1,1.8189894035458565e-12,-1035.541748046875,-388.4327087402344,1,1.8189894035458565e-12,636.8765869140625,-614.2286987304688,1,-145.9860076904297,-612.4625854492188,459.7269287109375,1,443.9937438964844,1052.2237548828125,1059.84033203125,1,-449.84661865234375,-1092.1658935546875,-2186.98193359375,1,298.2372741699219,751.511962890625,2285.523193359375,1,-444.43560791015625,-831.3139038085938,-2130.400634765625,1,449.2928771972656,1208.1163330078125,2104.48974609375,1,-151.2530975341797,-1047.7969970703125,-1480.76171875,1,-147.2881317138672,537.3324584960938,828.6890258789062,1,592.8762817382812,-94.67733764648438,-738.6644287109375,1,-1041.6956787109375,-92.33493041992188,1548.1163330078125,1,1044.0081787109375,506.6856689453125,-1635.860595703125,1,-448.9197998046875,-484.2840270996094,1401.204345703125,1,-445.9425048828125,-440.99798583984375,-1619.5364990234375,1,1043.042724609375,1827.2257080078125,2944.644775390625,1,-1192.1885986328125,-2208.0126953125,-2937.95556640625,1,1192.1885986328125,1905.190185546875,2030.119384765625,1,-1041.5166015625,-1382.695068359375,-177.9939727783203,1,592.3084106445312,1329.2750244140625,311.1688537597656,1,-146.87464904785156,-1541.3297119140625,-2086.168701171875,1,1.8189894035458565e-12,2240.10546875,5371.78955078125,1,1.8189894035458565e-12,-1914.0670166015625,-4930.890625,1,-460.70635986328125,612.354248046875,2045.9986572265625,1,315.4951477050781,193.9413299560547,-49.52392578125,1,521.0189208984375,95.03064727783203,-577.029541015625,1,2.2737367544323206e-13,-570.8739624023438,807.9017333984375,1,2.2737367544323206e-13,315.2214660644531,-2322.3173828125,1,2.2737367544323206e-13,-354.2524108886719,174.3679656982422,1,2.2737367544323206e-13,-324.3293151855469,98.21812438964844,1,-33.97466278076172,-246.6800079345703,50.62685012817383,1,132.58331298828125,-179.7119598388672,8.874570846557617,1,-192.6709747314453,-256.301513671875,-45.84396743774414,1,88.81550598144531,-47.04682922363281,-42.65054702758789,1,104.56082916259766,-207.81845092773438,-84.43413543701172,1,-192.7224884033203,-105.34915924072266,-121.42772674560547,1,122.51116943359375,0.8012524247169495,-69.25135040283203,1,-29.09755516052246,-195.55165100097656,-166.5261688232422,1,2.2737367544323206e-13,125.72661590576172,-63.066871643066406,1,-35.66128921508789,-230.80783081054688,-174.95346069335938,1,135.52706909179688,177.8115997314453,-62.88261413574219,1,-192.8447723388672,-119.43714141845703,-147.73431396484375,1,121.8355712890625,105.53943634033203,-11.777831077575684,1,-64.47895050048828,-40.64689254760742,-180.76548767089844,1,135.36660766601562,116.61384582519531,48.300960540771484,1,-192.94752502441406,94.58457946777344,-45.97453689575195,1,122.33753967285156,-99.38156127929688,-71.88758850097656,1,-29.127056121826172,271.781982421875,38.82786560058594,1,2.2737367544323206e-13,27.71004295349121,157.10862731933594,1,2.2737367544323206e-13,-20.84023094177246,-180.87608337402344,1,-34.79545211791992,256.54693603515625,310.4279479980469,1,133.67002868652344,11.652099609375,-4.659538269042969,1,-193.12181091308594,-1.0837148427963257,34.11152267456055,1,124.40399169921875,298.96484375,387.1618347167969,1,-30.155662536621094,-231.80239868164062,-304.386474609375,1,-33.86113739013672,336.6186828613281,586.9857177734375,1,131.82827758789062,-32.248443603515625,-130.7386932373047,1,-226.65771484375,-77.4186019897461,201.773193359375,1,257.37371826171875,220.10496520996094,107.7830581665039,1,-224.31201171875,-65.91319274902344,237.48782348632812,1,127.1128158569336,-77.52486419677734,-161.7050323486328,1,-31.483415603637695,116.92813110351562,374.49249267578125,1,2.2737367544323206e-13,-41.89326858520508,-70.86477661132812,1,2.2737367544323206e-13,-27.313310623168945,39.735511779785156,1,2.2737367544323206e-13,-52.64390563964844,147.3486785888672,1,2.2737367544323206e-13,-63.66392135620117,-237.55368041992188,1,2.2737367544323206e-13,91.03935241699219,458.3581848144531,1,2.2737367544323206e-13,-248.96942138671875,-520.0001220703125,1,2.2737367544323206e-13,126.40216064453125,169.57005310058594,1,2.2737367544323206e-13,-179.07102966308594,80.75963592529297,1,2.2737367544323206e-13,24.2834415435791,-45.210872650146484,1,2.2737367544323206e-13,-10.909117698669434,-454.6929626464844,1,2.2737367544323206e-13,-33.40042495727539,680.8978881835938,1,2.2737367544323206e-13,-153.07955932617188,-763.2029418945312,1,2.2737367544323206e-13,70.30404663085938,417.9318542480469,1,2.2737367544323206e-13,76.49024963378906,-27.90184211730957,1,-31.418485641479492,-15.887675285339355,12.28173542022705,1,127.24327087402344,-59.0216178894043,129.30148315429688,1,-192.9084930419922,201.80650329589844,-129.48365783691406,1,129.66671752929688,-31.579004287719727,872.5750732421875,1,-32.58137130737305,172.40672302246094,-439.5585021972656,1,2.2737367544323206e-13,211.1638946533203,1054.1998291015625,1,2.2737367544323206e-13,105.64598083496094,49.934879302978516,1,2.2737367544323206e-13,272.36297607421875,1187.444091796875,1,-33.02321243286133,257.4318542480469,378.3429260253906,1,97.32980346679688,570.7761840820312,1547.8963623046875,1,-61.09769821166992,250.5108642578125,1360.45361328125,1,-170.32044982910156,524.8346557617188,1516.2994384765625,1,104.33177947998047,492.4148864746094,724.3055419921875,1,181.85995483398438,538.3517456054688,628.967529296875,1,0,-1122.5086669921875,1330.353515625,1,0,292.2131042480469,-3481.705322265625,1,0,-733.5991821289062,367.25,1,-53.17757797241211,-603.4711303710938,246.86415100097656,1,208.28515625,-501.6383056640625,156.6273651123047,1,-357.60821533203125,-522.2377319335938,49.814414978027344,1,349.99920654296875,-198.64955139160156,49.15176010131836,1,-137.64834594726562,-638.6575317382812,-139.28134155273438,1,-110.7945556640625,15.993058204650879,-6.783750534057617,1,89.53248596191406,-618.1992797851562,-241.90000915527344,1,112.37716674804688,119.74602508544922,-89.44401550292969,1,-145.37586975097656,-629.4596557617188,-339.1898498535156,1,101.92570495605469,241.2144775390625,-75.49678039550781,1,-215.9102325439453,-635.4083251953125,-452.1776428222656,1,361.00390625,351.21978759765625,-60.68057632446289,1,-405.10369873046875,-630.7365112304688,-490.9624938964844,1,405.10369873046875,406.1065979003906,-39.138484954833984,1,-347.1054382324219,-481.49786376953125,-493.090087890625,1,130.3329620361328,342.87408447265625,-57.48622512817383,1,115.00115203857422,-311.620849609375,-384.7013854980469,1,-86.80582427978516,357.759765625,-27.018320083618164,1,-114.78382873535156,-352.0576477050781,-399.12384033203125,1,144.9209747314453,493.00665283203125,140.9157257080078,1,-101.5557632446289,-229.0811309814453,-461.310791015625,1,158.3097686767578,434.0195617675781,456.99652099609375,1,-88.47483825683594,-168.77972412109375,-664.10009765625,1,-170.10690307617188,358.6348571777344,614.5484619140625,1,360.2642822265625,145.3225555419922,-280.9539794921875,1,-405.10369873046875,-125.08019256591797,61.64204406738281,1,349.12957763671875,697.3949584960938,404.3924255371094,1,-136.74815368652344,-246.625732421875,-63.891902923583984,1,-110.89373016357422,264.4486083984375,306.69482421875,1,92.42355346679688,-30.684720993041992,-158.5623321533203,1,109.75753784179688,653.7968139648438,933.05908203125,1,-93.7072982788086,-404.21148681640625,-469.8199768066406,1,-162.6651153564453,316.0909118652344,554.8577880859375,1,304.0343017578125,-10.872730255126953,3.042161703109741,1,-196.68443298339844,420.60626220703125,768.90185546875,1,47.89528274536133,-418.9304504394531,-538.3509521484375,1,52.84260940551758,319.2598571777344,677.4521484375,1,-154.07264709472656,-120.79812622070312,-97.25647735595703,1,98.01766967773438,209.84463500976562,455.087646484375,1,156.48081970214844,-170.65829467773438,-261.997314453125,1,-355.8096923828125,-53.017662048339844,485.97515869140625,1,353.59027099609375,-65.00859069824219,-497.24822998046875,1,-201.0314178466797,239.40902709960938,1001.5640869140625,1,49.98140335083008,-309.1734619140625,-992.7294921875,1,-2.2737367544323206e-13,25.65185546875,624.3902587890625,1,-2.2737367544323206e-13,-272.052734375,-309.9474792480469,1,-2.2737367544323206e-13,469.0088195800781,406.08380126953125,1,50.58706283569336,-574.2274780273438,-307.3126525878906,1,-151.84678649902344,371.04345703125,54.9814338684082,1,101.55374908447266,-543.4158935546875,-371.7762756347656,1,100.99679565429688,862.99072265625,1341.3839111328125,1,-101.432373046875,-787.9978637695312,-1147.5350341796875,1,-101.11836242675781,375.00958251953125,614.3531494140625,1,100.99579620361328,-26.26900291442871,1.9297144412994385,1,152.51734924316406,591.1748657226562,1389.468505859375,1,-354.7897644042969,-619.7963256835938,-1289.273193359375,1,405.10369873046875,956.2611694335938,2250.66650390625,1,-405.1036682128906,-305.8194885253906,-434.0194396972656,1,405.1036682128906,741.7205200195312,1866.0660400390625,1,-143.3260498046875,-80.03244018554688,-1071.2879638671875,1,-286.6123046875,-280.8719177246094,-1824.620361328125,1,-335.68353271484375,-86.48543548583984,96.72084045410156,1,415.86187744140625,151.513916015625,-352.4165954589844,1,-184.11119079589844,-38.320472717285156,5.489296913146973,1,2.2737367544323206e-13,88.78590393066406,20.413307189941406,1,2.2737367544323206e-13,-187.8592071533203,-18.940927505493164,1,2.2737367544323206e-13,245.32485961914062,41.613136291503906,1,2.2737367544323206e-13,-261.2834167480469,-35.072879791259766,1,2.2737367544323206e-13,251.82382202148438,68.19351959228516,1,2.2737367544323206e-13,-258.4286193847656,-80.9629898071289,1,2.2737367544323206e-13,240.5681610107422,92.86981964111328,1,2.2737367544323206e-13,-217.3536376953125,-51.098819732666016,1,-62.33101272583008,233.20309448242188,28.74993133544922,1,247.92860412597656,-246.626220703125,2.198517322540283,1,-369.71435546875,191.860595703125,-10.503826141357422,1,244.9776153564453,-51.939632415771484,85.60726928710938,1,-60.86061096191406,-142.1348876953125,-157.16253662109375,1,-62.415096282958984,253.00001525878906,165.46031188964844,1,185.6572723388672,-200.10096740722656,-73.22349548339844,1,-121.63097381591797,212.3678741455078,101.23470306396484,1,-124.85066986083984,-365.6833190917969,-189.93392944335938,1,184.0543975830078,360.9722595214844,210.3678741455078,1,-60.8144645690918,-132.99334716796875,-105.15886688232422,1,2.2737367544323206e-13,89.68513488769531,134.6080780029297,1,-62.43567657470703,-306.25457763671875,-233.75942993164062,1,248.10989379882812,444.2523193359375,233.2496795654297,1,-369.736572265625,-360.4367370605469,-53.13181686401367,1,244.8885498046875,296.6335144042969,108.25448608398438,1,-60.82596206665039,-403.4686279296875,-523.4487915039062,1,2.2737367544323206e-13,548.5648803710938,1026.767822265625,1,2.2737367544323206e-13,-467.06488037109375,-963.3713989257812,1,-62.407291412353516,26.878732681274414,245.9776153564453,1,185.648193359375,552.7554931640625,584.0499877929688,1,-184.0924530029297,-592.38525390625,-628.4251098632812,1,123.24861907958984,-32.731353759765625,-26.48514175415039,1,-185.63848876953125,634.5018920898438,804.6571044921875,1,184.09645080566406,-825.8226318359375,-1199.6063232421875,1,-60.854469299316406,690.7159423828125,1280.6800537109375,1,-62.40114974975586,-249.74423217773438,-989.162353515625,1,185.641357421875,-226.7495880126953,401.99530029296875,1,-121.66651916503906,510.08966064453125,333.46417236328125,1,-124.8155288696289,-509.58056640625,-596.1355590820312,1,184.05860900878906,158.71359252929688,355.908447265625,1,-60.81642532348633,305.6233215332031,67.8552474975586,1,-62.467552185058594,-587.5361938476562,-394.65179443359375,1,185.70616149902344,736.3932495117188,842.99658203125,1,-121.46870422363281,-552.5162353515625,-803.8751831054688,1,-125.0106430053711,-47.871368408203125,-92.03650665283203,1,183.92222595214844,591.58984375,1267.04931640625,1,-60.68120193481445,-558.690185546875,-1274.6488037109375,1,2.2737367544323206e-13,-38.57670593261719,82.39863586425781,1,2.2737367544323206e-13,830.57861328125,1277.855712890625,1,2.2737367544323206e-13,-1205.6376953125,-1674.3695068359375,1,-62.79448318481445,1030.2623291015625,1583.2381591796875,1,186.02645874023438,-421.0400085449219,-1137.2568359375,1,-183.5782012939453,-246.7269744873047,463.4278259277344,1,123.32911682128906,679.7094116210938,546.9642944335938,1,-186.2144012451172,-671.4339599609375,-1047.037353515625,1,183.35281372070312,307.4437255859375,997.2083740234375,1,-123.35198211669922,4.5014753341674805,-651.38623046875,1,249.77613830566406,518.9893188476562,1116.1790771484375,1,-433.03961181640625,-1372.7481689453125,-1390.2139892578125,1,302.3889465332031,1435.336181640625,1009.9735107421875,1,-44.39628219604492,-417.67333984375,-342.7405090332031,1,-133.53541564941406,-898.4708862304688,-694.5048828125,1,0,0,0,0,0,0,0,0,0,0,0,0,0,0,0,0,0,0,0,0,0,0,0,0,0,0,0,0,0,0,0,0,0,0,0,0,0,0,0,0,0,0,0,0,0,0,0,0,0,0,0,0,0,0,0,0,0,0,0,0,0,0,0,0,0,0,0,0,0,0,0,0,0,0,0,0,0,0,0,0,0,0,0,0,0,0,0,0,0,0,0,0,0,0,0,0,0,0,0,0,0,0,0,0,0,0,0,0,0,0,0,0,0,0,0,0,0,0,0,0,0,0,0,0,0,0,0,0,0,0,0,0,0,0,0,0,0,0,0,0,0,0,0,0,0,0,0,0,0,0,0,0,0,0,0,0,0,0,0,0,0,0,0,0,0,0,0,0,0,0,0,0,0,0,0,0,0,0,0,0,0,0,0,0,0,0,0,0,0,0,0,0,0,0,0,0,0,0,0,0,0,0,0,0,0,0,0,0,0,0,0,0,0,0,0,0,0,0,0,0,0,0,0,0,0,0,0,0,0,0,0,0,0,0,0,0,0,0,0,0,0,0,0,0,0,0,0,0,0,0,0,0,0,0,0,0,-638.016845703125,-56.53948211669922,179.24923706054688,1,696.4439697265625,302.3602294921875,-611.5718994140625,1,-371.64813232421875,15.042557716369629,21.50480842590332,1,247.82174682617188,2.6629281044006348,18.61234474182129,1,-371.62322998046875,-44.517574310302734,9.446423530578613,1,247.6688232421875,82.3538589477539,26.047414779663086,1,-61.903160095214844,-97.24991607666016,21.454071044921875,1,-61.927879333496094,71.97417449951172,0.16053281724452972,1,247.69984436035156,8.878239631652832,50.890140533447266,1,-371.66925048828125,-39.91044235229492,-9.882641792297363,1,247.9749755859375,-35.517433166503906,21.655418395996094,1,-123.81781005859375,180.4740447998047,58.946937561035156,1,247.2953338623047,-188.72190856933594,-11.006664276123047,1,-433.3021545410156,72.51698303222656,18.36029052734375,1,495.5011901855469,46.157737731933594,67.2706527709961,1,-434.0475158691406,-74.28922271728516,-70.10111236572266,1,248.8018341064453,79.29864501953125,171.4644775390625,1,-62.5070915222168,-108.3088607788086,-139.19873046875,1,-61.19582748413086,107.48210144042969,138.6293182373047,1,246.17193603515625,23.287471771240234,-42.391971588134766,1,-371.71270751953125,-222.6960906982422,91.78568267822266,1,188.78237915039062,288.9354248046875,-71.67314147949219,1,121.82073211669922,-263.1739807128906,35.46482467651367,1,-126.2874984741211,263.0501708984375,141.25172424316406,1,-121.43907928466797,-326.97454833984375,-157.21636962890625,1,187.20404052734375,239.98948669433594,72.21004486083984,1,-123.8018798828125,-99.7749252319336,88.554931640625,1,244.68678283691406,16.7840633392334,-124.3679428100586,1,-371.6893310546875,-101.02342224121094,114.61467742919922,1,251.15269470214844,149.21075439453125,-31.612092971801758,1,-63.69035720825195,-150.6143341064453,0.9944937229156494,1,2.2737367544323206e-13,-51.77724075317383,-202.93499755859375,1,2.2737367544323206e-13,245.94451904296875,570.5195922851562,1,-59.93889617919922,-371.1037292480469,-672.6551513671875,1,243.66331481933594,417.1614074707031,319.1800842285156,1,-371.6368713378906,-543.1069946289062,14.591596603393555,1,192.22019958496094,460.8672180175781,-92.75521850585938,1,179.2993927001953,-307.4184265136719,7.561538219451904,1,-431.3607482910156,231.28573608398438,-29.512678146362305,1,495.5011901855469,-244.06924438476562,34.87568664550781,1,-435.7611999511719,171.96304321289062,-106.52861022949219,1,311.93096923828125,-147.1590576171875,186.2635040283203,1,-367.28436279296875,-113.3592300415039,-342.1390075683594,1,614.9576416015625,576.5220947265625,397.1708679199219,1,-623.5652465820312,-660.2738647460938,-334.2205810546875,1,315.983154296875,260.26165771484375,326.2627258300781,1,-64.005859375,77.20372009277344,-466.114990234375,1,2.2737367544323206e-13,-127.30130004882812,491.5128479003906,1,2.2737367544323206e-13,150.72520446777344,-273.0017395019531,1,2.2737367544323206e-13,-91.91864013671875,155.2310791015625,1,2.2737367544323206e-13,21.16145896911621,127.86858367919922,1,2.2737367544323206e-13,60.2371826171875,-420.8846435546875,1,2.2737367544323206e-13,45.277774810791016,728.7839965820312,1,2.2737367544323206e-13,28.857839584350586,-436.1687927246094,1,-61.10017013549805,-48.531524658203125,227.3160400390625,1,246.281982421875,304.9279479980469,533.8624267578125,1,-371.38275146484375,-307.5994873046875,-844.1451416015625,1,248.254638671875,158.36932373046875,1226.8094482421875,1,-124.15733337402344,315.71588134765625,-465.0013732910156,1,185.9671173095703,-5.747946262359619,347.6851806640625,1,-122.2944564819336,-93.5962142944336,581.1620483398438,1,-314.6997375488281,39.9471321105957,-411.11224365234375,1,222.6434783935547,142.96253967285156,35.54087448120117,1,362.4513854980469,175.06353759765625,156.0990447998047,1,1284.4178466796875,-19.501575469970703,98.5613021850586,1,-670.3583374023438,222.85140991210938,-274.0198669433594,1,893.62255859375,28.565406799316406,24.45931625366211,1,-1192.1885986328125,-39.436500549316406,7.781204700469971,1,1043.74658203125,49.977394104003906,30.244731903076172,1,-597.3751831054688,-79.84075164794922,-2.5815491676330566,1,297.9252624511719,237.8511199951172,72.546630859375,1,-446.2458801269531,-511.7590026855469,-84.54326629638672,1,448.15191650390625,717.4718017578125,169.1069793701172,1,-150.10975646972656,-752.48388671875,-170.46388244628906,1,-147.67262268066406,659.6656494140625,225.7371368408203,1,445.7135009765625,-561.1956787109375,-184.37457275390625,1,-448.6961364746094,582.4794921875,237.3832244873047,1,297.91876220703125,-638.0726318359375,-260.8941345214844,1,-592.4215698242188,511.4552001953125,333.6551818847656,1,1041.254150390625,-334.19635009765625,-274.77203369140625,1,-1045.332275390625,271.3149719238281,220.0948028564453,1,453.8521423339844,-479.51873779296875,-144.8070831298828,1,440.0111999511719,882.1963500976562,207.9821319580078,1,-1040.7198486328125,-1173.2332763671875,-240.93185424804688,1,1045.8323974609375,1099.0325927734375,280.35003662109375,1,-601.5704956054688,-846.0450439453125,-263.7248840332031,1,297.9656982421875,701.932861328125,321.598876953125,1,-590.1834106445312,-913.0350952148438,-484.3538818359375,1,894.2050170898438,1099.05126953125,724.2537231445312,1,-456.5305480957031,-986.9739379882812,-765.9237060546875,1,-437.4111633300781,663.0682983398438,527.9234619140625,1,1039.8822021484375,-199.1508026123047,-30.483556747436523,1,-1046.5390625,-550.7015380859375,-560.153076171875,1,457.3340148925781,1043.21484375,871.4830322265625,1,436.68109130859375,-743.9232788085938,-670.1779174804688,1,-1039.6650390625,77.98465728759766,349.3382568359375,1,1192.1885986328125,64.95433807373047,-497.0849609375,1,-1192.1885986328125,138.91273498535156,818.5842895507812,1,1046.64892578125,-186.08963012695312,-670.6249389648438,1,-457.514404296875,297.5394592285156,503.5824890136719,1,-436.6582336425781,-990.8624267578125,-1162.6683349609375,1,894.0430908203125,1679.9410400390625,1716.8682861328125,1,-457.0277404785156,-1270.9090576171875,-638.2677001953125,1,-437.2460021972656,81.27505493164062,-1091.3817138671875,1,1039.9439697265625,538.856689453125,1196.6346435546875,1,-1046.1136474609375,-260.7114562988281,311.61590576171875,1,455.6600646972656,-229.16561889648438,-1563.633056640625,1,292.38250732421875,622.071533203125,1968.2672119140625,1,-302.9505920410156,-748.2783813476562,-1752.783935546875,1,-293.10296630859375,586.3126831054688,1382.4400634765625,1,449.0888977050781,-226.84226989746094,-881.0060424804688,1,-151.04592895507812,13.029670715332031,824.912841796875,1,1.8189894035458565e-12,-91.27235412597656,-1331.614013671875,1,1.8189894035458565e-12,501.2701721191406,2368.158203125,1,1.8189894035458565e-12,-461.1548156738281,-2158.751953125,1,-148.51779174804688,116.8784408569336,1186.73828125,1,595.4454345703125,215.41725158691406,-453.431640625,1,-1043.035400390625,-241.89932250976562,1116.4033203125,1,1192.1885986328125,470.09429931640625,-858.41845703125,1,-1192.1885986328125,-494.4347229003906,-90.09917449951172,1,1192.1885986328125,582.15087890625,1667.142578125,1,-1040.994384765625,-326.8421630859375,-915.1519165039062,1,591.238525390625,-348.77587890625,-1634.139404296875,1,-146.3278350830078,1650.10009765625,5525.42822265625,1,-152.9387969970703,-1942.251953125,-5271.1767578125,1,450.91046142578125,1608.252685546875,3099.518798828125,1,-211.860595703125,-376.4230651855469,-655.15478515625,1,-385.8121032714844,-888.2905883789062,-1620.1439208984375,1,-449.4280090332031,-592.1048583984375,804.9105834960938,1,360.7018737792969,319.18975830078125,-2319.340576171875,1,-289.017333984375,-370.2335510253906,176.3111114501953,1,257.37371826171875,-302.1504211425781,103.01673126220703,1,-223.44216918945312,-268.0267028808594,51.85336685180664,1,124.87344360351562,-185.37342834472656,10.804664611816406,1,-30.147184371948242,-224.3097686767578,-42.71636199951172,1,2.2737367544323206e-13,-94.0313720703125,-38.91132354736328,1,2.2737367544323206e-13,-172.06906127929688,-86.98423767089844,1,2.2737367544323206e-13,-116.07038879394531,-118.33686065673828,1,2.2737367544323206e-13,-0.6666222810745239,-62.24656677246094,1,2.2737367544323206e-13,-184.04637145996094,-167.7969970703125,1,2.2737367544323206e-13,100.10526275634766,-66.173828125,1,2.2737367544323206e-13,-198.6281280517578,-160.76364135742188,1,2.2737367544323206e-13,137.395751953125,-79.12754821777344,1,2.2737367544323206e-13,-84.35043334960938,-128.53810119628906,1,2.2737367544323206e-13,132.11326599121094,-17.301441192626953,1,-35.59440994262695,-140.78305053710938,-180.3564910888672,1,99.77801513671875,215.7220001220703,45.882667541503906,1,-57.78805160522461,71.71806335449219,-23.78746223449707,1,-70.58219146728516,-153.38534545898438,-102.84207916259766,1,93.45616149902344,339.13189697265625,64.51152801513672,1,-64.34497833251953,-34.38405990600586,136.2304229736328,1,134.2431182861328,93.61282348632812,-131.96282958984375,1,-227.84854125976562,62.55296325683594,231.87112426757812,1,257.37371826171875,200.5452880859375,56.778438568115234,1,-257.37371826171875,-130.4889678955078,8.588974952697754,1,257.37371826171875,420.32611083984375,420.931396484375,1,-223.3360595703125,-359.92840576171875,-362.012451171875,1,125.19727325439453,419.76458740234375,649.58349609375,1,-30.5446834564209,-125.05252838134766,-234.26048278808594,1,-33.441619873046875,44.41519546508789,334.1588439941406,1,131.0060272216797,157.8539276123047,43.872047424316406,1,-193.2100067138672,-62.891685485839844,215.48321533203125,1,127.14446258544922,-94.4307632446289,-146.78890991210938,1,-31.49863052368164,141.0242462158203,388.3636169433594,1,2.2737367544323206e-13,-52.174354553222656,-84.79584503173828,1,2.2737367544323206e-13,-16.8663272857666,53.079376220703125,1,2.2737367544323206e-13,-94.10784149169922,114.5201644897461,1,2.2737367544323206e-13,0.7113820910453796,-205.78884887695312,1,-31.849275588989258,63.9308967590332,435.53277587890625,1,96.18329620361328,-297.5175476074219,-518.8224487304688,1,-97.08636474609375,208.5655975341797,248.5775146484375,1,64.25221252441406,-186.28549194335938,-27.68448257446289,1,-95.83955383300781,-39.926815032958984,-90.82196044921875,1,97.32202911376953,-40.497249603271484,-261.9158020019531,1,-32.97781753540039,97.44338989257812,522.2607421875,1,2.2737367544323206e-13,-225.70724487304688,-679.4451293945312,1,-31.327301025390625,81.80499267578125,312.5051574707031,1,127.00601959228516,67.6458969116211,147.2108917236328,1,-192.96168518066406,-9.997639656066895,-138.52122497558594,1,130.1319580078125,-95.26958465576172,153.77833557128906,1,-64.4660873413086,210.99041748046875,-80.64503479003906,1,127.70901489257812,156.9490203857422,899.3834228515625,1,-224.79380798339844,-192.1947479248047,-590.7345581054688,1,257.37371826171875,593.7863159179688,1307.41796875,1,-224.96299743652344,-179.65711975097656,-201.26507568359375,1,127.94095611572266,383.8058776855469,1350.3671875,1,-31.647584915161133,354.0530700683594,344.80645751953125,1,2.2737367544323206e-13,346.3768005371094,1419.8907470703125,1,-33.81742858886719,367.22576904296875,1607.8369140625,1,29.524169921875,702.0118408203125,1383.7445068359375,1,-1.2788900136947632,389.6263427734375,745.8743286132812,1,-9.321673393249512,356.85870361328125,691.9117431640625,1,270.3797607421875,-1121.696044921875,1331.887939453125,1,-338.1940612792969,272.5327453613281,-3481.135986328125,1,149.27182006835938,-735.6886596679688,373.34051513671875,1,53.11529541015625,-591.0911865234375,249.95521545410156,1,-154.34619140625,-542.7159423828125,158.07781982421875,1,148.0809783935547,-466.5092468261719,53.79253005981445,1,-46.952964782714844,-269.3293762207031,54.21142578125,1,-55.56954574584961,-586.6909790039062,-145.2701873779297,1,212.65989685058594,34.53370666503906,8.781970977783203,1,-303.14239501953125,-668.7202758789062,-253.8359832763672,1,134.07113647460938,104.65106964111328,-83.01756286621094,1,170.0281524658203,-534.990234375,-322.0248718261719,1,-360.5520935058594,121.4446792602539,-101.79003143310547,1,405.1036682128906,-476.4143981933594,-413.782958984375,1,-405.10369873046875,109.80616760253906,-99.52198791503906,1,347.2554931640625,-327.1094970703125,-438.8535461425781,1,-130.6053924560547,169.27105712890625,-82.30935668945312,1,-172.82745361328125,-394.1234436035156,-469.9613952636719,1,361.2846984863281,398.0339050292969,-33.624141693115234,1,-405.10369873046875,-439.7337341308594,-425.7597351074219,1,405.10369873046875,455.0899963378906,6.375300884246826,1,-347.3968200683594,-341.9212951660156,-395.623779296875,1,188.99411010742188,408.01141357421875,124.03408813476562,1,-101.55174255371094,-156.70115661621094,-462.3274230957031,1,215.47817993164062,411.4333801269531,513.9495849609375,1,-303.64385986328125,-197.1568145751953,-752.6268310546875,1,133.6884002685547,433.8968505859375,686.6245727539062,1,112.8290023803711,18.449708938598633,-312.61920166015625,1,-146.304931640625,52.76850128173828,114.6500244140625,1,45.342681884765625,550.1376342773438,301.3414611816406,1,55.64427947998047,-285.8211975097656,35.39643478393555,1,-156.70242309570312,442.804931640625,258.20196533203125,1,147.5093231201172,-68.94779205322266,-160.63694763183594,1,-101.14054870605469,408.1468811035156,964.547607421875,1,210.22882080078125,-115.21649169921875,-515.0973510742188,1,-304.0147399902344,286.52447509765625,598.9259033203125,1,142.36590576171875,-293.8531188964844,-29.76051139831543,1,160.75238037109375,825.0004272460938,793.2525634765625,1,-304.0626525878906,-665.1902465820312,-564.9038696289062,1,145.1180419921875,222.58578491210938,647.8715209960938,1,158.08106994628906,191.88165283203125,6.188681125640869,1,-304.07366943359375,4.4958343505859375,404.838134765625,1,199.6249237060547,-188.74559020996094,-418.9717102050781,1,-49.31117630004883,47.858802795410156,815.7506103515625,1,0,-217.85205078125,-826.5145874023438,1,0,441.912109375,1150.9781494140625,1,-51.09248733520508,-503.6427001953125,-1029.383056640625,1,152.3550262451172,254.67526245117188,782.0048217773438,1,-151.78379821777344,-499.471923828125,-567.25927734375,1,101.16029357910156,657.5348510742188,632.8870239257812,1,-202.50437927246094,-851.9462280273438,-663.4624633789062,1,354.4062805175781,730.3638305664062,625.8079223632812,1,-405.1036682128906,-810.5750122070312,-859.4852905273438,1,405.10369873046875,1002.9777221679688,1571.5537109375,1,-405.10369873046875,-982.3500366210938,-1384.95361328125,1,354.4484558105469,718.8270874023438,998.75048828125,1,-151.62014770507812,-220.8263702392578,-134.86012268066406,1,-152.51287841796875,333.55877685546875,926.083251953125,1,354.78900146484375,52.519107818603516,-350.8418884277344,1,-353.6502380371094,128.5749969482422,1357.1383056640625,1,148.86080932617188,306.9242858886719,-169.73867797851562,1,155.64059448242188,539.052978515625,2332.900390625,1,-107.02635955810547,-73.50652313232422,-1328.2657470703125,1,-176.83358764648438,-221.1140594482422,-2272.780029296875,1,-636.0120239257812,-127.83969116210938,94.82787322998047,1,692.9652709960938,175.72023010253906,-350.4980163574219,1,-369.07025146484375,-66.7451171875,4.872802734375,1,247.0620880126953,131.9180450439453,20.754657745361328,1,-369.6798400878906,-241.8867645263672,-16.925230026245117,1,183.64317321777344,294.73284912109375,37.47179412841797,1,186.19424438476562,-289.25482177734375,-25.667461395263672,1,-369.6929016113281,249.67266845703125,56.76664733886719,1,245.41781616210938,-250.6803741455078,-66.3207778930664,1,-61.068572998046875,255.9122772216797,77.89153289794922,1,2.2737367544323206e-13,-232.6341094970703,-49.18780517578125,1,2.2737367544323206e-13,217.36180114746094,48.25857925415039,1,-62.29848861694336,-232.58811950683594,-25.014677047729492,1,247.8617706298828,178.34934997558594,13.71487808227539,1,-432.0538330078125,-6.8623223304748535,58.1532096862793,1,492.9844970703125,-141.47268676757812,-114.40701293945312,1,-492.9844970703125,129.0050811767578,119.22583770751953,1,430.6100769042969,-15.496700286865234,-42.307823181152344,1,-182.60350036621094,58.57319641113281,93.52397918701172,1,-124.75565338134766,-266.7311706542969,-222.45323181152344,1,184.1000518798828,308.6819152832031,283.9080810546875,1,-60.85953140258789,-141.6245574951172,-185.50054931640625,1,2.2737367544323206e-13,112.01102447509766,204.8955841064453,1,-62.393733978271484,-243.76052856445312,-311.1260986328125,1,248.0277557373047,320.8359680175781,341.5060119628906,1,-432.1258239746094,-299.0898132324219,-191.549072265625,1,492.9844970703125,387.3424072265625,228.4100799560547,1,-430.6006164550781,-646.920654296875,-565.1931762695312,1,244.97862243652344,823.7590942382812,993.9562377929688,1,-60.87027359008789,-588.9137573242188,-917.5899047851562,1,2.2737367544323206e-13,-35.3661003112793,246.74197387695312,1,2.2737367544323206e-13,613.44970703125,490.7083435058594,1,2.2737367544323206e-13,-592.611328125,-474.56640625,1,-62.368194580078125,-9.401378631591797,-142.6128387451172,1,247.97738647460938,689.2023315429688,844.8746948242188,1,-369.732666015625,-1064.28955078125,-1177.1705322265625,1,182.63015747070312,931.9944458007812,1213.2598876953125,1,187.1106719970703,-202.72825622558594,-874.70751953125,1,-369.72747802734375,-603.1951904296875,230.6459197998047,1,244.97012329101562,877.5390014648438,506.3254699707031,1,-123.26164245605469,-600.0989990234375,-773.8348388671875,1,248.05712890625,86.80682373046875,630.3861083984375,1,-369.7172546386719,473.9563293457031,-270.3147888183594,1,244.86366271972656,-896.3621215820312,-149.1025390625,1,-60.80134963989258,1043.6485595703125,844.9646606445312,1,2.2737367544323206e-13,-788.8228759765625,-1157.7791748046875,1,2.2737367544323206e-13,167.25228881835938,529.6184692382812,1,2.2737367544323206e-13,502.304443359375,649.5115966796875,1,-62.59669876098633,-687.6408081054688,-914.745361328125,1,248.47047424316406,242.81202697753906,95.24671936035156,1,-432.3678283691406,507.0361328125,994.0703125,1,430.2511291503906,-941.3928833007812,-1387.2681884765625,1,-181.44122314453125,992.7138671875,1627.6392822265625,1,-188.40003967285156,-727.6649169921875,-1749.7021484375,1,369.6610107421875,104.58260345458984,1418.75048828125,1,-180.8727264404297,695.43212890625,-228.36505126953125,1,-125.93543243408203,-983.26171875,-623.275634765625,1,183.35279846191406,677.3236083984375,624.9342041015625,1,-60.12126159667969,-301.8708801269531,-29.962932586669922,1,2.2737367544323206e-13,444.28350830078125,431.052978515625,1,2.2737367544323206e-13,-545.9717407226562,-935.0768432617188,1,-317.6842956542969,-145.85142517089844,522.2317504882812,1,218.96922302246094,257.5461730957031,-111.38801574707031,1,360.74334716796875,366.5628662109375,-274.7934265136719,1,0,0,0,0,0,0,0,0,0,0,0,0,0,0,0,0,0,0,0,0,0,0,0,0,0,0,0,0,0,0,0,0,0,0,0,0,0,0,0,0,0,0,0,0,0,0,0,0,0,0,0,0,0,0,0,0,0,0,0,0,0,0,0,0,0,0,0,0,0,0,0,0,0,0,0,0,0,0,0,0,0,0,0,0,0,0,0,0,0,0,0,0,0,0,0,0,0,0,0,0,0,0,0,0,0,0,0,0,0,0,0,0,0,0,0,0,0,0,0,0,0,0,0,0,0,0,0,0,0,0,0,0,0,0,0,0,0,0,0,0,0,0,0,0,0,0,0,0,0,0,0,0,0,0,0,0,0,0,0,0,0,0,0,0,0,0,0,0,0,0,0,0,0,0,0,0,0,0,0,0,0,0,0,0,0,0,0,0,0,0,0,0,0,0,0,0,0,0,0,0,0,0,0,0,0,0,0,0,0,0,0,0,0,0,0,0,0,0,0,0,0,0,0,0,0,0,0,0,0,0,0,0,0,0,0,0,0,0,0,0,0,0,0,0,0,0,0,0,0,0,0,0,0,0,0,0,-336.3432312011719,-16.493385314941406,179.83056640625,1,417.8697509765625,277.00091552734375,-610.345947265625,1,-185.81787109375,42.01890563964844,22.231969833374023,1,-61.97261428833008,-45.042938232421875,15.915823936462402,1,185.8532257080078,25.41826629638672,15.787654876708984,1,-185.78012084960938,7.5100483894348145,20.247190475463867,1,61.90985107421875,-22.308307647705078,21.69160270690918,1,61.91924285888672,50.94585418701172,7.582553386688232,1,-185.79867553710938,-89.50740814208984,37.829551696777344,1,185.90805053710938,96.3595962524414,4.816944599151611,1,-123.82373809814453,-88.25009155273438,5.219808101654053,1,247.39401245117188,200.278564453125,87.69503021240234,1,-433.35418701171875,-279.5561218261719,-52.32820510864258,1,495.501220703125,212.8111572265625,58.96249771118164,1,-433.982666015625,-55.605690002441406,25.03908920288086,1,248.6681365966797,-59.89430236816406,-11.696357727050781,1,-62.438446044921875,109.92227935791016,106.1402587890625,1,2.2737367544323206e-13,-108.6769790649414,-91.45240783691406,1,2.2737367544323206e-13,127.1228256225586,122.49456787109375,1,2.2737367544323206e-13,-118.98271179199219,-52.394615173339844,1,2.2737367544323206e-13,-8.18430233001709,101.39684295654297,1,-60.90133285522461,114.16938781738281,-43.57892990112305,1,245.57440185546875,-149.706787109375,-49.62399673461914,1,-432.4228210449219,145.5297088623047,240.51992797851562,1,434.8804931640625,-130.26055908203125,-220.34616088867188,1,-189.96261596679688,41.64781188964844,121.35940551757812,1,-181.46389770507812,-73.0209732055664,51.49794006347656,1,371.6943664550781,141.9792022705078,-166.582275390625,1,-190.75717163085938,-204.3886260986328,230.13233947753906,1,-120.49032592773438,163.297607421875,-127.64351654052734,1,187.6399383544922,-159.3646240234375,24.403297424316406,1,-63.7884521484375,42.56390380859375,-168.98707580566406,1,-59.97822952270508,-1.4393168687820435,476.7416687011719,1,243.73692321777344,99.05933380126953,-538.2725219726562,1,-371.6450500488281,-190.6857452392578,220.7894744873047,1,192.15707397460938,-51.80904769897461,24.580820083618164,1,179.34718322753906,255.56936645507812,14.716228485107422,1,-311.8631286621094,-369.5467834472656,-211.73731994628906,1,8.864058494567871,347.359375,166.73092651367188,1,247.69284057617188,-214.56097412109375,-60.036582946777344,1,-68.6755599975586,20.23052406311035,-38.37455749511719,1,-64.09980010986328,62.83246994018555,143.68756103515625,1,-119.37635803222656,-201.88780212402344,-326.1705017089844,1,187.9720001220703,334.5238037109375,316.9093017578125,1,-64.12926483154297,-290.0350646972656,-244.31570434570312,1,2.2737367544323206e-13,79.32811737060547,268.3764953613281,1,2.2737367544323206e-13,70.424560546875,-284.85870361328125,1,2.2737367544323206e-13,-128.844970703125,207.81295776367188,1,2.2737367544323206e-13,290.1705322265625,-98.99578094482422,1,2.2737367544323206e-13,-282.69696044921875,71.86184692382812,1,2.2737367544323206e-13,93.92354583740234,219.1259002685547,1,-60.538734436035156,119.87347412109375,-557.79638671875,1,245.09523010253906,17.586837768554688,1061.4102783203125,1,-371.4302673339844,-50.39162826538086,-862.0932006835938,1,249.6659698486328,118.1180191040039,393.2601623535156,1,-62.79182815551758,-81.2180404663086,618.0381469726562,1,-61.55135726928711,224.7919921875,-1013.103759765625,1,185.41587829589844,-143.3277587890625,1553.2275390625,1,-123.56910705566406,494.4269714355469,-787.857666015625,1,-124.18041229248047,-413.5055236816406,336.0174560546875,1,122.30525970458984,187.5034637451172,655.9663696289062,1,-126.88787841796875,209.91844177246094,-201.3525848388672,1,87.91667175292969,17.098447799682617,-86.50272369384766,1,143.7630157470703,-27.825729370117188,-51.92473602294922,1,-809.8734741210938,-97.04503631591797,90.72430419921875,1,1006.0840454101562,282.9337463378906,-265.6134948730469,1,-447.8646545410156,-21.506559371948242,19.868362426757812,1,1.8189894035458565e-12,16.201309204101562,12.449399948120117,1,1.8189894035458565e-12,-7.554182529449463,28.427515029907227,1,1.8189894035458565e-12,-39.84309005737305,-4.942689895629883,1,-148.18313598632812,140.77195739746094,72.69649505615234,1,446.22930908203125,-271.8756103515625,-73.12663269042969,1,-300.25115966796875,463.3402404785156,158.31448364257812,1,-443.6204528808594,-665.2467041015625,-185.3865509033203,1,1041.9222412109375,738.1992797851562,283.089599609375,1,-1192.1885986328125,-695.239013671875,-273.04949951171875,1,1192.1885986328125,653.03759765625,320.91766357421875,1,-1192.1885986328125,-706.4085083007812,-354.53564453125,1,1045.0931396484375,768.1932983398438,488.58758544921875,1,-453.1423034667969,-712.768798828125,-455.0239562988281,1,-293.8871154785156,524.0241088867188,358.37042236328125,1,302.7106628417969,-562.0608520507812,-258.6988525390625,1,293.3465576171875,862.8953857421875,308.6650695800781,1,-303.21612548828125,-946.2048950195312,-245.0679931640625,1,-292.8326721191406,643.1693115234375,149.64706420898438,1,303.6839904785156,-528.762451171875,-145.203857421875,1,438.45526123046875,724.0758666992188,346.4831848144531,1,-894.2139282226562,-921.1682739257812,-546.9857177734375,1,456.37310791015625,757.0709838867188,643.6207275390625,1,291.73553466796875,-508.3793640136719,-567.2134399414062,1,-450.3602294921875,555.3513793945312,407.5194091796875,1,152.34432983398438,-578.7894897460938,-111.815185546875,1,145.6124267578125,62.20557403564453,-318.08721923828125,1,-443.614013671875,429.5835876464844,668.10986328125,1,450.5729675292969,-464.98297119140625,-767.2606811523438,1,-152.56106567382812,307.1587829589844,740.2235107421875,1,-145.4900665283203,-573.2147827148438,-1001.059814453125,1,588.9786376953125,1243.380126953125,1424.975341796875,1,-1039.5897216796875,-1590.8013916015625,-1310.960693359375,1,1046.6546630859375,1256.4266357421875,758.6130981445312,1,-457.5004577636719,-837.8427734375,-575.7785034179688,1,-291.067626953125,766.1017456054688,511.3734436035156,1,450.3882141113281,-808.031494140625,136.43280029296875,1,-152.37063598632812,670.6659545898438,-779.4094848632812,1,1.8189894035458565e-12,-575.0227661132812,272.6764831542969,1,1.8189894035458565e-12,646.3062133789062,1184.5675048828125,1,1.8189894035458565e-12,-579.0899658203125,-2127.868896484375,1,1.8189894035458565e-12,466.0010070800781,2179.732177734375,1,-146.55316162109375,-649.3693237304688,-1996.0419921875,1,444.5705871582031,1131.728759765625,2104.2470703125,1,-302.11334228515625,-990.8848876953125,-1658.3704833984375,1,-441.2025451660156,146.10426330566406,1004.9490966796875,1,893.85302734375,373.7717590332031,-1134.9151611328125,1,-598.802490234375,72.07725524902344,2404.179443359375,1,150.22230529785156,-384.98974609375,-2528.134765625,1,148.5084991455078,411.21087646484375,1852.9307861328125,1,-595.42919921875,-739.328857421875,-1766.0196533203125,1,1043.028564453125,1529.5745849609375,3171.660400390625,1,-1042.462646484375,-1312.028564453125,-3156.903076171875,1,444.0567626953125,106.41244506835938,1567.038818359375,1,451.02947998046875,1323.049072265625,1361.463623046875,1,-1044.8116455078125,-1528.4600830078125,-1682.774658203125,1,1192.1885986328125,880.9354248046875,-209.65213012695312,1,-1192.1885986328125,104.16101837158203,3478.954833984375,1,1039.23388671875,62.38848114013672,-3053.796875,1,-894.8680419921875,-472.0359802246094,1284.48876953125,1,316.8652038574219,324.76885986328125,-99.4574966430664,1,632.984619140625,537.7896118164062,-447.8115539550781,1,-408.4696044921875,-581.175048828125,804.1838989257812,1,360.70245361328125,324.2566223144531,-2317.773193359375,1,-255.868408203125,-360.549560546875,176.10015869140625,1,92.76206970214844,-337.5052185058594,100.42295837402344,1,100.99945831298828,-212.46054077148438,55.875816345214844,1,-192.65469360351562,-229.2578125,7.3338303565979,1,124.28137969970703,-214.42652893066406,-42.75270080566406,1,-29.879776000976562,-70.06230163574219,-37.235870361328125,1,2.2737367544323206e-13,-206.3354034423828,-90.12741088867188,1,2.2737367544323206e-13,-81.92249298095703,-107.9887924194336,1,2.2737367544323206e-13,-26.034151077270508,-74.83992004394531,1,2.2737367544323206e-13,-179.99246215820312,-163.73831176757812,1,2.2737367544323206e-13,116.34180450439453,-56.80420684814453,1,-35.61595153808594,-219.01687622070312,-177.6735382080078,1,99.79566192626953,158.50364685058594,-53.114967346191406,1,-57.37649917602539,-67.90769958496094,-147.3594207763672,1,-70.9540023803711,42.231117248535156,-16.017253875732422,1,93.09059143066406,-4.076757431030273,-165.5583038330078,1,-28.931917190551758,100.85134887695312,28.590593338012695,1,2.2737367544323206e-13,103.09148406982422,-21.55887222290039,1,2.2737367544323206e-13,-99.7496337890625,-73.97061157226562,1,2.2737367544323206e-13,264.2315979003906,35.26285171508789,1,2.2737367544323206e-13,43.46918487548828,146.0005340576172,1,2.2737367544323206e-13,-37.12242126464844,-137.63186645507812,1,2.2737367544323206e-13,273.3622741699219,256.74658203125,1,-34.58645248413086,-76.37773895263672,7.794958114624023,1,133.25888061523438,200.4061737060547,91.26465606689453,1,-193.1427764892578,68.3549575805664,318.4592590332031,1,124.84060668945312,-76.75216674804688,-275.1369323730469,1,-30.36937141418457,253.71743774414062,577.2019653320312,1,-33.63017272949219,-61.336456298828125,-158.8883056640625,1,131.37619018554688,122.47422790527344,308.17840576171875,1,-193.205322265625,-100.34154510498047,-40.07545852661133,1,126.77976989746094,227.3251953125,327.4739685058594,1,-31.320201873779297,-234.4844512939453,-151.9697723388672,1,-32.653446197509766,99.43231201171875,274.0013732910156,1,96.99111938476562,90.15934753417969,40.1956901550293,1,-96.39157104492188,-105.45995330810547,-5.130932807922363,1,32.04471969604492,-172.88775634765625,114.0198745727539,1,31.982101440429688,199.4972686767578,-162.48110961914062,1,-96.31812286376953,-142.8924560546875,347.519287109375,1,96.98030853271484,-183.34425354003906,-439.02435302734375,1,-32.6322135925293,186.5418701171875,177.30323791503906,1,-31.506925582885742,-226.87693786621094,16.17761993408203,1,127.26245880126953,88.7929458618164,-5.950130462646484,1,-193.08013916015625,-168.78961181640625,-392.0299377441406,1,130.34817504882812,142.41212463378906,519.1290893554688,1,-33.02171325683594,-248.89453125,-628.9822387695312,1,2.2737367544323206e-13,111.59551239013672,402.0888366699219,1,-31.35713005065918,-26.60845375061035,-106.88673400878906,1,127.09325408935547,277.7731018066406,186.37594604492188,1,-192.934326171875,-512.7996826171875,-103.3677978515625,1,129.92848205566406,597.996826171875,82.17003631591797,1,-32.72841262817383,-196.1529541015625,741.60107421875,1,-31.948148727416992,165.6833953857422,-452.0273132324219,1,128.4373779296875,299.87506103515625,1332.02490234375,1,-192.77871704101562,16.33662223815918,-353.8734436035156,1,127.9309310913086,289.4202880859375,1515.955322265625,1,-31.64208221435547,360.6567687988281,234.533447265625,1,2.2737367544323206e-13,336.85882568359375,1468.05126953125,1,2.2737367544323206e-13,479.6988525390625,1675.3680419921875,1,-68.58248901367188,549.6069946289062,1303.202392578125,1,41.16675567626953,442.1982727050781,780.2352905273438,1,72.130615234375,465.8709411621094,758.5408935546875,1,-525.5888671875,-1135.317626953125,1328.856689453125,1,341.8623962402344,289.51641845703125,-3479.37744140625,1,-355.3442687988281,-743.6162109375,371.296630859375,1,351.99261474609375,-592.0446166992188,250.7894744873047,1,-143.13499450683594,-515.4153442382812,158.17779541015625,1,-161.900146484375,-510.92578125,49.53728103637695,1,358.14495849609375,-238.19358825683594,58.53706741333008,1,-349.54217529296875,-576.0957641601562,-148.42665100097656,1,136.43136596679688,-53.43830108642578,5.908172130584717,1,167.95849609375,-504.7591247558594,-241.62808227539062,1,-359.9534912109375,-38.34703826904297,-95.64414978027344,1,405.10369873046875,-457.4153137207031,-318.1365051269531,1,-347.7469177246094,90.26380920410156,-102.16709899902344,1,189.31703186035156,-511.2309875488281,-407.50762939453125,1,-101.87796783447266,221.8682403564453,-100.37349700927734,1,158.54661560058594,-430.19464111328125,-447.39764404296875,1,-144.63172912597656,219.05648803710938,-74.0722427368164,1,43.857913970947266,-377.9391174316406,-454.0726623535156,1,57.92633056640625,299.5020446777344,-58.76157760620117,1,-158.7318572998047,-312.8987121582031,-415.8610534667969,1,86.92750549316406,347.6874694824219,6.138097763061523,1,172.36831665039062,-242.04254150390625,-371.9529724121094,1,-361.0587158203125,340.2085266113281,75.31741333007812,1,347.7225341796875,-107.02799987792969,-367.120361328125,1,-132.46961975097656,391.0991516113281,387.38250732421875,1,-113.60201263427734,-273.759765625,-656.7465209960938,1,89.0602798461914,566.7940063476562,673.236572265625,1,169.2777557373047,-24.02025604248047,-349.6292724609375,1,-303.78021240234375,-27.658971786499023,152.53439331054688,1,191.9660186767578,589.9175415039062,318.2969665527344,1,-45.61459732055664,-148.89425659179688,-83.14000701904297,1,0,223.87925720214844,419.1722717285156,1,-55.009368896484375,-53.25544357299805,-237.54446411132812,1,210.8113250732422,786.0107421875,989.317138671875,1,-303.9917907714844,-716.2806396484375,-589.4480590820312,1,195.52545166015625,765.4440307617188,685.8375854492188,1,-101.06822967529297,-480.8130798339844,-61.38666534423828,1,154.92422485351562,678.210205078125,785.8145751953125,1,-149.43850708007812,-327.17047119140625,-560.0325927734375,1,101.03299713134766,85.10750579833984,699.8153686523438,1,-154.038330078125,-46.76947784423828,-124.24285888671875,1,150.31776428222656,322.9689636230469,434.0915832519531,1,-49.065208435058594,-373.1516418457031,-171.30642700195312,1,0,171.56260681152344,438.7473449707031,1,-51.48634338378906,-328.72930908203125,-644.489990234375,1,204.02024841308594,606.5540161132812,1224.8389892578125,1,-304.0152587890625,-757.5209350585938,-1078.4942626953125,1,150.9306182861328,318.03411865234375,554.3388061523438,1,152.5860595703125,-182.00437927246094,-130.32533264160156,1,-303.942626953125,142.83175659179688,104.68348693847656,1,202.6149444580078,-331.9075927734375,-73.9510498046875,1,-50.70481872558594,252.5574493408203,72.5496826171875,1,0,-321.82391357421875,-436.2441711425781,1,-50.509849548339844,415.93243408203125,1206.8736572265625,1,151.76646423339844,-351.9771728515625,-983.0067749023438,1,-151.9196319580078,285.5163879394531,638.4214477539062,1,50.62348556518555,-124.48485565185547,59.57733154296875,1,50.96144485473633,535.9752197265625,1027.4884033203125,1,-152.21221923828125,-409.17108154296875,-765.3244018554688,1,151.12298583984375,654.1551513671875,1752.5457763671875,1,-49.82731246948242,89.41374969482422,-101.3363037109375,1,104.30420684814453,446.593505859375,1895.2930908203125,1,-70.6648941040039,-10.570952415466309,-1139.9305419921875,1,-117.14093017578125,-116.81253051757812,-1920.064697265625,1,77.07221984863281,-73.16265869140625,94.8774642944336,1,-0.15323171019554138,147.9914093017578,-349.01495361328125,1,61.7349853515625,-28.55937385559082,5.223186016082764,1,-123.30836486816406,64.64105987548828,21.266889572143555,1,247.1720428466797,-160.82261657714844,-17.654335021972656,1,-369.6854553222656,245.32936096191406,39.54719161987305,1,245.6057891845703,-317.9303894042969,-29.189279556274414,1,-61.15835189819336,354.5745849609375,57.893978118896484,1,-62.17070007324219,-371.0843200683594,-69.42707061767578,1,247.62130737304688,355.148681640625,87.1348648071289,1,-369.7050476074219,-320.7167053222656,-47.972591400146484,1,182.9789581298828,283.05316162109375,28.582895278930664,1,186.80615234375,-254.13145446777344,0.06813596934080124,1,-369.7145690917969,180.5595245361328,-10.745302200317383,1,182.7874298095703,-8.959961891174316,77.39608001708984,1,124.64038848876953,-168.30592346191406,-130.26171875,1,-184.141357421875,205.2453155517578,155.1306915283203,1,123.25975799560547,-107.83220672607422,-87.1593246459961,1,-185.60182189941406,127.92996978759766,101.56531524658203,1,184.11990356445312,-346.67840576171875,-190.297119140625,1,-123.25404357910156,385.8708190917969,237.45521545410156,1,185.6171112060547,-123.82620239257812,-127.25357055664062,1,-121.7374267578125,89.89247131347656,151.83566284179688,1,-124.74554443359375,-305.7388610839844,-278.94854736328125,1,121.74239349365234,260.7208557128906,283.9863586425781,1,187.11289978027344,-1.622143030166626,-62.61600875854492,1,-369.73681640625,-0.46134185791015625,41.416259765625,1,245.00738525390625,-316.0190734863281,-386.28729248046875,1,-123.24715423583984,609.2722778320312,887.8370361328125,1,247.96348571777344,-427.909912109375,-862.5923461914062,1,-432.0932312011719,-231.10023498535156,174.69935607910156,1,492.9844970703125,838.1239624023438,641.1524047851562,1,-430.6326904296875,-786.7774047851562,-668.9696655273438,1,182.6896514892578,63.0573844909668,-67.7398681640625,1,187.04356384277344,715.2040405273438,918.3619384765625,1,-432.0851135253906,-1084.2672119140625,-1260.901123046875,1,430.6289367675781,1053.5078125,1251.607177734375,1,-245.02774047851562,-593.576416015625,-906.4573974609375,1,123.2572250366211,-64.98338317871094,275.6573791503906,1,-247.9834747314453,498.0389709472656,418.7510070800781,1,369.7225341796875,-459.96844482421875,-488.7481994628906,1,-182.55528259277344,-14.04227066040039,67.38536071777344,1,-124.79071044921875,610.3410034179688,385.9704895019531,1,184.05670166015625,-940.40234375,-734.7293090820312,1,-60.81427001953125,868.1168823242188,1296.55322265625,1,2.2737367544323206e-13,-380.60595703125,-1445.8839111328125,1,2.2737367544323206e-13,-240.24928283691406,756.466796875,1,-62.54964065551758,539.7606201171875,366.99810791015625,1,248.3738250732422,-179.47401428222656,-460.1697998046875,1,-369.6889343261719,-552.35498046875,-570.89501953125,1,244.44424438476562,1100.979248046875,1636.3775634765625,1,-123.30611419677734,-1220.510009765625,-1888.5093994140625,1,248.74276733398438,1213.9127197265625,2072.1318359375,1,-369.6664733886719,-963.4161376953125,-1909.1719970703125,1,181.08961486816406,232.7344512939453,1058.9810791015625,1,125.79016876220703,560.204833984375,242.3654022216797,1,-120.37648010253906,-415.36798095703125,-603.2156982421875,1,-126.08245086669922,-373.35546875,383.3802795410156,1,183.26318359375,485.33087158203125,-228.8212890625,1,-60.03361511230469,587.3241577148438,936.3828735351562,1,2.2737367544323206e-13,-1352.414794921875,-1365.7005615234375,1,-63.54222106933594,808.71337890625,1234.894775390625,1,43.78464126586914,-84.33950805664062,-477.3240661621094,1,72.1432113647461,-313.07733154296875,-923.8400268554688,1,0,0,0,0,0,0,0,0,0,0,0,0,0,0,0,0,0,0,0,0,0,0,0,0,0,0,0,0,0,0,0,0,0,0,0,0,0,0,0,0,0,0,0,0,0,0,0,0,0,0,0,0,0,0,0,0,0,0,0,0,0,0,0,0,0,0,0,0,0,0,0,0,0,0,0,0,0,0,0,0,0,0,0,0,0,0,0,0,0,0,0,0,0,0,0,0,0,0,0,0,0,0,0,0,0,0,0,0,0,0,0,0,0,0,0,0,0,0,0,0,0,0,0,0,0,0,0,0,0,0,0,0,0,0,0,0,0,0,0,0,0,0,0,0,0,0,0,0,0,0,0,0,0,0,0,0,0,0,0,0,0,0,0,0,0,0,0,0,0,0,0,0,0,0,0,0,0,0,0,0,0,0,0,0,0,0,0,0,0,0,0,0,0,0,0,0,0,0,0,0,0,0,0,0,0,0,0,0,0,0,0,0,0,0,0,0,0,0,0,0,0,0,0,0,0,0,0,0,0,0,0,0,0,0,0,0,0,0,0,0,0,0,0,0,0,0,0,0,0,0,0,0,0,0,0,0,77.3968505859375,-3.472588062286377,181.4429473876953,1,-0.09091164171695709,264.94500732421875,-612.5792846679688,1,61.906036376953125,50.033382415771484,23.077442169189453,1,-123.88772583007812,-43.51505661010742,15.175844192504883,1,185.8529510498047,9.94929027557373,14.623565673828125,1,-185.7807159423828,38.7775993347168,24.95072364807129,1,61.910465240478516,-51.90945053100586,14.126423835754395,1,0,36.03672790527344,15.995660781860352,1,61.88166046142578,-16.027101516723633,34.299644470214844,1,-185.76077270507812,30.085346221923828,-0.3782775402069092,1,185.96188354492188,-81.97991943359375,18.026485443115234,1,-62.09029006958008,207.75970458984375,69.40254974365234,1,2.2737367544323206e-13,-255.02357482910156,-30.42194175720215,1,-61.59088897705078,158.2474365234375,34.85409927368164,1,246.982666015625,3.953552722930908,54.567161560058594,1,-371.7044982910156,-58.809410095214844,-42.12052917480469,1,248.83985900878906,64.580322265625,133.72073364257812,1,-123.79097747802734,-154.3898162841797,-118.81928253173828,1,246.3111572265625,301.7522277832031,144.57717895507812,1,-432.79571533203125,-343.4496154785156,-64.53406524658203,1,495.5011901855469,240.01364135742188,114.72860717773438,1,-434.6058349609375,-103.35368347167969,-56.499881744384766,1,189.1383056640625,-120.13895416259766,-67.19990539550781,1,182.28646850585938,333.11907958984375,308.15057373046875,1,-371.7068176269531,-347.7764892578125,-293.7187194824219,1,189.98507690429688,76.06185150146484,123.45547485351562,1,181.44049072265625,142.06158447265625,116.53250122070312,1,-371.6945495605469,-190.93280029296875,-208.759521484375,1,251.0438690185547,54.87855529785156,210.85171508789062,1,-63.637474060058594,10.73222541809082,-108.27995300292969,1,2.2737367544323206e-13,-59.8819580078125,60.22511291503906,1,2.2737367544323206e-13,-22.305267333984375,-247.98854064941406,1,2.2737367544323206e-13,154.9210662841797,589.7091674804688,1,-59.908790588378906,-248.67262268066406,-716.9563598632812,1,183.74591064453125,77.58153533935547,453.1591491699219,1,-128.13461303710938,89.9882583618164,-152.38296508789062,1,-119.54146575927734,-152.7576446533203,56.913352966308594,1,128.26988220214844,-82.57380676269531,-251.77847290039062,1,119.4013900756836,298.38201904296875,397.7460021972656,1,-188.0448455810547,-265.3155822753906,-407.1794128417969,1,183.6246795654297,157.184326171875,230.81814575195312,1,-426.7970275878906,-380.8674621582031,-92.26309967041016,1,499.84100341796875,438.9014587402344,-84.40633392333984,1,-72.99159240722656,52.73563766479492,225.36865234375,1,-367.21832275390625,-541.128662109375,-364.3129577636719,1,495.5011901855469,482.7577209472656,547.6519775390625,1,-435.55474853515625,-172.14466857910156,-623.5057983398438,1,251.68592834472656,12.579366683959961,398.7670593261719,1,-63.87306213378906,45.365779876708984,-99.81560516357422,1,-60.24809265136719,-44.614376068115234,49.61107635498047,1,244.47348022460938,226.02186584472656,246.0207977294922,1,-371.4576416015625,-312.68182373046875,-557.8803100585938,1,250.42669677734375,218.7281036376953,775.517578125,1,-63.19380187988281,103.81439208984375,-358.373046875,1,2.2737367544323206e-13,-45.892478942871094,184.4733123779297,1,-61.30171203613281,-73.36717987060547,264.3830261230469,1,246.70822143554688,444.4594421386719,-197.28013610839844,1,-371.3624572753906,-535.336181640625,579.73876953125,1,247.74142456054688,653.2130126953125,-156.2949981689453,1,-124.18119049072266,-286.0859375,159.60694885253906,1,248.98033142089844,379.3219299316406,911.2713623046875,1,-560.4981689453125,-409.482666015625,-632.6714477539062,1,267.8338623046875,272.1281433105469,59.77838897705078,1,481.828125,452.60833740234375,242.8537139892578,1,-642.2057495117188,-115.39865112304688,91.53913116455078,1,335.1725158691406,284.01507568359375,-269.66619873046875,1,-446.8092346191406,-35.959686279296875,19.717248916625977,1,447.5464172363281,34.08649444580078,15.7258882522583,1,-149.5030059814453,-24.609643936157227,21.727294921875,1,-148.30714416503906,-14.54837417602539,2.856121063232422,1,446.3543701171875,175.18553161621094,74.57946014404297,1,-448.04180908203125,-391.7117004394531,-87.75007629394531,1,297.91705322265625,576.8258056640625,173.7007293701172,1,-445.9614562988281,-673.3981323242188,-180.8617401123047,1,448.44989013671875,633.9970092773438,245.59628295898438,1,-297.9145812988281,-636.4894409179688,-225.36419677734375,1,592.9097290039062,770.2930908203125,308.65533447265625,1,-1041.4979248046875,-886.0783081054688,-364.9122314453125,1,1045.10107421875,908.7495727539062,469.919677734375,1,-453.1678771972656,-847.7623291015625,-401.17486572265625,1,-440.6842956542969,580.441650390625,282.20220947265625,1,1040.93994140625,-319.1675109863281,-102.86917877197266,1,-1045.6351318359375,290.39410400390625,41.544857025146484,1,601.1834716796875,-436.1810302734375,-3.2179524898529053,1,-297.9496154785156,439.7394714355469,37.074153900146484,1,590.5194091796875,-289.1528015136719,-14.405213356018066,1,-1040.307373046875,146.74844360351562,25.338611602783203,1,1046.206787109375,-301.5576171875,-112.78775787353516,1,-456.4222106933594,708.0794067382812,411.8358459472656,1,-437.5015869140625,-1140.4716796875,-787.740478515625,1,1039.906005859375,1226.896484375,979.5274047851562,1,-1192.1885986328125,-880.853759765625,-745.3355712890625,1,1192.1885986328125,147.0823516845703,141.8104705810547,1,-1046.64404296875,499.5176696777344,477.92694091796875,1,603.1370849609375,-614.938720703125,-765.0545043945312,1,-152.58193969726562,310.15631103515625,814.9957885742188,1,-145.46884155273438,-405.06451416015625,-1125.1988525390625,1,588.935302734375,985.0612182617188,1572.485595703125,1,-894.0843505859375,-1252.8680419921875,-1413.2646484375,1,603.1958618164062,939.0728149414062,814.7883911132812,1,-152.57704162597656,-862.3372802734375,-794.3972778320312,1,-145.61561584472656,1047.10693359375,879.0633544921875,1,443.6156921386719,-657.4235229492188,71.94271850585938,1,-450.3167419433594,47.400115966796875,-1070.580810546875,1,298.1940612792969,22.936983108520508,647.20068359375,1,-589.9290771484375,37.583194732666016,554.1397094726562,1,1040.1375732421875,276.5845947265625,-1119.0335693359375,1,-1045.84375,-511.79180908203125,1149.5615234375,1,454.7607421875,54.93436050415039,-1311.086181640625,1,293.0179748535156,841.7720336914062,1750.26806640625,1,-302.14654541015625,-945.67724609375,-1425.3804931640625,1,-441.15362548828125,329.42901611328125,860.638671875,1,893.8513793945312,-50.07646560668945,-1090.7562255859375,1,-451.0116271972656,585.3753662109375,2464.969482421875,1,-443.7591857910156,-952.2493896484375,-2915.1748046875,1,893.7847900390625,902.5310668945312,2392.41357421875,1,-447.8941955566406,-431.9228820800781,-1371.45947265625,1,-297.7474670410156,199.96368408203125,1334.8475341796875,1,446.3847351074219,-124.46861267089844,-1074.1826171875,1,-298.51324462890625,-37.06608581542969,686.92919921875,1,448.21466064453125,715.0081787109375,743.0989990234375,1,-444.9049377441406,-591.497314453125,51.13901901245117,1,146.85525512695312,-223.4017791748047,-2568.270751953125,1,0,1376.7427978515625,6030.91943359375,1,152.9720916748047,-1022.702392578125,-5076.77685546875,1,-758.196044921875,-466.7950744628906,1951.0491943359375,1,421.905517578125,591.727783203125,-43.95796203613281,1,733.0072021484375,878.6820068359375,-545.6890258789062,1,97.53477478027344,-575.80810546875,806.55517578125,1,-72.77210235595703,315.8966064453125,-2320.8720703125,1,63.8745002746582,-357.9546813964844,177.38006591796875,1,-31.20695686340332,-332.19085693359375,99.9525375366211,1,2.2737367544323206e-13,-221.6018829345703,52.87009811401367,1,2.2737367544323206e-13,-224.72410583496094,11.649447441101074,1,2.2737367544323206e-13,-203.5643310546875,-43.89739227294922,1,2.2737367544323206e-13,-101.42207336425781,-40.80637741088867,1,2.2737367544323206e-13,-162.2440948486328,-83.52763366699219,1,2.2737367544323206e-13,-127.46465301513672,-117.51361083984375,1,2.2737367544323206e-13,16.38359832763672,-66.79047393798828,1,-35.46940231323242,-221.15951538085938,-168.12057495117188,1,135.21823120117188,169.23033142089844,-51.15226364135742,1,-192.80374145507812,-266.4630126953125,-177.41876220703125,1,121.93746185302734,163.90042114257812,-74.51419067382812,1,-28.87835121154785,-52.08655548095703,-115.38239288330078,1,2.2737367544323206e-13,65.74620819091797,-34.784427642822266,1,2.2737367544323206e-13,-75.53102111816406,-155.5576934814453,1,2.2737367544323206e-13,159.9132537841797,22.12890625,1,2.2737367544323206e-13,127.0875244140625,-24.105432510375977,1,2.2737367544323206e-13,-188.78602600097656,-59.60957717895508,1,2.2737367544323206e-13,350.0955810546875,18.159704208374023,1,-35.06421661376953,-19.96489906311035,153.42779541015625,1,99.29560089111328,10.378464698791504,-127.70258331298828,1,-59.17013168334961,278.6282043457031,269.23773193359375,1,-69.31705474853516,-125.09839630126953,-40.831336975097656,1,94.27677917480469,179.2884979248047,113.82151794433594,1,-30.018009185791016,202.5421600341797,346.9452819824219,1,2.2737367544323206e-13,-234.13352966308594,-302.75103759765625,1,2.2737367544323206e-13,359.041748046875,604.898681640625,1,2.2737367544323206e-13,-80.1607666015625,-202.41824340820312,1,2.2737367544323206e-13,23.570112228393555,313.7837219238281,1,2.2737367544323206e-13,84.8447265625,12.543293952941895,1,-33.027557373046875,9.50645637512207,259.96295166015625,1,130.19464111328125,-2.607715368270874,-75.95311737060547,1,-193.21156311035156,-46.88516616821289,216.31871032714844,1,127.92413330078125,50.303001403808594,20.75531578063965,1,-31.879344940185547,-43.56394958496094,32.80976486206055,1,2.2737367544323206e-13,-51.45097351074219,141.8016815185547,1,-31.975738525390625,-104.62466430664062,-268.1411437988281,1,128.14698791503906,239.98890686035156,518.78466796875,1,-193.1553192138672,-487.0537109375,-628.9122314453125,1,129.7368621826172,345.5345458984375,335.1493225097656,1,-32.75164031982422,-312.171630859375,-102.23357391357422,1,2.2737367544323206e-13,60.29135513305664,42.91151809692383,1,-31.366409301757812,-32.103092193603516,-403.4587097167969,1,127.0173568725586,112.15754699707031,592.342529296875,1,-224.34812927246094,-429.8602294921875,-769.6277465820312,1,257.37371826171875,393.1766662597656,549.374267578125,1,-226.01844787597656,-212.84693908691406,-216.23635864257812,1,130.28350830078125,212.00306701660156,211.40538024902344,1,-32.937381744384766,-252.27505493164062,-61.314605712890625,1,2.2737367544323206e-13,341.0132141113281,54.04833221435547,1,2.2737367544323206e-13,-33.673683166503906,745.6256713867188,1,2.2737367544323206e-13,108.21175384521484,-370.55517578125,1,2.2737367544323206e-13,223.1077880859375,1083.4296875,1,2.2737367544323206e-13,197.41944885253906,13.497410774230957,1,2.2737367544323206e-13,128.0113983154297,1229.79150390625,1,2.2737367544323206e-13,471.0862121582031,358.95819091796875,1,2.2737367544323206e-13,346.9747314453125,1560.6312255859375,1,2.2737367544323206e-13,321.0497741699219,1356.7391357421875,1,-34.30363464355469,747.4169311523438,1833.1849365234375,1,20.56475067138672,391.4560852050781,605.2368774414062,1,36.05389404296875,348.0074768066406,390.90216064453125,1,-165.08265686035156,-1133.591552734375,1328.8837890625,1,-109.06719970703125,283.0644226074219,-3480.97705078125,1,-156.30630493164062,-743.5730590820312,370.9824523925781,1,405.1036682128906,-587.7713623046875,250.62644958496094,1,-351.2908630371094,-522.1123046875,157.12387084960938,1,141.1919708251953,-512.4222412109375,52.04616165161133,1,108.64066314697266,-210.0753936767578,54.00538635253906,1,-91.42487335205078,-608.8759155273438,-141.7792205810547,1,-166.6981201171875,-42.44964599609375,-3.9230167865753174,1,359.5829162597656,-506.7465515136719,-229.75909423828125,1,-405.10369873046875,-43.38689041137695,-111.91004943847656,1,348.0035705566406,-457.7918701171875,-306.30877685546875,1,-132.3986053466797,144.07974243164062,-92.4147720336914,1,-171.44154357910156,-611.4021606445312,-445.9981994628906,1,360.94384765625,326.7652587890625,-48.753231048583984,1,-405.1036682128906,-523.73681640625,-493.5370788574219,1,405.10369873046875,289.9852600097656,-31.230775833129883,1,-405.10369873046875,-451.2632141113281,-506.5877380371094,1,347.1822814941406,383.5462646484375,-4.6460089683532715,1,-130.62437438964844,-326.8971862792969,-440.8244934082031,1,-114.8057632446289,336.3375244140625,13.18504810333252,1,87.16138458251953,-347.53790283203125,-411.97210693359375,1,114.47352600097656,543.6387939453125,168.25648498535156,1,-145.15476989746094,-270.5469665527344,-462.07080078125,1,101.50249481201172,437.97509765625,441.890869140625,1,-215.0457763671875,-229.846435546875,-680.0929565429688,1,360.4194030761719,567.69189453125,708.5599365234375,1,-405.10369873046875,-183.33241271972656,-425.580810546875,1,348.9039611816406,201.12857055664062,244.48965454101562,1,-136.0677032470703,503.8536682128906,302.0810852050781,1,-166.94432067871094,-266.7115478515625,-155.6659393310547,1,303.9000549316406,383.710693359375,506.2908935546875,1,-193.7050323486328,-12.832867622375488,-296.4950256347656,1,101.13846588134766,483.1777648925781,1036.81005859375,1,-155.8161163330078,-343.24945068359375,-641.5453491210938,1,94.45700073242188,419.575927734375,730.7329711914062,1,161.59498596191406,-38.707794189453125,-46.65419387817383,1,-304.0519104003906,212.7188262939453,704.091796875,1,197.3899383544922,-173.90289306640625,-494.98541259765625,1,-101.03258514404297,187.35594177246094,622.8389892578125,1,206.53431701660156,22.549793243408203,89.94425964355469,1,-356.29962158203125,50.63732147216797,174.91583251953125,1,405.10369873046875,-150.29417419433594,-5.106252193450928,1,-353.39398193359375,21.256834030151367,224.59234619140625,1,149.18138122558594,-241.86631774902344,-259.7888488769531,1,102.93257141113281,555.6273803710938,769.3360595703125,1,-100.41454315185547,-577.7984619140625,-666.16796875,1,-102.13227844238281,110.56497955322266,233.64083862304688,1,101.03604888916016,-341.98687744140625,-40.45979309082031,1,101.51435089111328,655.9171752929688,326.873779296875,1,-101.43763732910156,-688.6857299804688,-387.4632873535156,1,-101.11308288574219,238.7717742919922,200.0849609375,1,152.07855224609375,-220.11639404296875,-384.0755615234375,1,-50.785621643066406,460.98626708984375,1197.7081298828125,1,-50.55781936645508,-588.0547485351562,-1201.646728515625,1,202.46316528320312,679.9882202148438,1075.5108642578125,1,-303.6942443847656,-523.9816284179688,-434.359130859375,1,151.14588928222656,687.3709106445312,1282.83447265625,1,153.07968139648438,-147.51101684570312,-544.7783203125,1,-355.00933837890625,187.17176818847656,1224.1324462890625,1,405.10369873046875,467.4673156738281,510.6907653808594,1,-248.63478088378906,310.02099609375,1399.9957275390625,1,37.28240203857422,-9.206336975097656,-997.3870849609375,1,110.87696838378906,-80.37206268310547,-1611.475341796875,1,-69.24015045166016,-108.4658203125,97.50426483154297,1,277.04071044921875,164.06886291503906,-352.27850341796875,1,0.7293099761009216,-53.58906936645508,6.666431427001953,1,-122.62272644042969,112.08148193359375,18.786745071411133,1,-123.86784362792969,-203.34571838378906,-16.51198959350586,1,122.40666961669922,228.01690673828125,43.673583984375,1,124.08263397216797,-244.28195190429688,-37.5991325378418,1,-184.35914611816406,301.73828125,66.20780944824219,1,61.11713790893555,-358.952392578125,-71.83502197265625,1,62.203338623046875,332.7729797363281,86.65235900878906,1,-247.6820526123047,-278.8101501464844,-56.093482971191406,1,369.70880126953125,248.09625244140625,48.76053237915039,1,-245.19667053222656,-213.5034637451172,-26.580612182617188,1,123.2695083618164,101.07430267333984,18.589923858642578,1,-185.54689025878906,119.90796661376953,60.91865539550781,1,184.15699768066406,-346.5035400390625,-138.89942932128906,1,-60.91623306274414,402.78436279296875,177.2367401123047,1,2.2737367544323206e-13,-287.75689697265625,-120.30661010742188,1,2.2737367544323206e-13,261.4350280761719,138.47280883789062,1,2.2737367544323206e-13,-372.4105224609375,-186.8778076171875,1,2.2737367544323206e-13,365.5639953613281,207.67041015625,1,-62.37025833129883,-212.52308654785156,-146.0242156982422,1,185.6125030517578,200.7400665283203,218.31539916992188,1,-121.7533187866211,-272.22039794921875,-323.6606140136719,1,-124.7298355102539,214.76126098632812,298.5926818847656,1,184.1275634765625,-105.00450897216797,-102.96725463867188,1,-60.88621139526367,156.96339416503906,122.59317016601562,1,2.2737367544323206e-13,-437.4837646484375,-445.6493225097656,1,-62.35365676879883,703.1934814453125,874.4072265625,1,185.5953826904297,-520.6677856445312,-800.340087890625,1,-121.7990493774414,26.87429428100586,155.64613342285156,1,-124.68462371826172,354.2806701660156,541.7100830078125,1,184.1508331298828,-390.250244140625,-545.0076293945312,1,-60.90848159790039,-38.90138626098633,-30.81488609313965,1,2.2737367544323206e-13,697.1334228515625,712.9300537109375,1,2.2737367544323206e-13,-1031.48095703125,-1046.351318359375,1,2.2737367544323206e-13,899.2279663085938,1168.0987548828125,1,2.2737367544323206e-13,-453.609619140625,-957.3779907226562,1,-62.35647201538086,-189.30810546875,316.1537780761719,1,185.5970458984375,799.060791015625,485.5450439453125,1,-121.74011993408203,-800.5108032226562,-579.9837036132812,1,-124.74282836914062,132.40374755859375,65.95297241210938,1,184.08636474609375,534.8379516601562,487.6059875488281,1,-60.8436393737793,-812.620849609375,-787.1861572265625,1,2.2737367544323206e-13,834.4562377929688,1158.9796142578125,1,-62.47687911987305,-591.7157592773438,-1241.57861328125,1,185.7150421142578,71.63279724121094,704.9056396484375,1,-121.41206359863281,618.8302001953125,392.09161376953125,1,-125.06644439697266,-916.5794067382812,-755.5144653320312,1,183.87283325195312,354.052978515625,-106.18962097167969,1,-60.632225036621094,621.9444580078125,1287.4744873046875,1,2.2737367544323206e-13,-1105.784423828125,-1591.7344970703125,1,-62.777549743652344,985.8361206054688,1620.9884033203125,1,248.84925842285156,-367.42510986328125,-1272.7833251953125,1,-432.5659484863281,-485.1151428222656,423.7286071777344,1,430.00469970703125,1105.747314453125,660.7109375,1,-180.65994262695312,-843.8516235351562,-778.037109375,1,-189.22357177734375,-130.98011779785156,195.85784912109375,1,432.86328125,874.2135009765625,473.2730712890625,1,-429.6522521972656,-413.3664855957031,58.066162109375,1,242.99766540527344,-609.5555419921875,-593.158447265625,1,-377.5755920410156,683.43359375,215.52365112304688,1,218.8726043701172,-111.99052429199219,-17.93733024597168,1,375.8729553222656,-316.6735534667969,-77.39078521728516,1,0,0,0,0,0,0,0,0,0,0,0,0,0,0,0,0,0,0,0,0,0,0,0,0,0,0,0,0,0,0,0,0,0,0,0,0,0,0,0,0,0,0,0,0,0,0,0,0,0,0,0,0,0,0,0,0,0,0,0,0,0,0,0,0,0,0,0,0,0,0,0,0,0,0,0,0,0,0,0,0,0,0,0,0,0,0,0,0,0,0,0,0,0,0,0,0,0,0,0,0,0,0,0,0,0,0,0,0,0,0,0,0,0,0,0,0,0,0,0,0,0,0,0,0,0,0,0,0,0,0,0,0,0,0,0,0,0,0,0,0,0,0,0,0,0,0,0,0,0,0,0,0,0,0,0,0,0,0,0,0,0,0,0,0,0,0,0,0,0,0,0,0,0,0,0,0,0,0,0,0,0,0,0,0,0,0,0,0,0,0,0,0,0,0,0,0,0,0,0,0,0,0,0,0,0,0,0,0,0,0,0,0,0,0,0,0,0,0,0,0,0,0,0,0,0,0,0,0,0,0,0,0,0,0,0,0,0,0,0,0,0,0,0,0,0,0,0,0,0,0,0,0,0,0,0,0,1146.3779296875,69.87615966796875,228.20594787597656,1,-699.9813842773438,281.8839111328125,-771.0300903320312,1,777.6251831054688,112.11512756347656,28.85175323486328,1,-466.3918151855469,-66.6382827758789,23.416383743286133,1,-311.2403564453125,-64.65670013427734,10.439316749572754,1,310.9401550292969,160.7653045654297,34.75474548339844,1,466.7605895996094,-118.84506225585938,26.048784255981445,1,-1088.7745361328125,0.5504223108291626,-2.320258617401123,1,1088.8817138671875,86.02597045898438,72.43216705322266,1,-622.4894409179688,-3.946742296218872,-23.612159729003906,1,310.95660400390625,-153.1505126953125,37.03493881225586,1,-621.3359985351562,209.98582458496094,66.34574890136719,1,933.364501953125,-117.1552505493164,-24.820743560791016,1,-468.7835693359375,109.64989471435547,71.20938873291016,1,-309.51617431640625,-174.78372192382812,-2.005812883377075,1,467.7342834472656,216.03125,8.855656623840332,1,-156.66940307617188,-210.95040893554688,122.71257781982422,1,-154.0233612060547,98.09053039550781,-89.72929382324219,1,465.0907897949219,95.0239028930664,105.1073989868164,1,-468.5303955078125,-125.09070587158203,2.76638126373291,1,157.47012329101562,30.754947662353516,51.36785888671875,1,0,7.376861095428467,-10.039098739624023,1,152.9801025390625,-125.10527801513672,-44.008846282958984,1,-464.0296630859375,269.65594482421875,229.61129760742188,1,317.0343322753906,-377.5115966796875,-223.67532348632812,1,457.40380859375,330.8674621582031,187.02545166015625,1,-1085.53662109375,-232.32981872558594,-64.66927337646484,1,1244.29248046875,197.9468994140625,35.86335372924805,1,-1092.5318603515625,-428.3945617675781,16.05000114440918,1,629.93310546875,539.3184204101562,-34.02010726928711,1,-310.9520263671875,-378.8959045410156,-9.797632217407227,1,462.416259765625,-78.03557586669922,-8.165931701660156,1,-471.0582275390625,403.706298828125,377.7188720703125,1,160.0408477783203,-316.7612609863281,-689.44384765625,1,0,-107.1257095336914,497.7791442871094,1,150.73516845703125,213.66668701171875,-250.25453186035156,1,-612.3700561523438,-301.3384704589844,123.18746185302734,1,1083.788818359375,426.5434265136719,-20.024927139282227,1,-1244.2923583984375,-439.2866516113281,-81.65364074707031,1,1244.2923583984375,388.1914978027344,121.23191833496094,1,-1244.2923583984375,-512.8533935546875,-422.4941711425781,1,1093.7789306640625,430.2006530761719,722.0360717773438,1,-481.6874084472656,-24.47355842590332,-605.5948486328125,1,-451.5643310546875,-491.74859619140625,-45.305824279785156,1,933.0435791015625,646.3896484375,446.73974609375,1,-631.7364501953125,-349.34722900390625,-114.62445831298828,1,160.29611206054688,-18.332916259765625,-319.7276916503906,1,0,225.23680114746094,171.72634887695312,1,151.41339111328125,-120.57112884521484,400.75848388671875,1,-462.4168395996094,-89.26561737060547,-742.3574829101562,1,470.20159912109375,-19.67596435546875,1053.818359375,1,-311.442626953125,428.96942138671875,-1415.571044921875,1,615.964111328125,-96.9938735961914,2055.873046875,1,-1085.8463134765625,-600.05322265625,-1867.2147216796875,1,1244.2923583984375,1228.5631103515625,1490.341064453125,1,-1090.29296875,-1254.11279296875,-502.6829833984375,1,470.1777038574219,928.3925170898438,-249.4445037841797,1,464.158447265625,100.50099182128906,1527.8900146484375,1,-1088.3353271484375,-580.2552490234375,-1390.6864013671875,1,1244.29248046875,1035.0755615234375,1342.3363037109375,1,-1244.2923583984375,-1354.909423828125,-9.977926254272461,1,928.4241333007812,1918.8201904296875,151.34312438964844,1,-227.91510009765625,-651.5816650390625,-315.6675720214844,1,-522.727783203125,-1306.0120849609375,-431.2006530761719,1,-2296.628173828125,-162.55145263671875,109.23384857177734,1,2017.5269775390625,361.9543151855469,-323.1715087890625,1,-1435.44140625,-58.151641845703125,23.211345672607422,1,718.2998657226562,47.9727783203125,14.38763427734375,1,-358.5598449707031,-28.48430824279785,31.80330467224121,1,537.3785400390625,-23.558982849121094,-2.07723331451416,1,-360.5340576171875,287.702880859375,102.219482421875,1,-535.1099243164062,-745.2900390625,-143.8546600341797,1,1254.332763671875,1083.913818359375,258.6199951171875,1,-1256.7667236328125,-1148.46826171875,-247.35275268554688,1,720.25634765625,1057.80712890625,305.2292785644531,1,-180.86453247070312,-911.3499755859375,-258.8226318359375,1,0,733.4031372070312,294.3345947265625,1,0,-624.8828125,-311.2631530761719,1,-177.2156524658203,543.6515502929688,463.12298583984375,1,712.9521484375,-420.4396057128906,-462.25823974609375,1,-1076.19482421875,345.62115478515625,427.3858337402344,1,722.3955078125,-486.65570068359375,-300.6863708496094,1,-181.93655395507812,685.4111938476562,249.3235626220703,1,0,-871.7847290039062,-197.91256713867188,1,0,950.6453857421875,272.0958557128906,1,0,-936.3759765625,-259.77325439453125,1,-176.10574340820312,716.3028564453125,175.9991455078125,1,710.75,-392.52166748046875,-111.86497497558594,1,-1076.134521484375,309.3282470703125,418.8189697265625,1,548.6364135742188,-779.5283813476562,-965.7677612304688,1,527.2003784179688,1313.9349365234375,1261.8577880859375,1,-1076.1007080078125,-1232.411376953125,-797.4344482421875,1,724.9279174804688,306.6152648925781,-288.37664794921875,1,-183.17202758789062,662.7738647460938,1177.359375,1,0,-955.1285400390625,-1240.7578125,1,0,659.8878784179688,1013.1064453125,1,0,-545.4461669921875,-1341.461181640625,1,0,725.5618896484375,1799.4310302734375,1,0,-670.9109497070312,-1362.69384765625,1,-175.44497680664062,262.00738525390625,385.5824890136719,1,709.5701904296875,-133.8868408203125,-190.39784240722656,1,-1075.9566650390625,409.01129150390625,712.5712280273438,1,549.2969970703125,-622.2938842773438,-610.5752563476562,1,526.9035034179688,767.6255493164062,-137.72665405273438,1,-1075.9056396484375,-1162.8233642578125,178.6200408935547,1,724.273193359375,1421.0750732421875,750.3618774414062,1,-182.73440551757812,-1090.7147216796875,-1378.486328125,1,-176.3228759765625,537.5810546875,1213.4542236328125,1,711.4996948242188,-141.95553588867188,-712.6573486328125,1,-1075.8121337890625,141.56591796875,754.9163208007812,1,722.3373413085938,41.583927154541016,-780.885498046875,1,-358.97637939453125,-778.7900390625,767.4976196289062,1,535.9386596679688,1203.6656494140625,-1431.02197265625,1,-361.5833435058594,-104.98609924316406,3440.44482421875,1,-355.77801513671875,-1067.0960693359375,-4268.31396484375,1,360.1166687011719,738.8169555664062,3339.375,1,536.2977294921875,329.101318359375,-1664.2882080078125,1,-1075.6209716796875,-88.11751556396484,1476.7515869140625,1,716.6394653320312,-345.1180114746094,-1158.150634765625,1,-359.18804931640625,-245.99154663085938,584.3667602539062,1,720.1045532226562,1594.00732421875,917.7918090820312,1,-1075.4874267578125,-1635.2191162109375,204.85415649414062,1,712.3927612304688,411.8268737792969,-3811.8837890625,1,-176.5580596923828,1312.8660888671875,8975.4384765625,1,0,-1440.319091796875,-8548.6044921875,1,-184.15919494628906,563.7365112304688,4454.99951171875,1,127.4704818725586,96.96739196777344,-777.5377197265625,1,209.46173095703125,-16.888540267944336,-2115.605224609375,1,-142.57009887695312,-683.8025512695312,985.236572265625,1,177.8643035888672,457.9847412109375,-2902.10986328125,1,-78.52542114257812,-415.60125732421875,202.72218322753906,1,0,-357.0508117675781,115.31957244873047,1,0,-267.142822265625,62.819393157958984,1,0,-235.6224822998047,16.848482131958008,1,0,-231.0967559814453,-51.70576477050781,1,0,-118.85529327392578,-33.55597686767578,1,0,-163.12132263183594,-99.52119445800781,1,0,-153.22132873535156,-123.97314453125,1,43.379112243652344,17.423376083374023,-59.87022018432617,1,-166.4470672607422,-186.27987670898438,-202.36512756347656,1,282.44036865234375,113.55302429199219,-21.694580078125,1,-318.7894287109375,-240.80116271972656,-229.54464721679688,1,275.0888977050781,200.57052612304688,-25.239015579223633,1,-108.14832305908203,-70.9486083984375,-154.49942016601562,1,-130.74490356445312,62.288761138916016,-5.621778964996338,1,238.96624755859375,-48.08043670654297,-190.0291748046875,1,-108.50820922851562,205.00540161132812,65.7933349609375,1,-130.25563049316406,16.079326629638672,-20.712345123291016,1,239.05198669433594,8.86308765411377,-69.95581817626953,1,-152.67361450195312,191.13258361816406,37.914772033691406,1,36.625144958496094,105.10984802246094,207.2366485595703,1,0,-15.543560028076172,-172.8070068359375,1,0,185.24632263183594,320.4389343261719,1,0,95.14356231689453,-14.801925659179688,1,0,35.95882034301758,119.62467956542969,1,0,237.34591674804688,420.5945129394531,1,41.8930549621582,-160.6601104736328,-398.7527160644531,1,-163.22019958496094,207.17799377441406,724.8474731445312,1,280.7250061035156,105.68539428710938,-158.7726287841797,1,-318.7894287109375,-59.15411376953125,252.41172790527344,1,277.78326416015625,62.2781982421875,55.342018127441406,1,-157.31455993652344,100.44047546386719,353.26654052734375,1,38.9218864440918,-146.45132446289062,-195.68896484375,1,0,126.66327667236328,356.1986999511719,1,0,-102.6818618774414,-14.03829574584961,1,0,76.93640899658203,29.045095443725586,1,0,-199.29701232910156,190.01039123535156,1,0,135.68759155273438,-343.9019775390625,1,39.44948959350586,-99.5478515625,728.387451171875,1,-158.44273376464844,-341.2577209472656,-933.3086547851562,1,239.2146759033203,443.596435546875,549.6893920898438,1,-121.78333282470703,-340.004638671875,-67.41011047363281,1,-117.10216522216797,-123.18001556396484,-137.8785858154297,1,239.1494903564453,109.78813171386719,-334.9779968261719,1,-161.32513427734375,51.039833068847656,718.973876953125,1,40.8361701965332,-365.3988342285156,-889.587890625,1,0,262.80670166015625,382.06060791015625,1,0,-39.0965461730957,229.40013122558594,1,38.958805084228516,108.10281372070312,-176.20065307617188,1,-157.68482971191406,-409.1239929199219,23.621002197265625,1,238.95628356933594,692.5231323242188,139.95082092285156,1,-160.58853149414062,-257.2845153808594,909.8733520507812,1,40.35641860961914,147.7388916015625,-709.2714233398438,1,0,264.7615661621094,1441.23095703125,1,0,197.81256103515625,-115.52216339111328,1,0,159.84066772460938,1510.1629638671875,1,0,512.8822021484375,78.8405990600586,1,0,251.43978881835938,1993.6275634765625,1,0,593.0213623046875,1410.4879150390625,1,0,570.9718017578125,1791.621337890625,1,0,425.89764404296875,452.4139099121094,1,0,436.9704895019531,200.8360595703125,1,-1079.2017822265625,-1314.980224609375,1612.066162109375,1,567.36181640625,476.76995849609375,-4370.29296875,1,-756.656982421875,-849.5255126953125,418.02996826171875,1,1003.6594848632812,-661.0926513671875,284.924072265625,1,-1003.6594848632812,-599.1296997070312,174.71697998046875,1,1003.6594848632812,-522.0745239257812,56.430213928222656,1,-868.431640625,-323.95343017578125,65.7049331665039,1,481.4742431640625,-668.8883056640625,-185.82864379882812,1,-114.98168182373047,98.56576538085938,34.34907531738281,1,0,-796.8838500976562,-305.9907531738281,1,0,221.58697509765625,-68.45999145507812,1,0,-694.1600341796875,-405.59234619140625,1,-140.35867309570312,217.3439483642578,-50.321048736572266,1,531.2750854492188,-531.677001953125,-494.1977233886719,1,-751.50927734375,232.39801025390625,-47.58783721923828,1,471.06634521484375,-515.0877685546875,-542.7021484375,1,-252.0243377685547,360.5135498046875,-50.452606201171875,1,533.1765747070312,-444.43609619140625,-438.82257080078125,1,-751.7852783203125,355.248291015625,-116.916015625,1,470.5615539550781,-277.56982421875,-371.81280517578125,1,-110.37248229980469,318.9068603515625,-2.85943341255188,1,0,-251.89138793945312,-420.6191711425781,1,0,544.2343139648438,218.83888244628906,1,0,-371.90576171875,-547.6785278320312,1,0,714.2384643554688,630.9774169921875,1,-139.4832305908203,-604.281982421875,-889.9876098632812,1,667.6162719726562,1145.3310546875,1006.3241577148438,1,-1280.240478515625,-669.1548461914062,-624.2163696289062,1,1229.8709716796875,414.69451904296875,336.95501708984375,1,-592.0446166992188,547.7572631835938,370.3720397949219,1,114.28205871582031,-202.9691619873047,-59.128971099853516,1,0,314.3584899902344,392.3872985839844,1,0,-229.30499267578125,-273.14898681640625,1,-134.41387939453125,983.3660278320312,1276.7625732421875,1,518.7479248046875,-510.8986511230469,-660.0588989257812,1,-886.1842651367188,137.81790161132812,480.63409423828125,1,1003.6595458984375,271.04962158203125,360.7997741699219,1,-1003.6594848632812,239.3005828857422,487.8906555175781,1,1003.6594848632812,-376.81878662109375,-281.1449279785156,1,-873.4478149414062,419.0235595703125,580.5333862304688,1,622.62060546875,-366.4031066894531,-84.8581314086914,1,-759.6957397460938,411.3125305175781,460.67578125,1,1261.4271240234375,-152.77035522460938,-109.71987915039062,1,-1249.9412841796875,-155.14141845703125,525.2330322265625,1,557.2687377929688,-95.76805877685547,-855.0914916992188,1,128.7935028076172,459.6540832519531,1482.47998046875,1,-376.58367919921875,-826.43603515625,-1368.20849609375,1,187.23573303222656,607.4203491210938,970.9114990234375,1,188.78660583496094,-663.8504638671875,-720.257080078125,1,-376.5023193359375,660.0158081054688,1020.9502563476562,1,251.0926971435547,-682.3284301757812,-1007.7015991210938,1,-62.8580436706543,410.9036865234375,531.9434204101562,1,0,-587.0836181640625,-490.1246032714844,1,0,833.2869262695312,1451.2567138671875,1,0,-623.5211791992188,-1538.6021728515625,1,-62.67866134643555,216.46875,1196.1514892578125,1,250.93624877929688,125.01025390625,-183.50714111328125,1,-439.19610595703125,226.37147521972656,1154.8572998046875,1,501.8297424316406,30.709665298461914,-852.7533569335938,1,-438.2685546875,451.57745361328125,2270.765380859375,1,121.09844207763672,-167.74327087402344,-928.3194580078125,1,574.4285278320312,1252.72509765625,3173.982666015625,1,-355.876220703125,-422.9006042480469,-1945.1385498046875,1,-600.4625854492188,-847.7648315429688,-3267.035888671875,1,188.8852081298828,-90.84632873535156,120.76673126220703,1,-1.8189894035458565e-12,188.8006134033203,-433.0994873046875,1,151.34820556640625,-34.49038314819336,9.013361930847168,1,-604.4327392578125,44.422706604003906,22.307050704956055,1,904.66015625,-142.49810791015625,-20.28119659423828,1,-601.4508666992188,269.95306396484375,54.39870834350586,1,301.7020568847656,-325.09808349609375,-48.20269012451172,1,-605.3447875976562,255.82687377929688,81.9408187866211,1,904.6982421875,-216.14370727539062,-83.99158477783203,1,-600.7017211914062,287.8619689941406,93.75531005859375,1,149.5205535888672,-361.56488037109375,-53.402706146240234,1,-1.8189894035458565e-12,332.0520324707031,55.54255676269531,1,-1.8189894035458565e-12,-319.87548828125,-35.548519134521484,1,-1.8189894035458565e-12,294.69512939453125,16.143268585205078,1,-1.8189894035458565e-12,8.23443603515625,98.25689697265625,1,-1.8189894035458565e-12,-441.5519104003906,-188.86337280273438,1,-1.8189894035458565e-12,490.56048583984375,194.4202117919922,1,-1.8189894035458565e-12,-156.17100524902344,-96.688720703125,1,-1.8189894035458565e-12,-31.208303451538086,160.22230529785156,1,-1.8189894035458565e-12,-73.67871856689453,-290.040771484375,1,152.43963623046875,263.2608947753906,372.66021728515625,1,-606.4696044921875,-490.973876953125,-375.6300354003906,1,1057.2193603515625,818.5836791992188,540.0729370117188,1,-1053.9454345703125,-984.9553833007812,-675.2689819335938,1,447.496337890625,684.4320068359375,522.2432861328125,1,304.8446350097656,-269.6869812011719,-96.3837890625,1,-298.3627014160156,467.3362121582031,139.57601928710938,1,-304.8109436035156,-1011.7888793945312,-731.1096801757812,1,298.4034118652344,986.6990966796875,1226.51171875,1,304.7706604003906,-291.6208190917969,-906.3390502929688,1,-298.4434509277344,-417.167236328125,54.48628234863281,1,-457.0964660644531,761.1325073242188,614.1226806640625,1,904.7857666015625,-504.8388671875,-373.27227783203125,1,-447.7315368652344,-188.0603790283203,-396.03765869140625,1,-457.03887939453125,582.8103637695312,1038.340087890625,1,904.7787475585938,-580.8077392578125,-1247.1153564453125,1,-600.0928344726562,755.9332885742188,1312.737060546875,1,301.61053466796875,-679.455078125,-909.9718017578125,1,-606.3173217773438,-323.1448059082031,-54.2682991027832,1,1057.150146484375,1574.8052978515625,1099.76611328125,1,-1206.3822021484375,-1865.281494140625,-1372.1087646484375,1,1206.3822021484375,1049.94873046875,1025.0709228515625,1,-1206.3822021484375,-46.42698287963867,-582.0711669921875,1,1053.8751220703125,-448.8746337890625,238.71112060546875,1,-599.7396240234375,774.7451782226562,627.0595092773438,1,301.6593017578125,-829.59716796875,-1078.8212890625,1,-454.18731689453125,143.61746215820312,-3.2549028396606445,1,297.7191162109375,518.8488159179688,1670.210205078125,1,305.4468688964844,-221.8162384033203,-1536.595947265625,1,-450.2913513183594,-477.93218994140625,-253.7654571533203,1,148.70510864257812,1023.4382934570312,2115.505859375,1,-1.8189894035458565e-12,-1415.7833251953125,-2752.408203125,1,153.22947692871094,1706.519287109375,2668.821533203125,1,-608.1582641601562,-1587.828369140625,-2041.6893310546875,1,904.6235961914062,940.8593139648438,971.1862182617188,1,-444.0082092285156,-32.67255783081055,572.5047607421875,1,-461.06829833984375,-610.0358276367188,-1313.0631103515625,1,1058.5775146484375,902.6767578125,1375.5267333984375,1,-1052.189208984375,-843.4846801757812,-1212.326171875,1,441.84088134765625,810.6716918945312,1692.3817138671875,1,308.7050476074219,-927.7410278320312,-1811.989013671875,1,-603.2015380859375,885.8201904296875,1285.1712646484375,1,216.5225372314453,-276.1799621582031,-457.05279541015625,1,428.9285583496094,-576.5047607421875,-908.1439208984375,1,0,0,0,0,0,0,0,0,0,0,0,0,0,0,0,0,0,0,0,0,0,0,0,0,0,0,0,0,0,0,0,0,0,0,0,0,0,0,0,0,0,0,0,0,0,0,0,0,0,0,0,0,0,0,0,0,0,0,0,0,0,0,0,0,0,0,0,0,0,0,0,0,0,0,0,0,0,0,0,0,0,0,0,0,0,0,0,0,0,0,0,0,0,0,0,0,0,0,0,0,0,0,0,0,0,0,0,0,0,0,0,0,0,0,0,0,0,0,0,0,0,0,0,0,0,0,0,0,0,0,0,0,0,0,0,0,0,0,0,0,0,0,0,0,0,0,0,0,0,0,0,0,0,0,0,0,0,0,0,0,0,0,0,0,0,0,0,0,0,0,0,0,0,0,0,0,0,0,0,0,0,0,0,0,0,0,0,0,0,0,0,0,0,0,0,0,0,0,0,0,0,0,0,0,0,0,0,0,0,0,0,0,0,0,0,0,0,0,0,0,0,0,0,0,0,0,0,0,0,0,0,0,0,0,0,0,0,0,0,0,0,0,0,0,0,0,0,0,0,0,0,0,0,0,0,0,0,0,0,0,0,0,0,0,0,0,0,0,0,0,0,0,0,0,0,0,0,0,0,0,0,0,0,0,0,0,0,0,0,0,0,0,0,0,0,0,0,0,0,0,0,0,0,0,0,0,0,0,0,0,0,0,0,0,0,0,0,0,0,0,0,0,0,0,0,0,0,0,0,0,0,0,0,0,0,0,0,0,0,0,0,0,0,0,0,0,0,0,0,0,0,0,0,0,0,0,0,0,0,0,0,0,0,0,0,0,0,0,0,0,0,0,0,0,0,0,0,0,0,0,0,0,0,0,0,0,0,0,0,0,0,0,0,0,0,0,0,0,0,0,0,0,0,0,0,0,0,0,0,0,0,0,0,0,0,0,0,0,0,0,0,0,0,0,0,0,0,0,0,0,0,0,0,0,0,0,0,0,0,0,0,0,0,0,0,0,0,0,0,0,0,0,0,0,0,0,0,0,0,0,0,0,0,0,0,0,0,0,0,0,0,0,0,0,0,0,0,0,0,0,0,0,0,0,0,0,0,0,0,0,0,0,0,0,0,0,0,0,0,0,0,0,0,0,0,0,0,0,0,0,0,0,0,0,0,0,0,0,0,0,0,0,0,0,0,0,0,0,0,0,0,0,0,0,0,0,0,0,0,0,0,0,0,0,0,0,0,0,0,0,0,0,0,0,0,0,0,0,0,0,0,0,0,0,0,0,0,0,0,0,0,0,0,0,0,0,0,0,0,0,0,0,0,0,0,0,0,0,0,0,0,0,0,0,0,0,0,0,0,0,0,0,0,0,0,0,0,0,0,0,0,0,0,0,0,0,0,0,0,0,0,0,0,0,0,0,0,0,0,0,0,0,0,0,0,0,0,0,0,0,0,0,0,0,0,0,0,0,0,0,0,0,0,0,0,0,0,0,0,0,0,0,0,0,0,0,0,0,0,0,0,0,0,0,0,0,0,0,0,0,0,0,0,0,0,0,0,0,0,0,0,0,0,0,0,0,0,0,0,0,0,0,0,0,0,0,0,0,0,0,0,0,0,0,0,0,0,0,0,0,0,0,0,0,0,0,0,0,0,0,0,0,0,0,0,0,0,0,0,0,0,0,0,0,0,0,0,0,0,0,0,0,0,0,0,0,0,0,0,0,0,0,0,0,0,0,0,0,0,0,0,0,0,0,0,0,0,0,0,0,0,0,0,0,0,0,0,0,0,0,0,0,0,0,0,0,0,0,0,0,0,0,0,0,0,0,0,0,0,0,0,0,0,0,0,0,0,0,0,0,0,0,0,0,0,0,0,0,0,0,0,0,0,0,0,0,0,0,0,0,0,0,0,0,0,0,0,0,0,0,0,0,0,0,0,0,0,0,0,0,0,0,0,0,0,0,0,0,0,0,0,0,0,0,0,0,0,0,0,0,0,0,0,0,0,0,0,0,0,0,0,0,0,0,0,0,0,0,0,0,0,0,0,0,0,0,0,0,0,0,0,0,0,0,0,0,0,0,0,0,0,0,0,0,0,0,0,0,0,0,0,0,0,0,0,0,0,0,0,0,0,0,0,0,0,0,0,0,0,0,0,0,0,0,0,0,0,0,0,0,0,0,0,0,0,0,0,0,0,0,0,0,0,0,0,0,0,0,0,0,0,0,0,0,0,0,0,0,0,0,0,0,0,0,0,0,0,0,0,0,0,0,0,0,0,0,0,0,0,0,0,0,0,0,0,0,0,0,0,0,0,0,0,0,0,0,0,0,0,0,0,0,0,0,0,0,0,0,0,0,0,0,0,0,0,0,0,0,0,0,0,0,0,0,0,0,0,0,0,0,0,0,0,0,0,0,0,0,0,0,0,0,0,0,0,0,0,0,0,0,0,0,0,0,0,0,0,0,0,0,0,0,0,0,0,0,0,0,0,0,0,0,0,0,0,0,0,0,0,0,0,0,0,0,0,0,0,0,0,0,0,0,0,0,0,0,0,0,0,0,0,0,0,0,0,0,0,0,0,0,0,0,0,0,0,0,0,0,0,0,0,0,0,0,0,0,0,0,0,0,0,0,0,0,0,0,0,0,0,0,0,0,0,0,0,0,0,0,0,0,0,0,0,0,0,0,0,0,0,0,0,0,0,0,0,0,0,0,0,0,0,0,0,0,0,0,0,0,0,0,0,0,0,0,0,0,0,0,0,0,0,0,0,0,0,0,0,0,0,0,0,0,0,0,0,0,0,0,0,0,0,0,0,0,0,0,0,0,0,0,0,0,0,0,0,0,0,0,0,0,0,0,0,0,0,0,0,0,0,0,0,0,0,0,0,0,0,0,0,0,0,0,0,0,0,0,0,0,0,0,0,0,0,0,0,0,0,0,0,0,0,0,0,0,0,0,0,0,0,0,0,0,0,0,0,0,0,0,0,0,0,0,0,0,0,0,0,0,0,0,0,0,0,0,0,0,0,0,0,0,0,0,0,0,0,0,0,0,0,0,0,0,0,0,0,0,0,0,0,0,0,0,0,0,0,0,0,0,0,0,0,0,0,0,0,0,0,0,0,0,0,0,0,0,0,0,0,0,0,0,0,0,0,0,0,0,0,0,0,0,0,0,0,0,0,0,0,0,0,0,0,0,0,0,0,0,0,0,0,0,0,0,0,0,0,0,0,0,0,0,0,0,0,0,0,0,0,0,0,0,0,0,0,0,0,0,0,0,0,0,0,0,0,0,0,0,0,0,0,0,0,0,0,0,0,0,0,0,0,0,0,0,0,0,0,0,0,0,0,0,0,0,0,0,0,0,0,0,0,0,0,0,0,0,0,0,0,0,0,0,0,0,0,0,0,0,0,0,0,0,0,0,0,0,0,0,0,0,0,0,0,0,0,0,0,0,0,0,0,0,0,0,0,0,0,0,0,0,0,0,0,0,0,0,0,0,0,0,0,0,0,0,0,0,0,0,0,0,0,0,0,0,0,0,0,0,0,0,0,0,0,0,0,0,0,0,0,0,0,0,0,0,0,0,0,0,0,0,0,0,0,0,0,0,0,0,0,0,0,0,0,0,0,0,0,0,0,0,0,0,0,0,0,0,0,0,0,0,0,0,0,0,0,0,0,0,0,0,0,0,0,0,0,0,0,0,0,0,0,0,0,0,0,0,0,0,0,0,0,0,0,0,0,0,0,0,0,0,0,0,0,0,0,0,0,0,0,0,0,0,0,0,0,0,0,0,0,0,0,0,0,0,0,0,0,0,0,0,0,0,0,0,0,0,0,0,0,0,0,0,0,0,0,0,0,0,0,0,0,0,0,0,0,0,0,0,0,0,0,0,0,0,0,0,0,0,0,0,0,0,0,0,0,0,0,0,0,0,0,0,0,0,0,0,0,0,0,0,0,0,0,0,0,0,0,0,0,0,0,0,0,0,0,0,0,0,0,0,0,0,0,0,0,0,0,0,0,0,0,0,0,0,0,0,0,0,0,0,0,0,0,0,0,0,0,0,0,0,0,0,0,0,0,0,0,0,0,0,0,0,0,0,0,0,0,0,0,0,0,0,0,0,0,0,0,0,0,0,0,0,0,0,0,0,0,0,0,0,0,0,0,0,0,0,0,0,0,0,0,0,0,0,0,0,0,0,0,0,0,0,0,0,0,0,0,0,0,0,0,0,0,0,0,0,0,0,0,0,0,0,0,0,0,0,0,0,0,0,0,0,0,0,0,0,0,0,0,0,0,0,0,0,0,0,0,0,0,0,0,0,0,0,0,0,0,0,0,0,0,0,0,0,0,0,0,0,0,0,0,0,0,0,0,0,0,0,0,0,0,0,0,0,0,0,0,0,0,0,0,0,0,0,0,0,0,0,0,0,0,0,0,0,0,0,0,0,0,0,0,0,0,0,0,0,0,0,0,0,0,0,0,0,0,0,0,0,0,0,0,0,0,0,0,0,0,0,0,0,0,0,0,0,0,0,0,0,0,0,0,0,0,0,0,0,0,0,0,0,0,0,0,0,0,0,0,0,0,0,0,0,0,0,0,0,0,0,0,0,0,0,0,0,0,0,0,0,0,0,0,0,0,0,0,0,0,0,0,0,0,0,0,0,0,0,0,0,0,0,0,0,0,0,0,0,0,0,0,0,0,0,0,0,0,0,0,0,0,0,0,0,0,0,0,0,0,0,0,0,0,0,0,0,0,0,0,0,0,0,0,0,0,0,0,0,0,0,0,0,0,0,0,0,0,0,0,0,0,0,0,0,0,0,0,0,0,0,0,0,0,0,0,0,0,0,0,0,0,0,0,0,0,0,0,0,0,0,0,0,0,0,0,0,0,0,0,0,0,0,0,0,0,0,0,0,0,0,0,0,0,0,0,0,0,0,0,0,0,0,0,0,0,0,0,0,0,0,0,0,0,0,0,0,0,0,0,0,0,0,0,0,0,0,0,0,0,0,0,0,0,0,0,0,0,0,0,0,0,0,0,0,0,0,0,0,0,0,0,0,0,0,0,0,0,0,0,0,0,0,0,0,0,0,0,0,0,0,0,0,0,0,0,0,0,0,0,0,0,0,0,0,0,0,0,0,0,0,0,0,0,0,0,0,0,0,0,0,0,0,0,0,0,0,0,0,0,0,0,0,0,0,0,0,0,0,0,0,0,0,0,0,0,0,0,0,0,0,0,0,0,0,0,0,0,0,0,0,0,0,0,0,0,0,0,0,0,0,0,0,0,0,0,0,0,0,0,0,0,0,0,0,0,0,0,0,0,0,0,0,0,0,0,0,0,0,0,0,0,0,0,0,0,0,0,0,0,0,0,0,0,0,0,0,0,0,0,0,0,0,0,0,0,0,0,0,0,0,0,0,0,0,0,0,0,0,0,0,0,0,0,0,0,0,0,0,0,0,0,0,0,0,0,0,0,0,0,0,0,0,0,0,0,0,0,0,0,0,0,0,0,0,0,0,0,0,0,0,0,0,0,0,0,0,0,0,0,0,0,0,0,0,0,0,0,0,0,0,0,0,0,0,0,0,0,0,0,0,0,0,0,0,0,0,0,0,0,0,0,0,0,0,0,0,0,0,0,0,0,0,0,0,0,0,0,0,0,0,0,0,0,0,0,0,0,0,0,0,0,0,0,0,0,0,0,0,0,0,0,0,0,0,0,0,0,0,0,0,0,0,0,0,0,0,0,0,0,0,0,0,0,0,0,0,0,0,0,0,0,0,0,0,0,0,0,0,0,0,0,0,0,0,0,0,0,0,0,0,0,0,0,0,0,0,0,0,0,0,0,0,0,0,0,0,0,0,0,0,0,0,0,0,0,0,0,0,0,0,0,0,0,0,0,0,0,0,0,0,0,0,0,0,0,0,0,0,0,0,0,0,0,0,0,0,0,0,0,0,0,0,0,0,0,0,0,0,0,0,0,0,0,0,0,0,0,0,0,0,0,0,0,0,0,0,0,0,0,0,0,0,0,0,0,0,0,0,0,0,0,0,0,0,0,0,0,0,0,0,0,0,0,0,0,0,0,0,0,0,0,0,0,0,0,0,0,0,0,0,0,0,0,0,0,0,0,0,0,0,0,0,0,0,0,0,0,0,0,0,0,0,0,0,0,0,0,0,0,0,0,0,0,0,0,0,0,0,0,0,0,0,0,0,0,0,0,0,0,0,0,0,0,0,0,0,0,0,0,0,0,0,0,0,0,0,0,0,0,0,0,0,0,0,0,0,0,0,0,0,0,0,0,0,0,0,0,0,0,0,0,0,0,0,0,0,0,0,0,0,0,0,0,0,0,0,0,0,0,0,0,0,0,0,0,0,0,0,0,0,0,0,0,0,0,0,0,0,0,0,0,0,0,0,0,0,0,0,0,0,0,0,0,0,0,0,0,0,0,0,0,0,0,0,0,0,0,0,0,0,0,0,0,0,0,0,0,0,0,0,0,0,0,0,0,0,0,0,0,0,0,0,0,0,0,0,0,0,0,0,0,0,0,0,0,0,0,0,0,0,0,0,0,0,0,0,0,0,0,0,0,0,0,0,0,0,0,0,0,0,0,0,0,0,0,0,0,0,0,0,0,0,0,0,0,0,0,0,0,0,0,0,0,0,0,0,0,0,0,0,0,0,0,0,0,0,0,0,0,0,0,0,0,0,0,0,0,0,0,0,0,0,0,0,0,0,0,0,0,0,0,0,0,0,0,0,0,0,0,0,0,0,0,0,0,0,0,0,0,0,0,0,0,0,0,0,0,0,0,0,0,0,0,0,0,0,0,0,0,0,0,0,0,0,0,0,0,0,0,0,0,0,0,0,0,0,0,0,0,0,0,0,0,0,0,0,0,0,0,0,0,0,0,0,0,0,0,0,0,0,0,0,0,0,0,0,0,0,0,0,0,0,0,0,0,0,0,0,0,0,0,0,0,0,0,0,0,0,0,0,0,0,0,0,0,0,0,0,0,0,0,0,0,0,0,0,0,0,0,0,0,0,0,0,0,0,0,0,0,0,0,0,0,0,0,0,0,0,0,0,0,0,0,0,0,0,0,0,0,0,0,0,0,0,0,0,0,0,0,0,0,0,0,0,0,0,0,0,0,0,0,0,0,0,0,0,0,0,0,0,0,0,0,0,0,0,0,0,0,0,0,0,0,0,0,0,0,0,0,0,0,0,0,0,0,0,0,0,0,0,0,0,0,0,0,0,0,0,0,0,0,0,0,0,0,0,0,0,0,0,0,0,0,0,0,0,0,0,0,0,0,0,0,0,0,0,0,0,0,0,0,0,0,0,0,0,0,0,0,0,0,0,0,0,0,0,0,0,0,0,0,0,0,0,0,0,0,0,0,0,0,0,0,0,0,0,0,0,0,0,0,0,0,0,0,0,0,0,0,0,0,0,0,0,0,0,0,0,0,0,0,0,0,0,0,0,0,0,0,0,0,0,0,0,0,0,0,0,0,0,0,0,0,0,0,0,0,0,0,0,0,0,0,0,0,0,0,0,0,0,0,0,0,0,0,0,0,0,0,0,0,0,0,0,0,0,0,0,0,0,0,0,0,0,0,0,0,0,0,0,0,0,0,0,0,0,0,0,0,0,0,0,0,0,0,0,0,0,0,0,0,0,0,0,0,0,0,0,0,0,0,0,0,0,0,0,0,0,0,0,0,0,0,0,0,0,0,0,0,0,0,0,0,0,0,0,0,0,0,0,0,0,0,0,0,0,0,0,0,0,0,0,0,0,0,0,0,0,0,0,0,0,0,0,0,0,0,0,0,0,0,0,0,0,0,0,0,0,0,0,0,0,0,0,0,0,0,0,0,0,0,0,0,0,0,0,0,0,0,0,0,0,0,0,0,0,0,0,0,0,0,0,0,0,0,0,0,0,0,0,0,0,0,0,0,0,0,0,0,0,0,0,0,0,0,0,0,0,0,0,0,0,0,0,0,0,0,0,0,0,0,0,0,0,0,0,0,0,0,0,0,0,0,0,0,0,0,0,0,0,0,0,0,0,0,0,0,0,0,0,0,0,0,0,0,0,0,0,0,0,0,0,0,0,0,0,0,0,0,0,0,0,0,0,0,0,0,0,0,0,0,0,0,0,0,0,0,0,0,0,0,0,0,0,0,0,0,0,0,0,0,0,0,0,0,0,0,0,0,0,0,0,0,0,0,0,0,0,0,0,0,0,0,0,0,0,0,0,0,0,0,0,0,0,0,0,0,0,0,0,0,0,0,0,0,0,0,0,0,0,0,0,0,0,0,0,0,0,0,0,0,0,0,0,0,0,0,0,0,0,0,0,0,0,0,0,0,0,0,0,0,0,0,0,0,0,0,0,0,0,0,0,0,0,0,0,0,0,0,0,0,0,0,0,0,0,0,0,0,0,0,0,0,0,0,0,0,0,0,0,0,0,0,0,0,0,0,0,0,0,0,0,0,0,0,0,0,0,0,0,0,0,0,0,0,0,0,0,0,0,0,0,0,0,0,0,0,0,0,0,0,0,0,0,0,0,0,0,0,0,0,0,0,0,0,0,0,0,0,0,0,0,0,0,0,0,0,0,0,0,0,0,0,0,0,0,0,0,0,0,0,0,0,0,0,0,0,0,0,0,0,0,0,0,0,0,0,0,0,0,0,0,0,0,0,0,0,0,0,0,0,0,0,0,0,0,0,0,0,0,0,0,0,0,0,0,0,0,0,0,0,0,0,0,0,0,0,0,0,0,0,0,0,0,0,0,0,0,0,0,0,0,0,0,0,0,0,0,0,0,0,0,0,0,0,0,0,0,0,0,0,0,0,0,0,0,0,0,0,0,0,0,0,0,0,0,0,0,0,0,0,0,0,0,0,0,0,0,0,0,0,0,0,0,0,0,0,0,0,0,0,0,0,0,0,0,0,0,0,0,0,0,0,0,0,0,0,0,0,0,0,0,0,0,0,0,0,0,0,0,0,0,0,0,0,0,0,0,0,0,0,0,0,0,0,0,0,0,0,0,0,0,0,0,0,0,0,0,0,0,0,0,0,0,0,0,0,0,0,0,0,0,0,0,0,0,0,0,0,0,0,0,0,0,0,0,0,0,0,0,0,0,0,0,0,0,0,0,0,0,0,0,0,0,0,0,0,0,0,0,0,0,0,0,0,0,0,0,0,0,0,0,0,0,0,0,0,0,0,0,0,0,0,0,0,0,0,0,0,0,0,0,0,0,0,0,0,0,0,0,0,0,0,0,0,0,0,0,0,0,0,0,0,0,0,0,0,0,0,0,0,0,0,0,0,0,0,0,0,0,0,0,0,0,0,0,0,0,0,0,0,0,0,0,0,0,0,0,0,0,0,0,0,0,0,0,0,0,0,0,0,0,0,0,0,0,0,0,0,0,0,0,0,0,0,0,0,0,0,0,0,0,0,0,0,0,0,0,0,0,0,0,0,0,0,0,0,0,0,0,0,0,0,0,0,0,0,0,0,0,0,0,0,0,0,0,0,0,0,0,0,0,0,0,0,0,0,0,0,0,0,0,0,0,0,0,0,0,0,0,0,0,0,0,0,0,0,0,0,0,0,0,0,0,0,0,0,0,0,0,0,0,0,0,0,0,0,0,0,0,0,0,0,0,0,0,0,0,0,0,0,0,0,0,0,0,0,0,0,0,0,0,0,0,0,0,0,0,0,0,0,0,0,0,0,0,0,0,0,0,0,0,0,0,0,0,0,0,0,0,0,0,0,0,0,0,0,0,0,0,0,0,0,0,0,0,0,0,0,0,0,0,0,0,0,0,0,0,0,0,0,0,0,0,0,0,0,0,0,0,0,0,0,0,0,0,0,0,0,0,0,0,0,0,0,0,0,0,0,0,0,0,0,0,0,0,0,0,0,0,0,0,0,0,0,0,0,0,0,0,0,0,0,0,0,0,0,0,0,0,0,0,0,0,0,0,0,0,0,0,0,0,0,0,0,0,0,0,0,0,0,0,0,0,0,0,0,0,0,0,0,0,0,0,0,0,0,0,0,0,0,0,0,0,0,0,0,0,0,0,0,0,0,0,0,0,0,0,0,0,0,0,0,0,0,0,0,0,0,0,0,0,0,0,0,0,0,0,0,0,0,0,0,0,0,0,0,0,0,0,0,0,0,0,0,0,0,0,0,0,0,0,0,0,0,0,0,0,0,0,0,0,0,0,0,0,0,0,0,0,0,0,0,0,0,0,0,0,0,0,0,0,0,0,0,0,0,0,0,0,0,0,0,0,0,0,0,0,0,0,0,0,0,0,0,0,0,0,0,0,0,0,0,0,0,0,0,0,0,0,0,0,0,0,0,0,0,0,0,0,0,0,0,0,0,0,0,0,0,0,0,0,0,0,0,0,0,0,0,0,0,0,0,0,0,0,0,0,0,0,0,0,0,0,0,0,0,0,0,0,0,0,0,0,0,0,0,0,0,0,0,0,0,0,0,0,0,0,0,0,0,0,0,0,0,0,0,0,0,0,0,0,0,0,0,0,0,0,0,0,0,0,0,0,0,0,0,0,0,0,0,0,0,0,0,0,0,0,0,0,0,0,0,0,0,0,0,0,0,0,0,0,0,0,0,0,0,0,0,0,0,0,0,0,0,0,0,0,0,0,0,0,0,0,0,0,0,0,0,0,0,0,0,0,0,0,0,0,0,0,0,0,0,0,0,0,0,0,0,0,0,0,0,0,0,0,0,0,0,0,0,0,0,0,0,0,0,0,0,0,0,0,0,0,0,0,0,0,0,0,0,0,0,0,0,0,0,0,0,0,0,0,0,0,0,0,0,0,0,0,0,0,0,0,0,0,0,0,0,0,0,0,0,0,0,0,0,0,0,0,0,0,0,0,0,0,0,0,0,0,0,0,0,0,0,0,0,0,0,0,0,0,0,0,0,0,0,0,0,0,0,0,0,0,0,0,0,0]}}